cod_istat,comune,km_costa_mare,km_costa_lago,kmq_aree_protette,museums,historical_sites
1001,Agliè,0.0,0.432,3.056,0,22
1002,Airasca,0.0,0.172,0.0,0,3
1003,Ala di Stura,0.0,0.387,0.0,0,83
1004,Albiano d'Ivrea,0.0,0.0,0.0,0,2
1006,Almese,0.0,0.29,3.442,0,19
1007,Alpette,0.0,0.0,0.0,0,4
1008,Alpignano,0.0,0.0,0.0,1,8
1009,Andezeno,0.0,0.0,0.0,0,7
1010,Andrate,0.0,0.068,1.984,0,3
1011,Angrogna,0.0,0.492,0.155,1,7
1012,Arignano,0.0,0.077,0.0,0,4
1013,Avigliana,0.0,0.0,4.134,1,29
1014,Azeglio,0.0,2.872,1.972,1,10
1015,Bairo,0.0,0.0,0.0,0,10
1016,Balangero,0.0,0.0,0.0,0,43
1017,Baldissero Canavese,0.0,0.0,0.595,0,4
1018,Baldissero Torinese,0.0,0.0,1.433,0,12
1019,Balme,0.0,5.059,0.0,2,41
1020,Banchette,0.0,0.0,0.0,0,3
1021,Barbania,0.0,0.0,0.0,0,33
1022,Bardonecchia,0.0,0.284,25.139,2,239
1023,Barone Canavese,0.0,0.0,0.0,0,7
1024,Beinasco,0.0,0.0,0.139,0,5
1025,Bibiana,0.0,0.0,0.0,0,3
1026,Bobbio Pellice,0.0,1.122,0.011,0,20
1027,Bollengo,0.0,0.0,5.2,0,6
1028,Borgaro Torinese,0.0,0.116,0.616,0,6
1029,Borgiallo,0.0,0.0,0.0,0,2
1030,Borgofranco d'Ivrea,0.0,0.533,3.368,0,19
1031,Borgomasino,0.0,0.0,0.006,0,4
1032,Borgone Susa,0.0,0.567,0.0,0,8
1033,Bosconero,0.0,0.0,0.0,0,9
1034,Brandizzo,0.0,0.0,0.064,0,4
1035,Bricherasio,0.0,0.0,0.0,0,13
1036,Brosso,0.0,0.0,0.0,1,14
1037,Brozolo,0.0,0.0,0.0,0,2
1038,Bruino,0.0,0.0,0.0,0,4
1039,Brusasco,0.0,0.0,3.314,0,4
1040,Bruzolo,0.0,0.0,0.0,0,7
1041,Buriasco,0.0,0.0,0.0,0,11
1042,Burolo,0.0,0.0,4.429,0,7
1043,Busano,0.0,0.172,0.0,0,5
1044,Bussoleno,0.0,0.0,16.517,1,25
1045,Buttigliera Alta,0.0,0.917,0.0,0,15
1046,Cafasse,0.0,0.0,0.0,0,42
1047,Caluso,0.0,0.0,0.0,0,26
1048,Cambiano,0.0,0.796,0.0,2,8
1049,Campiglione Fenile,0.0,0.0,0.0,0,4
1050,Candia Canavese,0.0,6.215,2.963,0,8
1051,Candiolo,0.0,0.0,5.348,0,3
1052,Canischio,0.0,0.0,0.0,0,0
1053,Cantalupa,0.0,0.0,0.009,1,8
1054,Cantoira,0.0,0.0,0.0,1,111
1055,Caprie,0.0,0.595,0.0,0,26
1056,Caravino,0.0,0.248,0.114,2,8
1057,Carema,0.0,0.0,0.0,0,49
1058,Carignano,0.0,2.118,0.161,2,10
1059,Carmagnola,0.0,4.439,0.0,5,10
1060,Casalborgone,0.0,0.0,7.668,0,3
1061,Cascinette d'Ivrea,0.0,1.115,1.693,0,2
1062,Caselette,0.0,1.361,6.227,0,24
1063,Caselle Torinese,0.0,0.0,2.986,0,31
1064,Castagneto Po,0.0,0.0,3.015,0,5
1065,Castagnole Piemonte,0.0,0.0,0.0,0,7
1066,Castellamonte,0.0,0.218,1.556,1,16
1067,Castelnuovo Nigra,0.0,0.0,0.0,0,12
1068,Castiglione Torinese,0.0,0.0,0.0,0,14
1069,Cavagnolo,0.0,0.0,0.739,0,3
1070,Cavour,0.0,0.0,0.734,1,22
1071,Cercenasco,0.0,0.0,0.0,0,10
1072,Ceres,0.0,0.0,0.0,1,73
1073,Ceresole Reale,0.0,4.427,0.137,1,24
1074,Cesana Torinese,0.0,1.513,23.099,1,48
1075,Chialamberto,0.0,0.0,0.0,0,53
1076,Chianocco,0.0,0.0,1.581,0,16
1077,Chiaverano,0.0,4.011,10.548,1,7
1078,Chieri,0.0,1.33,0.0,4,28
1079,Chiesanuova,0.0,0.0,0.0,0,10
1080,Chiomonte,0.0,0.326,1.21,2,39
1081,Chiusa di San Michele,0.0,0.0,0.0,0,23
1082,Chivasso,0.0,0.0,3.054,0,15
1083,Ciconio,0.0,0.0,0.0,0,4
1084,Cintano,0.0,0.0,0.0,0,3
1085,Cinzano,0.0,0.0,0.005,0,12
1086,Ciriè,0.0,0.0,1.531,0,67
1087,Claviere,0.0,0.159,0.077,1,0
1088,Coassolo Torinese,0.0,0.0,0.0,0,64
1089,Coazze,0.0,1.897,24.823,0,23
1090,Collegno,0.0,0.0,0.081,1,17
1091,Colleretto Castelnuovo,0.0,0.0,0.0,0,3
1092,Colleretto Giacosa,0.0,0.0,0.0,0,5
1093,Condove,0.0,0.121,0.0,0,74
1094,Corio,0.0,0.0,0.0,0,153
1095,Cossano Canavese,0.0,0.0,0.0,0,9
1096,Cuceglio,0.0,0.0,1.307,0,8
1097,Cumiana,0.0,0.697,8.322,0,37
1098,Cuorgnè,0.0,0.0,0.357,2,63
1099,Druento,0.0,0.665,20.943,0,12
1100,Exilles,0.0,0.829,9.773,1,35
1101,Favria,0.0,0.283,0.0,0,7
1102,Feletto,0.0,0.0,0.0,0,7
1103,Fenestrelle,0.0,0.743,16.479,1,23
1104,Fiano,0.0,0.0,5.645,0,19
1105,Fiorano Canavese,0.0,0.0,0.0,0,10
1106,Foglizzo,0.0,0.0,0.0,0,3
1107,Forno Canavese,0.0,0.0,0.0,0,7
1108,Frassinetto,0.0,0.0,0.0,0,31
1109,Front,0.0,0.236,3.569,0,16
1110,Frossasco,0.0,0.0,0.098,1,7
1111,Garzigliana,0.0,0.0,0.0,0,4
1112,Gassino Torinese,0.0,0.0,0.0,0,9
1113,Germagnano,0.0,0.0,0.0,0,29
1114,Giaglione,0.0,1.807,3.397,1,131
1115,Giaveno,0.0,0.353,0.0,0,31
1116,Givoletto,0.0,0.0,2.0,0,23
1117,Gravere,0.0,0.0,0.852,0,33
1118,Groscavallo,0.0,0.267,0.0,0,65
1119,Grosso,0.0,0.0,0.074,0,12
1120,Grugliasco,0.0,0.0,0.0,1,12
1121,Ingria,0.0,0.0,0.0,1,14
1122,Inverso Pinasca,0.0,0.0,0.0,0,1
1123,Isolabella,0.0,0.0,0.0,0,4
1124,Issiglio,0.0,0.0,0.0,1,9
1125,Ivrea,0.0,3.351,3.207,1,50
1126,La Cassa,0.0,0.18,7.532,0,12
1127,La Loggia,0.0,0.0,0.367,0,3
1128,Lanzo Torinese,0.0,0.0,0.306,1,29
1129,Lauriano,0.0,0.0,2.323,1,5
1130,Leini,0.0,1.271,0.015,0,14
1131,Lemie,0.0,0.0,0.0,0,94
1132,Lessolo,0.0,0.664,0.0,0,19
1133,Levone,0.0,0.727,0.0,0,15
1134,Locana,0.0,0.703,0.0,0,24
1135,Lombardore,0.0,0.226,4.807,0,8
1136,Lombriasco,0.0,0.015,0.0,0,6
1137,Loranzè,0.0,0.0,0.0,0,13
1139,Luserna San Giovanni,0.0,0.0,0.0,0,1
1140,Lusernetta,0.0,0.0,0.0,0,3
1141,Lusigliè,0.0,0.0,0.0,0,3
1142,Macello,0.0,0.0,0.0,0,10
1143,Maglione,0.0,0.949,0.167,0,2
1144,Marentino,0.0,0.0,0.0,0,1
1145,Massello,0.0,1.115,23.245,0,12
1146,Mathi,0.0,0.0,0.0,0,24
1147,Mattie,0.0,0.0,15.466,0,37
1148,Mazzè,0.0,1.445,1.834,0,9
1149,Meana di Susa,0.0,0.0,7.227,0,39
1150,Mercenasco,0.0,0.0,0.0,0,12
1152,Mezzenile,0.0,0.0,0.0,0,117
1153,Mombello di Torino,0.0,0.0,0.0,0,0
1154,Mompantero,0.0,0.0,23.886,0,29
1155,Monastero di Lanzo,0.0,0.0,0.0,0,79
1156,Moncalieri,0.0,0.691,0.0,0,32
1157,Moncenisio,0.0,1.782,0.0,1,23
1158,Montaldo Torinese,0.0,0.0,0.0,0,7
1159,Montalenghe,0.0,0.0,0.0,0,7
1160,Montalto Dora,0.0,3.967,3.407,0,17
1161,Montanaro,0.0,0.0,0.0,0,3
1162,Monteu da Po,0.0,0.0,2.077,0,8
1163,Moriondo Torinese,0.0,0.0,0.0,0,3
1164,Nichelino,0.0,0.0,9.333,0,10
1165,Noasca,0.0,2.487,0.0,0,12
1166,Nole,0.0,0.0,1.466,0,52
1167,Nomaglio,0.0,0.0,0.014,0,10
1168,None,0.0,0.0,0.003,0,4
1169,Novalesa,0.0,0.0,0.085,3,52
1170,Oglianico,0.0,0.0,0.0,0,9
1171,Orbassano,0.0,0.0,2.529,0,13
1172,Orio Canavese,0.0,0.0,0.0,0,7
1173,Osasco,0.0,0.0,0.0,0,5
1174,Osasio,0.0,0.0,0.001,0,1
1175,Oulx,0.0,2.17,31.023,0,94
1176,Ozegna,0.0,0.113,0.0,0,7
1177,Palazzo Canavese,0.0,0.0,2.492,0,2
1178,Pancalieri,0.0,0.0,1.212,0,15
1179,Parella,0.0,0.0,0.0,0,5
1180,Pavarolo,0.0,0.0,0.0,1,1
1181,Pavone Canavese,0.0,0.0,0.684,0,9
1183,Pecetto Torinese,0.0,0.0,0.0,0,6
1184,Perosa Argentina,0.0,0.0,0.0,0,7
1185,Perosa Canavese,0.0,0.0,0.044,1,3
1186,Perrero,0.0,0.689,9.541,0,18
1187,Pertusio,0.0,0.0,0.208,0,2
1188,Pessinetto,0.0,0.0,0.0,0,55
1189,Pianezza,0.0,0.0,0.055,0,18
1190,Pinasca,0.0,0.0,0.016,0,11
1191,Pinerolo,0.0,0.269,0.0,7,23
1192,Pino Torinese,0.0,0.0,3.884,0,7
1193,Piobesi Torinese,0.0,0.0,0.0,0,8
1194,Piossasco,0.0,0.519,3.879,0,25
1195,Piscina,0.0,0.0,0.0,0,7
1196,Piverone,0.0,1.385,3.425,0,5
1197,Poirino,0.0,6.478,0.001,0,13
1198,Pomaretto,0.0,0.0,0.0,0,1
1199,Pont Canavese,0.0,0.0,0.02,0,41
1200,Porte,0.0,0.0,0.0,0,2
1201,Pragelato,0.0,0.784,89.018,4,37
1202,Prali,0.0,4.275,0.09,1,30
1203,Pralormo,0.0,1.061,0.0,0,9
1204,Pramollo,0.0,0.0,0.0,0,2
1205,Prarostino,0.0,0.0,0.0,0,12
1206,Prascorsano,0.0,0.0,0.403,0,3
1207,Pratiglione,0.0,0.0,0.0,0,1
1208,Quagliuzzo,0.0,0.0,0.0,0,9
1209,Quassolo,0.0,0.0,0.0,0,9
1210,Quincinetto,0.0,0.0,0.0,0,22
1211,Reano,0.0,0.0,0.0,0,12
1212,Ribordone,0.0,0.074,2.981,0,5
1213,Rivalba,0.0,0.0,3.51,0,3
1214,Rivalta di Torino,0.0,0.0,0.073,0,12
1215,Riva presso Chieri,0.0,3.695,0.0,1,6
1216,Rivara,0.0,0.316,0.0,1,14
1217,Rivarolo Canavese,0.0,0.057,0.0,1,29
1218,Rivarossa,0.0,0.0,1.712,0,20
1219,Rivoli,0.0,0.54,0.026,3,40
1220,Robassomero,0.0,0.0,8.186,0,10
1221,Rocca Canavese,0.0,0.0,0.0,0,42
1222,Roletto,0.0,0.0,0.0,0,4
1223,Romano Canavese,0.0,0.0,0.094,1,10
1224,Ronco Canavese,0.0,1.709,3.424,0,30
1225,Rondissone,0.0,0.0,1.571,0,1
1226,Rorà,0.0,0.0,0.0,1,0
1227,Roure,0.0,2.293,21.956,0,9
1228,Rosta,0.0,0.159,0.0,0,11
1229,Rubiana,0.0,0.0,1.628,0,36
1230,Rueglio,0.0,0.0,0.0,0,4
1231,Salassa,0.0,0.0,0.0,0,5
1232,Salbertrand,0.0,0.152,13.095,1,20
1233,Salerano Canavese,0.0,0.0,0.0,0,4
1234,Salza di Pinerolo,0.0,0.0,0.127,0,0
1235,Samone,0.0,0.0,0.0,0,5
1236,San Benigno Canavese,0.0,0.279,0.0,0,7
1237,San Carlo Canavese,0.0,0.0,10.186,0,28
1238,San Colombano Belmonte,0.0,0.0,0.0,0,0
1239,San Didero,0.0,0.0,0.0,0,4
1240,San Francesco al Campo,0.0,0.0,3.779,0,39
1241,Sangano,0.0,0.0,0.021,0,5
1242,San Germano Chisone,0.0,0.071,0.0,0,5
1243,San Gillio,0.0,0.11,1.166,0,2
1244,San Giorgio Canavese,0.0,0.0,0.0,1,12
1245,San Giorio di Susa,0.0,0.529,9.84,0,11
1246,San Giusto Canavese,0.0,0.0,0.0,0,0
1247,San Martino Canavese,0.0,0.0,5.194,0,14
1248,San Maurizio Canavese,0.0,0.0,0.265,0,30
1249,San Mauro Torinese,0.0,0.816,0.556,0,9
1250,San Pietro Val Lemina,0.0,0.0,0.0,0,1
1251,San Ponso,0.0,0.0,0.0,0,3
1252,San Raffaele Cimena,0.0,0.0,0.002,0,6
1253,San Sebastiano da Po,0.0,0.0,0.209,0,4
1254,San Secondo di Pinerolo,0.0,0.0,0.0,0,8
1255,Sant'Ambrogio di Torino,0.0,0.46,0.0,1,39
1256,Sant'Antonino di Susa,0.0,0.0,0.0,0,26
1257,Santena,0.0,0.569,0.001,1,15
1258,Sauze di Cesana,0.0,0.0,4.709,0,10
1259,Sauze d'Oulx,0.0,0.857,0.642,0,5
1260,Scalenghe,0.0,0.0,0.0,0,10
1261,Scarmagno,0.0,0.0,0.869,0,8
1262,Sciolze,0.0,0.0,0.0,0,9
1263,Sestriere,0.0,0.0,12.224,1,7
1264,Settimo Rottaro,0.0,0.0,0.107,0,3
1265,Settimo Torinese,0.0,1.566,0.0,1,8
1266,Settimo Vittone,0.0,0.0,0.0,0,68
1267,Sparone,0.0,0.0,3.457,0,31
1268,Strambinello,0.0,0.0,0.0,0,5
1269,Strambino,0.0,1.009,0.0,0,4
1270,Susa,0.0,0.0,1.619,2,101
1271,Tavagnasco,0.0,0.0,0.0,0,6
1272,Torino,0.0,0.0,2.66,54,313
1273,Torrazza Piemonte,0.0,0.0,0.037,0,0
1274,Torre Canavese,0.0,0.0,3.053,0,15
1275,Torre Pellice,0.0,0.0,0.0,3,13
1276,Trana,0.0,0.0,0.0,0,10
1278,Traversella,0.0,0.125,0.0,2,19
1279,Traves,0.0,0.0,0.0,0,42
1280,Trofarello,0.0,0.0,0.0,0,4
1281,Usseaux,0.0,0.588,19.157,0,11
1282,Usseglio,0.0,7.775,0.192,1,69
1283,Vaie,0.0,0.079,0.0,1,11
1284,Val della Torre,0.0,0.0,5.364,0,55
1285,Valgioie,0.0,0.0,0.0,1,8
1286,Vallo Torinese,0.0,0.0,0.0,0,9
1287,Valperga,0.0,0.207,2.519,0,37
1288,Valprato Soana,0.0,0.261,0.0,0,11
1289,Varisella,0.0,0.0,0.529,0,26
1290,Vauda Canavese,0.0,0.0,0.935,0,26
1291,Venaus,0.0,0.366,0.0,0,32
1292,Venaria Reale,0.0,0.0,14.75,4,22
1293,Verolengo,0.0,0.199,1.707,0,4
1294,Verrua Savoia,0.0,0.0,7.736,0,8
1295,Vestignè,0.0,0.0,0.0,0,1
1296,Vialfrè,0.0,0.0,4.295,0,17
1298,Vidracco,0.0,1.291,0.584,0,3
1299,Vigone,0.0,0.0,0.0,0,19
1300,Villafranca Piemonte,0.0,0.0,0.967,0,11
1301,Villanova Canavese,0.0,0.0,0.0,0,14
1302,Villarbasse,0.0,0.0,0.029,0,10
1303,Villar Dora,0.0,0.0,0.0,0,13
1304,Villareggia,0.0,0.0,0.637,0,10
1305,Villar Focchiardo,0.0,0.3,8.518,0,45
1306,Villar Pellice,0.0,0.073,0.0,1,10
1307,Villar Perosa,0.0,0.534,0.0,1,6
1308,Villastellone,0.0,0.224,0.0,1,4
1309,Vinovo,0.0,0.0,0.002,0,4
1310,Virle Piemonte,0.0,0.27,0.0,0,8
1311,Vische,0.0,0.753,0.262,0,5
1312,Vistrorio,0.0,1.763,0.0,0,11
1313,Viù,0.0,0.1,1.929,0,270
1314,Volpiano,0.0,0.962,0.0,0,6
1315,Volvera,0.0,0.0,0.0,0,18
1316,Mappano,0.0,0.0,0.0,0,3
1317,Val di Chy,0.0,0.0,0.0,0,23
1318,Valchiusa,0.0,1.018,0.0,0,10
2002,Alagna Valsesia,0.0,3.338,27.055,1,40
2003,Albano Vercellese,0.0,0.0,5.107,0,3
2004,Alice Castello,0.0,0.0,0.0,0,14
2006,Arborio,0.0,0.452,0.0,0,3
2007,Asigliano Vercellese,0.0,0.0,0.0,0,13
2008,Balmuccia,0.0,0.0,0.0,0,1
2009,Balocco,0.0,0.136,0.0,0,5
2011,Bianzè,0.0,0.0,0.0,0,24
2014,Boccioleto,0.0,0.036,0.0,0,19
2015,Borgo d'Ale,0.0,0.0,0.264,0,45
2016,Borgosesia,0.0,0.232,1.88,1,94
2017,Borgo Vercelli,0.0,0.452,0.0,0,6
2021,Buronzo,0.0,0.264,0.0,0,8
2025,Campertogno,0.0,0.0,0.0,0,39
2029,Carcoforo,0.0,0.0,9.999,0,13
2030,Caresana,0.0,0.0,0.0,0,4
2031,Caresanablot,0.0,0.0,0.0,0,5
2032,Carisio,0.0,0.0,1.017,0,2
2033,Casanova Elvo,0.0,0.0,0.0,0,4
2035,San Giacomo Vercellese,0.0,0.0,0.0,0,3
2041,Cervatto,0.0,0.0,0.029,0,15
2042,Cigliano,0.0,0.109,0.064,0,29
2043,Civiasco,0.0,0.0,0.0,1,11
2045,Collobiano,0.0,0.0,0.0,0,3
2047,Costanzana,0.0,0.0,0.0,0,5
2048,Cravagliana,0.0,0.0,0.041,0,11
2049,Crescentino,0.0,0.437,4.876,0,29
2052,Crova,0.0,0.043,0.0,0,4
2054,Desana,0.0,0.0,0.0,0,3
2057,Fobello,0.0,0.0,8.132,2,40
2058,Fontanetto Po,0.0,0.0,3.257,0,10
2059,Formigliana,0.0,0.0,0.0,0,5
2061,Gattinara,0.0,1.018,0.951,0,20
2062,Ghislarengo,0.0,0.177,0.0,0,1
2065,Greggio,0.0,0.0,1.106,0,10
2066,Guardabosone,0.0,0.0,0.0,3,8
2067,Lamporo,0.0,0.0,0.0,0,7
2068,Lenta,0.0,0.171,4.191,0,5
2070,Lignana,0.0,0.0,0.0,0,5
2071,Livorno Ferraris,0.0,0.37,0.588,1,21
2072,Lozzolo,0.0,0.0,0.142,0,8
2078,Mollia,0.0,0.0,0.0,0,10
2079,Moncrivello,0.0,0.934,0.0,0,46
2082,Motta de' Conti,0.0,0.0,0.0,0,2
2088,Olcenengo,0.0,0.0,0.0,0,4
2089,Oldenico,0.0,0.0,2.171,0,2
2090,Palazzolo Vercellese,0.0,0.0,0.0,0,6
2091,Pertengo,0.0,0.0,0.0,0,2
2093,Pezzana,0.0,0.0,0.0,0,2
2096,Pila,0.0,0.0,0.0,0,11
2097,Piode,0.0,0.0,0.0,0,16
2102,Postua,0.0,0.0,0.0,0,19
2104,Prarolo,0.0,0.0,0.0,0,5
2107,Quarona,0.0,0.0,0.0,0,21
2108,Quinto Vercellese,0.0,0.0,0.0,0,6
2110,Rassa,0.0,0.0,0.0,0,20
2113,Rimella,0.0,0.0,9.957,0,7
2115,Rive,0.0,0.0,0.0,0,6
2116,Roasio,0.0,0.0,3.466,1,18
2118,Ronsecco,0.0,0.0,0.232,0,11
2121,Rossa,0.0,0.0,0.013,0,6
2122,Rovasenda,0.0,0.355,0.092,0,5
2126,Salasco,0.0,2.421,0.0,0,1
2127,Sali Vercellese,0.0,0.0,0.0,0,1
2128,Saluggia,0.0,0.0,2.653,0,8
2131,San Germano Vercellese,0.0,0.638,0.0,0,13
2133,Santhià,0.0,0.323,0.0,0,22
2134,Scopa,0.0,0.0,0.0,0,13
2135,Scopello,0.0,0.0,0.0,0,19
2137,Serravalle Sesia,0.0,0.0,0.0,0,15
2142,Stroppiana,0.0,0.0,0.0,0,2
2147,Tricerro,0.0,0.0,2.935,0,4
2148,Trino,0.0,0.0,10.744,1,23
2150,Tronzano Vercellese,0.0,0.0,0.0,0,20
2152,Valduggia,0.0,0.0,15.212,0,51
2156,Varallo,0.0,0.614,0.393,3,96
2158,Vercelli,0.0,0.0,0.0,8,323
2163,Villarboit,0.0,0.0,0.098,1,5
2164,Villata,0.0,0.0,0.466,0,10
2166,Vocca,0.0,0.0,0.0,0,13
2170,Alto Sermenza,0.0,0.0,9.025,1,23
2171,Cellio con Breia,0.0,0.0,0.0,0,46
3001,Agrate Conturbia,0.0,0.0,0.0,0,3
3002,Ameno,0.0,0.0,0.541,2,68
3006,Armeno,0.0,0.0,0.0,0,76
3008,Arona,0.0,5.67,1.968,3,113
3012,Barengo,0.0,1.206,0.0,0,5
3016,Bellinzago Novarese,0.0,5.358,4.667,1,24
3018,Biandrate,0.0,0.0,1.165,0,7
3019,Boca,0.0,0.0,4.097,0,9
3021,Bogogno,0.0,0.0,0.0,0,27
3022,Bolzano Novarese,0.0,0.105,0.004,0,16
3023,Borgolavezzaro,0.0,0.0,0.027,0,3
3024,Borgomanero,0.0,0.312,0.0,2,128
3025,Borgo Ticino,0.0,0.0,2.285,0,15
3026,Briga Novarese,0.0,0.0,0.0,1,11
3027,Briona,0.0,0.0,0.0,0,6
3030,Caltignaga,0.0,0.0,0.0,0,9
3032,Cameri,0.0,0.294,8.202,0,8
3036,Carpignano Sesia,0.0,0.0,0.0,1,11
3037,Casalbeltrame,0.0,0.0,4.452,1,4
3039,Casaleggio Novara,0.0,1.579,0.0,0,2
3040,Casalino,0.0,0.226,0.958,0,11
3041,Casalvolone,0.0,0.0,0.0,0,5
3042,Castellazzo Novarese,0.0,0.0,0.0,0,2
3043,Castelletto sopra Ticino,0.0,3.468,2.931,0,31
3044,Cavaglietto,0.0,0.0,0.0,0,3
3045,Cavaglio d'Agogna,0.0,0.0,0.348,0,5
3047,Cavallirio,0.0,0.0,1.569,0,15
3049,Cerano,0.0,0.207,8.923,0,4
3051,Colazza,0.0,0.0,0.0,0,15
3052,Comignago,0.0,0.0,0.755,0,14
3055,Cressa,0.0,0.0,0.0,1,7
3058,Cureggio,0.0,0.0,0.131,1,14
3060,Divignano,0.0,0.0,0.0,0,2
3062,Dormelletto,0.0,4.89,3.066,0,9
3065,Fara Novarese,0.0,0.237,0.0,1,7
3066,Fontaneto d'Agogna,0.0,0.087,4.928,0,15
3068,Galliate,0.0,0.0,8.677,1,16
3069,Garbagna Novarese,0.0,1.233,0.0,0,2
3070,Gargallo,0.0,0.0,0.007,0,9
3073,Ghemme,0.0,0.0,2.929,0,15
3076,Gozzano,0.0,2.389,0.07,0,57
3077,Granozzo con Monticello,0.0,0.0,0.0,0,2
3079,Grignasco,0.0,0.0,6.552,0,35
3082,Invorio,0.0,0.0,0.0,0,88
3083,Landiona,0.0,0.0,0.0,0,3
3084,Lesa,0.0,5.685,0.0,1,72
3088,Maggiora,0.0,0.0,0.151,0,9
3090,Mandello Vitta,0.0,0.0,0.0,0,2
3091,Marano Ticino,0.0,2.009,2.095,0,8
3093,Massino Visconti,0.0,0.0,0.0,0,44
3095,Meina,0.0,3.308,0.0,1,24
3097,Mezzomerico,0.0,0.0,0.0,0,1
3098,Miasino,0.0,1.215,0.0,0,45
3100,Momo,0.0,0.0,0.0,0,10
3103,Nebbiuno,0.0,0.0,0.0,0,36
3104,Nibbiola,0.0,0.0,0.0,0,6
3106,Novara,0.0,1.559,0.547,7,145
3108,Oleggio,0.0,0.166,11.239,2,19
3109,Oleggio Castello,0.0,0.0,0.656,0,12
3112,Orta San Giulio,0.0,8.503,0.42,1,51
3114,Paruzzaro,0.0,0.0,0.0,0,29
3115,Pella,0.0,6.884,0.0,0,47
3116,Pettenasco,0.0,5.264,0.0,2,19
3119,Pisano,0.0,0.0,0.0,0,10
3120,Pogno,0.0,0.128,0.018,0,42
3121,Pombia,0.0,0.0,6.851,0,19
3122,Prato Sesia,0.0,0.0,3.747,0,9
3129,Recetto,0.0,0.663,0.0,0,4
3130,Romagnano Sesia,0.0,0.0,3.358,1,18
3131,Romentino,0.0,2.32,4.426,0,5
3133,San Maurizio d'Opaglio,0.0,4.059,0.0,0,44
3134,San Nazzaro Sesia,0.0,0.0,0.421,1,4
3135,San Pietro Mosezzo,0.0,0.445,0.005,0,6
3138,Sillavengo,0.0,0.0,0.0,0,2
3139,Sizzano,0.0,0.0,0.042,0,6
3140,Soriso,0.0,0.0,0.154,0,13
3141,Sozzago,0.0,0.0,0.066,0,2
3143,Suno,0.0,0.0,0.0,1,12
3144,Terdobbiate,0.0,0.0,0.018,0,1
3146,Tornaco,0.0,0.212,0.096,1,2
3149,Trecate,0.0,2.414,2.946,0,28
3153,Vaprio d'Agogna,0.0,0.0,0.0,0,5
3154,Varallo Pombia,0.0,0.954,4.979,2,6
3158,Vespolate,0.0,0.725,0.0,0,4
3159,Vicolungo,0.0,0.0,0.0,0,4
3164,Vinzaglio,0.0,0.0,0.0,0,7
3166,Gattico-Veruno,0.0,0.0,0.112,1,42
4001,Acceglio,0.0,0.806,0.0,2,57
4002,Aisone,0.0,0.0,14.964,0,4
4003,Alba,0.0,0.0,0.0,4,19
4004,Albaretto della Torre,0.0,0.0,0.0,0,0
4005,Alto,0.0,0.034,0.259,0,2
4006,Argentera,0.0,1.565,0.0,0,57
4007,Arguello,0.0,0.0,0.0,0,1
4008,Bagnasco,0.0,0.0,0.0,0,11
4009,Bagnolo Piemonte,0.0,0.0,0.0,0,13
4010,Baldissero d'Alba,0.0,0.463,0.0,0,1
4011,Barbaresco,0.0,0.0,0.0,0,6
4012,Barge,0.0,0.173,0.0,0,21
4013,Barolo,0.0,0.0,0.0,2,3
4014,Bastia Mondovì,0.0,0.0,0.0,0,1
4015,Battifollo,0.0,0.0,0.0,0,2
4016,Beinette,0.0,0.227,0.0,1,7
4017,Bellino,0.0,0.707,0.0,1,37
4018,Belvedere Langhe,0.0,0.0,0.0,0,1
4019,Bene Vagienna,0.0,0.0,4.368,0,7
4020,Benevello,0.0,0.0,0.0,0,0
4021,Bergolo,0.0,0.0,0.0,0,2
4022,Bernezzo,0.0,0.0,0.0,0,25
4023,Bonvicino,0.0,0.0,0.0,0,0
4024,Borgomale,0.0,0.0,0.0,0,1
4025,Borgo San Dalmazzo,0.0,0.0,0.0,2,61
4026,Bosia,0.0,0.0,0.0,0,0
4027,Bossolasco,0.0,0.0,0.0,0,0
4028,Boves,0.0,0.0,0.0,2,142
4029,Bra,0.0,0.56,0.0,5,40
4030,Briaglia,0.0,0.0,0.0,0,0
4031,Briga Alta,0.0,0.045,36.486,0,15
4032,Brondello,0.0,0.0,0.0,0,2
4033,Brossasco,0.0,0.0,0.0,0,6
4034,Busca,0.0,0.0,0.0,1,56
4035,Camerana,0.0,0.0,1.697,0,3
4037,Canale,0.0,0.0,0.0,0,3
4038,Canosio,0.0,0.0,0.0,0,17
4039,Caprauna,0.0,0.0,0.0,1,0
4040,Caraglio,0.0,0.0,0.0,1,43
4041,Caramagna Piemonte,0.0,0.0,3.535,0,2
4042,Cardè,0.0,0.0,0.0,0,4
4043,Carrù,0.0,0.0,0.0,0,6
4044,Cartignano,0.0,0.0,0.0,0,10
4045,Casalgrasso,0.0,0.503,0.615,0,9
4046,Castagnito,0.0,0.0,0.0,0,3
4047,Casteldelfino,0.0,0.408,13.724,3,14
4049,Castelletto Stura,0.0,0.0,0.0,0,4
4050,Castelletto Uzzone,0.0,0.0,0.0,0,0
4051,Castellinaldo d'Alba,0.0,0.02,0.0,0,2
4052,Castellino Tanaro,0.0,0.0,0.0,0,5
4053,Castelmagno,0.0,0.0,0.0,1,26
4054,Castelnuovo di Ceva,0.0,0.0,0.263,0,1
4055,Castiglione Falletto,0.0,0.0,0.0,0,2
4056,Castiglione Tinella,0.0,0.0,0.0,0,5
4057,Castino,0.0,0.0,0.0,0,4
4058,Cavallerleone,0.0,0.0,0.0,0,6
4059,Cavallermaggiore,0.0,1.693,0.0,0,7
4060,Celle di Macra,0.0,0.0,0.0,1,6
4061,Centallo,0.0,0.0,0.0,0,20
4062,Ceresole Alba,0.0,3.762,0.0,1,14
4063,Cerretto Langhe,0.0,0.0,0.0,0,0
4064,Cervasca,0.0,0.0,0.0,0,20
4065,Cervere,0.0,0.0,0.0,0,2
4066,Ceva,0.0,0.0,0.0,0,17
4067,Cherasco,0.0,0.0,0.0,3,24
4068,Chiusa di Pesio,0.0,0.128,41.744,1,31
4069,Cigliè,0.0,0.0,0.0,0,2
4070,Cissone,0.0,0.0,0.0,0,3
4071,Clavesana,0.0,0.0,0.0,1,8
4072,Corneliano d'Alba,0.0,0.0,0.0,0,6
4073,Cortemilia,0.0,0.0,0.0,1,8
4074,Cossano Belbo,0.0,0.0,0.0,0,3
4075,Costigliole Saluzzo,0.0,0.0,0.0,0,6
4076,Cravanzana,0.0,0.0,0.0,0,2
4077,Crissolo,0.0,5.012,23.759,0,12
4078,Cuneo,0.0,0.337,0.011,2,185
4079,Demonte,0.0,0.705,0.179,0,42
4080,Diano d'Alba,0.0,0.0,0.0,0,3
4081,Dogliani,0.0,0.0,0.0,1,23
4082,Dronero,0.0,0.0,0.0,1,42
4083,Elva,0.0,0.0,0.0,1,11
4084,Entracque,0.0,1.595,131.526,1,29
4085,Envie,0.0,0.0,0.0,0,3
4086,Farigliano,0.0,0.0,0.0,0,5
4087,Faule,0.0,0.0,0.91,0,3
4088,Feisoglio,0.0,0.0,0.0,0,3
4089,Fossano,0.0,0.601,0.0,1,24
4090,Frabosa Soprana,0.0,0.0,6.125,2,16
4091,Frabosa Sottana,0.0,0.112,0.013,0,7
4092,Frassino,0.0,0.0,0.0,0,33
4093,Gaiola,0.0,0.0,0.0,0,6
4094,Gambasca,0.0,0.0,0.0,0,1
4095,Garessio,0.0,0.0,0.161,0,28
4096,Genola,0.0,0.0,0.0,0,7
4097,Gorzegno,0.0,0.0,0.0,0,0
4098,Gottasecca,0.0,0.389,0.0,0,0
4099,Govone,0.0,0.0,0.0,0,7
4100,Grinzane Cavour,0.0,0.0,0.0,1,3
4101,Guarene,0.0,0.0,0.0,1,4
4102,Igliano,0.0,0.0,0.0,0,11
4103,Isasca,0.0,0.0,0.0,0,4
4104,Lagnasco,0.0,0.0,0.0,0,2
4105,La Morra,0.0,0.0,0.0,0,11
4106,Lequio Berria,0.0,0.0,0.0,0,1
4107,Lequio Tanaro,0.0,0.0,1.873,0,0
4108,Lesegno,0.0,0.0,0.0,0,1
4109,Levice,0.0,0.0,0.0,0,1
4110,Limone Piemonte,0.0,0.713,0.185,1,22
4111,Lisio,0.0,0.0,0.0,0,7
4112,Macra,0.0,0.0,0.0,0,8
4113,Magliano Alfieri,0.0,0.111,0.0,1,3
4114,Magliano Alpi,0.0,0.0,0.0,0,2
4115,Mango,0.0,0.0,0.0,0,5
4116,Manta,0.0,0.0,0.0,0,2
4117,Marene,0.0,0.0,0.0,0,4
4118,Margarita,0.0,0.0,0.0,0,7
4119,Marmora,0.0,0.0,0.0,0,1
4120,Marsaglia,0.0,0.0,0.0,0,4
4121,Martiniana Po,0.0,0.0,0.0,1,0
4122,Melle,0.0,0.0,0.0,0,34
4123,Moiola,0.0,0.0,0.092,0,21
4124,Mombarcaro,0.0,0.0,0.0,0,1
4125,Mombasiglio,0.0,0.0,0.0,1,5
4126,Monastero di Vasco,0.0,0.0,0.0,0,5
4127,Monasterolo Casotto,0.0,0.0,0.0,0,3
4128,Monasterolo di Savigliano,0.0,0.0,0.0,0,3
4129,Monchiero,0.0,0.0,0.0,0,1
4130,Mondovì,0.0,0.036,0.701,4,62
4131,Monesiglio,0.0,0.0,0.0,0,0
4132,Monforte d'Alba,0.0,0.0,0.0,1,3
4133,Montà,0.0,0.461,0.0,0,7
4134,Montaldo di Mondovì,0.0,0.0,0.0,0,13
4135,Montaldo Roero,0.0,0.225,0.0,0,6
4136,Montanera,0.0,0.0,0.0,0,0
4137,Montelupo Albese,0.0,0.0,0.0,0,1
4138,Montemale di Cuneo,0.0,0.0,0.0,0,12
4139,Monterosso Grana,0.0,0.0,0.0,2,45
4140,Monteu Roero,0.0,1.313,0.0,0,10
4141,Montezemolo,0.0,0.0,2.476,0,2
4142,Monticello d'Alba,0.0,0.232,0.0,1,6
4143,Moretta,0.0,0.0,0.0,0,6
4144,Morozzo,0.0,0.0,0.386,0,14
4145,Murazzano,0.0,0.0,0.0,0,6
4146,Murello,0.0,0.0,0.0,0,7
4147,Narzole,0.0,0.198,0.017,0,1
4148,Neive,0.0,0.0,0.0,1,9
4149,Neviglie,0.0,0.0,0.0,0,1
4150,Niella Belbo,0.0,0.0,0.0,0,0
4151,Niella Tanaro,0.0,0.0,0.0,0,2
4152,Novello,0.0,0.0,0.0,0,8
4153,Nucetto,0.0,0.0,0.0,0,10
4154,Oncino,0.0,2.706,24.177,0,9
4155,Ormea,0.0,0.308,1.542,1,95
4156,Ostana,0.0,0.0,4.44,0,2
4157,Paesana,0.0,0.0,0.829,0,19
4158,Pagno,0.0,0.0,0.0,0,2
4159,Pamparato,0.0,0.0,0.051,1,16
4160,Paroldo,0.0,0.0,0.0,0,1
4161,Perletto,0.0,0.0,0.0,0,0
4162,Perlo,0.0,0.0,0.0,0,2
4163,Peveragno,0.0,0.0,0.0,0,65
4164,Pezzolo Valle Uzzone,0.0,0.0,0.009,0,1
4165,Pianfei,0.0,0.0,0.0,0,4
4166,Piasco,0.0,0.0,0.0,1,2
4167,Pietraporzio,0.0,0.106,0.0,0,17
4168,Piobesi d'Alba,0.0,0.0,0.0,0,1
4169,Piozzo,0.0,0.0,0.0,0,3
4170,Pocapaglia,0.0,0.197,0.0,0,6
4171,Polonghera,0.0,0.0,0.035,1,1
4172,Pontechianale,0.0,8.229,25.279,0,26
4173,Pradleves,0.0,0.0,0.0,0,22
4174,Prazzo,0.0,0.0,0.0,0,17
4175,Priero,0.0,0.0,0.002,0,4
4176,Priocca,0.0,0.0,0.0,0,1
4177,Priola,0.0,0.0,0.052,0,8
4178,Prunetto,0.0,0.0,0.0,0,5
4179,Racconigi,0.0,0.711,0.0,1,11
4180,Revello,0.0,0.0,0.41,2,9
4181,Rifreddo,0.0,0.0,0.0,0,5
4182,Rittana,0.0,0.0,0.0,0,9
4183,Roaschia,0.0,0.0,4.259,0,11
4184,Roascio,0.0,0.0,0.0,0,0
4185,Robilante,0.0,0.0,0.0,3,35
4186,Roburent,0.0,0.0,0.0,0,11
4187,Roccabruna,0.0,0.0,0.0,0,28
4188,Rocca Cigliè,0.0,0.0,0.0,0,1
4189,Rocca de' Baldi,0.0,0.36,1.843,2,10
4190,Roccaforte Mondovì,0.0,0.538,0.209,0,20
4191,Roccasparvera,0.0,2.236,0.0,0,25
4192,Roccavione,0.0,0.0,0.0,1,16
4193,Rocchetta Belbo,0.0,0.0,0.0,0,0
4194,Roddi,0.0,0.0,0.0,0,4
4195,Roddino,0.0,0.0,0.0,0,0
4196,Rodello,0.0,0.0,0.0,1,1
4197,Rossana,0.0,0.0,0.0,0,20
4198,Ruffia,0.0,0.0,0.0,0,1
4199,Sale delle Langhe,0.0,0.0,0.0,0,0
4200,Sale San Giovanni,0.0,0.0,0.0,0,1
4201,Saliceto,0.0,0.0,0.321,0,2
4202,Salmour,0.0,0.0,0.0,0,0
4203,Saluzzo,0.0,0.0,1.161,3,17
4204,Sambuco,0.0,0.0,0.0,1,19
4205,Sampeyre,0.0,0.307,0.017,1,79
4206,San Benedetto Belbo,0.0,0.0,0.0,0,1
4207,San Damiano Macra,0.0,0.199,0.0,1,21
4208,Sanfrè,0.0,0.412,0.0,0,1
4209,Sanfront,0.0,0.126,0.0,0,16
4210,San Michele Mondovì,0.0,0.0,0.0,0,1
4211,Sant'Albano Stura,0.0,0.0,0.24,0,3
4212,Santa Vittoria d'Alba,0.0,0.232,0.0,1,9
4213,Santo Stefano Belbo,0.0,0.0,0.0,0,4
4214,Santo Stefano Roero,0.0,0.0,0.0,0,12
4215,Savigliano,0.0,0.0,0.0,3,23
4216,Scagnello,0.0,0.0,0.0,0,2
4217,Scarnafigi,0.0,0.0,0.0,0,5
4218,Serralunga d'Alba,0.0,0.0,0.0,0,8
4219,Serravalle Langhe,0.0,0.0,0.0,0,1
4220,Sinio,0.0,0.0,0.0,0,2
4221,Somano,0.0,0.0,0.0,0,0
4222,Sommariva del Bosco,0.0,1.909,0.0,0,11
4223,Sommariva Perno,0.0,1.509,0.0,0,2
4224,Stroppo,0.0,0.0,0.0,1,10
4225,Tarantasca,0.0,0.0,0.0,0,9
4226,Torre Bormida,0.0,0.0,0.0,0,1
4227,Torre Mondovì,0.0,0.0,0.0,0,0
4228,Torre San Giorgio,0.0,0.0,0.0,0,0
4229,Torresina,0.0,0.0,0.0,0,4
4230,Treiso,0.0,0.0,0.0,0,0
4231,Trezzo Tinella,0.0,0.0,0.0,0,1
4232,Trinità,0.0,0.0,0.0,0,2
4233,Valdieri,0.0,12.765,126.144,2,68
4234,Valgrana,0.0,0.0,0.0,0,21
4235,Valloriate,0.0,0.0,0.0,1,15
4237,Venasca,0.0,0.0,0.0,0,22
4238,Verduno,0.0,0.308,0.0,0,2
4239,Vernante,0.0,0.0,10.541,0,24
4240,Verzuolo,0.0,0.0,0.0,0,7
4241,Vezza d'Alba,0.0,0.227,0.0,0,6
4242,Vicoforte,0.0,0.0,0.0,0,6
4243,Vignolo,0.0,0.0,0.0,0,17
4244,Villafalletto,0.0,0.079,0.0,0,13
4245,Villanova Mondovì,0.0,0.0,0.0,0,19
4246,Villanova Solaro,0.0,0.0,0.0,0,2
4247,Villar San Costanzo,0.0,0.0,0.611,0,27
4248,Vinadio,0.0,3.9,0.198,0,79
4249,Viola,0.0,0.0,0.0,0,6
4250,Vottignasco,0.0,0.0,0.0,0,4
5001,Agliano Terme,0.0,0.093,0.0,0,4
5002,Albugnano,0.0,0.0,0.0,0,7
5003,Antignano,0.0,0.0,0.0,0,3
5004,Aramengo,0.0,0.295,0.0,0,3
5005,Asti,0.0,0.0,1.561,10,87
5006,Azzano d'Asti,0.0,0.0,0.0,0,1
5007,Baldichieri d'Asti,0.0,0.0,0.0,0,3
5008,Belveglio,0.0,0.0,0.0,0,1
5009,Berzano di San Pietro,0.0,0.0,0.0,0,5
5010,Bruno,0.0,0.736,0.0,0,1
5011,Bubbio,0.0,0.0,0.0,0,2
5012,Buttigliera d'Asti,0.0,0.0,0.0,0,5
5013,Calamandrana,0.0,0.0,0.0,0,1
5014,Calliano Monferrato,0.0,0.0,0.0,0,3
5015,Calosso,0.0,0.0,0.0,0,3
5016,Camerano Casasco,0.0,0.0,0.0,0,3
5017,Canelli,0.0,0.04,0.0,0,2
5018,Cantarana,0.0,0.0,0.0,0,11
5019,Capriglio,0.0,0.0,0.0,1,5
5020,Casorzo Monferrato,0.0,0.0,0.0,0,4
5021,Cassinasco,0.0,0.0,0.0,0,0
5022,Castagnole delle Lanze,0.0,0.0,0.0,0,9
5023,Castagnole Monferrato,0.0,0.0,0.0,1,0
5024,Castel Boglione,0.0,0.0,0.0,0,0
5025,Castell'Alfero,0.0,0.0,0.0,0,4
5026,Castellero,0.0,0.068,0.0,0,1
5027,Castelletto Molina,0.0,0.0,0.0,0,1
5028,Castello di Annone,0.0,0.0,0.0,1,2
5029,Castelnuovo Belbo,0.0,0.181,0.0,0,0
5030,Castelnuovo Calcea,0.0,0.0,0.0,0,2
5031,Castelnuovo Don Bosco,0.0,0.0,0.0,3,15
5032,Castel Rocchero,0.0,0.0,0.0,0,1
5033,Cellarengo,0.0,0.0,0.0,0,1
5034,Celle Enomondo,0.0,0.0,0.0,0,3
5035,Cerreto d'Asti,0.0,0.0,0.0,0,2
5036,Cerro Tanaro,0.0,0.0,0.0,0,1
5037,Cessole,0.0,0.0,0.0,0,1
5038,Chiusano d'Asti,0.0,0.0,0.0,0,2
5039,Cinaglio,0.0,0.0,0.0,0,0
5040,Cisterna d'Asti,0.0,0.0,0.0,1,3
5041,Coazzolo,0.0,0.0,0.0,0,2
5042,Cocconato,0.0,0.0,0.0,0,8
5044,Corsione,0.0,0.0,0.0,0,2
5045,Cortandone,0.0,0.0,0.0,0,4
5046,Cortanze,0.0,0.0,0.0,0,2
5047,Cortazzone,0.0,0.0,0.0,0,8
5048,Cortiglione,0.0,0.0,0.0,0,2
5049,Cossombrato,0.0,0.0,0.0,0,4
5050,Costigliole d'Asti,0.0,0.0,0.0,0,11
5051,Cunico,0.0,0.0,0.0,0,3
5052,Dusino San Michele,0.0,0.0,0.0,0,3
5053,Ferrere,0.0,0.0,0.0,0,0
5054,Fontanile,0.0,0.0,0.0,0,2
5055,Frinco,0.0,0.0,0.0,0,7
5056,Grana Monferrato,0.0,0.0,0.0,0,0
5057,Grazzano Badoglio,0.0,0.207,0.0,1,8
5058,Incisa Scapaccino,0.0,0.317,0.0,0,4
5059,Isola d'Asti,0.0,0.0,0.0,0,3
5060,Loazzolo,0.0,0.0,0.0,0,0
5061,Maranzana,0.0,0.0,0.0,0,2
5062,Maretto,0.0,0.0,0.0,0,13
5063,Moasca,0.0,0.0,0.0,0,1
5064,Mombaldone,0.0,0.0,0.0,0,0
5065,Mombaruzzo,0.0,0.0,0.0,0,1
5066,Mombercelli,0.0,0.0,0.001,0,2
5067,Monale,0.0,0.0,0.0,0,6
5068,Monastero Bormida,0.0,0.0,0.0,0,5
5069,Moncalvo,0.0,0.201,0.0,1,12
5070,Moncucco Torinese,0.0,0.0,0.0,1,6
5071,Mongardino,0.0,0.0,0.0,0,3
5072,Montabone,0.0,0.0,0.0,0,0
5073,Montafia,0.0,0.0,0.0,0,14
5074,Montaldo Scarampi,0.0,0.0,0.0,0,1
5075,Montechiaro d'Asti,0.0,0.0,0.0,0,3
5076,Montegrosso d'Asti,0.0,0.164,0.0,0,1
5077,Montemagno Monferrato,0.0,0.0,0.0,0,3
5080,Nizza Monferrato,0.0,0.0,0.0,1,0
5081,Olmo Gentile,0.0,0.0,0.0,0,5
5082,Passerano Marmorito,0.0,0.0,0.0,0,1
5083,Penango,0.0,0.238,0.0,0,3
5084,Piea,0.0,0.0,0.0,0,4
5085,Pino d'Asti,0.0,0.0,0.0,0,4
5086,Piovà Massaia,0.0,0.0,0.0,0,6
5087,Portacomaro,0.0,0.0,0.0,0,5
5088,Quaranti,0.0,0.0,0.0,0,0
5089,Refrancore,0.0,0.0,0.0,0,0
5090,Revigliasco d'Asti,0.0,0.0,0.0,0,0
5091,Roatto,0.0,0.0,0.0,0,6
5092,Robella,0.0,0.0,0.0,0,2
5093,Rocca d'Arazzo,0.0,0.0,0.023,0,2
5094,Roccaverano,0.0,0.0,0.0,0,6
5095,Rocchetta Palafea,0.0,0.0,0.0,0,0
5096,Rocchetta Tanaro,0.0,0.0,1.156,0,3
5097,San Damiano d'Asti,0.0,0.104,0.0,0,7
5098,San Giorgio Scarampi,0.0,0.0,0.0,0,1
5099,San Martino Alfieri,0.0,0.0,0.0,0,0
5100,San Marzano Oliveto,0.0,0.0,0.0,0,0
5101,San Paolo Solbrito,0.0,0.0,0.0,0,6
5103,Scurzolengo,0.0,0.0,0.0,0,2
5104,Serole,0.0,0.0,0.052,0,1
5105,Sessame,0.0,0.0,0.0,0,0
5106,Settime,0.0,0.0,0.0,0,2
5107,Soglio,0.0,0.0,0.0,0,3
5108,Tigliole,0.0,0.0,0.047,0,9
5109,Tonco,0.0,0.0,0.0,0,1
5111,Vaglio Serra,0.0,0.0,0.0,0,0
5112,Valfenera,0.0,0.0,0.0,0,3
5113,Vesime,0.0,0.0,0.0,0,3
5114,Viale,0.0,0.0,0.0,0,3
5115,Viarigi,0.0,0.0,0.0,0,1
5116,Vigliano d'Asti,0.0,0.0,0.0,0,0
5117,Villafranca d'Asti,0.0,0.0,0.0,0,4
5118,Villanova d'Asti,0.0,0.233,0.0,1,12
5119,Villa San Secondo,0.0,0.0,0.0,0,1
5120,Vinchio,0.0,0.0,0.0,0,1
5121,Montiglio Monferrato,0.0,0.0,0.0,0,22
5122,Moransengo-Tonengo,0.0,0.0,0.0,0,2
6001,Acqui Terme,0.0,0.0,0.0,0,18
6002,Albera Ligure,0.0,0.0,0.0,0,2
6003,Alessandria,0.0,0.0,0.0,8,124
6004,Alfiano Natta,0.0,0.0,0.0,0,3
6005,Alice Bel Colle,0.0,0.0,0.0,0,8
6007,Altavilla Monferrato,0.0,0.0,0.0,1,2
6008,Alzano Scrivia,0.0,0.0,0.0,0,1
6009,Arquata Scrivia,0.0,0.403,0.0,0,2
6010,Avolasca,0.0,0.0,0.0,0,1
6011,Balzola,0.0,0.0,0.0,0,3
6012,Basaluzzo,0.0,0.0,0.0,0,0
6013,Bassignana,0.0,0.0,15.601,0,0
6014,Belforte Monferrato,0.0,0.0,0.0,0,1
6015,Bergamasco,0.0,0.471,0.0,0,0
6016,Berzano di Tortona,0.0,0.0,0.0,0,0
6017,Bistagno,0.0,0.0,0.0,1,0
6018,Borghetto di Borbera,0.0,0.0,0.0,0,4
6019,Borgoratto Alessandrino,0.0,0.0,0.0,0,1
6020,Borgo San Martino,0.0,0.0,0.0,0,4
6021,Bosco Marengo,0.0,0.0,0.688,0,2
6022,Bosio,0.0,3.028,46.884,1,11
6023,Bozzole,0.0,0.0,6.344,0,1
6024,Brignano-Frascata,0.0,0.0,0.0,0,1
6025,Cabella Ligure,0.0,0.0,0.0,0,5
6026,Camagna Monferrato,0.0,0.0,0.0,0,9
6027,Camino,0.0,0.0,1.564,0,7
6028,Cantalupo Ligure,0.0,0.0,0.0,0,5
6029,Capriata d'Orba,0.0,0.0,0.022,0,6
6030,Carbonara Scrivia,0.0,0.051,0.0,0,0
6031,Carentino,0.0,0.73,0.0,0,0
6032,Carezzano,0.0,0.0,0.0,0,0
6033,Carpeneto,0.0,0.0,0.0,0,4
6034,Carrega Ligure,0.0,0.0,0.212,0,8
6035,Carrosio,0.0,0.0,0.0,0,0
6036,Cartosio,0.0,0.0,0.0,0,1
6037,Casal Cermelli,0.0,0.0,1.29,1,2
6038,Casaleggio Boiro,0.0,0.0,3.523,0,4
6039,Casale Monferrato,0.0,0.0,11.296,3,81
6040,Casalnoceto,0.0,0.0,0.0,0,2
6041,Casasco,0.0,0.0,0.0,0,0
6043,Cassine,0.0,0.0,0.0,1,5
6044,Cassinelle,0.0,0.0,0.0,0,0
6045,Castellania Coppi,0.0,0.0,0.0,0,7
6046,Castellar Guidobono,0.0,0.0,0.0,0,0
6047,Castellazzo Bormida,0.0,0.0,0.0,0,11
6048,Castelletto d'Erro,0.0,0.0,0.0,0,2
6049,Castelletto d'Orba,0.0,0.0,0.0,0,1
6050,Castelletto Merli,0.0,0.17,0.0,0,0
6051,Castelletto Monferrato,0.0,0.0,0.0,0,0
6052,Castelnuovo Bormida,0.0,0.0,0.0,0,2
6053,Castelnuovo Scrivia,0.0,0.0,0.0,0,2
6054,Castelspina,0.0,0.0,0.0,0,1
6055,Cavatore,0.0,0.0,0.0,0,0
6056,Cella Monte,0.0,0.0,0.0,1,1
6057,Cereseto,0.0,0.0,0.0,0,1
6058,Cerreto Grue,0.0,0.0,0.0,0,0
6059,Cerrina Monferrato,0.0,0.0,0.0,0,4
6060,Coniolo,0.0,0.0,6.289,1,4
6061,Conzano,0.0,0.0,0.0,1,6
6062,Costa Vescovato,0.0,0.0,0.0,0,0
6063,Cremolino,0.0,0.0,0.0,0,2
6065,Denice,0.0,0.0,0.0,0,1
6066,Dernice,0.0,0.0,0.0,0,0
6067,Fabbrica Curone,0.0,0.0,0.0,0,9
6068,Felizzano,0.0,0.0,0.0,0,3
6069,Fraconalto,0.0,0.0,0.0,0,0
6070,Francavilla Bisio,0.0,0.0,0.0,0,1
6071,Frascaro,0.0,0.0,0.0,0,0
6072,Frassinello Monferrato,0.0,0.0,0.0,0,5
6073,Frassineto Po,0.0,0.0,16.371,1,1
6074,Fresonara,0.0,0.0,0.001,0,0
6075,Frugarolo,0.0,0.0,0.0,0,3
6076,Fubine Monferrato,0.0,0.0,0.0,0,1
6077,Gabiano,0.0,0.0,0.0,0,7
6078,Gamalero,0.0,0.0,0.0,0,0
6079,Garbagna,0.0,0.0,0.0,0,2
6081,Gavi,0.0,0.0,0.0,0,9
6082,Giarole,0.0,0.0,0.0,0,1
6083,Gremiasco,0.0,0.0,0.0,0,0
6084,Grognardo,0.0,0.0,0.0,0,1
6085,Grondona,0.0,0.0,0.0,0,0
6086,Guazzora,0.0,0.0,0.259,0,0
6087,Isola Sant'Antonio,0.0,0.0,13.504,0,0
6088,Lerma,0.0,0.0,2.188,0,6
6090,Malvicino,0.0,0.145,0.0,0,0
6091,Masio,0.0,0.0,0.0,0,2
6092,Melazzo,0.0,0.0,0.0,0,3
6093,Merana,0.0,0.0,0.174,0,0
6094,Mirabello Monferrato,0.0,0.0,0.0,0,2
6095,Molare,0.0,0.0,0.112,0,4
6096,Molino dei Torti,0.0,0.0,0.41,0,1
6097,Mombello Monferrato,0.0,0.0,0.0,0,4
6098,Momperone,0.0,0.0,0.0,0,0
6099,Moncestino,0.0,0.0,0.539,0,1
6100,Mongiardino Ligure,0.0,0.0,0.147,0,3
6101,Monleale,0.0,0.0,0.0,0,3
6102,Montacuto,0.0,0.0,0.0,0,1
6103,Montaldeo,0.0,0.0,0.0,0,1
6104,Montaldo Bormida,0.0,0.0,0.0,0,0
6105,Montecastello,0.0,0.0,0.0,0,1
6106,Montechiaro d'Acqui,0.0,0.619,0.0,1,6
6107,Montegioco,0.0,0.0,0.0,0,0
6108,Montemarzino,0.0,0.0,0.0,0,1
6109,Morano sul Po,0.0,0.0,1.112,1,76
6110,Morbello,0.0,0.394,0.0,0,1
6111,Mornese,0.0,0.0,1.286,0,1
6112,Morsasco,0.0,0.0,0.0,0,2
6113,Murisengo,0.0,0.0,0.0,0,5
6114,Novi Ligure,0.0,0.0,0.0,2,8
6115,Occimiano,0.0,0.0,0.0,0,2
6116,Odalengo Grande,0.0,0.086,0.0,0,6
6117,Odalengo Piccolo,0.0,0.0,0.0,0,2
6118,Olivola,0.0,0.0,0.0,0,1
6119,Orsara Bormida,0.0,0.0,0.0,1,1
6120,Ottiglio,0.0,0.174,0.0,0,3
6121,Ovada,0.0,0.0,0.0,1,8
6122,Oviglio,0.0,0.0,0.0,0,5
6123,Ozzano Monferrato,0.0,0.0,0.0,0,6
6124,Paderna,0.0,0.0,0.0,0,0
6125,Pareto,0.0,0.0,0.0,0,7
6126,Parodi Ligure,0.0,0.0,0.0,0,0
6127,Pasturana,0.0,0.0,0.0,0,2
6128,Pecetto di Valenza,0.0,0.0,0.035,1,2
6129,Pietra Marazzi,0.0,0.0,0.0,0,1
6131,Pomaro Monferrato,0.0,0.0,0.482,0,8
6132,Pontecurone,0.0,0.0,0.0,0,4
6133,Pontestura,0.0,0.969,4.456,0,3
6134,Ponti,0.0,0.0,0.0,0,3
6135,Ponzano Monferrato,0.0,0.0,0.016,0,2
6136,Ponzone,0.0,0.0,0.0,0,5
6137,Pozzol Groppo,0.0,0.0,0.0,0,6
6138,Pozzolo Formigaro,0.0,0.825,0.0,0,7
6139,Prasco,0.0,0.0,0.0,0,0
6140,Predosa,0.0,0.0,0.477,0,8
6141,Quargnento,0.0,0.307,0.0,0,2
6142,Quattordio,0.0,0.0,0.0,0,1
6143,Ricaldone,0.0,0.0,0.0,1,1
6144,Rivalta Bormida,0.0,0.0,0.0,0,3
6145,Rivarone,0.0,0.0,0.0,0,0
6146,Roccaforte Ligure,0.0,0.0,0.0,0,6
6147,Rocca Grimalda,0.0,0.0,0.0,1,3
6148,Rocchetta Ligure,0.0,0.0,0.0,0,0
6149,Rosignano Monferrato,0.0,0.0,0.0,0,8
6150,Sala Monferrato,0.0,0.0,0.0,1,1
6151,Sale,0.0,0.222,0.0,0,0
6152,San Cristoforo,0.0,0.0,0.0,0,0
6153,San Giorgio Monferrato,0.0,0.0,0.0,0,3
6154,San Salvatore Monferrato,0.0,0.0,0.0,0,4
6155,San Sebastiano Curone,0.0,0.0,0.0,0,0
6156,Sant'Agata Fossili,0.0,0.0,0.0,0,0
6157,Sardigliano,0.0,0.0,0.0,0,0
6158,Sarezzano,0.0,0.0,0.0,0,1
6159,Serralunga di Crea,0.0,0.0,0.346,0,11
6160,Serravalle Scrivia,0.0,0.0,0.0,0,7
6161,Sezzadio,0.0,0.208,0.0,0,4
6162,Silvano d'Orba,0.0,0.0,0.0,0,1
6163,Solero,0.0,0.0,0.0,0,7
6164,Solonghello,0.0,0.0,0.0,0,2
6165,Spigno Monferrato,0.0,0.0,0.0,0,0
6166,Spineto Scrivia,0.0,0.0,0.0,0,0
6167,Stazzano,0.0,0.0,0.0,0,1
6168,Strevi,0.0,0.0,0.0,0,3
6169,Tagliolo Monferrato,0.0,0.0,8.435,0,2
6170,Tassarolo,0.0,0.0,0.0,0,1
6171,Terruggia,0.0,0.0,0.0,0,0
6172,Terzo,0.0,0.0,0.0,0,5
6173,Ticineto,0.0,0.0,0.075,0,0
6174,Tortona,0.0,3.208,0.0,1,14
6175,Treville,0.0,0.0,0.0,0,2
6176,Trisobbio,0.0,0.0,0.0,0,2
6177,Valenza,0.0,0.0,11.144,2,6
6178,Valmacca,0.0,0.0,8.245,0,0
6179,Vignale Monferrato,0.0,0.0,0.0,0,3
6180,Vignole Borbera,0.0,0.0,0.0,0,1
6181,Viguzzolo,0.0,0.0,0.0,0,3
6182,Villadeati,0.0,0.0,0.0,0,4
6183,Villalvernia,0.0,0.0,0.0,0,1
6184,Villamiroglio,0.0,0.0,0.0,0,3
6185,Villanova Monferrato,0.0,0.0,0.0,0,2
6186,Villaromagnano,0.0,0.0,0.0,0,0
6187,Visone,0.0,0.0,0.0,1,1
6188,Volpedo,0.0,0.0,0.0,2,6
6189,Volpeglino,0.0,0.0,0.0,0,0
6190,Voltaggio,0.0,0.256,17.556,0,4
6191,Cassano Spinola,0.0,0.382,0.0,0,1
6192,Alluvioni Piovera,0.0,0.0,1.226,0,1
6193,Lu e Cuccaro Monferrato,0.0,0.0,0.0,1,7
7001,Allein,0.0,0.0,0.0,0,8
7002,Antey-Saint-André,0.0,0.0,0.0,0,15
7003,Aosta,0.0,0.165,0.074,2,122
7004,Arnad,0.0,0.0,0.0,0,100
7005,Arvier,0.0,0.534,0.0,1,17
7006,Avise,0.0,0.0,0.0,0,17
7007,Ayas,0.0,0.389,0.0,0,94
7008,Aymavilles,0.0,0.131,0.0,1,10
7009,Bard,0.0,0.0,0.0,2,39
7010,Bionaz,0.0,0.387,0.0,0,13
7011,Brissogne,0.0,4.72,0.0,0,3
7012,Brusson,0.0,0.404,0.0,1,70
7013,Challand-Saint-Anselme,0.0,0.0,0.0,0,80
7014,Challand-Saint-Victor,0.0,0.0,0.0,0,37
7015,Chambave,0.0,0.0,0.0,0,27
7016,Chamois,0.0,0.0,0.0,0,2
7017,Champdepraz,0.0,0.562,35.474,0,13
7018,Champorcher,0.0,1.451,21.264,0,26
7019,Charvensod,0.0,1.431,0.0,0,1
7020,Châtillon,0.0,0.0,0.002,2,64
7021,Cogne,0.0,0.917,0.019,6,50
7022,Courmayeur,0.0,1.125,0.01,3,4
7023,Donnas,0.0,0.0,0.0,1,54
7024,Doues,0.0,0.0,0.0,0,3
7025,Emarèse,0.0,0.0,0.0,0,21
7026,Etroubles,0.0,0.0,0.0,0,39
7027,Fénis,0.0,0.605,0.054,0,52
7028,Fontainemore,0.0,0.318,3.649,1,20
7029,Gaby,0.0,0.284,0.0,0,19
7030,Gignod,0.0,0.061,0.0,0,52
7031,Gressan,0.0,0.835,0.197,0,8
7032,Gressoney-La-Trinité,0.0,0.462,0.004,0,12
7033,Gressoney-Saint-Jean,0.0,0.484,0.0,1,30
7034,Hône,0.0,0.0,0.0,0,20
7035,Introd,0.0,0.0,0.0,1,18
7036,Issime,0.0,0.0,0.0,0,18
7037,Issogne,0.0,0.0,0.178,0,21
7038,Jovençan,0.0,0.223,0.0,1,2
7039,La Magdeleine,0.0,0.0,0.0,0,14
7040,La Salle,0.0,0.708,0.0,0,6
7041,La Thuile,0.0,6.126,0.0,1,18
7042,Lillianes,0.0,0.223,0.0,0,7
7043,Montjovet,0.0,0.0,0.0,0,61
7044,Morgex,0.0,1.601,0.0,0,7
7045,Nus,0.0,0.05,0.0,1,45
7046,Ollomont,0.0,0.381,0.0,0,5
7047,Oyace,0.0,0.0,0.0,0,3
7048,Perloz,0.0,0.0,0.0,1,21
7049,Pollein,0.0,0.0,0.0,0,2
7050,Pontboset,0.0,0.0,0.0,0,37
7051,Pontey,0.0,0.0,0.018,1,18
7052,Pont-Saint-Martin,0.0,0.0,0.0,2,63
7053,Pré-Saint-Didier,0.0,0.0,0.0,0,2
7054,Quart,0.0,0.183,0.0,0,37
7055,Rhêmes-Notre-Dame,0.0,0.875,0.013,0,9
7056,Rhêmes-Saint-Georges,0.0,0.0,0.0,0,5
7057,Roisan,0.0,0.0,0.0,0,4
7058,Saint-Christophe,0.0,0.0,0.034,0,15
7059,Saint-Denis,0.0,0.0,0.0,0,11
7060,Saint-Marcel,0.0,0.734,0.0,0,15
7061,Saint-Nicolas,0.0,0.0,0.0,1,7
7062,Saint-Oyen,0.0,0.0,0.0,0,17
7063,Saint-Pierre,0.0,0.101,0.0,1,5
7064,Saint-Rhémy-en-Bosses,0.0,0.619,0.0,1,44
7065,Saint-Vincent,0.0,0.0,0.0,1,54
7066,Sarre,0.0,0.424,0.0,0,11
7067,Torgnon,0.0,0.0,0.0,1,12
7068,Valgrisenche,0.0,1.724,0.0,0,15
7069,Valpelline,0.0,0.0,0.0,1,5
7070,Valsavarenche,0.0,4.506,0.0,1,21
7071,Valtournenche,0.0,1.053,0.0,2,29
7072,Verrayes,0.0,0.0,0.038,0,25
7073,Verrès,0.0,0.0,0.028,0,67
7074,Villeneuve,0.0,0.246,0.0,0,11
8001,Airole,0.0,0.0,0.088,0,2
8002,Apricale,0.0,0.0,1.927,1,3
8003,Aquila d'Arroscia,0.0,0.034,3.633,0,2
8004,Armo,0.0,0.0,0.0,0,1
8005,Aurigo,0.0,0.0,0.0,0,1
8006,Badalucco,0.0,0.0,0.798,1,6
8007,Bajardo,0.0,0.0,14.528,1,12
8008,Bordighera,6.563,0.0,0.177,1,28
8009,Borghetto d'Arroscia,0.0,0.0,0.0,0,6
8010,Borgomaro,0.0,0.0,1.398,0,8
8011,Camporosso,0.238,0.0,0.014,0,1
8012,Caravonica,0.0,0.0,0.0,0,2
8014,Castellaro,0.0,0.0,0.0,1,1
8015,Castel Vittorio,0.0,0.0,0.284,0,16
8016,Ceriana,0.0,0.0,6.081,0,2
8017,Cervo,4.262,0.0,0.06,1,4
8018,Cesio,0.0,0.0,0.0,0,0
8019,Chiusanico,0.0,0.0,2.299,1,5
8020,Chiusavecchia,0.0,0.0,0.0,0,3
8021,Cipressa,3.046,0.0,0.011,0,3
8022,Civezza,0.0,0.0,0.0,0,0
8023,Cosio d'Arroscia,0.0,0.0,71.909,1,2
8024,Costarainera,0.814,0.0,0.003,0,0
8025,Diano Arentino,0.0,0.0,3.533,0,1
8026,Diano Castello,0.0,0.0,0.0,1,6
8027,Diano Marina,3.154,0.0,0.23,2,13
8028,Diano San Pietro,0.0,0.0,5.304,0,3
8029,Dolceacqua,0.0,0.0,0.07,0,9
8030,Dolcedo,0.0,0.0,0.0,1,48
8031,Imperia,9.258,0.0,0.276,8,102
8032,Isolabona,0.0,0.0,2.434,0,5
8033,Lucinasco,0.0,0.0,0.0,1,6
8034,Mendatica,0.0,0.0,24.422,2,8
8035,Molini di Triora,0.0,0.0,42.356,0,11
8037,Montegrosso Pian Latte,0.0,0.0,0.972,0,5
8038,Olivetta San Michele,0.0,0.0,0.0,0,9
8039,Ospedaletti,4.931,0.0,0.011,0,2
8040,Perinaldo,0.0,0.0,0.0,4,6
8041,Pietrabruna,0.0,0.0,0.012,0,5
8042,Pieve di Teco,0.0,0.0,1.05,1,10
8043,Pigna,0.0,0.0,24.494,2,23
8044,Pompeiana,0.0,0.0,1.833,0,6
8045,Pontedassio,0.0,0.006,0.13,1,23
8046,Pornassio,0.0,0.0,11.364,0,10
8047,Prelà,0.0,0.0,0.0,1,18
8048,Ranzo,0.0,0.0,0.305,0,0
8049,Rezzo,0.0,0.0,32.781,2,23
8050,Riva Ligure,1.841,0.0,0.001,1,3
8051,Rocchetta Nervina,0.0,0.0,6.147,0,17
8052,San Bartolomeo al Mare,1.22,0.0,0.023,0,4
8053,San Biagio della Cima,0.0,0.0,0.0,0,0
8054,San Lorenzo al Mare,2.353,0.0,0.008,0,1
8055,Sanremo,8.244,0.0,0.782,13,38
8056,Santo Stefano al Mare,4.573,0.0,0.025,1,2
8057,Seborga,0.0,0.0,0.0,1,10
8058,Soldano,0.0,0.0,0.0,0,0
8059,Taggia,1.566,0.0,2.905,2,10
8060,Terzorio,0.0,0.0,0.0,0,6
8061,Triora,0.0,0.019,42.284,1,48
8062,Vallebona,0.0,0.0,0.0,0,5
8063,Vallecrosia,1.373,0.0,0.018,1,11
8064,Vasia,0.0,0.0,0.0,0,9
8065,Ventimiglia,9.881,0.0,2.279,8,53
8066,Vessalico,0.0,0.0,0.0,0,0
8067,Villa Faraldi,0.0,0.0,3.072,1,5
8068,Montalto Carpasio,0.0,0.0,24.715,1,3
9001,Alassio,5.982,0.0,0.088,0,6
9002,Albenga,7.285,1.438,4.777,8,24
9003,Albissola Marina,1.672,0.0,0.095,4,27
9004,Albisola Superiore,0.951,0.0,0.0,3,67
9005,Altare,0.0,0.0,0.0,1,18
9006,Andora,4.114,0.0,0.805,3,34
9007,Arnasco,0.0,0.0,0.871,1,4
9008,Balestrino,0.0,0.0,3.29,0,2
9009,Bardineto,0.0,0.049,17.649,0,1
9010,Bergeggi,5.152,0.0,1.66,0,11
9011,Boissano,0.0,0.0,1.938,1,7
9012,Borghetto Santo Spirito,1.623,0.0,1.829,0,5
9013,Borgio Verezzi,1.921,0.0,0.008,1,5
9014,Bormida,0.0,0.378,4.814,0,2
9015,Cairo Montenotte,0.0,0.0,33.732,1,26
9016,Calice Ligure,0.0,0.0,0.0,1,9
9017,Calizzano,0.0,0.0,25.8,0,8
9018,Carcare,0.0,0.0,0.0,0,1
9019,Casanova Lerrone,0.0,0.0,0.0,0,9
9020,Castelbianco,0.0,0.0,10.483,0,2
9021,Castelvecchio di Rocca Barbena,0.0,0.0,1.731,0,1
9022,Celle Ligure,2.75,0.0,0.005,0,22
9023,Cengio,0.0,0.0,0.049,0,0
9024,Ceriale,3.554,0.0,5.567,1,6
9025,Cisano sul Neva,0.0,0.0,4.024,0,2
9026,Cosseria,0.0,0.0,0.346,0,2
9027,Dego,0.0,0.0,2.305,0,1
9028,Erli,0.0,0.0,6.592,0,1
9029,Finale Ligure,7.677,0.0,0.009,1,74
9030,Garlenda,0.0,0.0,0.0,0,2
9031,Giustenice,0.0,0.0,11.383,0,1
9032,Giusvalla,0.0,0.0,0.0,0,3
9033,Laigueglia,4.422,0.0,0.483,0,6
9034,Loano,3.763,0.0,2.973,1,9
9035,Magliolo,0.0,0.0,8.756,0,0
9036,Mallare,0.0,0.152,0.009,0,6
9037,Massimino,0.0,0.0,0.0,0,0
9038,Millesimo,0.0,0.0,1.872,0,9
9039,Mioglia,0.0,0.28,0.516,0,4
9040,Murialdo,0.0,0.0,2.365,0,14
9041,Nasino,0.0,0.0,20.369,0,5
9042,Noli,3.417,0.0,0.069,0,21
9043,Onzo,0.0,0.0,2.635,0,0
9044,Orco Feglino,0.0,0.0,0.0,0,10
9045,Ortovero,0.0,0.0,0.0,0,0
9046,Osiglia,0.0,0.0,14.102,0,1
9047,Pallare,0.0,0.194,9.823,0,3
9048,Piana Crixia,0.0,0.0,7.651,0,0
9049,Pietra Ligure,2.918,0.0,2.532,0,8
9050,Plodio,0.0,0.0,0.135,0,0
9051,Pontinvrea,0.0,0.0,0.747,0,7
9052,Quiliano,0.0,0.02,1.824,0,25
9053,Rialto,0.0,0.0,0.475,1,3
9054,Roccavignale,0.0,0.579,4.378,0,3
9055,Sassello,0.0,0.334,94.086,1,26
9056,Savona,12.213,0.0,4.976,8,115
9057,Spotorno,2.762,0.0,4.892,0,6
9058,Stella,0.0,0.0,17.627,0,16
9059,Stellanello,0.0,0.0,6.883,0,2
9060,Testico,0.0,0.0,0.536,1,4
9061,Toirano,0.0,0.0,2.749,1,11
9062,Tovo San Giacomo,0.0,0.0,0.0,0,7
9063,Urbe,0.0,0.098,14.759,0,10
9064,Vado Ligure,2.357,0.0,7.591,2,13
9065,Varazze,9.219,0.0,50.6,2,97
9066,Vendone,0.0,0.0,4.736,0,3
9067,Vezzi Portio,0.0,0.0,0.537,0,6
9068,Villanova d'Albenga,0.0,0.0,0.708,0,3
9069,Zuccarello,0.0,0.0,6.26,0,3
10001,Arenzano,4.845,0.0,45.881,0,19
10002,Avegno,0.0,0.0,0.008,0,22
10003,Bargagli,0.0,0.0,0.0,0,4
10004,Bogliasco,1.476,0.0,0.004,0,3
10005,Borzonasca,0.0,6.214,30.103,0,10
10006,Busalla,0.0,0.0,5.141,1,1
10007,Camogli,9.278,0.0,6.542,2,86
10008,Campo Ligure,0.0,0.0,6.246,1,3
10009,Campomorone,0.0,1.811,0.151,3,13
10010,Carasco,0.0,0.0,0.0,0,1
10011,Casarza Ligure,0.0,0.321,0.0,0,4
10012,Casella,0.0,0.0,0.028,0,3
10013,Castiglione Chiavarese,0.0,0.0,6.598,1,4
10014,Ceranesi,0.0,0.087,0.24,0,18
10015,Chiavari,4.533,0.0,1.97,3,19
10016,Cicagna,0.0,0.0,0.001,1,5
10017,Cogoleto,2.565,0.0,24.807,1,24
10018,Cogorno,0.0,0.0,0.0,0,0
10019,Coreglia Ligure,0.0,0.0,0.011,0,0
10020,Crocefieschi,0.0,0.0,4.606,1,0
10021,Davagna,0.0,0.0,0.002,0,5
10022,Fascia,0.0,0.0,6.474,0,17
10023,Favale di Malvaro,0.0,0.0,0.0,2,2
10024,Fontanigorda,0.0,0.0,4.034,0,0
10025,Genova,74.763,0.629,67.071,35,1527
10026,Gorreto,0.0,0.0,14.168,0,3
10027,Isola del Cantone,0.0,0.0,0.101,0,10
10028,Lavagna,7.907,0.0,0.379,0,11
10029,Leivi,0.0,0.0,0.017,0,3
10030,Lorsica,0.0,0.0,0.0,0,2
10031,Lumarzo,0.0,0.0,0.0,0,1
10032,Masone,0.0,0.0,21.462,1,12
10033,Mele,0.0,0.036,5.184,0,7
10034,Mezzanego,0.0,0.0,4.921,0,2
10035,Mignanego,0.0,0.0,0.0,0,18
10036,Moconesi,0.0,0.0,0.0,1,5
10037,Moneglia,7.133,0.0,3.507,0,32
10038,Montebruno,0.0,0.0,1.123,1,2
10039,Montoggio,0.0,0.0,3.682,0,6
10040,Ne,0.0,0.0,7.069,1,24
10041,Neirone,0.0,0.0,0.0,0,10
10042,Orero,0.0,0.0,0.09,0,1
10043,Pieve Ligure,3.143,0.0,0.103,0,3
10044,Portofino,6.755,0.0,2.991,0,5
10045,Propata,0.0,0.0,25.589,0,3
10046,Rapallo,4.447,0.0,8.232,2,38
10047,Recco,2.275,0.0,0.038,0,23
10048,Rezzoaglio,0.0,0.473,17.557,0,18
10049,Ronco Scrivia,0.0,0.0,6.321,1,10
10050,Rondanina,0.0,0.0,8.351,1,5
10051,Rossiglione,0.0,0.0,21.183,2,6
10052,Rovegno,0.0,0.339,8.43,0,3
10053,San Colombano Certenoli,0.0,0.0,0.101,0,1
10054,Santa Margherita Ligure,4.999,0.0,5.44,2,11
10055,Sant'Olcese,0.0,0.0,2.79,0,10
10056,Santo Stefano d'Aveto,0.0,0.0,5.862,0,11
10057,Savignone,0.0,0.0,1.197,2,7
10058,Serra Riccò,0.0,0.0,8.242,0,6
10059,Sestri Levante,6.511,0.0,2.804,1,12
10060,Sori,1.852,0.0,0.01,0,18
10061,Tiglieto,0.0,0.299,17.826,0,2
10062,Torriglia,0.0,0.0,27.796,0,16
10063,Tribogna,0.0,0.0,0.004,0,3
10064,Uscio,0.0,0.0,0.0,1,5
10065,Valbrevenna,0.0,0.0,23.748,1,16
10066,Vobbia,0.0,0.0,18.234,0,1
10067,Zoagli,4.374,0.0,2.431,0,6
11001,Ameglia,13.771,0.0,9.97,0,7
11002,Arcola,0.0,0.0,7.75,0,13
11003,Beverino,0.0,0.0,7.101,0,5
11004,Bolano,0.0,0.0,1.027,0,6
11005,Bonassola,6.932,0.0,1.508,0,9
11006,Borghetto di Vara,0.0,0.0,2.565,0,1
11007,Brugnato,0.0,0.0,2.114,1,4
11008,Calice al Cornoviglio,0.0,0.0,4.251,1,10
11009,Carro,0.0,0.0,5.339,1,1
11010,Carrodano,0.0,0.0,1.358,0,1
11011,Castelnuovo Magra,0.0,0.0,0.0,0,4
11012,Deiva Marina,0.695,0.0,7.812,0,1
11013,Follo,0.0,0.0,6.532,0,14
11014,Framura,4.734,0.0,0.122,0,3
11015,La Spezia,18.558,0.0,3.608,4,88
11016,Lerici,15.625,0.0,11.693,0,21
11017,Levanto,6.21,0.0,7.141,1,8
11018,Maissana,0.0,0.0,1.622,0,3
11019,Monterosso al Mare,3.057,0.0,12.465,0,8
11020,Luni,0.0,0.0,0.114,1,19
11021,Pignone,0.0,0.0,1.09,0,6
11022,Portovenere,20.6,0.0,3.279,0,28
11023,Riccò del Golfo di Spezia,0.0,0.0,0.068,0,11
11024,Riomaggiore,8.733,0.0,11.356,0,16
11025,Rocchetta di Vara,0.0,0.0,4.405,0,8
11026,Santo Stefano di Magra,0.0,0.0,1.939,0,7
11027,Sarzana,7.696,0.942,6.322,1,37
11028,Sesta Godano,0.0,0.0,12.605,0,21
11029,Varese Ligure,0.0,0.0,5.447,1,14
11030,Vernazza,6.497,0.0,14.184,0,9
11031,Vezzano Ligure,0.0,0.467,9.208,0,12
11032,Zignago,0.0,0.0,1.872,1,9
12001,Agra,0.0,0.0,0.0,0,25
12002,Albizzate,0.0,0.0,0.0,0,2
12003,Angera,0.0,8.696,0.081,2,15
12004,Arcisate,0.0,0.987,0.0,0,9
12005,Arsago Seprio,0.0,0.0,10.295,1,4
12006,Azzate,0.0,1.418,0.0,0,8
12007,Azzio,0.0,0.0,0.035,0,115
12008,Barasso,0.0,0.0,2.433,0,3
12010,Bedero Valcuvia,0.0,0.0,0.786,0,3
12011,Besano,0.0,0.0,0.0,1,27
12012,Besnate,0.0,0.0,7.34,0,3
12013,Besozzo,0.0,1.039,0.0,0,25
12014,Biandronno,0.0,6.642,0.031,1,5
12015,Bisuschio,0.0,0.343,0.0,0,6
12016,Bodio Lomnago,0.0,1.427,0.0,0,8
12017,Brebbia,0.0,1.383,0.0,0,6
12019,Brenta,0.0,0.0,0.062,0,12
12020,Brezzo di Bedero,0.0,2.473,0.0,0,9
12021,Brinzio,0.0,1.462,6.303,2,12
12022,Brissago-Valtravaglia,0.0,0.0,0.0,0,8
12023,Brunello,0.0,0.0,0.0,0,3
12024,Brusimpiano,0.0,4.845,0.0,0,16
12025,Buguggiate,0.0,0.543,0.0,0,2
12026,Busto Arsizio,0.0,0.11,1.444,7,273
12027,Cadegliano-Viconago,0.0,0.0,0.0,0,25
12029,Cairate,0.0,0.0,5.697,0,4
12030,Cantello,0.0,0.0,0.111,0,2
12031,Caravate,0.0,0.425,0.0,0,19
12032,Cardano al Campo,0.0,0.0,9.668,0,1
12033,Carnago,0.0,0.0,3.554,0,0
12034,Caronno Pertusella,0.0,0.0,2.916,0,5
12035,Caronno Varesino,0.0,0.0,1.816,0,0
12036,Casale Litta,0.0,0.0,1.583,0,7
12037,Casalzuigno,0.0,0.0,7.29,5,20
12038,Casciago,0.0,0.0,0.01,0,13
12039,Casorate Sempione,0.0,0.279,6.9,0,5
12040,Cassano Magnago,0.0,0.0,0.455,0,2
12041,Cassano Valcuvia,0.0,0.0,4.7,0,36
12042,Castellanza,0.0,0.0,0.69,2,5
12043,Castello Cabiaglio,0.0,0.0,5.589,0,17
12044,Castelseprio,0.0,0.0,2.252,0,32
12045,Castelveccana,0.0,5.207,0.431,0,49
12046,Castiglione Olona,0.0,0.0,2.099,4,17
12047,Castronno,0.0,0.0,0.0,0,3
12048,Cavaria con Premezzo,0.0,0.0,0.11,0,3
12049,Cazzago Brabbia,0.0,3.849,0.75,0,10
12050,Cislago,0.0,0.0,5.291,1,6
12051,Cittiglio,0.0,0.0,10.958,0,32
12052,Clivio,0.0,0.0,0.0,1,1
12053,Cocquio-Trevisago,0.0,0.0,3.825,1,8
12054,Comabbio,0.0,3.415,0.0,0,23
12055,Comerio,0.0,0.0,3.85,0,5
12056,Cremenaga,0.0,0.0,0.0,0,3
12057,Crosio della Valle,0.0,0.0,0.0,0,1
12058,Cuasso al Monte,0.0,0.0,0.0,0,23
12059,Cugliate-Fabiasco,0.0,0.0,0.0,0,29
12060,Cunardo,0.0,0.0,0.0,0,14
12061,Curiglia con Monteviasco,0.0,0.0,0.0,0,23
12062,Cuveglio,0.0,0.219,1.652,1,24
12063,Cuvio,0.0,0.231,2.384,0,13
12064,Daverio,0.0,0.0,0.0,0,2
12065,Dumenza,0.0,0.0,0.0,0,34
12066,Duno,0.0,0.0,0.07,0,12
12067,Fagnano Olona,0.0,0.0,2.475,0,2
12068,Ferno,0.0,0.0,8.878,0,7
12069,Ferrera di Varese,0.0,0.0,0.0,0,3
12070,Gallarate,0.0,0.0,21.011,2,26
12071,Galliate Lombardo,0.0,2.624,0.0,0,0
12072,Gavirate,0.0,6.774,3.585,0,14
12073,Gazzada Schianno,0.0,0.0,0.311,1,5
12074,Gemonio,0.0,0.0,0.0,1,3
12075,Gerenzano,0.0,0.803,3.746,0,4
12076,Germignaga,0.0,1.713,0.0,0,21
12077,Golasecca,0.0,0.0,7.191,1,13
12078,Gorla Maggiore,0.0,0.0,2.094,0,3
12079,Gorla Minore,0.0,0.0,4.087,0,7
12080,Gornate Olona,0.0,0.225,2.215,0,6
12081,Grantola,0.0,0.4,0.002,0,3
12082,Inarzo,0.0,0.0,1.344,0,3
12083,Induno Olona,0.0,0.0,5.052,0,19
12084,Ispra,0.0,7.364,2.636,0,17
12085,Jerago con Orago,0.0,0.0,0.086,0,2
12086,Lavena Ponte Tresa,0.0,2.939,0.0,0,18
12087,Laveno-Mombello,0.0,8.539,6.522,3,63
12088,Leggiuno,0.0,4.944,0.0,0,9
12089,Lonate Ceppino,0.0,0.0,2.108,0,2
12090,Lonate Pozzolo,0.0,0.0,29.946,0,52
12091,Lozza,0.0,0.0,0.499,0,1
12092,Luino,0.0,6.282,0.0,1,38
12093,Luvinate,0.0,0.0,2.482,0,5
12096,Malnate,0.0,0.0,2.397,1,5
12097,Marchirolo,0.0,0.0,0.0,1,28
12098,Marnate,0.0,0.0,1.291,0,1
12099,Marzio,0.0,0.0,0.0,0,5
12100,Masciago Primo,0.0,0.0,0.0,0,1
12101,Mercallo,0.0,2.769,0.407,0,2
12102,Mesenzana,0.0,0.0,0.05,0,25
12103,Montegrino Valtravaglia,0.0,0.166,0.0,0,46
12104,Monvalle,0.0,2.179,0.0,1,2
12105,Morazzone,0.0,0.0,1.725,0,2
12106,Mornago,0.0,0.0,0.086,0,5
12107,Oggiona con Santo Stefano,0.0,0.0,0.483,0,0
12108,Olgiate Olona,0.0,0.0,0.45,0,16
12109,Origgio,0.0,0.0,2.217,0,3
12110,Orino,0.0,0.0,3.254,4,2
12113,Porto Ceresio,0.0,5.082,0.0,0,21
12114,Porto Valtravaglia,0.0,3.625,0.084,0,25
12115,Rancio Valcuvia,0.0,0.088,1.429,0,11
12116,Ranco,0.0,4.578,1.738,2,3
12117,Saltrio,0.0,0.0,0.0,0,14
12118,Samarate,0.0,0.0,15.331,0,3
12119,Saronno,0.0,0.0,0.306,0,14
12120,Sesto Calende,0.0,7.095,24.502,1,8
12121,Solbiate Arno,0.0,0.0,0.0,0,0
12122,Solbiate Olona,0.0,0.0,0.279,0,3
12123,Somma Lombardo,0.0,0.0,34.798,0,49
12124,Sumirago,0.0,0.0,0.298,1,4
12125,Taino,0.0,0.295,0.195,0,9
12126,Ternate,0.0,1.823,0.477,0,6
12127,Tradate,0.0,0.0,0.027,1,20
12128,Travedona-Monate,0.0,3.451,0.0,0,3
12129,Tronzano Lago Maggiore,0.0,4.076,0.0,0,7
12130,Uboldo,0.0,0.0,5.753,0,3
12131,Valganna,0.0,5.708,4.054,1,21
12132,Varano Borghi,0.0,2.041,0.656,0,2
12133,Varese,0.0,7.752,11.257,5,141
12134,Vedano Olona,0.0,0.0,0.01,0,7
12136,Venegono Inferiore,0.0,0.0,0.021,1,8
12137,Venegono Superiore,0.0,0.0,0.0,0,3
12138,Vergiate,0.0,2.336,20.937,0,14
12139,Viggiù,0.0,0.615,0.0,0,22
12140,Vizzola Ticino,0.0,0.0,8.297,0,19
12141,Sangiano,0.0,0.0,0.0,0,2
12142,Maccagno con Pino e Veddasca,0.0,11.716,0.0,1,100
12143,Cadrezzate con Osmate,0.0,3.317,0.111,0,4
12144,Bardello con Malgesso e Bregano,0.0,3.079,0.0,0,14
13003,Albavilla,0.0,0.824,0.886,0,29
13004,Albese con Cassano,0.0,0.0,0.0,0,19
13005,Albiolo,0.0,0.0,0.872,0,1
13006,Alserio,0.0,1.899,1.397,0,3
13007,Alzate Brianza,0.0,0.0,0.535,0,1
13009,Anzano del Parco,0.0,0.0,1.992,0,1
13010,Appiano Gentile,0.0,0.0,0.072,0,3
13011,Argegno,0.0,2.759,0.0,0,4
13012,Arosio,0.0,0.0,0.253,0,0
13013,Asso,0.0,0.0,0.0,0,18
13015,Barni,0.0,0.0,0.0,0,9
13021,Bene Lario,0.0,0.0,0.293,0,8
13022,Beregazzo con Figliaro,0.0,0.0,0.066,0,2
13023,Binago,0.0,0.0,0.0,0,0
13024,Bizzarone,0.0,0.0,1.123,0,1
13025,Blessagno,0.0,0.0,0.0,0,2
13026,Blevio,0.0,3.401,0.0,0,17
13028,Bregnano,0.0,0.0,2.99,0,3
13029,Brenna,0.0,0.0,0.102,0,3
13030,Brienno,0.0,4.606,0.0,0,11
13032,Brunate,0.0,0.0,0.0,0,54
13034,Bulgarograsso,0.0,0.0,2.131,0,0
13035,Cabiate,0.0,0.0,0.731,0,8
13036,Cadorago,0.0,0.0,2.907,0,2
13037,Caglio,0.0,0.0,0.0,0,11
13040,Campione d'Italia,0.0,2.966,0.0,1,7
13041,Cantù,0.0,0.0,10.45,0,4
13042,Canzo,0.0,0.0,0.606,3,26
13043,Capiago Intimiano,0.0,0.143,0.168,0,1
13044,Carate Urio,0.0,2.726,0.0,0,37
13045,Carbonate,0.0,0.0,0.065,0,3
13046,Carimate,0.0,0.0,2.219,0,2
13047,Carlazzo,0.0,0.0,1.532,1,11
13048,Carugo,0.0,0.0,1.593,0,1
13052,Caslino d'Erba,0.0,0.0,0.0,0,26
13053,Casnate con Bernate,0.0,0.0,0.066,0,2
13055,Cassina Rizzardi,0.0,0.0,0.745,0,3
13058,Castelmarte,0.0,0.0,0.0,0,2
13059,Castelnuovo Bozzente,0.0,0.0,0.0,0,1
13062,Cavargna,0.0,0.0,0.0,1,2
13063,Cerano d'Intelvi,0.0,0.0,0.0,0,19
13064,Cermenate,0.0,0.0,1.857,0,5
13065,Cernobbio,0.0,3.271,0.0,2,32
13068,Cirimido,0.0,0.0,0.081,0,3
13071,Claino con Osteno,0.0,7.162,0.0,0,2
13074,Colonno,0.0,1.928,0.0,0,9
13075,Como,0.0,7.979,6.611,5,97
13077,Corrido,0.0,0.0,0.0,0,1
13083,Cremia,0.0,2.288,0.0,0,3
13084,Cucciago,0.0,0.0,3.665,0,1
13085,Cusino,0.0,0.069,0.0,0,0
13087,Dizzasco,0.0,0.0,0.0,0,1
13089,Domaso,0.0,3.684,0.0,0,3
13090,Dongo,0.0,3.399,0.0,1,6
13092,Dosso del Liro,0.0,0.0,0.0,1,12
13095,Erba,0.0,1.636,3.762,1,55
13097,Eupilio,0.0,6.645,2.515,0,13
13098,Faggeto Lario,0.0,2.361,0.0,0,48
13099,Faloppio,0.0,0.0,0.645,0,0
13100,Fenegrò,0.0,0.0,0.01,0,9
13101,Figino Serenza,0.0,0.0,3.024,0,1
13102,Fino Mornasco,0.0,0.0,1.118,0,1
13106,Garzeno,0.0,0.0,0.0,0,6
13107,Gera Lario,0.0,4.212,2.595,0,3
13110,Grandate,0.0,0.0,0.0,0,3
13111,Grandola ed Uniti,0.0,0.0,0.0,1,20
13113,Griante,0.0,3.199,0.0,0,29
13114,Guanzate,0.0,0.0,2.342,0,6
13118,Inverigo,0.0,0.0,6.347,0,7
13119,Laglio,0.0,3.729,0.0,0,11
13120,Laino,0.0,0.0,0.0,0,0
13121,Lambrugo,0.0,1.093,1.61,0,2
13123,Lasnigo,0.0,0.0,0.0,0,23
13126,Lezzeno,0.0,7.755,0.0,0,37
13128,Limido Comasco,0.0,0.0,0.0,0,6
13129,Lipomo,0.0,0.0,0.0,0,0
13130,Livo,0.0,0.041,0.0,0,11
13131,Locate Varesino,0.0,0.0,0.139,0,0
13133,Lomazzo,0.0,0.8,5.406,0,14
13134,Longone al Segrino,0.0,1.002,0.0,0,3
13135,Luisago,0.0,0.0,0.004,0,0
13136,Lurago d'Erba,0.0,0.321,2.574,1,11
13137,Lurago Marinone,0.0,0.0,0.0,0,7
13138,Lurate Caccivio,0.0,0.0,2.581,0,9
13139,Magreglio,0.0,0.0,0.0,0,8
13143,Mariano Comense,0.0,0.0,6.227,0,1
13144,Maslianico,0.0,0.0,0.0,0,4
13145,Menaggio,0.0,5.09,0.0,0,17
13147,Merone,0.0,2.199,2.977,1,5
13152,Moltrasio,0.0,3.108,0.0,0,39
13153,Monguzzo,0.0,2.131,4.042,0,3
13154,Montano Lucino,0.0,0.0,1.179,0,2
13155,Montemezzo,0.0,0.0,0.0,0,6
13157,Montorfano,0.0,2.739,0.0,0,6
13159,Mozzate,0.0,0.0,0.426,0,9
13160,Musso,0.0,1.176,0.0,0,2
13161,Nesso,0.0,5.203,0.0,0,23
13163,Novedrate,0.0,0.0,1.211,0,2
13165,Olgiate Comasco,0.0,0.0,4.32,0,1
13169,Oltrona di San Mamette,0.0,0.0,0.234,0,0
13170,Orsenigo,0.0,0.0,0.014,0,4
13178,Peglio,0.0,0.0,0.0,0,4
13183,Pianello del Lario,0.0,1.9,0.0,1,0
13184,Pigra,0.0,0.0,0.0,0,14
13185,Plesio,0.0,0.0,0.0,0,48
13186,Pognana Lario,0.0,2.951,0.0,0,17
13187,Ponna,0.0,0.0,0.0,0,0
13188,Ponte Lambro,0.0,0.0,0.0,1,16
13189,Porlezza,0.0,5.758,0.02,0,11
13192,Proserpio,0.0,0.0,0.0,0,0
13193,Pusiano,0.0,3.037,1.382,0,5
13195,Rezzago,0.0,0.0,0.0,0,8
13197,Rodero,0.0,0.0,0.072,0,2
13201,Rovellasca,0.0,0.0,0.438,0,6
13202,Rovello Porro,0.0,0.0,0.757,0,2
13203,Sala Comacina,0.0,1.745,0.0,0,6
13204,San Bartolomeo Val Cavargna,0.0,0.0,0.0,0,0
13206,San Fermo della Battaglia,0.0,0.0,1.799,0,5
13207,San Nazzaro Val Cavargna,0.0,0.0,0.0,0,0
13211,Schignano,0.0,0.0,0.0,0,37
13212,Senna Comasco,0.0,0.0,0.141,0,1
13216,Sorico,0.0,9.028,7.144,0,21
13217,Sormano,0.0,0.0,0.0,0,13
13218,Stazzona,0.0,0.0,0.0,0,9
13222,Tavernerio,0.0,0.0,0.0,0,6
13223,Torno,0.0,3.627,0.0,0,29
13226,Trezzone,0.0,0.0,0.0,0,2
13227,Turate,0.0,0.0,0.077,0,0
13229,Valbrona,0.0,1.678,0.001,0,31
13232,Valmorea,0.0,0.0,1.129,0,5
13233,Val Rezzo,0.0,0.0,0.022,0,5
13234,Valsolda,0.0,7.772,3.386,1,18
13236,Veleso,0.0,0.0,0.0,0,11
13238,Veniano,0.0,0.0,0.002,0,4
13239,Vercana,0.0,0.705,0.0,0,13
13242,Vertemate con Minoprio,0.0,0.0,2.819,0,0
13245,Villa Guardia,0.0,0.0,2.293,0,0
13246,Zelbio,0.0,0.0,0.0,0,3
13248,San Siro,0.0,5.929,0.0,0,28
13249,Gravedona ed Uniti,0.0,3.532,0.0,0,29
13250,Bellagio,0.0,9.308,0.0,5,27
13251,Colverde,0.0,0.0,5.054,0,7
13252,Tremezzina,0.0,9.518,0.0,0,78
13253,Alta Valle Intelvi,0.0,0.138,0.0,2,33
13254,Centro Valle Intelvi,0.0,0.0,0.0,2,43
13255,Solbiate con Cagno,0.0,0.0,1.849,0,3
13256,Uggiate con Ronago,0.0,0.255,3.888,0,2
14001,Albaredo per San Marco,0.0,0.0,14.559,0,8
14002,Albosaggia,0.0,0.266,22.279,0,3
14003,Andalo Valtellino,0.0,0.0,2.331,0,5
14004,Aprica,0.0,0.0,14.402,0,10
14005,Ardenno,0.0,0.0,0.0,0,3
14006,Bema,0.0,0.0,10.698,0,0
14007,Berbenno di Valtellina,0.0,0.0,0.0,0,1
14008,Bianzone,0.0,0.053,0.0,0,1
14009,Bormio,0.0,1.094,0.0,2,37
14010,Buglio in Monte,0.0,0.0,0.0,0,0
14011,Caiolo,0.0,0.094,23.374,0,0
14012,Campodolcino,0.0,5.434,0.033,1,14
14013,Caspoggio,0.0,0.0,0.0,1,2
14014,Castello dell'Acqua,0.0,0.0,4.614,0,2
14015,Castione Andevenno,0.0,0.0,0.119,0,2
14016,Cedrasco,0.0,0.0,11.164,0,1
14017,Cercino,0.0,0.0,0.0,0,0
14018,Chiavenna,0.0,0.0,0.251,2,42
14019,Chiesa in Valmalenco,0.0,2.785,0.061,0,5
14020,Chiuro,0.0,1.342,0.0,0,5
14021,Cino,0.0,0.0,0.0,0,1
14022,Civo,0.0,0.0,0.0,1,1
14023,Colorina,0.0,0.222,8.365,0,0
14024,Cosio Valtellino,0.0,0.0,6.088,1,9
14025,Dazio,0.0,0.0,0.0,0,0
14026,Delebio,0.0,0.044,10.569,0,5
14027,Dubino,0.0,1.677,2.027,0,2
14028,Faedo Valtellino,0.0,0.0,1.332,0,0
14029,Forcola,0.0,0.0,7.919,0,7
14030,Fusine,0.0,0.249,33.352,0,1
14031,Gerola Alta,0.0,1.33,34.3,0,11
14032,Gordona,0.0,0.84,0.0,0,46
14033,Grosio,0.0,6.865,0.192,1,16
14034,Grosotto,0.0,2.536,0.078,0,47
14035,Madesimo,0.0,6.089,0.424,0,12
14036,Lanzada,0.0,9.725,0.0,0,12
14037,Livigno,0.0,4.647,0.0,1,11
14038,Lovero,0.0,2.817,0.0,0,1
14039,Mantello,0.0,0.0,0.0,0,0
14040,Mazzo di Valtellina,0.0,0.116,0.0,0,7
14041,Mello,0.0,0.0,0.0,0,2
14043,Mese,0.0,0.0,0.0,1,4
14044,Montagna in Valtellina,0.0,0.169,0.121,0,29
14045,Morbegno,0.0,0.134,1.516,0,7
14046,Novate Mezzola,0.0,3.674,1.884,0,42
14047,Pedesina,0.0,0.0,4.985,0,0
14048,Piantedo,0.0,0.0,1.363,0,4
14049,Piateda,0.0,0.897,60.471,0,10
14050,Piuro,0.0,10.261,0.374,1,76
14051,Poggiridenti,0.0,0.0,0.0,0,1
14052,Ponte in Valtellina,0.0,1.364,42.666,0,19
14053,Postalesio,0.0,0.0,0.257,0,1
14054,Prata Camportaccio,0.0,0.0,0.0,0,39
14055,Rasura,0.0,0.0,4.193,0,0
14056,Rogolo,0.0,0.0,9.162,0,1
14057,Samolaco,0.0,2.492,0.007,0,12
14058,San Giacomo Filippo,0.0,2.192,0.0,0,45
14059,Sernio,0.0,1.3,0.0,0,3
14060,Sondalo,0.0,0.152,0.0,1,4
14061,Sondrio,0.0,0.0,0.595,5,64
14062,Spriana,0.0,0.0,0.0,0,5
14063,Talamona,0.0,0.0,6.503,0,1
14064,Tartano,0.0,0.122,41.27,1,26
14065,Teglio,0.0,2.548,65.671,0,13
14066,Tirano,0.0,0.0,0.0,2,24
14067,Torre di Santa Maria,0.0,0.226,0.0,0,2
14068,Tovo di Sant'Agata,0.0,0.0,0.0,0,2
14069,Traona,0.0,0.0,0.0,0,3
14070,Tresivio,0.0,0.078,0.0,0,2
14071,Valdidentro,0.0,7.633,0.0,0,100
14072,Valdisotto,0.0,3.588,0.291,0,20
14073,Valfurva,0.0,5.899,0.0,1,11
14074,Val Masino,0.0,0.0,47.319,0,12
14075,Verceia,0.0,4.879,2.468,0,5
14076,Vervio,0.0,0.844,0.0,0,10
14077,Villa di Chiavenna,0.0,0.163,0.0,0,7
14078,Villa di Tirano,0.0,0.0,0.822,0,12
15002,Abbiategrasso,0.0,0.0,47.75,0,24
15005,Albairate,0.0,0.0,13.784,1,2
15007,Arconate,0.0,0.0,0.87,0,1
15009,Arese,0.0,0.318,1.093,1,29
15010,Arluno,0.0,0.0,4.612,0,2
15011,Assago,0.0,0.0,3.855,0,3
15012,Bareggio,0.0,1.986,6.804,0,3
15014,Basiano,0.0,0.0,0.838,0,3
15015,Basiglio,0.0,0.0,6.238,0,3
15016,Bellinzago Lombardo,0.0,0.0,0.25,0,8
15019,Bernate Ticino,0.0,0.0,12.208,0,9
15022,Besate,0.0,0.0,12.783,0,3
15024,Binasco,0.0,0.0,1.563,0,1
15026,Boffalora sopra Ticino,0.0,0.0,8.075,0,5
15027,Bollate,0.0,0.0,4.849,0,21
15032,Bresso,0.0,0.0,1.557,1,6
15035,Bubbiano,0.0,0.0,2.381,0,0
15036,Buccinasco,0.0,0.858,6.483,0,1
15038,Buscate,0.0,0.0,0.3,0,0
15040,Bussero,0.0,0.0,3.516,0,128
15041,Busto Garolfo,0.0,0.0,3.878,0,0
15042,Calvignasco,0.0,0.0,1.253,0,0
15044,Cambiago,0.0,0.159,0.095,0,2
15046,Canegrate,0.0,0.0,1.627,1,3
15050,Carpiano,0.0,0.0,16.015,0,2
15051,Carugate,0.0,0.0,1.446,0,10
15055,Casarile,0.0,0.0,6.246,0,0
15058,Casorezzo,0.0,0.0,3.401,0,1
15059,Cassano d'Adda,0.0,0.0,10.331,0,13
15060,Cassina de' Pecchi,0.0,0.0,3.138,2,16
15061,Cassinetta di Lugagnano,0.0,0.0,3.624,0,2
15062,Castano Primo,0.0,0.0,19.261,2,2
15070,Cernusco sul Naviglio,0.0,0.0,0.228,0,45
15071,Cerro al Lambro,0.0,0.0,8.146,0,6
15072,Cerro Maggiore,0.0,0.0,2.577,0,6
15074,Cesano Boscone,0.0,0.0,0.79,0,3
15076,Cesate,0.0,0.0,2.943,0,1
15077,Cinisello Balsamo,0.0,0.042,3.174,2,32
15078,Cisliano,0.0,0.0,12.932,0,1
15081,Cologno Monzese,0.0,0.0,0.0,0,5
15082,Colturano,0.0,0.0,3.527,0,0
15085,Corbetta,0.0,0.0,10.773,2,5
15086,Cormano,0.0,0.0,1.428,1,6
15087,Cornaredo,0.0,0.0,5.197,0,4
15093,Corsico,0.0,0.478,0.239,0,4
15096,Cuggiono,0.0,0.0,14.986,1,15
15097,Cusago,0.0,4.087,9.392,0,6
15098,Cusano Milanino,0.0,0.0,0.407,0,109
15099,Dairago,0.0,0.0,1.641,0,0
15101,Dresano,0.0,0.0,2.125,0,3
15103,Gaggiano,0.0,3.908,23.157,1,14
15105,Garbagnate Milanese,0.0,0.0,3.691,1,11
15106,Gessate,0.0,1.071,0.083,0,16
15108,Gorgonzola,0.0,0.0,3.698,0,17
15110,Grezzago,0.0,0.0,0.073,0,3
15112,Gudo Visconti,0.0,0.0,5.548,0,4
15113,Inveruno,0.0,0.0,0.276,0,10
15114,Inzago,0.0,0.0,8.05,0,4
15115,Lacchiarella,0.0,0.0,17.238,0,1
15116,Lainate,0.0,0.0,1.813,1,6
15118,Legnano,0.0,0.0,1.998,3,23
15122,Liscate,0.0,1.055,6.581,0,4
15125,Locate di Triulzi,0.0,0.0,10.74,0,2
15130,Magenta,0.0,0.0,21.486,1,20
15131,Magnago,0.0,0.0,2.553,0,0
15134,Marcallo con Casone,0.0,0.0,4.27,0,1
15136,Masate,0.0,0.0,0.863,0,2
15139,Mediglia,0.0,1.894,18.241,0,9
15140,Melegnano,0.0,0.0,1.182,0,8
15142,Melzo,0.0,0.0,5.086,0,10
15144,Mesero,0.0,0.0,2.825,0,3
15146,Milano,0.0,3.46,44.139,111,806
15150,Morimondo,0.0,0.0,25.817,2,4
15151,Motta Visconti,0.0,0.0,10.33,1,3
15154,Nerviano,0.0,1.08,4.45,1,6
15155,Nosate,0.0,0.0,4.708,0,1
15157,Novate Milanese,0.0,0.0,0.691,0,8
15158,Noviglio,0.0,0.0,14.664,0,3
15159,Opera,0.0,0.0,4.018,0,1
15164,Ossona,0.0,0.0,0.078,0,2
15165,Ozzero,0.0,0.0,11.257,0,4
15166,Paderno Dugnano,0.0,0.0,2.651,0,13
15167,Pantigliate,0.0,0.0,4.35,0,2
15168,Parabiago,0.0,0.0,3.641,4,9
15169,Paullo,0.0,0.0,6.716,0,3
15170,Pero,0.0,0.169,0.676,0,1
15171,Peschiera Borromeo,0.0,3.033,14.061,0,18
15172,Pessano con Bornago,0.0,0.0,1.12,0,10
15173,Pieve Emanuele,0.0,0.0,8.022,0,3
15175,Pioltello,0.0,0.021,5.246,0,18
15176,Pogliano Milanese,0.0,0.0,1.156,0,4
15177,Pozzo d'Adda,0.0,0.0,0.091,0,3
15178,Pozzuolo Martesana,0.0,0.0,2.755,0,6
15179,Pregnana Milanese,0.0,0.0,1.835,0,1
15181,Rescaldina,0.0,0.0,1.976,0,20
15182,Rho,0.0,1.206,2.511,2,24
15183,Robecchetto con Induno,0.0,0.0,13.511,0,1
15184,Robecco sul Naviglio,0.0,0.0,19.084,1,13
15185,Rodano,0.0,0.0,13.584,1,7
15188,Rosate,0.0,0.0,17.159,0,9
15189,Rozzano,0.0,0.0,4.401,1,3
15191,San Colombano al Lambro,0.0,0.0,6.818,1,7
15192,San Donato Milanese,0.0,0.669,5.735,0,29
15194,San Giorgio su Legnano,0.0,0.0,0.0,0,3
15195,San Giuliano Milanese,0.0,0.784,22.679,0,15
15200,Santo Stefano Ticino,0.0,0.0,2.355,1,0
15201,San Vittore Olona,0.0,0.0,1.018,0,1
15202,San Zenone al Lambro,0.0,0.0,0.439,0,9
15204,Sedriano,0.0,0.0,4.746,0,0
15205,Segrate,0.0,4.809,2.77,0,9
15206,Senago,0.0,0.0,4.186,0,15
15209,Sesto San Giovanni,0.0,0.191,0.691,2,34
15210,Settala,0.0,0.0,14.175,1,6
15211,Settimo Milanese,0.0,2.816,5.241,0,8
15213,Solaro,0.0,0.0,2.251,0,2
15219,Trezzano Rosa,0.0,0.0,0.002,0,0
15220,Trezzano sul Naviglio,0.0,0.49,5.288,0,5
15221,Trezzo sull'Adda,0.0,0.522,9.264,2,56
15222,Tribiano,0.0,0.0,5.18,0,0
15224,Truccazzano,0.0,0.875,16.447,0,15
15226,Turbigo,0.0,0.0,8.741,0,9
15229,Vanzago,0.0,0.0,3.267,0,3
15230,Vaprio d'Adda,0.0,0.0,3.629,0,9
15236,Vernate,0.0,0.0,12.564,0,1
15237,Vignate,0.0,0.0,6.677,0,31
15242,Vimodrone,0.0,0.0,0.009,0,4
15243,Vittuone,0.0,0.0,2.726,0,8
15244,Vizzolo Predabissi,0.0,0.0,4.448,0,3
15247,Zibido San Giacomo,0.0,2.77,21.686,0,3
15248,Villa Cortese,0.0,0.0,0.0,0,1
15249,Vanzaghello,0.0,0.0,5.567,0,1
15250,Baranzate,0.0,0.0,0.0,0,2
15251,Vermezzo con Zelo,0.0,0.0,8.816,0,4
16001,Adrara San Martino,0.0,0.0,0.0,0,7
16002,Adrara San Rocco,0.0,0.0,0.0,0,6
16003,Albano Sant'Alessandro,0.0,0.0,0.0,0,0
16004,Albino,0.0,0.0,0.0,1,86
16005,Almè,0.0,0.0,0.195,0,6
16006,Almenno San Bartolomeo,0.0,0.0,0.0,0,9
16007,Almenno San Salvatore,0.0,0.0,0.0,0,10
16008,Alzano Lombardo,0.0,0.0,0.059,1,18
16009,Ambivere,0.0,0.0,0.0,0,1
16010,Antegnate,0.0,0.0,0.0,0,1
16011,Arcene,0.0,0.443,0.093,0,1
16012,Ardesio,0.0,0.0,36.608,0,1
16013,Arzago d'Adda,0.0,0.525,1.794,0,0
16014,Averara,0.0,0.0,8.865,0,12
16015,Aviatico,0.0,0.0,0.0,0,11
16016,Azzano San Paolo,0.0,0.0,0.0,0,4
16017,Azzone,0.0,0.0,17.518,0,6
16018,Bagnatica,0.0,0.0,0.0,0,1
16019,Barbata,0.0,0.0,0.0,0,0
16020,Bariano,0.0,0.0,3.552,1,2
16021,Barzana,0.0,0.0,0.0,0,0
16022,Bedulita,0.0,0.0,0.0,0,14
16023,Berbenno,0.0,0.0,0.0,0,14
16024,Bergamo,0.0,0.121,13.912,26,345
16025,Berzo San Fermo,0.0,0.0,0.0,0,5
16026,Bianzano,0.0,0.0,0.0,0,4
16027,Blello,0.0,0.0,0.0,0,3
16028,Bolgare,0.0,0.0,0.0,0,3
16029,Boltiere,0.0,0.0,0.0,0,2
16030,Bonate Sopra,0.0,0.0,0.0,0,4
16031,Bonate Sotto,0.0,0.0,0.0,0,1
16032,Borgo di Terzo,0.0,0.0,0.0,0,3
16033,Bossico,0.0,0.0,0.0,0,8
16034,Bottanuco,0.0,0.0,1.2,0,4
16035,Bracca,0.0,0.0,0.0,0,9
16036,Branzi,0.0,0.0,19.812,0,16
16037,Brembate,0.0,0.0,0.319,0,3
16038,Brembate di Sopra,0.0,0.0,0.0,0,10
16040,Brignano Gera d'Adda,0.0,0.0,0.0,0,3
16041,Brumano,0.0,0.0,0.0,0,23
16042,Brusaporto,0.0,0.0,0.0,0,1
16043,Calcinate,0.0,0.0,0.125,0,4
16044,Calcio,0.0,0.0,4.608,0,3
16046,Calusco d'Adda,0.0,0.0,2.4,0,12
16047,Calvenzano,0.0,0.0,0.0,0,1
16048,Camerata Cornello,0.0,0.0,4.733,1,14
16049,Canonica d'Adda,0.0,0.0,1.156,0,3
16050,Capizzone,0.0,0.0,0.0,0,16
16051,Capriate San Gervasio,0.0,0.107,1.983,0,18
16052,Caprino Bergamasco,0.0,0.0,0.038,0,6
16053,Caravaggio,0.0,0.408,0.095,1,33
16055,Carobbio degli Angeli,0.0,0.0,0.0,0,5
16056,Carona,0.0,1.982,42.617,0,10
16057,Carvico,0.0,0.0,0.0,0,1
16058,Casazza,0.0,0.0,0.0,1,5
16059,Casirate d'Adda,0.0,0.0,1.243,0,1
16060,Casnigo,0.0,0.0,0.0,0,12
16061,Cassiglio,0.0,0.0,12.463,0,5
16062,Castelli Calepio,0.0,0.0,1.532,0,3
16063,Castel Rozzone,0.0,0.0,0.0,0,0
16064,Castione della Presolana,0.0,0.0,16.902,0,31
16065,Castro,0.0,3.201,0.0,0,6
16066,Cavernago,0.0,0.0,3.855,0,4
16067,Cazzano Sant'Andrea,0.0,0.0,0.0,0,4
16068,Cenate Sopra,0.0,0.0,0.0,0,3
16069,Cenate Sotto,0.0,0.0,0.0,0,9
16070,Cene,0.0,0.0,0.0,0,10
16071,Cerete,0.0,0.0,0.0,0,6
16072,Chignolo d'Isola,0.0,0.0,0.0,0,3
16073,Chiuduno,0.0,0.0,0.0,0,1
16074,Cisano Bergamasco,0.0,0.0,4.183,0,6
16075,Ciserano,0.0,1.117,0.0,0,6
16076,Cividate al Piano,0.0,0.0,1.663,0,0
16077,Clusone,0.0,0.223,0.0,1,15
16078,Colere,0.0,0.0,18.691,1,8
16079,Cologno al Serio,0.0,0.0,4.477,0,7
16080,Colzate,0.0,0.0,0.0,0,15
16081,Comun Nuovo,0.0,0.0,1.884,1,5
16082,Corna Imagna,0.0,0.0,0.0,0,41
16083,Cortenuova,0.0,0.0,0.0,0,3
16084,Costa di Mezzate,0.0,0.0,0.0,0,4
16085,Costa Valle Imagna,0.0,0.0,0.0,0,12
16086,Costa Volpino,0.0,3.223,0.0,0,2
16087,Covo,0.0,0.0,0.0,0,3
16088,Credaro,0.0,0.0,0.759,0,3
16089,Curno,0.0,0.0,0.005,0,2
16090,Cusio,0.0,0.8,6.095,0,10
16091,Dalmine,0.0,0.0,0.037,1,6
16092,Dossena,0.0,0.0,5.077,0,13
16093,Endine Gaiano,0.0,0.0,0.023,0,12
16094,Entratico,0.0,0.0,0.0,0,2
16096,Fara Gera d'Adda,0.0,0.0,2.42,0,2
16097,Fara Olivana con Sola,0.0,0.266,1.336,0,1
16098,Filago,0.0,0.0,0.0,0,3
16099,Fino del Monte,0.0,0.0,1.235,0,3
16100,Fiorano al Serio,0.0,0.0,0.0,0,7
16101,Fontanella,0.0,0.0,0.0,0,1
16102,Fonteno,0.0,0.0,0.0,0,8
16103,Foppolo,0.0,0.767,13.286,0,5
16104,Foresto Sparso,0.0,0.0,0.0,0,1
16105,Fornovo San Giovanni,0.0,0.0,1.287,0,3
16106,Fuipiano Valle Imagna,0.0,0.0,0.0,0,18
16107,Gandellino,0.0,0.0,20.293,0,2
16108,Gandino,0.0,0.162,0.0,1,39
16109,Gandosso,0.0,0.0,0.0,0,0
16110,Gaverina Terme,0.0,0.0,0.0,0,14
16111,Gazzaniga,0.0,0.0,0.0,0,26
16113,Ghisalba,0.0,0.0,3.165,0,4
16114,Gorlago,0.0,0.0,0.0,0,1
16115,Gorle,0.0,0.0,0.0,0,9
16116,Gorno,0.0,0.0,1.704,1,28
16117,Grassobbio,0.0,0.0,2.582,0,1
16118,Gromo,0.0,0.0,14.139,1,1
16119,Grone,0.0,0.0,0.0,0,6
16120,Grumello del Monte,0.0,0.0,0.0,0,2
16121,Isola di Fondra,0.0,0.0,9.462,0,6
16122,Isso,0.0,0.0,0.0,0,2
16123,Lallio,0.0,0.0,0.0,0,0
16124,Leffe,0.0,0.0,0.0,0,7
16125,Lenna,0.0,0.0,8.399,0,14
16126,Levate,0.0,0.0,3.046,0,2
16127,Locatello,0.0,0.0,0.0,0,16
16128,Lovere,0.0,3.342,0.0,1,28
16129,Lurano,0.0,0.0,0.347,0,5
16130,Luzzana,0.0,0.0,0.0,0,5
16131,Madone,0.0,0.0,0.0,0,5
16132,Mapello,0.0,0.0,0.0,0,8
16133,Martinengo,0.0,0.0,3.36,0,3
16134,Mezzoldo,0.0,0.074,17.63,0,10
16135,Misano di Gera d'Adda,0.0,0.0,0.0,0,0
16136,Moio de' Calvi,0.0,0.0,2.991,0,3
16137,Monasterolo del Castello,0.0,0.0,0.0,0,9
16139,Montello,0.0,0.0,0.0,0,0
16140,Morengo,0.0,0.0,1.764,0,2
16141,Mornico al Serio,0.0,0.0,0.0,0,0
16142,Mozzanica,0.0,0.022,2.2,0,1
16143,Mozzo,0.0,0.0,1.82,0,4
16144,Nembro,0.0,0.0,0.0,1,14
16145,Olmo al Brembo,0.0,0.0,2.363,0,2
16146,Oltre il Colle,0.0,0.0,24.815,0,19
16147,Oltressenda Alta,0.0,1.006,14.408,0,7
16148,Oneta,0.0,0.0,2.327,0,34
16149,Onore,0.0,0.0,0.0,0,9
16150,Orio al Serio,0.0,0.0,0.0,0,0
16151,Ornica,0.0,0.366,10.811,0,10
16152,Osio Sopra,0.0,0.0,0.0,0,4
16153,Osio Sotto,0.0,0.0,0.0,0,6
16154,Pagazzano,0.0,0.0,0.024,0,5
16155,Paladina,0.0,0.0,1.08,0,15
16156,Palazzago,0.0,0.0,0.0,0,9
16157,Palosco,0.0,0.0,1.317,0,5
16158,Parre,0.0,0.0,12.574,0,5
16159,Parzanica,0.0,3.49,0.0,0,1
16160,Pedrengo,0.0,0.0,0.0,0,0
16161,Peia,0.0,0.0,0.0,0,3
16162,Pianico,0.0,0.0,0.008,0,1
16163,Piario,0.0,0.0,0.0,0,1
16164,Piazza Brembana,0.0,0.0,4.386,0,5
16165,Piazzatorre,0.0,0.0,21.594,0,4
16166,Piazzolo,0.0,0.0,1.168,0,2
16167,Pognano,0.0,0.0,1.115,0,0
16168,Ponte Nossa,0.0,0.0,0.0,0,4
16169,Ponteranica,0.0,0.0,8.033,0,6
16170,Ponte San Pietro,0.0,0.0,0.0,0,3
16171,Pontida,0.0,0.0,0.308,0,11
16172,Pontirolo Nuovo,0.0,0.808,0.005,0,4
16173,Pradalunga,0.0,0.0,0.0,0,2
16174,Predore,0.0,5.763,0.0,0,5
16175,Premolo,0.0,0.0,13.573,0,7
16176,Presezzo,0.0,0.0,0.0,0,6
16177,Pumenengo,0.0,0.0,2.964,0,2
16178,Ranica,0.0,0.0,1.755,0,8
16179,Ranzanico,0.0,0.0,0.0,0,10
16180,Riva di Solto,0.0,5.739,0.0,0,6
16182,Rogno,0.0,1.076,0.0,0,9
16183,Romano di Lombardia,0.0,0.0,6.136,2,14
16184,Roncobello,0.0,0.0,19.979,0,36
16185,Roncola,0.0,0.0,0.0,0,9
16186,Rota d'Imagna,0.0,0.0,0.0,0,29
16187,Rovetta,0.0,0.0,12.522,1,9
16188,San Giovanni Bianco,0.0,0.0,4.902,0,48
16189,San Paolo d'Argon,0.0,0.0,0.006,0,0
16190,San Pellegrino Terme,0.0,0.0,0.0,0,20
16191,Santa Brigida,0.0,0.175,9.189,0,14
16193,Sarnico,0.0,3.991,0.133,0,4
16194,Scanzorosciate,0.0,0.0,0.0,0,7
16195,Schilpario,0.0,0.0,63.237,1,4
16196,Sedrina,0.0,0.0,0.117,0,19
16197,Selvino,0.0,0.0,0.0,0,8
16198,Seriate,0.0,0.0,2.911,0,7
16199,Serina,0.0,0.0,7.513,0,17
16200,Solto Collina,0.0,1.051,0.685,0,7
16201,Songavazzo,0.0,0.0,0.0,0,7
16202,Sorisole,0.0,0.0,12.27,0,42
16203,Sotto il Monte Giovanni XXIII,0.0,0.0,0.0,0,4
16204,Sovere,0.0,0.0,0.008,0,13
16205,Spinone al Lago,0.0,0.0,0.0,0,1
16206,Spirano,0.0,0.0,0.0,0,4
16207,Stezzano,0.0,0.0,3.163,0,5
16208,Strozza,0.0,0.0,0.0,0,11
16209,Suisio,0.0,0.0,1.114,0,3
16210,Taleggio,0.0,0.0,20.468,0,33
16211,Tavernola Bergamasca,0.0,5.639,0.0,1,0
16212,Telgate,0.0,0.0,0.0,0,1
16213,Terno d'Isola,0.0,0.0,0.0,0,1
16214,Torre Boldone,0.0,0.0,1.828,0,38
16215,Torre de' Busi,0.0,0.0,0.043,0,34
16216,Torre de' Roveri,0.0,0.0,0.0,0,1
16217,Torre Pallavicina,0.0,0.0,2.314,0,0
16218,Trescore Balneario,0.0,0.0,0.0,0,6
16219,Treviglio,0.0,0.823,0.074,6,19
16220,Treviolo,0.0,0.0,0.0,0,3
16221,Ubiale Clanezzo,0.0,0.0,0.0,0,7
16222,Urgnano,0.0,0.0,2.51,0,5
16223,Valbondione,0.0,4.076,89.489,0,8
16224,Valbrembo,0.0,0.0,1.253,0,3
16225,Valgoglio,0.0,0.708,28.291,0,3
16226,Valleve,0.0,0.0,11.896,0,4
16227,Valnegra,0.0,0.0,0.563,0,0
16229,Valtorta,0.0,0.0,23.811,2,13
16230,Vedeseta,0.0,0.0,5.768,0,15
16232,Verdellino,0.0,0.0,0.024,0,1
16233,Verdello,0.0,0.0,0.002,0,4
16234,Vertova,0.0,0.0,0.0,0,34
16235,Viadanica,0.0,0.0,0.0,0,0
16236,Vigano San Martino,0.0,0.0,0.0,0,5
16237,Vigolo,0.0,0.0,0.0,0,0
16238,Villa d'Adda,0.0,0.0,3.07,0,4
16239,Villa d'Almè,0.0,0.0,5.357,1,24
16240,Villa di Serio,0.0,0.0,0.0,0,1
16241,Villa d'Ogna,0.0,0.192,0.033,0,2
16242,Villongo,0.0,0.0,0.075,0,2
16243,Vilminore di Scalve,0.0,0.697,40.78,0,21
16244,Zandobbio,0.0,0.0,0.0,0,7
16245,Zanica,0.0,0.0,9.434,0,23
16246,Zogno,0.0,0.0,0.155,0,47
16247,Costa Serina,0.0,0.0,0.0,0,19
16248,Algua,0.0,0.0,0.0,0,13
16249,Cornalba,0.0,0.0,0.0,0,10
16250,Medolago,0.0,0.0,0.982,0,0
16251,Solza,0.0,0.0,0.401,0,1
16252,Sant'Omobono Terme,0.0,0.192,0.0,1,84
16253,Val Brembilla,0.0,0.142,0.0,0,52
17001,Acquafredda,0.0,0.0,0.0,0,2
17002,Adro,0.0,0.0,0.0,0,8
17003,Agnosine,0.0,0.0,0.0,0,25
17004,Alfianello,0.0,0.0,3.763,0,4
17005,Anfo,0.0,7.002,0.0,3,32
17006,Angolo Terme,0.0,1.589,0.003,1,14
17007,Artogne,0.0,0.13,0.0,0,1
17008,Azzano Mella,0.0,0.0,0.033,0,1
17009,Bagnolo Mella,0.0,0.0,0.087,0,12
17010,Bagolino,0.0,4.076,0.309,0,69
17011,Barbariga,0.0,0.0,0.0,0,2
17012,Barghe,0.0,0.0,0.0,0,5
17013,Bassano Bresciano,0.0,0.0,0.0,0,0
17014,Bedizzole,0.0,0.0,0.0,0,4
17015,Berlingo,0.0,0.0,0.0,0,3
17016,Berzo Demo,0.0,0.0,13.174,0,62
17017,Berzo Inferiore,0.0,0.0,0.03,2,11
17018,Bienno,0.0,0.516,12.648,0,68
17019,Bione,0.0,0.0,0.0,0,4
17020,Borgo San Giacomo,0.0,0.0,5.782,0,3
17021,Borgosatollo,0.0,0.0,0.109,0,4
17022,Borno,0.0,0.0,3.032,1,124
17023,Botticino,0.0,0.0,0.121,1,88
17024,Bovegno,0.0,0.0,0.0,0,97
17025,Bovezzo,0.0,0.0,4.354,0,33
17026,Brandico,0.0,0.0,0.0,0,2
17027,Braone,0.0,0.0,12.076,0,0
17028,Breno,0.0,0.181,50.973,0,53
17029,Brescia,0.0,0.0,30.346,31,348
17030,Brione,0.0,0.0,0.065,0,15
17031,Caino,0.0,0.0,0.013,0,52
17032,Calcinato,0.0,0.0,0.0,0,4
17033,Calvagese della Riviera,0.0,0.0,0.0,0,2
17034,Calvisano,0.0,0.0,0.0,0,2
17035,Capo di Ponte,0.0,0.0,0.063,2,28
17036,Capovalle,0.0,0.0,0.319,1,4
17037,Capriano del Colle,0.0,0.0,9.602,0,1
17038,Capriolo,0.0,0.0,2.272,0,8
17039,Carpenedolo,0.0,0.0,0.0,0,2
17040,Castegnato,0.0,0.0,0.0,0,3
17041,Castelcovati,0.0,0.0,0.0,0,10
17042,Castel Mella,0.0,0.0,0.03,0,2
17043,Castenedolo,0.0,0.0,0.03,0,2
17044,Casto,0.0,0.0,0.0,0,34
17045,Castrezzato,0.0,0.0,0.0,0,3
17046,Cazzago San Martino,0.0,0.0,0.0,0,3
17047,Cedegolo,0.0,0.0,10.348,0,4
17048,Cellatica,0.0,0.0,2.726,1,28
17049,Cerveno,0.0,0.0,0.137,4,1
17050,Ceto,0.0,0.616,29.748,0,1
17051,Cevo,0.0,0.0,34.757,1,10
17052,Chiari,0.0,0.0,0.0,3,20
17053,Cigole,0.0,0.0,0.0,0,5
17054,Cimbergo,0.0,0.171,24.688,0,27
17055,Cividate Camuno,0.0,0.0,1.064,2,9
17056,Coccaglio,0.0,0.0,0.0,0,3
17057,Collebeato,0.0,0.0,3.602,0,66
17058,Collio,0.0,1.431,0.0,0,94
17059,Cologne,0.0,0.0,0.0,0,6
17060,Comezzano-Cizzago,0.0,0.0,0.0,0,5
17061,Concesio,0.0,0.0,0.117,1,87
17062,Corte Franca,0.0,0.0,0.374,0,20
17063,Corteno Golgi,0.0,3.332,2.455,0,60
17064,Corzano,0.0,0.0,0.0,0,2
17065,Darfo Boario Terme,0.0,0.879,0.0,1,10
17066,Dello,0.0,0.0,0.0,0,10
17067,Desenzano del Garda,0.0,9.263,0.0,2,19
17068,Edolo,0.0,1.359,54.546,0,81
17069,Erbusco,0.0,0.0,0.0,0,7
17070,Esine,0.0,0.0,0.022,0,8
17071,Fiesse,0.0,0.0,0.153,0,3
17072,Flero,0.0,0.0,2.047,0,4
17073,Gambara,0.0,0.0,0.0,0,4
17074,Gardone Riviera,0.0,2.977,21.591,6,12
17075,Gardone Val Trompia,0.0,0.0,0.0,1,88
17076,Gargnano,0.0,23.071,91.74,0,13
17077,Gavardo,0.0,0.0,0.038,1,80
17078,Ghedi,0.0,0.537,0.0,0,14
17079,Gianico,0.0,0.455,0.0,0,4
17080,Gottolengo,0.0,0.0,0.0,0,3
17081,Gussago,0.0,0.0,0.284,0,93
17082,Idro,0.0,16.736,0.013,0,13
17083,Incudine,0.0,0.624,8.693,0,7
17084,Irma,0.0,0.0,0.0,0,12
17085,Iseo,0.0,27.482,1.948,2,24
17086,Isorella,0.0,0.0,0.0,0,8
17087,Lavenone,0.0,0.0,0.0,0,7
17088,Leno,0.0,0.0,0.0,0,3
17089,Limone sul Garda,0.0,7.148,22.824,4,33
17090,Lodrino,0.0,0.0,0.0,0,9
17091,Lograto,0.0,0.0,0.0,0,3
17092,Lonato del Garda,0.0,1.558,0.083,2,29
17093,Longhena,0.0,0.0,0.0,0,1
17094,Losine,0.0,0.0,0.0,0,3
17095,Lozio,0.0,0.0,0.259,1,65
17096,Lumezzane,0.0,0.0,0.0,0,156
17097,Maclodio,0.0,0.0,0.0,0,0
17098,Magasa,0.0,0.0,19.347,0,9
17099,Mairano,0.0,0.0,0.0,1,1
17100,Malegno,0.0,0.0,0.021,0,15
17101,Malonno,0.0,0.057,2.639,0,19
17102,Manerba del Garda,0.0,10.593,1.003,1,30
17103,Manerbio,0.0,0.0,0.0,1,4
17104,Marcheno,0.0,0.0,0.0,0,55
17105,Marmentino,0.0,0.0,0.0,0,27
17106,Marone,0.0,7.592,0.0,0,20
17107,Mazzano,0.0,0.0,0.002,1,14
17108,Milzano,0.0,0.0,0.0,0,1
17109,Moniga del Garda,0.0,2.877,0.0,0,3
17110,Monno,0.0,0.0,0.028,1,49
17111,Monte Isola,0.0,9.839,0.0,0,43
17112,Monticelli Brusati,0.0,0.0,0.008,0,30
17113,Montichiari,0.0,0.0,0.0,2,3
17114,Montirone,0.0,0.0,0.0,0,6
17115,Mura,0.0,0.0,0.0,0,7
17116,Muscoline,0.0,0.0,0.0,0,2
17117,Nave,0.0,0.0,0.345,0,129
17118,Niardo,0.0,0.0,20.464,0,2
17119,Nuvolento,0.0,0.0,0.004,0,14
17120,Nuvolera,0.0,0.0,3.089,0,15
17121,Odolo,0.0,0.0,0.0,0,6
17122,Offlaga,0.0,0.374,0.0,0,2
17123,Ome,0.0,0.0,0.025,0,4
17124,Ono San Pietro,0.0,0.073,0.0,0,0
17125,Orzinuovi,0.0,0.0,10.574,0,5
17126,Orzivecchi,0.0,0.0,0.0,0,2
17127,Ospitaletto,0.0,0.0,0.0,0,3
17128,Ossimo,0.0,0.0,0.024,0,47
17129,Padenghe sul Garda,0.0,4.031,0.0,0,1
17130,Paderno Franciacorta,0.0,0.0,0.0,0,3
17131,Paisco Loveno,0.0,0.35,0.405,0,4
17132,Paitone,0.0,0.039,0.0,0,9
17133,Palazzolo sull'Oglio,0.0,0.0,3.191,2,32
17134,Paratico,0.0,3.728,1.459,0,6
17135,Paspardo,0.0,0.0,11.274,0,20
17136,Passirano,0.0,0.0,0.0,0,8
17137,Pavone del Mella,0.0,0.0,0.0,0,2
17138,San Paolo,0.0,0.506,0.719,0,0
17139,Pertica Alta,0.0,0.0,0.0,0,20
17140,Pertica Bassa,0.0,0.0,0.0,1,5
17141,Pezzaze,0.0,0.0,0.0,0,65
17142,Pian Camuno,0.0,0.0,0.0,0,8
17143,Pisogne,0.0,6.415,0.0,0,17
17144,Polaveno,0.0,0.0,0.0,0,26
17145,Polpenazze del Garda,0.0,0.0,0.0,0,12
17146,Pompiano,0.0,0.0,0.0,0,1
17147,Poncarale,0.0,0.0,3.573,0,1
17148,Ponte di Legno,0.0,4.357,43.536,0,136
17149,Pontevico,0.0,0.0,10.213,0,4
17150,Pontoglio,0.0,0.0,5.542,0,4
17151,Pozzolengo,0.0,0.347,0.0,0,5
17152,Pralboino,0.0,0.0,0.033,0,1
17153,Preseglie,0.0,0.0,0.0,0,3
17155,Prevalle,0.0,0.0,0.0,0,12
17156,Provaglio d'Iseo,0.0,0.0,1.272,0,16
17157,Provaglio Val Sabbia,0.0,0.0,0.0,0,2
17158,Puegnago del Garda,0.0,2.429,0.091,0,5
17159,Quinzano d'Oglio,0.0,0.251,8.055,0,0
17160,Remedello,0.0,0.0,0.0,1,1
17161,Rezzato,0.0,0.0,4.12,1,74
17162,Roccafranca,0.0,0.0,4.192,0,3
17163,Rodengo Saiano,0.0,0.0,3.249,1,35
17164,Roè Volciano,0.0,0.0,0.119,0,1
17165,Roncadelle,0.0,0.0,0.0,0,2
17166,Rovato,0.0,0.0,0.0,0,14
17167,Rudiano,0.0,0.0,3.074,0,2
17168,Sabbio Chiese,0.0,0.03,0.0,0,13
17169,Sale Marasino,0.0,3.959,0.0,0,11
17170,Salò,0.0,8.655,25.121,0,10
17171,San Felice del Benaco,0.0,11.056,0.018,0,11
17172,San Gervasio Bresciano,0.0,0.533,0.0,0,0
17173,San Zeno Naviglio,0.0,0.0,0.015,0,4
17174,Sarezzo,0.0,0.0,0.0,0,51
17175,Saviore dell'Adamello,0.0,0.609,84.983,0,11
17176,Sellero,0.0,0.0,0.022,0,19
17177,Seniga,0.0,0.0,7.842,0,1
17178,Serle,0.0,0.0,5.219,0,27
17179,Sirmione,0.0,16.521,0.015,2,15
17180,Soiano del Lago,0.0,0.0,0.0,0,1
17181,Sonico,0.0,0.0,55.858,0,27
17182,Sulzano,0.0,3.668,0.0,0,5
17183,Tavernole sul Mella,0.0,0.0,0.0,0,52
17184,Temù,0.0,0.44,20.676,1,41
17185,Tignale,0.0,5.561,45.599,1,46
17186,Torbole Casaglia,0.0,0.0,0.0,0,8
17187,Toscolano-Maderno,0.0,9.926,58.252,0,24
17188,Travagliato,0.0,0.0,0.0,0,19
17189,Tremosine sul Garda,0.0,7.532,72.551,1,35
17190,Trenzano,0.0,0.0,0.0,0,1
17191,Treviso Bresciano,0.0,0.0,0.0,0,7
17192,Urago d'Oglio,0.0,0.0,3.495,0,1
17193,Vallio Terme,0.0,0.0,0.063,0,61
17194,Valvestino,0.0,1.91,30.836,0,17
17195,Verolanuova,0.0,0.0,2.245,0,4
17196,Verolavecchia,0.0,0.0,5.191,0,2
17197,Vestone,0.0,0.0,0.0,1,8
17198,Vezza d'Oglio,0.0,1.661,10.839,2,39
17199,Villa Carcina,0.0,0.0,0.0,0,62
17200,Villachiara,0.0,0.0,8.974,0,3
17201,Villanuova sul Clisi,0.0,0.0,0.0,0,23
17202,Vione,0.0,0.0,9.445,0,41
17203,Visano,0.0,0.0,0.0,0,1
17204,Vobarno,0.0,0.0,1.734,0,23
17205,Zone,0.0,0.0,0.263,0,18
17206,Piancogno,0.0,0.0,0.0,0,42
18001,Alagna,0.0,0.0,0.124,0,2
18003,Albonese,0.0,0.0,0.0,0,2
18004,Albuzzano,0.0,0.0,0.092,0,1
18005,Arena Po,0.0,0.0,0.0,0,2
18006,Badia Pavese,0.0,0.0,0.0,0,0
18007,Bagnaria,0.0,0.0,0.0,0,7
18008,Barbianello,0.0,0.0,0.0,0,2
18009,Bascapè,0.0,0.0,0.095,0,1
18011,Bastida Pancarana,0.0,0.0,0.0,0,1
18012,Battuda,0.0,0.0,0.0,0,0
18013,Belgioioso,0.0,0.0,0.492,0,4
18014,Bereguardo,0.0,0.0,17.567,0,4
18015,Borgarello,0.0,0.0,0.018,0,0
18016,Borgo Priolo,0.0,0.854,0.0,0,6
18017,Borgoratto Mormorolo,0.0,0.0,0.0,0,1
18018,Borgo San Siro,0.0,0.0,18.027,0,0
18019,Bornasco,0.0,0.0,0.029,0,1
18020,Bosnasco,0.0,0.0,0.0,0,1
18021,Brallo di Pregola,0.0,0.0,0.0,0,7
18022,Breme,0.0,0.0,0.668,1,1
18023,Bressana Bottarone,0.0,0.0,0.128,0,4
18024,Broni,0.0,0.0,0.0,0,9
18025,Calvignano,0.0,0.0,0.0,0,1
18026,Campospinoso Albaredo,0.0,0.0,0.092,0,1
18027,Candia Lomellina,0.0,0.0,0.383,0,3
18029,Canneto Pavese,0.0,0.0,0.0,0,1
18030,Carbonara al Ticino,0.0,0.0,14.355,0,0
18031,Casanova Lonati,0.0,0.0,0.0,0,0
18032,Casatisma,0.0,0.0,0.0,0,0
18033,Casei Gerola,0.0,0.0,0.808,1,7
18034,Casorate Primo,0.0,0.0,0.524,0,1
18035,Cassolnovo,0.0,0.0,31.284,0,6
18036,Castana,0.0,0.0,0.0,0,1
18037,Casteggio,0.0,0.0,0.0,1,7
18038,Castelletto di Branduzzo,0.0,2.878,0.001,0,3
18039,Castello d'Agogna,0.0,0.0,0.0,0,0
18040,Castelnovetto,0.0,0.0,0.0,0,0
18041,Cava Manara,0.0,0.0,0.392,0,1
18042,Cecima,0.0,0.0,0.0,0,0
18043,Ceranova,0.0,0.0,0.0,0,0
18044,Ceretto Lomellina,0.0,0.0,0.0,0,0
18045,Cergnago,0.0,0.0,0.0,0,1
18046,Certosa di Pavia,0.0,0.0,0.106,1,5
18047,Cervesina,0.0,0.0,0.0,0,2
18048,Chignolo Po,0.0,0.0,0.0,1,1
18049,Cigognola,0.0,0.0,0.0,0,1
18050,Cilavegna,0.0,0.0,0.03,0,6
18051,Codevilla,0.0,0.0,0.0,0,2
18052,Confienza,0.0,0.0,0.0,0,4
18053,Copiano,0.0,0.0,0.0,0,0
18054,Corana,0.0,0.0,0.0,0,3
18057,Corvino San Quirico,0.0,0.0,0.0,0,0
18058,Costa de' Nobili,0.0,0.0,0.0,0,0
18059,Cozzo,0.0,0.0,0.0,0,4
18060,Cura Carpignano,0.0,0.0,0.21,0,3
18061,Dorno,0.0,0.0,0.521,0,1
18062,Ferrera Erbognone,0.0,0.0,0.0,0,1
18063,Filighera,0.0,0.0,0.0,0,4
18064,Fortunago,0.0,0.0,0.0,0,1
18065,Frascarolo,0.0,0.0,1.133,1,1
18066,Galliavola,0.0,0.0,0.0,0,0
18067,Gambarana,0.0,0.0,0.0,0,0
18068,Gambolò,0.0,0.0,50.814,0,5
18069,Garlasco,0.0,0.0,37.736,0,4
18071,Gerenzago,0.0,0.0,0.0,0,1
18072,Giussago,0.0,0.0,0.608,0,1
18073,Godiasco Salice Terme,0.0,0.0,0.0,0,11
18074,Golferenzo,0.0,0.0,0.0,0,0
18075,Gravellona Lomellina,0.0,0.0,0.452,0,2
18076,Gropello Cairoli,0.0,0.0,25.89,0,1
18077,Inverno e Monteleone,0.0,0.0,0.0,0,3
18078,Landriano,0.0,0.0,0.283,0,3
18079,Langosco,0.0,0.0,0.0,0,1
18080,Lardirago,0.0,0.0,0.0,0,2
18081,Linarolo,0.0,0.0,12.145,0,1
18082,Lirio,0.0,0.0,0.0,0,1
18083,Lomello,0.0,0.0,0.341,0,2
18084,Lungavilla,0.0,0.0,0.599,0,0
18085,Magherno,0.0,0.0,0.0,0,0
18086,Marcignago,0.0,0.0,0.251,0,0
18087,Marzano,0.0,0.0,0.0,0,0
18088,Mede,0.0,0.0,0.387,0,4
18089,Menconico,0.0,0.0,3.106,0,2
18090,Mezzana Bigli,0.0,0.0,0.058,0,0
18091,Mezzana Rabattone,0.0,0.0,0.0,0,0
18092,Mezzanino,0.0,0.0,12.321,0,0
18093,Miradolo Terme,0.0,0.0,0.313,0,2
18094,Montalto Pavese,0.0,0.0,0.0,1,6
18095,Montebello della Battaglia,0.0,0.0,0.0,0,9
18096,Montecalvo Versiggia,0.0,0.0,0.0,0,3
18097,Montescano,0.0,0.0,0.0,0,0
18098,Montesegale,0.0,0.0,0.0,0,2
18099,Monticelli Pavese,0.0,0.0,0.0,0,0
18100,Montù Beccaria,0.0,0.0,0.0,0,1
18101,Mornico Losana,0.0,0.0,0.0,0,2
18102,Mortara,0.0,0.0,0.15,0,6
18103,Nicorvo,0.0,0.0,0.066,0,1
18104,Olevano di Lomellina,0.0,0.0,0.0,1,2
18105,Oliva Gessi,0.0,0.0,0.0,0,1
18106,Ottobiano,0.0,0.0,0.0,0,0
18107,Palestro,0.0,0.0,0.0,0,6
18108,Pancarana,0.0,0.0,0.0,0,0
18109,Parona,0.0,0.0,0.126,0,2
18110,Pavia,0.0,0.0,62.708,8,67
18111,Pietra de' Giorgi,0.0,0.0,0.0,0,5
18112,Pieve Albignola,0.0,0.0,0.0,0,0
18113,Pieve del Cairo,0.0,0.0,0.14,0,2
18114,Pieve Porto Morone,0.0,0.0,0.0,0,1
18115,Pinarolo Po,0.0,0.0,0.0,0,1
18116,Pizzale,0.0,0.0,0.009,0,0
18117,Ponte Nizza,0.0,0.0,0.0,0,4
18118,Portalbera,0.0,0.0,0.0,0,1
18119,Rea,0.0,0.0,0.089,0,0
18120,Redavalle,0.0,0.0,0.0,0,0
18121,Retorbido,0.0,0.0,0.0,0,2
18122,Rivanazzano Terme,0.0,0.0,0.0,0,5
18123,Robbio,0.0,0.0,3.168,0,13
18124,Robecco Pavese,0.0,0.0,0.0,0,0
18125,Rocca de' Giorgi,0.0,0.0,0.0,0,2
18126,Rocca Susella,0.0,0.0,0.0,0,1
18127,Rognano,0.0,0.0,0.583,0,0
18128,Romagnese,0.0,0.0,0.037,0,3
18129,Roncaro,0.0,0.0,0.0,0,0
18130,Rosasco,0.0,0.0,0.0,0,1
18131,Rovescala,0.0,0.0,0.0,0,3
18133,San Cipriano Po,0.0,0.0,0.0,0,1
18134,San Damiano al Colle,0.0,0.0,0.0,0,3
18135,San Genesio ed Uniti,0.0,0.0,0.252,0,2
18136,San Giorgio di Lomellina,0.0,0.0,0.0,0,1
18137,San Martino Siccomario,0.0,0.0,14.191,0,0
18138,Sannazzaro de' Burgondi,0.0,0.0,0.0,0,1
18139,Santa Cristina e Bissone,0.0,0.0,0.0,0,1
18140,Santa Giuletta,0.0,0.0,0.0,1,7
18141,Sant'Alessio con Vialone,0.0,0.0,0.077,0,1
18142,Santa Margherita di Staffora,0.0,0.082,0.0,0,9
18143,Santa Maria della Versa,0.0,0.0,0.0,0,3
18144,Sant'Angelo Lomellina,0.0,0.0,0.0,0,0
18145,San Zenone al Po,0.0,0.0,0.0,0,0
18146,Sartirana Lomellina,0.0,0.0,0.752,0,1
18147,Scaldasole,0.0,0.0,0.929,0,2
18148,Semiana,0.0,0.0,0.0,0,0
18149,Silvano Pietra,0.0,0.0,0.0,0,0
18150,Siziano,0.0,0.0,0.163,0,3
18151,Sommo,0.0,0.0,0.0,0,0
18152,Spessa,0.0,0.0,0.0,0,2
18153,Stradella,0.0,0.0,0.0,1,4
18154,Suardi,0.0,0.0,0.647,0,0
18155,Torrazza Coste,0.0,0.0,0.0,0,2
18156,Torre Beretti e Castellaro,0.0,0.0,0.007,0,2
18157,Torre d'Arese,0.0,0.0,0.0,0,1
18158,Torre de' Negri,0.0,0.0,0.0,0,0
18159,Torre d'Isola,0.0,0.0,16.517,0,3
18160,Torrevecchia Pia,0.0,0.0,0.0,0,0
18161,Torricella Verzate,0.0,0.0,0.0,0,1
18162,Travacò Siccomario,0.0,0.0,17.308,0,1
18163,Trivolzio,0.0,0.0,0.051,0,1
18164,Tromello,0.0,0.0,0.827,0,1
18165,Trovo,0.0,0.0,0.373,0,0
18166,Val di Nizza,0.0,0.0,0.0,0,12
18167,Valeggio,0.0,0.0,0.0,0,3
18168,Valle Lomellina,0.0,0.0,0.0,0,5
18169,Valle Salimbene,0.0,0.0,7.126,0,1
18171,Varzi,0.0,0.0,0.0,0,59
18172,Velezzo Lomellina,0.0,0.0,0.0,0,0
18173,Vellezzo Bellini,0.0,0.0,0.0,0,1
18174,Verretto,0.0,0.0,0.587,0,0
18175,Verrua Po,0.0,0.0,0.473,0,3
18176,Vidigulfo,0.0,0.0,0.004,0,1
18177,Vigevano,0.0,0.0,81.084,5,13
18178,Villa Biscossi,0.0,0.0,0.0,0,1
18179,Villanova d'Ardenghi,0.0,0.0,6.641,0,0
18180,Villanterio,0.0,0.0,0.0,0,1
18181,Vistarino,0.0,0.0,0.0,0,0
18182,Voghera,0.0,0.0,0.0,4,31
18183,Volpara,0.0,0.0,0.0,0,0
18184,Zavattarello,0.0,0.88,0.858,1,9
18185,Zeccone,0.0,0.0,0.0,0,0
18186,Zeme,0.0,0.0,0.173,0,1
18187,Zenevredo,0.0,0.0,0.0,0,0
18188,Zerbo,0.0,0.0,0.0,0,0
18189,Zerbolò,0.0,0.0,37.623,0,3
18190,Zinasco,0.0,0.0,0.326,0,1
18191,Cornale e Bastida,0.0,0.0,0.001,0,2
18192,Corteolona e Genzone,0.0,0.0,0.0,0,0
18193,Colli Verdi,0.0,1.153,0.003,0,7
19001,Acquanegra Cremonese,0.0,0.0,0.118,0,2
19002,Agnadello,0.0,0.0,6.379,0,5
19003,Annicco,0.0,0.0,0.0,0,2
19004,Azzanello,0.0,0.0,6.351,0,1
19005,Bagnolo Cremasco,0.0,0.0,2.801,0,1
19006,Bonemerse,0.0,0.0,0.414,0,1
19007,Bordolano,0.0,0.0,3.008,0,5
19009,Calvatone,0.0,0.0,8.559,0,3
19010,Camisano,0.0,0.0,0.0,0,1
19011,Campagnola Cremasca,0.0,0.0,0.0,0,1
19012,Capergnanica,0.0,0.0,0.0,0,11
19013,Cappella Cantone,0.0,0.0,0.0,0,0
19014,Cappella de' Picenardi,0.0,0.0,0.0,0,3
19015,Capralba,0.0,0.111,0.0,0,1
19016,Casalbuttano ed Uniti,0.0,0.0,0.002,0,8
19017,Casale Cremasco-Vidolasco,0.0,0.0,2.712,0,0
19018,Casaletto Ceredano,0.0,0.0,3.526,0,2
19019,Casaletto di Sopra,0.0,0.0,0.056,0,1
19020,Casaletto Vaprio,0.0,0.0,0.0,0,0
19021,Casalmaggiore,0.0,0.0,3.132,2,26
19022,Casalmorano,0.0,0.0,0.049,0,2
19023,Casteldidone,0.0,0.0,0.0,0,3
19024,Castel Gabbiano,0.0,0.0,2.238,0,1
19025,Castelleone,0.0,0.0,0.007,1,15
19026,Castelverde,0.0,0.0,2.834,0,3
19027,Castelvisconti,0.0,0.0,4.199,0,0
19028,Cella Dati,0.0,0.0,0.0,0,2
19029,Chieve,0.0,0.0,0.068,0,0
19030,Cicognolo,0.0,0.0,0.0,0,2
19031,Cingia de' Botti,0.0,0.0,0.0,0,4
19032,Corte de' Cortesi con Cignone,0.0,0.0,1.832,0,11
19033,Corte de' Frati,0.0,0.0,5.26,0,2
19034,Credera Rubbiano,0.0,0.0,8.454,0,8
19035,Crema,0.0,0.0,13.987,1,55
19036,Cremona,0.0,1.234,18.261,4,33
19037,Cremosano,0.0,0.0,1.557,0,1
19038,Crotta d'Adda,0.0,0.0,8.843,0,2
19039,Cumignano sul Naviglio,0.0,0.0,0.0,0,3
19040,Derovere,0.0,0.0,0.0,0,1
19041,Dovera,0.0,0.0,11.576,1,8
19043,Fiesco,0.0,0.0,0.0,0,0
19044,Formigara,0.0,0.0,10.014,0,1
19045,Gabbioneta-Binanuova,0.0,0.0,7.869,0,5
19046,Gadesco-Pieve Delmona,0.0,0.0,0.0,0,4
19047,Genivolta,0.0,0.0,10.217,0,4
19048,Gerre de' Caprioli,0.0,1.032,4.329,0,0
19049,Gombito,0.0,0.0,7.153,0,2
19050,Grontardo,0.0,0.0,0.0,0,0
19051,Grumello Cremonese ed Uniti,0.0,0.0,0.0,0,7
19052,Gussola,0.0,0.0,2.022,0,11
19053,Isola Dovarese,0.0,0.0,5.082,0,3
19054,Izano,0.0,0.058,0.0,0,5
19055,Madignano,0.0,0.0,3.183,0,10
19056,Malagnino,0.0,0.0,0.0,0,0
19057,Martignana di Po,0.0,0.0,1.644,0,1
19058,Monte Cremasco,0.0,0.0,0.295,0,0
19059,Montodine,0.0,0.0,9.46,0,21
19060,Moscazzano,0.0,0.0,4.338,0,11
19061,Motta Baluffi,0.0,0.0,0.007,0,2
19062,Offanengo,0.0,0.0,0.131,0,1
19063,Olmeneta,0.0,0.0,0.0,0,0
19064,Ostiano,0.0,0.0,7.887,0,5
19065,Paderno Ponchielli,0.0,0.0,0.014,0,1
19066,Palazzo Pignano,0.0,0.0,3.19,0,3
19067,Pandino,0.0,0.0,11.653,0,7
19068,Persico Dosimo,0.0,0.0,0.0,0,2
19069,Pescarolo ed Uniti,0.0,0.0,0.0,1,9
19070,Pessina Cremonese,0.0,0.0,4.345,0,7
19072,Pianengo,0.0,0.0,3.092,0,3
19073,Pieranica,0.0,0.0,0.0,0,0
19074,Pieve d'Olmi,0.0,0.0,7.954,0,0
19075,Pieve San Giacomo,0.0,0.0,0.0,0,0
19076,Pizzighettone,0.0,0.0,13.47,1,21
19077,Pozzaglio ed Uniti,0.0,0.0,0.0,0,2
19078,Quintano,0.0,0.0,0.0,0,0
19079,Ricengo,0.0,0.908,2.932,0,3
19080,Ripalta Arpina,0.0,0.0,5.32,0,0
19081,Ripalta Cremasca,0.0,0.0,2.254,0,15
19082,Ripalta Guerina,0.0,0.0,2.041,0,2
19083,Rivarolo del Re ed Uniti,0.0,0.0,0.0,0,1
19084,Rivolta d'Adda,0.0,1.198,15.853,0,6
19085,Robecco d'Oglio,0.0,0.0,5.036,0,1
19086,Romanengo,0.0,0.0,0.4,0,3
19087,Salvirola,0.0,0.0,0.0,0,3
19088,San Bassano,0.0,0.028,0.015,0,2
19089,San Daniele Po,0.0,2.159,11.626,1,0
19090,San Giovanni in Croce,0.0,0.38,0.0,0,4
19091,San Martino del Lago,0.0,0.0,0.0,0,0
19092,Scandolara Ravara,0.0,0.0,0.0,0,2
19093,Scandolara Ripa d'Oglio,0.0,0.0,3.07,0,3
19094,Sergnano,0.0,0.0,3.058,0,2
19095,Sesto ed Uniti,0.0,0.0,0.345,0,1
19096,Solarolo Rainerio,0.0,0.0,0.0,0,5
19097,Soncino,0.0,0.0,11.041,3,59
19098,Soresina,0.0,0.0,0.244,0,9
19099,Sospiro,0.0,0.0,0.0,0,0
19100,Spinadesco,0.0,0.0,9.212,0,2
19101,Spineda,0.0,0.0,0.0,0,1
19102,Spino d'Adda,0.0,0.0,9.251,0,2
19103,Stagno Lombardo,0.0,0.0,32.611,0,3
19104,Ticengo,0.0,0.0,0.001,0,2
19105,Torlino Vimercati,0.0,0.0,0.0,0,3
19106,Tornata,0.0,0.0,0.0,0,4
19107,Torre de' Picenardi,0.0,0.0,0.0,0,11
19108,Torricella del Pizzo,0.0,3.499,0.19,0,1
19109,Trescore Cremasco,0.0,0.0,0.065,0,1
19110,Trigolo,0.0,0.0,0.0,0,2
19111,Vaiano Cremasco,0.0,0.0,1.33,0,4
19112,Vailate,0.0,0.0,0.0,0,1
19113,Vescovato,0.0,0.0,0.0,0,4
19114,Volongo,0.0,0.0,4.28,0,0
19115,Voltido,0.0,0.0,0.0,0,3
19116,Piadena Drizzona,0.0,0.0,11.157,1,4
20001,Acquanegra sul Chiese,0.0,0.0,12.39,0,0
20002,Asola,0.0,0.0,0.0,0,3
20003,Bagnolo San Vito,0.0,0.0,12.491,0,4
20007,Bozzolo,0.0,0.0,2.616,0,3
20008,Canneto sull'Oglio,0.0,0.0,8.916,0,3
20010,Casalmoro,0.0,0.0,0.0,0,0
20011,Casaloldo,0.0,0.0,0.0,0,0
20012,Casalromano,0.0,0.0,1.825,0,2
20013,Castelbelforte,0.0,0.0,0.0,0,1
20014,Castel d'Ario,0.0,0.0,0.0,0,5
20015,Castel Goffredo,0.0,0.0,0.0,1,4
20016,Castellucchio,0.0,0.0,0.004,0,3
20017,Castiglione delle Stiviere,0.0,0.0,11.991,1,2
20018,Cavriana,0.0,0.0,0.877,1,9
20019,Ceresara,0.0,0.0,0.0,0,2
20020,Commessaggio,0.0,0.0,3.14,0,2
20021,Curtatone,0.0,0.0,2.971,1,6
20022,Dosolo,0.0,0.0,0.399,0,3
20024,Gazoldo degli Ippoliti,0.0,0.0,0.0,1,1
20025,Gazzuolo,0.0,0.0,10.059,0,2
20026,Goito,0.0,0.574,24.97,0,11
20027,Gonzaga,0.0,7.059,0.0,0,2
20028,Guidizzolo,0.0,0.0,0.0,1,3
20029,Magnacavallo,0.0,1.069,0.0,0,0
20030,Mantova,0.0,20.82,32.276,13,47
20031,Marcaria,0.0,0.0,26.545,0,12
20032,Mariana Mantovana,0.0,0.0,0.0,0,0
20033,Marmirolo,0.0,0.0,16.01,0,14
20034,Medole,0.0,0.0,0.0,1,1
20035,Moglia,0.0,0.0,0.006,0,0
20036,Monzambano,0.0,0.71,7.599,0,12
20037,Motteggiana,0.0,0.0,0.0,0,4
20038,Ostiglia,0.0,0.847,4.315,0,7
20039,Pegognaga,0.0,4.845,0.523,0,2
20041,Piubega,0.0,0.0,0.0,0,1
20042,Poggio Rusco,0.0,0.0,0.0,0,0
20043,Pomponesco,0.0,0.0,0.224,0,3
20044,Ponti sul Mincio,0.0,0.0,5.646,0,7
20045,Porto Mantovano,0.0,0.906,21.265,0,5
20046,Quingentole,0.0,0.0,0.279,0,0
20047,Quistello,0.0,0.0,0.0,0,3
20048,Redondesco,0.0,0.0,0.0,0,4
20050,Rivarolo Mantovano,0.0,0.0,0.0,0,18
20051,Rodigo,0.0,0.088,5.801,0,14
20052,Roncoferraro,0.0,0.144,6.077,0,5
20053,Roverbella,0.0,0.0,0.0,0,8
20054,Sabbioneta,0.0,0.0,0.0,1,56
20055,San Benedetto Po,0.0,0.0,0.002,1,4
20056,San Giacomo delle Segnate,0.0,0.0,0.0,0,0
20057,San Giorgio Bigarello,0.0,0.0,0.0,0,6
20058,San Giovanni del Dosso,0.0,0.0,0.0,0,0
20059,San Martino dall'Argine,0.0,0.0,6.755,0,1
20060,Schivenoglia,0.0,0.0,0.0,0,0
20061,Sermide e Felonica,0.0,0.0,0.16,1,1
20062,Serravalle a Po,0.0,0.0,6.645,0,1
20063,Solferino,0.0,0.0,0.04,1,6
20064,Sustinente,0.0,0.0,4.244,0,1
20065,Suzzara,0.0,0.0,1.831,1,1
20066,Viadana,0.0,0.0,11.946,0,10
20068,Villimpenta,0.0,0.0,0.0,0,3
20070,Volta Mantovana,0.0,0.0,13.429,0,7
20071,Borgo Virgilio,0.0,0.0,13.396,0,2
20072,Borgo Mantovano,0.0,0.0,2.115,1,1
20073,Borgocarbonara,0.0,0.0,0.0,0,2
21001,Aldino/Aldein,0.0,0.677,11.054,3,37
21002,Andriano/Andrian,0.0,0.0,0.0,0,10
21003,Anterivo/Altrei,0.0,0.0,8.98,0,4
21004,Appiano sulla strada del vino/Eppan an der Weinstraße,0.0,7.032,0.635,2,100
21005,Avelengo/Hafling,0.0,0.0,0.004,0,6
21006,Badia/Abtei,0.0,0.268,29.421,1,46
21007,Barbiano/Barbian,0.0,0.019,0.026,0,24
21008,Bolzano/Bozen,0.0,0.128,0.089,15,186
21009,Braies/Prags,0.0,3.331,69.788,0,23
21010,Brennero/Brenner,0.0,0.164,16.644,1,33
21011,Bressanone/Brixen,0.0,0.156,1.742,2,319
21012,Bronzolo/Branzoll,0.0,0.0,0.007,0,1
21013,Brunico/Bruneck,0.0,0.0,0.381,3,46
21014,Caines/Kuens,0.0,0.0,0.0,0,7
21015,Caldaro sulla strada del vino/Kaltern an der Weinstraße,0.0,5.449,3.174,1,34
21016,Campo di Trens/Freienfeld,0.0,0.252,1.101,0,40
21017,Campo Tures/Sand in Taufers,0.0,1.693,119.114,1,67
21018,Castelbello-Ciardes/Kastelbell-Tschars,0.0,0.0,1.082,0,41
21019,Castelrotto/Kastelruth,0.0,0.054,76.547,2,77
21020,Cermes/Tscherms,0.0,0.0,0.0,0,3
21021,Chienes/Kiens,0.0,0.0,0.157,0,10
21022,Chiusa/Klausen,0.0,0.274,0.0,1,135
21023,Cornedo all'Isarco/Karneid,0.0,0.0,0.148,1,9
21024,Cortaccia sulla strada del vino/Kurtatsch an der Weinstraße,0.0,0.0,0.557,1,4
21025,Cortina sulla strada del vino/Kurtinig an der Weinstraße,0.0,0.0,0.002,0,0
21026,Corvara in Badia/Corvara,0.0,0.948,7.531,0,5
21027,Curon Venosta/Graun im Vinschgau,0.0,1.486,7.198,1,173
21028,Dobbiaco/Toblach,0.0,4.155,70.152,3,128
21029,Egna/Neumarkt,0.0,0.0,14.04,1,24
21030,Falzes/Pfalzen,0.0,0.0,0.014,1,18
21031,Fiè allo Sciliar/Völs am Schlern,0.0,0.664,19.032,1,20
21032,Fortezza/Franzensfeste,0.0,0.0,0.0,0,20
21033,Funes/Villnöß,0.0,0.0,22.233,2,75
21034,Gais/Gais,0.0,0.0,29.446,1,25
21035,Gargazzone/Gargazon,0.0,0.0,0.013,1,4
21036,Glorenza/Glurns,0.0,0.237,0.23,2,26
21037,Laces/Latsch,0.0,0.399,0.165,1,48
21038,Lagundo/Algund,0.0,0.148,5.569,2,36
21039,Laion/Lajen,0.0,0.196,0.089,1,41
21040,Laives/Leifers,0.0,0.0,0.049,0,12
21041,Lana/Lana,0.0,0.0,0.253,2,52
21042,Lasa/Laas,0.0,0.0,0.92,0,22
21043,Lauregno/Laurein,0.0,0.0,0.013,0,3
21044,Luson/Lüsen,0.0,0.147,1.236,0,34
21045,Magrè sulla strada del vino/Margreid an der Weinstraße,0.0,0.528,0.138,0,3
21046,Malles Venosta/Mals,0.0,1.134,1.506,2,68
21047,Marebbe/Enneberg,0.0,4.499,107.566,1,22
21048,Marlengo/Marling,0.0,0.0,0.054,0,15
21049,Martello/Martell,0.0,0.0,0.0,2,29
21050,Meltina/Mölten,0.0,0.0,0.098,0,18
21051,Merano/Meran,0.0,0.0,0.087,4,60
21052,Monguelfo-Tesido/Welsberg-Taisten,0.0,0.0,0.36,0,7
21053,Montagna sulla strada del vino/Montan an der Weinstraße,0.0,0.0,11.474,0,24
21054,Moso in Passiria/Moos in Passeier,0.0,1.137,119.34,1,73
21055,Nalles/Nals,0.0,0.0,0.006,0,10
21056,Naturno/Naturns,0.0,0.098,11.115,1,42
21057,Naz-Sciaves/Natz-Schabs,0.0,0.0,2.794,0,58
21058,Nova Levante/Welschnofen,0.0,1.939,0.248,0,10
21059,Nova Ponente/Deutschnofen,0.0,0.148,0.266,0,72
21060,Ora/Auer,0.0,0.0,0.109,0,2
21061,Ortisei/St. Ulrich,0.0,0.0,9.692,2,31
21062,Parcines/Partschins,0.0,0.111,34.455,3,107
21063,Perca/Percha,0.0,0.0,20.872,0,13
21064,Plaus/Plaus,0.0,0.0,0.046,0,3
21065,Ponte Gardena/Waidbruck,0.0,0.0,0.0,0,9
21066,Postal/Burgstall,0.0,0.0,0.064,0,5
21067,Prato allo Stelvio/Prad am Stilfserjoch,0.0,0.0,0.28,1,11
21068,Predoi/Prettau,0.0,1.407,62.602,2,31
21069,Proves/Proveis,0.0,0.954,0.0,0,0
21070,Racines/Ratschings,0.0,1.543,0.482,2,45
21071,Rasun-Anterselva/Rasen-Antholz,0.0,3.446,47.043,0,25
21072,Renon/Ritten,0.0,1.326,0.441,1,81
21073,Rifiano/Riffian,0.0,0.72,27.546,0,22
21074,Rio di Pusteria/Mühlbach,0.0,0.409,29.666,0,56
21075,Rodengo/Rodeneck,0.0,0.0,1.232,1,39
21076,Salorno sulla strada del vino/Salurn an der Weinstraße,0.0,0.0,18.546,0,51
21077,San Candido/Innichen,0.0,0.18,37.329,2,19
21079,San Genesio Atesino/Jenesien,0.0,0.0,0.083,0,35
21080,San Leonardo in Passiria/St. Leonhard in Passeier,0.0,0.898,0.012,1,58
21081,San Lorenzo di Sebato/St. Lorenzen,0.0,0.0,0.402,1,30
21082,San Martino in Badia/St. Martin in Thurn,0.0,0.152,24.677,1,40
21083,San Martino in Passiria/St. Martin in Passeier,0.0,0.0,11.872,1,34
21084,San Pancrazio/St. Pankraz,0.0,0.451,0.0,0,9
21085,Santa Cristina Valgardena/St. Christina in Gröden,0.0,0.0,20.248,0,60
21086,Sarentino/Sarntal,0.0,2.55,0.14,0,131
21087,Scena/Schenna,0.0,0.0,0.0,1,51
21088,Selva dei Molini/Mühlwald,0.0,0.241,0.642,0,5
21089,Selva di Val Gardena/Wolkenstein in Gröden,0.0,0.071,28.148,0,82
21091,Senales/Schnals,0.0,0.346,87.951,1,27
21092,Sesto/Sexten,0.0,2.07,42.48,1,32
21093,Silandro/Schlanders,0.0,0.392,1.073,0,44
21094,Sluderno/Schluderns,0.0,0.0,1.552,0,14
21095,Stelvio/Stilfs,0.0,0.541,0.0,0,31
21096,Terento/Terenten,0.0,0.0,0.112,0,11
21097,Terlano/Terlan,0.0,0.0,0.016,0,18
21098,Termeno sulla strada del vino/Tramin an der Weinstraße,0.0,0.0,0.0,1,13
21099,Tesimo/Tisens,0.0,0.0,0.137,1,37
21100,Tires/Tiers,0.0,0.0,30.199,0,13
21101,Tirolo/Tirol,0.0,3.814,16.543,2,60
21102,Trodena nel parco naturale/Truden im Naturpark,0.0,0.0,16.69,0,19
21103,Tubre/Taufers im Münstertal,0.0,0.0,0.0,0,9
21104,Ultimo/Ulten,0.0,3.63,0.0,1,24
21105,Vadena/Pfatten,0.0,0.158,0.024,0,4
21106,Valdaora/Olang,0.0,0.0,16.101,0,24
21107,Val di Vizze/Pfitsch,0.0,0.144,105.349,0,14
21108,Valle Aurina/Ahrntal,0.0,1.752,45.601,2,80
21109,Valle di Casies/Gsies,0.0,0.0,0.013,0,10
21110,Vandoies/Vintl,0.0,0.0,70.153,0,24
21111,Varna/Vahrn,0.0,2.568,0.306,0,88
21112,Verano/Vöran,0.0,0.0,0.016,0,0
21113,Villabassa/Niederdorf,0.0,0.322,0.302,1,30
21114,Villandro/Villanders,0.0,0.899,0.0,1,77
21115,Vipiteno/Sterzing,0.0,0.099,0.037,1,16
21116,Velturno/Feldthurns,0.0,0.441,0.034,0,61
21117,La Valle/Wengen,0.0,0.0,13.416,0,29
21118,Senale-San Felice/Unsere Liebe Frau im Walde-St. Felix,0.0,0.0,0.023,0,15
22001,Ala,0.0,0.0,4.934,1,223
22002,Albiano,0.0,0.178,0.0,1,5
22003,Aldeno,0.0,0.0,0.0,0,4
22005,Andalo,0.0,0.968,1.535,0,6
22006,Arco,0.0,0.602,0.0,2,123
22007,Avio,0.0,0.0,0.186,0,27
22009,Baselga di Pinè,0.0,3.887,0.145,1,34
22011,Bedollo,0.0,0.0,0.0,0,12
22013,Besenello,0.0,0.0,5.369,0,41
22015,Bieno,0.0,1.77,0.0,0,12
22017,Bleggio Superiore,0.0,0.0,0.0,1,19
22018,Bocenago,0.0,0.0,0.885,0,31
22021,Bondone,0.0,1.798,8.217,0,17
22022,Borgo Valsugana,0.0,0.0,0.308,4,109
22025,Brentonico,0.0,0.0,1.65,1,141
22026,Bresimo,0.0,0.0,0.0,0,9
22029,Caderzone Terme,0.0,2.406,9.384,0,3
22032,Calceranica al Lago,0.0,2.823,0.0,2,7
22033,Caldes,0.0,0.0,0.0,0,11
22034,Caldonazzo,0.0,1.787,0.0,0,15
22035,Calliano,0.0,0.0,0.043,0,31
22036,Campitello di Fassa,0.0,0.0,0.262,0,10
22037,Campodenno,0.0,0.0,14.296,0,15
22038,Canal San Bovo,0.0,0.199,27.566,0,42
22039,Canazei,0.0,0.822,0.009,1,26
22040,Capriana,0.0,0.0,0.167,0,9
22042,Carisolo,0.0,5.775,23.357,0,2
22043,Carzano,0.0,0.0,0.0,0,15
22045,Castel Condino,0.0,0.0,0.036,0,14
22047,Castello-Molina di Fiemme,0.0,1.81,0.016,0,9
22048,Castello Tesino,0.0,2.213,0.061,0,23
22049,Castelnuovo,0.0,0.0,0.048,0,62
22050,Cavalese,0.0,0.369,0.0,0,5
22051,Cavareno,0.0,0.0,0.0,0,3
22052,Cavedago,0.0,0.0,2.892,0,3
22053,Cavedine,0.0,5.546,0.104,0,53
22054,Cavizzana,0.0,0.0,0.0,0,2
22058,Cimone,0.0,0.0,0.077,0,1
22059,Cinte Tesino,0.0,1.478,0.0,1,11
22060,Cis,0.0,0.0,0.0,0,2
22061,Civezzano,0.0,0.739,0.0,0,79
22062,Cles,0.0,0.159,4.002,0,12
22064,Commezzadura,0.0,0.0,0.078,0,2
22068,Croviana,0.0,0.0,0.0,0,2
22071,Dambel,0.0,0.0,0.0,0,4
22074,Denno,0.0,0.0,5.594,0,3
22078,Drena,0.0,0.0,0.0,0,16
22079,Dro,0.0,3.488,3.968,0,33
22081,Fai della Paganella,0.0,0.0,0.0,0,12
22083,Fiavè,0.0,0.412,0.002,1,20
22085,Fierozzo,0.0,0.0,0.0,1,5
22087,Folgaria,0.0,0.329,0.071,0,82
22089,Fornace,0.0,1.131,0.001,0,15
22090,Frassilongo,0.0,0.0,0.0,0,9
22091,Garniga Terme,0.0,0.0,0.005,0,7
22092,Giovo,0.0,0.066,0.006,0,31
22093,Giustino,0.0,0.0,31.787,1,3
22095,Grigno,0.0,0.406,0.776,0,39
22097,Imer,0.0,0.0,6.284,0,21
22098,Isera,0.0,0.0,0.071,1,25
22102,Lavarone,0.0,0.907,0.0,2,23
22103,Lavis,0.0,0.0,0.802,0,30
22104,Levico Terme,0.0,6.474,0.483,0,44
22106,Livo,0.0,0.0,0.0,0,5
22108,Lona-Lases,0.0,1.645,0.0,0,5
22109,Luserna,0.0,0.0,0.013,2,15
22110,Malé,0.0,0.0,0.053,1,3
22112,Massimeno,0.0,5.22,17.924,0,1
22113,Mazzin,0.0,0.0,0.05,0,4
22114,Mezzana,0.0,0.0,0.006,0,6
22115,Mezzano,0.0,0.0,9.538,0,28
22116,Mezzocorona,0.0,0.0,0.0,0,20
22117,Mezzolombardo,0.0,0.0,0.396,0,29
22118,Moena,0.0,2.056,10.947,2,18
22120,Molveno,0.0,10.43,21.666,0,6
22123,Mori,0.0,0.0,0.0,0,161
22124,Nago-Torbole,0.0,8.068,0.0,0,84
22127,Nogaredo,0.0,0.0,0.0,0,10
22128,Nomi,0.0,0.0,0.032,0,9
22129,Novaledo,0.0,0.0,0.0,0,2
22130,Ospedaletto,0.0,0.013,0.203,0,13
22131,Ossana,0.0,0.123,0.066,0,9
22133,Palù del Fersina,0.0,0.0,0.0,2,5
22134,Panchià,0.0,0.0,0.0,0,1
22135,Ronzo-Chienis,0.0,0.0,0.0,0,29
22136,Peio,0.0,0.456,0.0,1,20
22137,Pellizzano,0.0,0.91,0.347,0,14
22138,Pelugo,0.0,0.556,15.575,0,4
22139,Pergine Valsugana,0.0,11.102,0.604,3,105
22142,Pieve Tesino,0.0,3.17,0.456,2,45
22143,Pinzolo,0.0,10.761,47.307,1,22
22144,Pomarolo,0.0,0.0,0.0,0,10
22147,Predazzo,0.0,0.679,16.547,0,10
22150,Rabbi,0.0,3.078,0.0,0,8
22153,Riva del Garda,0.0,9.29,14.33,3,154
22155,Romeno,0.0,0.0,0.0,0,10
22156,Roncegno Terme,0.0,0.125,0.289,1,29
22157,Ronchi Valsugana,0.0,0.556,0.031,0,3
22159,Ronzone,0.0,0.0,0.0,1,4
22160,Roverè della Luna,0.0,0.0,0.0,1,10
22161,Rovereto,0.0,0.0,0.383,5,130
22162,Ruffrè-Mendola,0.0,0.665,0.0,0,1
22163,Rumo,0.0,0.862,0.0,0,9
22164,Sagron Mis,0.0,0.0,0.077,0,3
22165,Samone,0.0,0.0,0.0,0,6
22167,San Michele all'Adige,0.0,0.0,0.0,1,26
22168,Sant'Orsola Terme,0.0,0.0,0.0,1,8
22169,Sanzeno,0.0,0.0,0.0,0,10
22170,Sarnonico,0.0,0.0,0.0,0,2
22171,Scurelle,0.0,3.92,0.0,0,33
22172,Segonzano,0.0,0.0,0.0,0,27
22173,Sfruz,0.0,0.0,0.0,0,0
22176,Soraga di Fassa,0.0,0.796,0.0,0,1
22177,Sover,0.0,0.0,0.0,0,7
22179,Spiazzo,0.0,6.896,53.721,1,10
22180,Spormaggiore,0.0,0.0,17.773,1,13
22181,Sporminore,0.0,0.0,12.453,0,9
22182,Stenico,0.0,0.852,26.817,1,34
22183,Storo,0.0,0.638,20.302,1,66
22184,Strembo,0.0,0.0,33.397,0,0
22188,Telve,0.0,1.276,2.29,1,41
22189,Telve di Sopra,0.0,0.0,0.064,1,27
22190,Tenna,0.0,3.347,0.0,0,3
22191,Tenno,0.0,2.569,2.792,3,28
22193,Terragnolo,0.0,0.0,0.0,0,32
22195,Terzolas,0.0,0.0,0.0,0,1
22196,Tesero,0.0,3.772,0.0,0,7
22199,Tione di Trento,0.0,1.156,2.912,0,4
22200,Ton,0.0,0.0,0.27,0,75
22202,Torcegno,0.0,0.85,0.026,0,14
22203,Trambileno,0.0,0.0,0.0,0,43
22205,Trento,0.0,0.12,3.051,5,500
22209,Valfloriana,0.0,0.016,0.019,0,5
22210,Vallarsa,0.0,0.907,0.0,0,39
22213,Vermiglio,0.0,1.741,0.402,2,30
22216,Vignola-Falesina,0.0,0.0,0.415,1,31
22222,Villa Lagarina,0.0,1.428,0.003,1,42
22224,Volano,0.0,0.0,0.004,0,16
22226,Ziano di Fiemme,0.0,0.42,0.0,0,5
22228,Comano Terme,0.0,0.0,17.531,0,56
22229,Ledro,0.0,2.446,75.551,2,291
22230,Predaia,0.0,2.576,0.206,0,31
22231,San Lorenzo Dorsino,0.0,5.998,53.641,0,32
22232,Valdaone,0.0,3.39,44.508,1,44
22233,Dimaro Folgarida,0.0,0.0,5.094,0,14
22234,Pieve di Bono-Prezzo,0.0,0.0,0.458,0,24
22235,Altavalle,0.0,0.214,0.219,0,10
22236,Altopiano della Vigolana,0.0,0.416,0.034,0,32
22237,Amblar-Don,0.0,0.0,0.0,0,4
22238,Borgo Chiese,0.0,0.0,0.142,1,41
22239,Borgo Lares,0.0,0.0,0.059,0,6
22240,Castel Ivano,0.0,0.336,0.283,1,113
22241,Cembra Lisignago,0.0,0.673,0.0,0,13
22242,Contà,0.0,0.149,8.524,0,12
22243,Madruzzo,0.0,7.969,0.0,0,45
22244,Porte di Rendena,0.0,0.0,17.399,0,12
22245,Primiero San Martino di Castrozza,0.0,3.04,125.538,0,64
22246,Sella Giudicarie,0.0,1.849,14.738,0,21
22247,Tre Ville,0.0,0.0,50.534,0,11
22248,Vallelaghi,0.0,8.591,0.147,2,102
22249,Ville d'Anaunia,0.0,3.414,65.791,1,24
22250,San Giovanni di Fassa-Sèn Jan,0.0,0.0,0.375,1,22
22251,Terre d'Adige,0.0,0.0,0.089,0,17
22252,Borgo d'Anaunia,0.0,0.0,0.0,1,21
22253,Novella,0.0,0.0,0.065,0,18
22254,Ville di Fiemme,0.0,0.404,0.086,0,6
23001,Affi,0.0,0.0,0.0,1,4
23002,Albaredo d'Adige,0.0,0.0,0.0,0,38
23003,Angiari,0.0,0.0,0.0,0,1
23004,Arcole,0.0,0.0,0.0,1,11
23005,Badia Calavena,0.0,0.0,0.0,0,19
23006,Bardolino,0.0,8.144,0.0,3,9
23007,Belfiore,0.0,0.0,0.475,0,2
23008,Bevilacqua,0.0,0.0,0.0,0,10
23009,Bonavigo,0.0,0.0,0.0,0,3
23010,Boschi Sant'Anna,0.0,0.0,0.0,0,0
23011,Bosco Chiesanuova,0.0,0.0,35.287,1,90
23012,Bovolone,0.0,0.0,0.531,0,4
23013,Brentino Belluno,0.0,0.0,0.0,0,25
23014,Brenzone sul Garda,0.0,10.495,0.146,1,45
23015,Bussolengo,0.0,0.0,0.0,0,9
23016,Buttapietra,0.0,0.0,0.0,0,2
23017,Caldiero,0.0,0.0,0.0,0,13
23018,Caprino Veronese,0.0,0.0,0.0,0,21
23019,Casaleone,0.0,0.0,0.251,0,5
23020,Castagnaro,0.0,0.0,0.0,0,1
23021,Castel d'Azzano,0.0,0.0,0.025,0,1
23022,Castelnuovo del Garda,0.0,2.164,0.0,0,17
23023,Cavaion Veronese,0.0,0.0,0.0,0,5
23024,Cazzano di Tramigna,0.0,0.235,0.0,0,1
23025,Cerea,0.0,3.428,1.439,0,12
23026,Cerro Veronese,0.0,0.0,0.0,0,5
23027,Cologna Veneta,0.0,0.0,0.0,1,24
23028,Colognola ai Colli,0.0,0.0,0.0,0,8
23029,Concamarise,0.0,0.0,0.0,0,0
23030,Costermano sul Garda,0.0,0.443,0.0,0,10
23031,Dolcè,0.0,0.0,4.698,0,6
23032,Erbè,0.0,0.0,0.0,0,0
23033,Erbezzo,0.0,0.0,18.377,0,69
23034,Ferrara di Monte Baldo,0.0,0.0,0.0,0,15
23035,Fumane,0.0,0.0,1.403,1,15
23036,Garda,0.0,5.72,0.0,1,14
23037,Gazzo Veronese,0.0,0.0,0.592,0,9
23038,Grezzana,0.0,0.0,0.258,1,33
23039,Illasi,0.0,0.0,0.0,0,6
23040,Isola della Scala,0.0,0.0,0.0,0,6
23041,Isola Rizza,0.0,0.0,0.0,0,3
23042,Lavagno,0.0,0.0,0.0,0,5
23043,Lazise,0.0,9.814,0.0,0,13
23044,Legnago,0.0,0.0,0.0,2,9
23045,Malcesine,0.0,16.477,0.142,1,36
23046,Marano di Valpolicella,0.0,0.0,1.501,0,12
23047,Mezzane di Sotto,0.0,0.0,0.0,0,7
23048,Minerbe,0.0,0.0,0.0,0,3
23049,Montecchia di Crosara,0.0,0.0,0.0,1,8
23050,Monteforte d'Alpone,0.0,0.0,0.0,0,23
23051,Mozzecane,0.0,1.005,0.0,0,8
23052,Negrar di Valpolicella,0.0,0.0,0.0,0,23
23053,Nogara,0.0,0.0,0.0,0,1
23054,Nogarole Rocca,0.0,3.266,0.0,0,8
23055,Oppeano,0.0,0.0,1.433,0,6
23056,Palù,0.0,0.0,0.257,0,1
23057,Pastrengo,0.0,0.41,0.0,0,6
23058,Pescantina,0.0,0.0,0.0,0,6
23059,Peschiera del Garda,0.0,10.316,0.497,1,49
23060,Povegliano Veronese,0.0,0.0,0.0,0,9
23061,Pressana,0.0,0.0,0.0,0,12
23062,Rivoli Veronese,0.0,0.0,0.0,1,14
23063,Roncà,0.0,0.0,0.0,1,22
23064,Ronco all'Adige,0.0,0.0,0.0,0,22
23065,Roverchiara,0.0,0.0,0.0,0,23
23066,Roveredo di Guà,0.0,0.0,0.0,0,6
23067,Roverè Veronese,0.0,0.0,3.576,0,13
23068,Salizzole,0.0,0.0,0.0,0,2
23069,San Bonifacio,0.0,0.0,0.0,1,9
23070,San Giovanni Ilarione,0.0,0.0,0.072,0,31
23071,San Giovanni Lupatoto,0.0,0.0,0.0,0,24
23072,Sanguinetto,0.0,0.0,0.0,0,3
23073,San Martino Buon Albergo,0.0,0.0,0.0,0,4
23074,San Mauro di Saline,0.0,0.0,0.0,0,2
23075,San Pietro di Morubio,0.0,0.0,0.0,0,1
23076,San Pietro in Cariano,0.0,0.0,0.0,0,24
23077,Sant'Ambrogio di Valpolicella,0.0,0.0,0.0,0,13
23078,Sant'Anna d'Alfaedo,0.0,0.0,8.754,1,35
23079,San Zeno di Montagna,0.0,0.0,0.0,0,9
23080,Selva di Progno,0.0,0.0,15.703,0,50
23081,Soave,0.0,0.0,0.0,0,59
23082,Sommacampagna,0.0,0.0,0.0,0,10
23083,Sona,0.0,0.0,0.0,0,9
23084,Sorgà,0.0,0.0,0.0,0,1
23085,Terrazzo,0.0,0.069,0.0,0,2
23086,Torri del Benaco,0.0,11.233,0.553,1,25
23087,Tregnago,0.0,0.0,0.0,0,9
23088,Trevenzuolo,0.0,0.0,0.0,0,4
23089,Valeggio sul Mincio,0.0,0.0,0.185,0,25
23090,Velo Veronese,0.0,0.0,1.14,1,22
23091,Verona,0.0,0.362,0.0,24,355
23092,Veronella,0.0,0.0,0.0,0,18
23093,Vestenanova,0.0,0.0,1.01,0,39
23094,Vigasio,0.0,0.373,0.0,0,5
23095,Villa Bartolomea,0.0,0.0,0.0,0,2
23096,Villafranca di Verona,0.0,0.0,0.0,1,30
23097,Zevio,0.0,0.0,0.0,0,7
23098,Zimella,0.0,0.0,0.0,0,9
24001,Agugliaro,0.0,0.0,0.0,0,13
24002,Albettone,0.0,0.0,0.0,0,11
24003,Alonte,0.0,0.0,0.0,0,6
24004,Altavilla Vicentina,0.0,0.599,0.0,0,4
24005,Altissimo,0.0,0.0,0.239,0,43
24006,Arcugnano,0.0,4.248,0.006,0,26
24007,Arsiero,0.0,0.902,0.0,0,46
24008,Arzignano,0.0,0.0,0.0,0,96
24009,Asiago,0.0,0.0,90.487,9,133
24010,Asigliano Veneto,0.0,0.0,0.0,0,3
24012,Bassano del Grappa,0.0,0.135,0.509,9,106
24013,Bolzano Vicentino,0.0,0.0,0.0,0,15
24014,Breganze,0.0,0.0,0.0,1,58
24015,Brendola,0.0,0.0,0.0,0,8
24016,Bressanvido,0.0,0.0,1.319,0,6
24017,Brogliano,0.0,0.0,0.0,0,2
24018,Caldogno,0.0,0.0,0.0,0,17
24019,Caltrano,0.0,0.0,0.0,0,14
24020,Calvene,0.0,0.0,0.0,0,3
24021,Camisano Vicentino,0.0,0.0,0.0,0,16
24022,Campiglia dei Berici,0.0,0.0,0.0,0,4
24024,Carrè,0.0,0.0,0.0,0,6
24025,Cartigliano,0.0,0.0,0.917,0,6
24026,Cassola,0.0,0.0,0.026,0,18
24027,Castegnero,0.0,0.0,0.0,0,9
24028,Castelgomberto,0.0,0.0,0.0,0,9
24029,Chiampo,0.0,0.0,0.0,0,74
24030,Chiuppano,0.0,0.0,0.0,1,8
24032,Cogollo del Cengio,0.0,0.0,0.0,0,30
24034,Cornedo Vicentino,0.0,0.0,0.0,0,14
24035,Costabissara,0.0,0.0,0.0,0,22
24036,Creazzo,0.0,0.266,0.0,0,9
24037,Crespadoro,0.0,0.0,5.888,1,138
24038,Dueville,0.0,0.0,0.0,0,63
24039,Enego,0.0,0.0,13.118,0,74
24040,Fara Vicentino,0.0,0.0,0.0,0,10
24041,Foza,0.0,0.0,0.0,1,22
24042,Gallio,0.0,0.0,1.59,0,53
24043,Gambellara,0.0,0.0,0.0,0,11
24044,Gambugliano,0.0,0.0,0.0,0,6
24046,Grisignano di Zocco,0.0,0.0,0.0,0,18
24047,Grumolo delle Abbadesse,0.0,0.0,0.0,0,19
24048,Isola Vicentina,0.0,0.0,0.0,0,29
24049,Laghi,0.0,0.362,0.0,0,9
24050,Lastebasse,0.0,0.13,0.0,0,5
24051,Longare,0.0,0.0,0.0,0,17
24052,Lonigo,0.0,0.0,0.0,0,11
24053,Lugo di Vicenza,0.0,0.0,0.0,2,17
24055,Malo,0.0,0.0,0.0,6,54
24056,Marano Vicentino,0.0,0.0,0.0,0,11
24057,Marostica,0.0,0.0,0.0,3,68
24060,Montebello Vicentino,0.0,0.0,0.0,0,21
24061,Montecchio Maggiore,0.0,0.0,0.0,4,15
24062,Montecchio Precalcino,0.0,0.0,0.0,0,14
24063,Monte di Malo,0.0,0.189,0.0,2,74
24064,Montegalda,0.0,0.0,0.0,1,15
24065,Montegaldella,0.0,0.0,0.0,0,7
24066,Monteviale,0.0,0.0,0.0,0,7
24067,Monticello Conte Otto,0.0,0.0,0.0,0,14
24068,Montorso Vicentino,0.0,0.0,0.0,0,12
24070,Mussolente,0.0,0.627,0.0,0,7
24071,Nanto,0.0,0.0,0.0,0,10
24072,Nogarole Vicentino,0.0,0.0,0.0,0,10
24073,Nove,0.0,0.0,0.0,2,9
24074,Noventa Vicentina,0.0,0.0,0.0,0,14
24075,Orgiano,0.0,0.0,0.0,0,6
24076,Pedemonte,0.0,0.0,0.0,0,9
24077,Pianezze,0.0,0.0,0.0,0,3
24078,Piovene Rocchette,0.0,0.0,0.0,0,12
24079,Pojana Maggiore,0.0,0.0,0.0,0,14
24080,Posina,0.0,0.0,0.0,0,19
24081,Pove del Grappa,0.0,0.0,0.0,0,8
24082,Pozzoleone,0.0,0.0,0.002,0,10
24083,Quinto Vicentino,0.0,0.0,0.0,0,22
24084,Recoaro Terme,0.0,0.45,0.235,3,55
24085,Roana,0.0,0.0,26.637,5,91
24086,Romano d'Ezzelino,0.0,0.0,0.212,1,13
24087,Rosà,0.0,0.0,2.003,0,16
24088,Rossano Veneto,0.0,0.0,0.038,0,10
24089,Rotzo,0.0,0.0,17.058,2,18
24090,Salcedo,0.0,0.0,0.0,0,0
24091,Sandrigo,0.0,0.0,0.03,0,25
24094,San Pietro Mussolino,0.0,0.0,0.0,0,10
24095,Santorso,0.0,0.079,0.0,2,15
24096,San Vito di Leguzzano,0.0,0.091,0.0,2,33
24097,Sarcedo,0.0,0.0,0.0,0,6
24098,Sarego,0.0,0.0,0.0,0,5
24099,Schiavon,0.0,0.0,0.0,0,7
24100,Schio,0.0,0.0,0.0,8,109
24101,Solagna,0.0,0.0,0.0,0,24
24102,Sossano,0.0,0.0,0.0,1,8
24103,Sovizzo,0.0,0.0,0.0,0,9
24104,Tezze sul Brenta,0.0,0.0,0.235,0,12
24105,Thiene,0.0,0.0,0.0,2,40
24106,Tonezza del Cimone,0.0,0.0,0.0,2,19
24107,Torrebelvicino,0.0,0.0,0.0,0,28
24108,Torri di Quartesolo,0.0,0.0,0.0,0,12
24110,Trissino,0.0,0.0,0.0,0,41
24111,Valdagno,0.0,0.0,0.0,2,32
24112,Valdastico,0.0,0.0,0.084,0,15
24113,Valli del Pasubio,0.0,0.0,0.0,3,75
24115,Velo d'Astico,0.0,0.0,0.0,0,14
24116,Vicenza,0.0,0.0,2.823,11,157
24117,Villaga,0.0,0.0,0.0,0,11
24118,Villaverla,0.0,0.0,0.0,1,14
24119,Zanè,0.0,0.0,0.0,0,5
24120,Zermeghedo,0.0,0.0,0.0,0,4
24121,Zovencedo,0.0,0.0,0.0,0,3
24122,Zugliano,0.0,0.0,0.0,0,10
24123,Val Liona,0.0,0.0,0.0,0,19
24124,Barbarano Mossano,0.0,0.0,0.0,0,31
24125,Valbrenta,0.0,0.0,0.0,8,102
24126,Colceresa,0.0,0.0,0.0,0,19
24127,Lusiana Conco,0.0,0.0,0.0,4,49
25001,Agordo,0.0,0.0,0.0,0,13
25002,Alano di Piave,0.0,0.0,0.0,1,14
25003,Alleghe,0.0,0.0,0.0,0,10
25004,Arsiè,0.0,0.0,0.0,1,43
25005,Auronzo di Cadore,0.0,4.622,0.275,1,465
25006,Belluno,0.0,0.252,0.0,3,288
25007,Borca di Cadore,0.0,0.0,0.0,0,4
25008,Calalzo di Cadore,0.0,0.0,0.0,0,9
25010,Cencenighe Agordino,0.0,1.27,0.0,0,9
25011,Cesiomaggiore,0.0,0.0,0.0,2,30
25012,Chies d'Alpago,0.0,0.0,0.014,0,2
25013,Cibiana di Cadore,0.0,0.0,0.0,2,9
25014,Colle Santa Lucia,0.0,0.0,0.0,0,3
25015,Comelico Superiore,0.0,0.38,0.087,2,34
25016,Cortina d'Ampezzo,0.0,3.607,112.01,4,200
25017,Danta di Cadore,0.0,0.104,0.0,0,2
25018,Domegge di Cadore,0.0,0.0,0.106,0,3
25019,Falcade,0.0,0.569,0.141,1,11
25021,Feltre,0.0,0.0,1.41,5,121
25022,Fonzaso,0.0,0.0,0.0,0,25
25023,Canale d'Agordo,0.0,0.0,0.294,1,16
25025,Gosaldo,0.0,0.0,0.044,0,11
25026,Lamon,0.0,0.0,0.0,0,35
25027,La Valle Agordina,0.0,0.0,0.0,0,11
25029,Limana,0.0,0.0,0.0,0,2
25030,Livinallongo del Col di Lana,0.0,0.137,0.025,1,27
25032,Lorenzago di Cadore,0.0,0.0,0.008,0,8
25033,Lozzo di Cadore,0.0,0.0,0.0,1,87
25035,Ospitale di Cadore,0.0,0.0,0.052,0,9
25036,Pedavena,0.0,0.0,0.0,0,11
25037,Perarolo di Cadore,0.0,0.0,0.171,1,0
25039,Pieve di Cadore,0.0,0.056,0.345,2,16
25040,Ponte nelle Alpi,0.0,4.114,0.0,1,31
25043,Rivamonte Agordino,0.0,0.0,0.0,0,9
25044,Rocca Pietore,0.0,0.299,0.0,0,23
25045,San Gregorio nelle Alpi,0.0,0.0,0.0,1,22
25046,San Nicolò di Comelico,0.0,0.0,0.0,0,9
25047,San Pietro di Cadore,0.0,0.0,0.0,1,15
25048,Santa Giustina,0.0,0.0,0.0,0,24
25049,San Tomaso Agordino,0.0,0.0,0.0,0,1
25050,Santo Stefano di Cadore,0.0,0.0,0.006,0,32
25051,San Vito di Cadore,0.0,0.729,0.0,1,24
25053,Sedico,0.0,0.0,0.0,0,6
25054,Selva di Cadore,0.0,0.0,0.0,0,4
25055,Seren del Grappa,0.0,0.0,0.0,1,18
25056,Sospirolo,0.0,0.0,0.0,0,3
25057,Soverzene,0.0,1.03,0.0,0,1
25058,Sovramonte,0.0,0.0,0.0,0,34
25059,Taibon Agordino,0.0,0.085,0.233,0,19
25060,Tambre,0.0,0.0,0.765,1,21
25062,Vallada Agordina,0.0,0.0,0.0,0,10
25063,Valle di Cadore,0.0,0.056,0.0,0,15
25065,Vigo di Cadore,0.0,0.0,0.02,0,18
25066,Vodo Cadore,0.0,0.0,0.0,0,16
25067,Voltago Agordino,0.0,0.0,0.0,0,18
25069,Zoppè di Cadore,0.0,0.0,0.0,0,7
25070,Quero Vas,0.0,0.0,0.0,1,16
25071,Longarone,0.0,0.0,0.114,2,969
25072,Alpago,0.0,15.258,0.0,0,24
25073,Val di Zoldo,0.0,0.248,0.0,0,19
25074,Borgo Valbelluna,0.0,0.157,0.001,1,37
26001,Altivole,0.0,0.0,0.104,0,12
26002,Arcade,0.0,0.0,0.0,0,7
26003,Asolo,0.0,0.0,0.0,1,45
26004,Borso del Grappa,0.0,0.0,0.0,0,19
26005,Breda di Piave,0.0,0.0,0.0,0,3
26006,Caerano di San Marco,0.0,0.0,0.0,0,12
26007,Cappella Maggiore,0.0,0.0,0.0,0,3
26008,Carbonera,0.0,0.0,0.0,0,4
26009,Casale sul Sile,0.0,0.0,0.0,0,5
26010,Casier,0.0,0.0,0.0,0,4
26011,Castelcucco,0.0,0.0,0.0,0,0
26012,Castelfranco Veneto,0.0,2.064,0.646,2,131
26013,Castello di Godego,0.0,0.383,5.27,0,10
26014,Cavaso del Tomba,0.0,0.0,0.0,0,7
26015,Cessalto,0.0,0.0,0.0,0,5
26016,Chiarano,0.0,0.0,0.0,0,6
26017,Cimadolmo,0.0,0.0,0.0,0,0
26018,Cison di Valmarino,0.0,0.0,0.059,0,27
26019,Codognè,0.0,0.0,0.0,0,8
26020,Colle Umberto,0.0,0.0,0.0,1,7
26021,Conegliano,0.0,0.534,0.0,6,55
26022,Cordignano,0.0,0.0,0.0,0,13
26023,Cornuda,0.0,0.0,1.406,1,35
26025,Crocetta del Montello,0.0,0.0,0.0,0,15
26026,Farra di Soligo,0.0,0.0,0.0,0,29
26027,Follina,0.0,0.0,0.0,0,15
26028,Fontanelle,0.0,0.0,0.0,0,3
26029,Fonte,0.0,0.0,0.0,0,13
26030,Fregona,0.0,0.0,0.05,0,10
26031,Gaiarine,0.0,1.129,1.077,0,4
26032,Giavera del Montello,0.0,0.0,0.0,0,12
26033,Godega di Sant'Urbano,0.0,0.272,0.0,0,4
26034,Gorgo al Monticano,0.0,0.0,0.918,0,3
26035,Istrana,0.0,0.0,0.0,0,3
26036,Loria,0.0,0.0,0.408,0,18
26037,Mansuè,0.0,0.0,3.137,0,6
26038,Mareno di Piave,0.0,0.0,0.0,0,8
26039,Maser,0.0,0.0,0.0,0,16
26040,Maserada sul Piave,0.0,0.0,0.0,0,2
26041,Meduna di Livenza,0.0,0.0,1.654,0,4
26042,Miane,0.0,0.104,0.0,0,12
26043,Mogliano Veneto,0.0,0.0,0.0,0,16
26044,Monastier di Treviso,0.0,0.0,0.0,0,33
26045,Monfumo,0.0,0.0,0.0,0,3
26046,Montebelluna,0.0,0.0,0.0,1,42
26047,Morgano,0.0,0.0,0.002,0,3
26048,Moriago della Battaglia,0.0,0.0,0.0,0,13
26049,Motta di Livenza,0.0,0.0,1.388,0,5
26050,Nervesa della Battaglia,0.0,0.0,0.0,2,34
26051,Oderzo,0.0,0.699,0.0,4,18
26052,Ormelle,0.0,0.0,0.0,0,2
26053,Orsago,0.0,0.0,0.0,0,3
26055,Paese,0.0,0.0,0.0,0,4
26056,Pederobba,0.0,0.0,1.333,0,16
26057,Pieve di Soligo,0.0,0.0,0.0,0,14
26058,Ponte di Piave,0.0,0.0,0.0,1,4
26059,Ponzano Veneto,0.0,0.346,0.0,0,3
26060,Portobuffolè,0.0,0.0,1.922,1,6
26061,Possagno,0.0,0.115,0.0,0,6
26062,Povegliano,0.0,0.0,0.0,0,10
26063,Preganziol,0.0,0.0,0.0,0,10
26064,Quinto di Treviso,0.0,0.0,0.216,0,11
26065,Refrontolo,0.0,0.0,0.0,0,0
26066,Resana,0.0,1.043,0.0,0,10
26067,Revine Lago,0.0,0.0,0.0,0,14
26068,Riese Pio X,0.0,0.0,8.707,0,8
26069,Roncade,0.0,0.0,0.0,0,5
26070,Salgareda,0.0,0.0,0.01,0,8
26071,San Biagio di Callalta,0.0,0.0,0.0,0,7
26072,San Fior,0.0,0.0,0.0,0,9
26073,San Pietro di Feletto,0.0,0.0,0.0,0,2
26074,San Polo di Piave,0.0,0.0,0.0,0,4
26075,Santa Lucia di Piave,0.0,0.0,0.0,0,4
26076,San Vendemiano,0.0,0.47,0.0,0,7
26077,San Zenone degli Ezzelini,0.0,0.0,0.0,2,33
26078,Sarmede,0.0,0.0,0.0,0,1
26079,Segusino,0.0,0.0,0.0,0,10
26080,Sernaglia della Battaglia,0.0,0.0,0.0,0,12
26081,Silea,0.0,0.0,0.0,0,3
26082,Spresiano,0.0,0.0,0.0,0,1
26083,Susegana,0.0,0.0,0.0,1,28
26084,Tarzo,0.0,0.0,0.0,0,10
26085,Trevignano,0.0,0.0,0.0,0,4
26086,Treviso,0.0,3.192,0.005,9,83
26087,Valdobbiadene,0.0,0.0,0.0,0,42
26088,Vazzola,0.0,0.0,0.0,0,8
26089,Vedelago,0.0,0.0,0.009,0,15
26090,Vidor,0.0,0.0,0.0,0,8
26091,Villorba,0.0,0.0,0.52,0,18
26092,Vittorio Veneto,0.0,5.623,0.0,4,141
26093,Volpago del Montello,0.0,0.0,0.0,0,9
26094,Zenson di Piave,0.0,0.0,0.0,0,2
26095,Zero Branco,0.0,0.0,0.0,0,6
26096,Pieve del Grappa,0.0,0.288,0.0,1,44
27001,Annone Veneto,0.0,0.846,0.005,0,1
27002,Campagna Lupia,0.0,0.0,5.038,2,27
27003,Campolongo Maggiore,0.0,0.0,0.0,0,14
27004,Camponogara,0.0,0.0,0.0,0,29
27005,Caorle,18.259,0.802,33.511,0,22
27006,Cavarzere,0.0,0.0,0.521,0,6
27007,Ceggia,0.0,0.0,0.0,0,5
27008,Chioggia,13.921,0.0,1.749,7,79
27009,Cinto Caomaggiore,0.0,10.652,5.297,0,3
27010,Cona,0.0,0.0,0.0,0,6
27011,Concordia Sagittaria,0.0,0.0,1.068,1,13
27012,Dolo,0.0,0.573,0.0,0,78
27013,Eraclea,2.675,0.0,0.0,0,13
27014,Fiesso d'Artico,0.0,0.0,0.0,0,23
27015,Fossalta di Piave,0.0,0.0,0.0,0,1
27016,Fossalta di Portogruaro,0.0,0.618,0.0,0,3
27017,Fossò,0.0,0.0,0.0,0,11
27018,Gruaro,0.0,0.439,0.259,0,8
27019,Jesolo,16.34,3.202,0.0,4,76
27020,Marcon,0.0,0.0,0.374,0,8
27021,Martellago,0.0,0.0,0.654,0,19
27022,Meolo,0.0,0.0,0.0,1,3
27023,Mira,0.0,0.288,0.0,0,101
27024,Mirano,0.0,0.0,0.0,1,52
27025,Musile di Piave,0.0,0.0,0.0,0,17
27026,Noale,0.0,0.0,0.312,0,9
27027,Noventa di Piave,0.0,0.0,0.0,0,5
27028,Pianiga,0.0,0.0,0.0,0,15
27029,Portogruaro,0.0,0.0,3.679,2,45
27030,Pramaggiore,0.0,0.012,0.004,1,5
27031,Quarto d'Altino,0.0,0.0,0.0,0,11
27032,Salzano,0.0,2.346,0.647,2,10
27033,San Donà di Piave,0.0,0.0,0.0,1,14
27034,San Michele al Tagliamento,11.437,0.0,14.261,2,49
27035,Santa Maria di Sala,0.0,0.0,0.0,0,8
27036,San Stino di Livenza,0.0,0.0,0.809,0,10
27037,Scorzè,0.0,0.0,0.0,0,14
27038,Spinea,0.0,0.0,0.0,0,4
27039,Stra,0.0,0.0,0.0,1,43
27040,Teglio Veneto,0.0,0.0,0.001,0,2
27041,Torre di Mosto,0.0,0.0,0.0,0,1
27042,Venezia,45.353,4.705,0.001,76,839
27043,Vigonovo,0.0,0.0,0.0,0,86
27044,Cavallino-Treporti,14.466,0.047,0.0,0,34
28001,Abano Terme,0.0,0.081,2.102,1,16
28002,Agna,0.0,0.0,0.0,0,2
28003,Albignasego,0.0,0.0,0.0,0,13
28004,Anguillara Veneta,0.0,0.0,0.0,0,4
28005,Arquà Petrarca,0.0,0.0,12.664,0,13
28006,Arre,0.0,0.0,0.0,0,5
28007,Arzergrande,0.0,0.0,0.0,0,9
28008,Bagnoli di Sopra,0.0,0.0,0.0,0,1
28009,Baone,0.0,0.0,24.632,0,17
28010,Barbona,0.0,0.0,0.0,0,2
28011,Battaglia Terme,0.0,0.354,5.771,0,19
28012,Boara Pisani,0.0,0.0,0.0,0,2
28013,Borgoricco,0.0,0.0,0.0,1,9
28014,Bovolenta,0.0,0.0,0.0,0,27
28015,Brugine,0.0,0.0,0.0,0,9
28016,Cadoneghe,0.0,0.0,0.0,0,8
28017,Campodarsego,0.0,0.0,0.0,0,17
28018,Campodoro,0.0,0.0,0.0,0,8
28019,Camposampiero,0.0,0.27,0.0,0,22
28020,Campo San Martino,0.0,0.0,0.0,0,2
28021,Candiana,0.0,0.0,0.0,0,10
28022,Carceri,0.0,0.0,0.0,1,6
28023,Carmignano di Brenta,0.0,0.0,0.0,0,9
28026,Cartura,0.0,0.0,0.0,0,5
28027,Casale di Scodosia,0.0,0.746,0.0,0,3
28028,Casalserugo,0.0,0.0,0.0,0,16
28029,Castelbaldo,0.0,0.0,0.0,0,3
28030,Cervarese Santa Croce,0.0,0.0,1.244,0,18
28031,Cinto Euganeo,0.0,0.0,19.539,0,18
28032,Cittadella,0.0,0.0,0.0,0,55
28033,Codevigo,0.0,0.0,0.279,0,18
28034,Conselve,0.0,0.0,0.0,0,13
28035,Correzzola,0.0,0.0,0.0,0,8
28036,Curtarolo,0.0,0.0,0.0,0,13
28037,Este,0.0,0.0,7.693,1,60
28038,Fontaniva,0.0,0.0,0.0,0,13
28039,Galliera Veneta,0.0,0.0,0.0,0,7
28040,Galzignano Terme,0.0,0.0,17.832,1,24
28041,Gazzo,0.0,0.0,0.0,0,25
28042,Grantorto,0.0,2.157,0.0,0,7
28043,Granze,0.0,0.0,0.024,0,8
28044,Legnaro,0.0,0.0,0.0,0,4
28045,Limena,0.0,0.0,0.0,0,2
28046,Loreggia,0.0,0.697,0.0,0,5
28047,Lozzo Atestino,0.0,0.0,5.128,0,10
28048,Maserà di Padova,0.0,0.0,0.0,0,3
28049,Masi,0.0,1.699,0.0,0,6
28050,Massanzago,0.0,0.0,0.0,0,6
28052,Megliadino San Vitale,0.0,0.614,0.0,0,4
28053,Merlara,0.0,0.062,0.0,0,5
28054,Mestrino,0.0,0.0,0.0,0,15
28055,Monselice,0.0,0.0,13.948,3,35
28056,Montagnana,0.0,1.547,0.109,1,45
28057,Montegrotto Terme,0.0,0.0,8.715,0,21
28058,Noventa Padovana,0.0,0.0,0.0,0,9
28059,Ospedaletto Euganeo,0.0,0.0,0.0,0,5
28060,Padova,0.0,0.0,0.211,23,267
28061,Pernumia,0.0,0.0,0.084,0,4
28062,Piacenza d'Adige,0.0,0.863,0.0,0,0
28063,Piazzola sul Brenta,0.0,3.012,0.0,0,28
28064,Piombino Dese,0.0,0.0,0.189,0,24
28065,Piove di Sacco,0.0,0.212,0.0,0,47
28066,Polverara,0.0,0.0,0.0,1,4
28067,Ponso,0.0,0.164,0.0,0,0
28068,Pontelongo,0.0,0.0,0.0,0,13
28069,Ponte San Nicolò,0.0,0.0,0.0,0,10
28070,Pozzonovo,0.0,0.0,0.0,0,1
28071,Rovolon,0.0,0.0,10.616,0,30
28072,Rubano,0.0,0.0,0.0,0,7
28073,Saccolongo,0.0,1.005,0.0,0,10
28075,San Giorgio delle Pertiche,0.0,0.0,0.042,0,13
28076,San Giorgio in Bosco,0.0,0.0,0.0,0,14
28077,San Martino di Lupari,0.0,0.0,0.0,0,13
28078,San Pietro in Gu,0.0,0.0,0.0,0,14
28079,San Pietro Viminario,0.0,0.0,0.0,0,8
28080,Santa Giustina in Colle,0.0,0.0,0.0,0,8
28082,Sant'Angelo di Piove di Sacco,0.0,0.0,0.0,0,9
28083,Sant'Elena,0.0,0.476,0.0,0,4
28084,Sant'Urbano,0.0,0.525,0.287,0,7
28085,Saonara,0.0,0.628,0.0,0,9
28086,Selvazzano Dentro,0.0,1.797,0.0,0,20
28087,Solesino,0.0,0.0,0.0,0,1
28088,Stanghella,0.0,0.0,0.0,1,8
28089,Teolo,0.0,0.0,24.955,1,62
28090,Terrassa Padovana,0.0,0.0,0.0,0,9
28091,Tombolo,0.0,0.0,0.324,0,4
28092,Torreglia,0.0,0.0,19.098,1,38
28093,Trebaseleghe,0.0,0.0,0.0,0,17
28094,Tribano,0.0,0.0,0.0,0,3
28095,Urbana,0.0,0.955,0.0,1,8
28096,Veggiano,0.0,0.0,0.0,0,9
28097,Vescovana,0.0,0.0,0.0,0,5
28098,Vighizzolo d'Este,0.0,0.672,0.0,0,1
28099,Vigodarzere,0.0,0.0,0.0,0,18
28100,Vigonza,0.0,0.0,0.0,0,39
28101,Villa del Conte,0.0,0.0,0.0,0,16
28102,Villa Estense,0.0,0.325,0.149,1,11
28103,Villafranca Padovana,0.0,0.0,0.0,0,8
28104,Villanova di Camposampiero,0.0,0.0,0.0,0,1
28105,Vo',0.0,0.0,12.935,0,20
28106,Due Carrare,0.0,0.0,0.033,1,21
28107,Borgo Veneto,0.0,0.0,0.0,0,35
29001,Adria,0.0,0.0,2.135,2,27
29002,Ariano nel Polesine,1.333,0.0,80.019,1,7
29003,Arquà Polesine,0.0,0.0,0.0,0,2
29004,Badia Polesine,0.0,1.038,0.0,1,9
29005,Bagnolo di Po,0.0,0.0,0.0,0,1
29006,Bergantino,0.0,0.0,0.0,1,1
29007,Bosaro,0.0,0.0,0.0,0,5
29008,Calto,0.0,0.0,0.0,0,2
29009,Canaro,0.0,0.0,0.0,0,1
29010,Canda,0.0,0.0,0.0,0,1
29011,Castelguglielmo,0.0,0.0,0.0,0,2
29012,Castelmassa,0.0,0.0,0.0,0,4
29013,Castelnovo Bariano,0.0,0.0,0.0,0,3
29014,Ceneselli,0.0,0.0,0.0,0,0
29015,Ceregnano,0.0,0.0,0.0,0,5
29017,Corbola,0.0,0.0,18.599,0,2
29018,Costa di Rovigo,0.0,0.0,0.0,0,2
29019,Crespino,0.0,0.0,0.0,0,4
29021,Ficarolo,0.0,0.0,0.0,0,1
29022,Fiesso Umbertiano,0.0,0.0,0.0,0,4
29023,Frassinelle Polesine,0.0,0.0,0.0,0,0
29024,Fratta Polesine,0.0,0.0,0.0,2,5
29025,Gaiba,0.0,0.0,0.0,0,5
29026,Gavello,0.0,0.0,0.0,0,6
29027,Giacciano con Baruchella,0.0,0.0,0.0,0,2
29028,Guarda Veneta,0.0,0.0,0.0,0,6
29029,Lendinara,0.0,0.135,0.0,0,18
29030,Loreo,0.0,0.0,1.418,0,0
29031,Lusia,0.0,0.0,0.0,0,4
29032,Melara,0.0,0.0,0.024,0,1
29033,Occhiobello,0.0,0.0,0.0,0,6
29034,Papozze,0.0,0.0,2.713,0,1
29035,Pettorazza Grimani,0.0,0.0,0.0,0,2
29036,Pincara,0.0,0.0,0.0,0,4
29037,Polesella,0.0,0.0,0.0,0,6
29038,Pontecchio Polesine,0.0,0.0,0.0,0,3
29039,Porto Tolle,38.087,0.0,258.043,0,29
29040,Rosolina,12.633,0.0,75.086,0,3
29041,Rovigo,0.0,0.0,0.0,3,38
29042,Salara,0.0,0.0,0.0,0,0
29043,San Bellino,0.0,0.0,0.0,0,3
29044,San Martino di Venezze,0.0,0.0,0.0,0,2
29045,Stienta,0.0,0.0,0.0,0,9
29046,Taglio di Po,0.0,0.0,78.872,1,8
29047,Trecenta,0.0,0.0,0.0,0,9
29048,Villadose,0.0,0.0,0.0,0,0
29049,Villamarzana,0.0,0.0,0.0,0,6
29050,Villanova del Ghebbo,0.0,0.0,0.0,0,1
29051,Villanova Marchesana,0.0,0.0,0.0,0,1
29052,Porto Viro,6.215,0.0,133.942,2,10
30001,Aiello del Friuli,0.0,0.27,0.141,0,10
30002,Amaro,0.0,0.0,0.0,0,3
30003,Ampezzo,0.0,0.0,3.381,0,4
30004,Aquileia,0.0,0.0,2.253,2,45
30005,Arta Terme,0.0,0.0,0.0,0,6
30006,Artegna,0.0,0.0,0.0,1,29
30007,Attimis,0.0,0.0,0.399,1,27
30008,Bagnaria Arsa,0.0,0.0,0.097,0,2
30009,Basiliano,0.0,0.0,0.0,0,6
30010,Bertiolo,0.0,0.0,1.202,0,1
30011,Bicinicco,0.0,2.327,0.0,0,1
30012,Bordano,0.0,1.172,0.0,0,5
30013,Buja,0.0,0.0,0.438,1,7
30014,Buttrio,0.0,0.0,0.0,1,4
30015,Camino al Tagliamento,0.0,0.0,0.0,0,2
30016,Campoformido,0.0,0.0,0.432,0,10
30018,Carlino,0.0,0.0,0.196,0,4
30019,Cassacco,0.0,0.0,0.13,0,5
30020,Castions di Strada,0.0,2.886,0.475,0,9
30021,Cavazzo Carnico,0.0,2.789,0.0,0,20
30022,Cercivento,0.0,0.0,0.0,1,7
30023,Cervignano del Friuli,0.0,0.0,0.001,0,26
30024,Chiopris-Viscone,0.0,0.0,1.579,0,2
30025,Chiusaforte,0.0,0.0,18.493,0,71
30026,Cividale del Friuli,0.0,0.0,0.67,4,44
30027,Codroipo,0.0,0.0,1.252,1,17
30028,Colloredo di Monte Albano,0.0,0.0,0.0,0,6
30029,Comeglians,0.0,0.0,0.0,0,8
30030,Corno di Rosazzo,0.0,0.0,0.0,0,7
30031,Coseano,0.0,0.0,0.0,0,1
30032,Dignano,0.0,0.0,6.8,0,0
30033,Dogna,0.0,0.0,13.307,1,40
30034,Drenchia,0.0,0.0,0.0,0,4
30035,Enemonzo,0.0,0.0,6.457,0,0
30036,Faedis,0.0,0.0,1.416,0,23
30037,Fagagna,0.0,0.726,0.916,0,7
30039,Flaibano,0.0,0.0,0.186,0,4
30040,Forni Avoltri,0.0,0.0,38.427,0,42
30041,Forni di Sopra,0.0,0.0,41.529,1,4
30042,Forni di Sotto,0.0,0.0,44.09,0,4
30043,Gemona del Friuli,0.0,0.0,6.521,4,61
30044,Gonars,0.0,0.0,0.829,0,9
30045,Grimacco,0.0,0.0,0.0,0,22
30046,Latisana,0.0,0.0,0.973,2,38
30047,Lauco,0.0,0.0,5.013,0,8
30048,Lestizza,0.0,0.0,0.0,0,2
30049,Lignano Sabbiadoro,8.072,0.0,1.428,1,19
30051,Lusevera,0.0,0.0,12.984,0,16
30052,Magnano in Riviera,0.0,0.0,0.0,0,5
30053,Majano,0.0,0.0,2.128,0,8
30054,Malborghetto Valbruna,0.0,0.156,20.733,0,75
30055,Manzano,0.0,0.0,1.157,0,10
30056,Marano Lagunare,10.991,0.0,93.548,2,58
30057,Martignacco,0.0,0.0,0.27,1,33
30058,Mereto di Tomba,0.0,0.0,0.0,0,5
30059,Moggio Udinese,0.0,0.0,59.544,0,98
30060,Moimacco,0.0,0.0,0.0,0,4
30061,Montenars,0.0,0.0,0.0,0,33
30062,Mortegliano,0.0,0.49,0.0,0,2
30063,Moruzzo,0.0,0.0,0.407,0,10
30064,Muzzana del Turgnano,0.0,0.0,0.254,0,8
30065,Nimis,0.0,0.0,2.998,0,4
30066,Osoppo,0.0,0.0,13.643,0,11
30067,Ovaro,0.0,0.389,1.493,3,9
30068,Pagnacco,0.0,0.0,0.054,1,31
30069,Palazzolo dello Stella,0.0,0.0,0.656,0,6
30070,Palmanova,0.0,0.0,0.0,2,114
30071,Paluzza,0.0,0.219,14.256,0,30
30072,Pasian di Prato,0.0,0.0,0.88,0,36
30073,Paularo,0.0,0.0,17.798,1,26
30074,Pavia di Udine,0.0,0.0,0.509,0,2
30075,Pocenia,0.0,0.894,0.761,0,4
30076,Pontebba,0.0,0.0,11.413,0,53
30077,Porpetto,0.0,0.0,0.268,0,1
30078,Povoletto,0.0,0.0,0.049,1,12
30079,Pozzuolo del Friuli,0.0,0.0,0.0,0,8
30080,Pradamano,0.0,0.0,0.0,0,3
30081,Prato Carnico,0.0,0.158,0.0,0,1
30082,Precenicco,0.0,0.0,1.164,0,3
30083,Premariacco,0.0,0.0,0.341,0,4
30084,Preone,0.0,0.0,14.829,1,1
30085,Prepotto,0.0,0.0,0.055,0,12
30086,Pulfero,0.0,0.0,10.056,0,17
30087,Ragogna,0.0,0.0,2.742,1,13
30088,Ravascletto,0.0,0.0,0.055,0,1
30089,Raveo,0.0,0.0,8.067,0,1
30090,Reana del Rojale,0.0,0.0,0.0,0,6
30091,Remanzacco,0.0,0.0,0.085,0,5
30092,Resia,0.0,0.0,49.163,2,37
30093,Resiutta,0.0,0.0,10.474,0,9
30094,Rigolato,0.0,0.0,1.004,0,2
30095,Rive d'Arcano,0.0,0.0,0.421,0,5
30097,Ronchis,0.0,0.0,0.0,0,2
30098,Ruda,0.0,0.0,0.0,0,8
30099,San Daniele del Friuli,0.0,1.033,3.481,1,10
30100,San Giorgio di Nogaro,0.0,0.0,0.264,0,11
30101,San Giovanni al Natisone,0.0,0.0,1.206,0,3
30102,San Leonardo,0.0,0.0,0.0,0,2
30103,San Pietro al Natisone,0.0,0.0,0.0,1,7
30104,Santa Maria la Longa,0.0,0.0,0.0,0,7
30105,San Vito al Torre,0.0,0.0,0.0,0,2
30106,San Vito di Fagagna,0.0,0.0,0.0,0,1
30107,Sauris,0.0,0.069,6.397,1,1
30108,Savogna,0.0,0.0,2.117,0,4
30109,Sedegliano,0.0,0.0,0.0,1,9
30110,Socchieve,0.0,0.0,6.861,0,1
30111,Stregna,0.0,0.0,0.0,0,34
30112,Sutrio,0.0,0.0,0.0,0,5
30113,Taipana,0.0,0.0,18.854,2,25
30114,Talmassons,0.0,0.0,0.744,0,0
30116,Tarcento,0.0,0.0,0.0,0,19
30117,Tarvisio,0.0,3.781,75.21,4,116
30118,Tavagnacco,0.0,0.0,0.0,0,10
30120,Terzo d'Aquileia,0.0,0.0,0.102,0,6
30121,Tolmezzo,0.0,0.0,0.166,1,21
30122,Torreano,0.0,0.0,0.0,0,12
30123,Torviscosa,0.0,0.0,0.519,0,7
30124,Trasaghis,0.0,5.504,18.177,1,30
30126,Treppo Grande,0.0,0.0,0.0,0,1
30127,Tricesimo,0.0,0.0,0.0,0,2
30128,Trivignano Udinese,0.0,0.0,1.601,0,2
30129,Udine,0.0,0.0,0.0,25,225
30130,Varmo,0.0,0.0,0.458,0,9
30131,Venzone,0.0,0.0,14.686,1,29
30132,Verzegnis,0.0,0.0,0.267,1,6
30133,Villa Santina,0.0,0.0,1.678,0,9
30135,Visco,0.0,0.0,0.0,0,2
30136,Zuglio,0.0,0.0,0.0,0,20
30137,Forgaria nel Friuli,0.0,0.0,7.095,0,14
30138,Campolongo Tapogliano,0.0,0.0,0.0,0,16
30188,Rivignano Teor,0.0,0.0,0.399,0,3
30189,Sappada,0.0,0.0,0.015,1,39
30190,Fiumicello Villa Vicentina,0.0,0.0,0.655,0,6
30191,Treppo Ligosullo,0.0,0.0,6.727,0,10
31001,Capriva del Friuli,0.0,0.0,0.07,0,3
31002,Cormons,0.0,0.0,0.323,0,12
31003,Doberdò del Lago-Doberdob,0.0,0.0,5.523,0,474
31004,Dolegna del Collio,0.0,0.0,0.01,0,1
31005,Farra d'Isonzo,0.0,0.96,0.0,1,2
31006,Fogliano Redipuglia,0.0,0.0,0.0,2,50
31007,Gorizia,0.0,0.0,0.0,17,104
31008,Gradisca d'Isonzo,0.0,0.359,0.0,2,31
31009,Grado,36.033,0.0,81.81,3,30
31010,Mariano del Friuli,0.0,0.0,0.0,0,1
31011,Medea,0.0,0.0,0.0,0,5
31012,Monfalcone,21.517,0.0,1.516,6,51
31013,Moraro,0.0,0.0,0.0,0,1
31014,Mossa,0.0,0.0,0.014,0,2
31015,Romans d'Isonzo,0.0,0.0,0.0,0,2
31016,Ronchi dei Legionari,0.0,1.169,1.138,0,99
31017,Sagrado,0.0,0.0,0.0,1,69
31018,San Canzian d'Isonzo,0.0,0.0,3.579,0,4
31019,San Floriano del Collio-Števerjan,0.0,0.0,0.0,0,2
31020,San Lorenzo Isontino,0.0,0.0,1.028,0,2
31021,San Pier d'Isonzo,0.0,0.0,0.0,0,4
31022,Savogna d'Isonzo-Sovodnje ob Soči,0.0,0.201,0.0,1,73
31023,Staranzano,12.045,0.0,6.682,1,4
31024,Turriaco,0.0,0.0,0.015,0,1
31025,Villesse,0.0,0.0,0.0,0,4
32001,Duino Aurisina-Devin Nabrežina,0.787,0.0,0.347,3,292
32002,Monrupino-Repentabor,0.0,0.0,2.252,0,15
32003,Muggia,0.111,0.0,0.089,0,17
32004,San Dorligo della Valle-Dolina,0.0,0.0,7.512,3,53
32005,Sgonico-Zgonik,0.0,0.0,1.99,0,30
32006,Trieste,31.597,0.044,0.0,20,382
33001,Agazzano,0.0,0.389,0.0,0,8
33002,Alseno,0.0,0.431,0.0,0,3
33003,Besenzone,0.0,0.0,0.0,0,1
33004,Bettola,0.0,0.0,0.0,0,8
33005,Bobbio,0.0,0.0,0.0,0,15
33006,Borgonovo Val Tidone,0.0,0.0,0.0,0,8
33007,Cadeo,0.0,0.0,0.0,0,2
33008,Calendasco,0.0,0.0,4.531,0,3
33010,Caorso,0.0,0.0,2.921,0,4
33011,Carpaneto Piacentino,0.0,0.0,0.0,0,6
33012,Castell'Arquato,0.0,0.0,0.0,3,30
33013,Castel San Giovanni,0.0,0.0,0.0,0,1
33014,Castelvetro Piacentino,0.0,0.538,0.123,0,0
33015,Cerignale,0.0,0.0,0.0,0,1
33016,Coli,0.0,0.0,0.0,0,4
33017,Corte Brugnatella,0.0,0.0,0.0,0,0
33018,Cortemaggiore,0.0,0.0,0.0,0,8
33019,Farini,0.0,0.0,0.0,0,2
33020,Ferriere,0.0,1.573,0.0,0,6
33021,Fiorenzuola d'Arda,0.0,0.0,0.0,0,5
33022,Gazzola,0.0,10.568,19.566,0,9
33023,Gossolengo,0.0,0.0,8.278,0,4
33024,Gragnano Trebbiense,0.0,0.0,4.774,1,3
33025,Gropparello,0.0,0.0,0.0,0,7
33026,Lugagnano Val d'Arda,0.0,0.0,0.0,0,9
33027,Monticelli d'Ongina,0.0,0.0,0.401,1,5
33028,Morfasso,0.0,0.12,0.0,1,11
33030,Ottone,0.0,0.0,0.092,0,4
33032,Piacenza,0.0,4.924,7.096,7,45
33033,Pianello Val Tidone,0.0,0.0,0.0,1,3
33034,Piozzano,0.0,0.277,0.0,0,5
33035,Podenzano,0.0,0.0,0.0,0,5
33036,Ponte dell'Olio,0.0,0.822,0.0,0,10
33037,Pontenure,0.0,0.0,0.0,0,2
33038,Rivergaro,0.0,0.459,6.831,0,3
33039,Rottofreno,0.0,0.0,1.222,0,6
33040,San Giorgio Piacentino,0.0,0.0,0.0,0,4
33041,San Pietro in Cerro,0.0,0.0,0.0,0,3
33042,Sarmato,0.0,0.0,0.0,0,1
33043,Travo,0.0,0.566,0.35,0,6
33044,Vernasca,0.0,0.0,0.0,1,9
33045,Vigolzone,0.0,0.272,0.0,1,13
33046,Villanova sull'Arda,0.0,2.192,0.86,0,1
33047,Zerba,0.0,0.0,0.0,0,1
33048,Ziano Piacentino,0.0,0.127,0.0,0,4
33049,Alta Val Tidone,0.0,3.904,0.0,0,9
34001,Albareto,0.0,0.0,0.145,0,12
34002,Bardi,0.0,0.0,0.0,3,30
34003,Bedonia,0.0,0.403,0.094,0,93
34004,Berceto,0.0,0.0,0.158,1,37
34005,Bore,0.0,0.0,0.0,0,2
34006,Borgo Val di Taro,0.0,0.18,0.0,1,34
34007,Busseto,0.0,0.0,0.0,1,6
34008,Calestano,0.0,0.0,0.0,0,3
34009,Collecchio,0.0,1.028,15.861,0,3
34010,Colorno,0.0,0.0,0.565,0,6
34011,Compiano,0.0,0.011,0.0,3,11
34012,Corniglio,0.0,0.0,115.904,1,35
34013,Felino,0.0,0.0,0.0,0,3
34014,Fidenza,0.0,0.0,0.0,1,21
34015,Fontanellato,0.0,0.0,0.0,1,13
34016,Fontevivo,0.0,0.0,0.0,0,0
34017,Fornovo di Taro,0.0,0.0,1.457,1,8
34018,Langhirano,0.0,0.0,0.0,0,13
34019,Lesignano de' Bagni,0.0,0.352,0.0,0,3
34020,Medesano,0.0,0.0,5.96,0,7
34022,Monchio delle Corti,0.0,1.026,58.591,0,20
34023,Montechiarugolo,0.0,0.099,3.505,0,5
34024,Neviano degli Arduini,0.0,0.0,2.515,3,30
34025,Noceto,0.0,0.0,4.488,2,16
34026,Palanzano,0.0,0.167,1.128,0,15
34027,Parma,0.0,0.911,2.351,19,99
34028,Pellegrino Parmense,0.0,0.0,0.0,0,4
34030,Roccabianca,0.0,3.458,0.074,0,9
34031,Sala Baganza,0.0,0.378,0.0,1,6
34032,Salsomaggiore Terme,0.0,0.209,0.0,0,16
34033,San Secondo Parmense,0.0,0.0,0.0,0,2
34035,Solignano,0.0,0.274,0.0,0,12
34036,Soragna,0.0,0.0,0.0,0,2
34038,Terenzo,0.0,0.0,0.0,0,21
34039,Tizzano Val Parma,0.0,0.0,0.0,0,16
34040,Tornolo,0.0,0.174,0.63,0,61
34041,Torrile,0.0,0.0,0.271,0,1
34042,Traversetolo,0.0,0.121,0.939,0,14
34044,Valmozzola,0.0,0.0,0.0,1,2
34045,Varano de' Melegari,0.0,0.0,0.0,0,7
34046,Varsi,0.0,0.0,0.0,0,13
34049,Sissa Trecasali,0.0,0.0,0.742,0,4
34050,Polesine Zibello,0.0,8.741,0.263,0,11
34051,Sorbolo Mezzani,0.0,0.276,7.772,0,9
35001,Albinea,0.0,0.0,8.019,0,15
35002,Bagnolo in Piano,0.0,0.0,0.0,0,1
35003,Baiso,0.0,0.0,2.191,0,17
35004,Bibbiano,0.0,0.0,0.0,0,8
35005,Boretto,0.0,0.0,0.0,1,5
35006,Brescello,0.0,0.0,0.013,2,9
35008,Cadelbosco di Sopra,0.0,0.0,6.164,0,4
35009,Campagnola Emilia,0.0,0.0,2.242,0,3
35010,Campegine,0.0,0.499,10.255,0,0
35011,Carpineti,0.0,0.0,1.471,0,14
35012,Casalgrande,0.0,0.0,0.123,0,9
35013,Casina,0.0,0.0,4.537,0,10
35014,Castellarano,0.0,0.0,7.859,0,16
35015,Castelnovo di Sotto,0.0,2.105,0.0,0,5
35016,Castelnovo ne' Monti,0.0,0.185,14.92,0,11
35017,Cavriago,0.0,0.0,0.0,0,6
35018,Canossa,0.0,0.0,12.276,0,10
35020,Correggio,0.0,1.51,0.132,3,68
35021,Fabbrico,0.0,0.0,0.959,0,3
35022,Gattatico,0.0,0.0,2.396,0,3
35023,Gualtieri,0.0,0.0,2.408,0,6
35024,Guastalla,0.0,0.0,10.833,0,6
35026,Luzzara,0.0,0.0,4.578,0,0
35027,Montecchio Emilia,0.0,0.0,0.822,1,6
35028,Novellara,0.0,0.0,3.702,3,6
35029,Poviglio,0.0,0.0,0.0,1,4
35030,Quattro Castella,0.0,0.333,3.362,0,9
35032,Reggiolo,0.0,1.958,6.067,0,8
35033,Reggio nell'Emilia,0.0,1.029,5.126,12,211
35034,Rio Saliceto,0.0,0.0,1.601,0,1
35035,Rolo,0.0,0.0,0.022,0,2
35036,Rubiera,0.0,0.0,2.75,0,10
35037,San Martino in Rio,0.0,1.317,0.0,1,6
35038,San Polo d'Enza,0.0,0.0,1.103,0,8
35039,Sant'Ilario d'Enza,0.0,0.281,0.885,0,0
35040,Scandiano,0.0,0.0,0.055,0,37
35041,Toano,0.0,0.0,0.0,0,8
35042,Vetto,0.0,0.0,8.936,0,16
35043,Vezzano sul Crostolo,0.0,0.0,5.244,0,9
35044,Viano,0.0,0.0,5.79,0,6
35045,Villa Minozzo,0.0,0.628,105.739,2,14
35046,Ventasso,0.0,0.532,229.319,0,42
36001,Bastiglia,0.0,0.0,0.0,0,2
36002,Bomporto,0.0,0.0,0.0,0,5
36003,Campogalliano,0.0,0.0,1.412,0,10
36004,Camposanto,0.0,0.0,0.023,0,0
36005,Carpi,0.0,0.0,18.962,2,47
36006,Castelfranco Emilia,0.0,0.262,1.572,1,28
36007,Castelnuovo Rangone,0.0,0.0,0.019,1,5
36008,Castelvetro di Modena,0.0,0.0,0.0,2,8
36009,Cavezzo,0.0,0.0,0.0,0,2
36010,Concordia sulla Secchia,0.0,0.0,0.274,0,10
36011,Fanano,0.0,0.026,104.345,2,26
36012,Finale Emilia,0.0,0.0,3.29,0,5
36013,Fiorano Modenese,0.0,0.0,5.34,0,27
36014,Fiumalbo,0.0,0.157,51.907,1,8
36015,Formigine,0.0,0.0,0.596,0,14
36016,Frassinoro,0.0,0.0,44.278,1,3
36017,Guiglia,0.0,0.0,23.346,3,9
36018,Lama Mocogno,0.0,0.0,3.764,0,3
36019,Maranello,0.0,0.0,0.723,0,6
36020,Marano sul Panaro,0.0,0.0,2.816,0,5
36021,Medolla,0.0,0.0,0.041,0,2
36022,Mirandola,0.0,0.0,27.024,1,8
36023,Modena,0.0,0.0,3.275,12,89
36024,Montecreto,0.0,0.0,1.882,0,2
36025,Montefiorino,0.0,0.0,1.299,1,3
36026,Montese,0.0,0.0,0.0,2,20
36027,Nonantola,0.0,1.111,1.344,0,6
36028,Novi di Modena,0.0,0.0,7.806,0,4
36029,Palagano,0.0,0.0,7.345,0,4
36030,Pavullo nel Frignano,0.0,0.151,1.296,0,19
36031,Pievepelago,0.0,1.448,119.092,0,3
36032,Polinago,0.0,0.0,0.0,0,5
36033,Prignano sulla Secchia,0.0,0.0,0.877,0,4
36034,Ravarino,0.0,0.0,0.0,0,1
36035,Riolunato,0.0,0.0,21.745,0,2
36036,San Cesario sul Panaro,0.0,0.0,2.425,1,3
36037,San Felice sul Panaro,0.0,0.0,0.215,0,4
36038,San Possidonio,0.0,0.0,0.0,0,1
36039,San Prospero,0.0,0.0,0.0,0,2
36040,Sassuolo,0.0,0.0,0.394,1,18
36041,Savignano sul Panaro,0.0,0.0,0.0,1,7
36042,Serramazzoni,0.0,0.0,3.135,1,14
36043,Sestola,0.0,0.365,3.951,0,4
36044,Soliera,0.0,0.0,0.0,0,7
36045,Spilamberto,0.0,0.118,0.0,1,6
36046,Vignola,0.0,0.0,0.0,1,13
36047,Zocca,0.0,0.0,8.822,0,13
37001,Anzola dell'Emilia,0.0,0.83,0.386,0,0
37002,Argelato,0.0,0.0,3.008,1,7
37003,Baricella,0.0,0.0,1.313,0,3
37005,Bentivoglio,0.0,0.0,0.877,1,11
37006,Bologna,0.0,1.509,9.325,51,299
37007,Borgo Tossignano,0.0,0.0,44.322,1,19
37008,Budrio,0.0,0.114,10.745,4,17
37009,Calderara di Reno,0.0,0.503,0.605,0,4
37010,Camugnano,0.0,0.0,34.626,4,66
37011,Casalecchio di Reno,0.0,0.0,2.071,0,13
37012,Casalfiumanese,0.0,0.0,7.576,0,9
37013,Castel d'Aiano,0.0,0.0,0.047,1,11
37014,Castel del Rio,0.0,0.0,3.664,1,15
37015,Castel di Casio,0.0,0.0,1.207,1,26
37016,Castel Guelfo di Bologna,0.0,0.0,0.0,0,6
37017,Castello d'Argile,0.0,0.349,0.129,0,3
37019,Castel Maggiore,0.0,0.0,0.106,0,11
37020,Castel San Pietro Terme,0.0,0.875,0.0,1,32
37021,Castenaso,0.0,0.0,0.0,1,5
37022,Castiglione dei Pepoli,0.0,0.0,4.782,0,19
37024,Crevalcore,0.0,0.982,7.677,2,11
37025,Dozza,0.0,0.0,0.378,1,12
37026,Fontanelice,0.0,0.0,10.87,0,7
37027,Gaggio Montano,0.0,0.0,0.0,0,15
37028,Galliera,0.0,0.0,0.535,0,1
37030,Granarolo dell'Emilia,0.0,0.21,0.0,0,1
37031,Grizzana Morandi,0.0,0.0,21.098,0,44
37032,Imola,0.0,0.0,4.273,12,123
37033,Lizzano in Belvedere,0.0,0.38,45.096,1,40
37034,Loiano,0.0,0.0,3.577,0,15
37035,Malalbergo,0.0,0.0,0.0,0,6
37036,Marzabotto,0.0,0.747,15.711,0,65
37037,Medicina,0.0,0.14,20.694,1,34
37038,Minerbio,0.0,0.0,3.704,1,7
37039,Molinella,0.0,0.0,26.39,0,13
37040,Monghidoro,0.0,0.0,7.833,1,62
37041,Monterenzio,0.0,0.168,15.41,2,16
37042,Monte San Pietro,0.0,0.581,0.0,1,16
37044,Monzuno,0.0,0.0,8.159,0,24
37045,Mordano,0.0,0.0,0.0,0,3
37046,Ozzano dell'Emilia,0.0,0.0,14.474,3,28
37047,Pianoro,0.0,0.0,27.734,1,21
37048,Pieve di Cento,0.0,0.25,0.793,2,13
37050,Sala Bolognese,0.0,0.0,0.677,1,4
37051,San Benedetto Val di Sambro,0.0,0.698,24.18,0,56
37052,San Giorgio di Piano,0.0,0.0,0.0,0,8
37053,San Giovanni in Persiceto,0.0,0.071,4.403,4,18
37054,San Lazzaro di Savena,0.0,0.0,22.615,1,21
37055,San Pietro in Casale,0.0,0.0,0.0,1,10
37056,Sant'Agata Bolognese,0.0,0.0,0.135,1,7
37057,Sasso Marconi,0.0,2.444,24.608,0,52
37059,Vergato,0.0,0.0,0.026,2,16
37060,Zola Predosa,0.0,0.195,1.284,0,28
37061,Valsamoggia,0.0,2.048,8.812,2,39
37062,Alto Reno Terme,0.0,0.131,0.316,2,71
38001,Argenta,0.0,0.0,118.917,2,24
38003,Bondeno,0.0,0.0,0.0,1,23
38004,Cento,0.0,0.0,0.0,5,46
38005,Codigoro,0.749,0.151,19.994,1,21
38006,Comacchio,17.019,3.421,270.772,5,45
38007,Copparo,0.0,0.0,0.0,0,19
38008,Ferrara,0.0,0.0,4.51,20,324
38010,Jolanda di Savoia,0.0,0.0,1.418,0,5
38011,Lagosanto,0.0,0.0,1.562,0,2
38012,Masi Torello,0.0,0.0,0.0,0,0
38014,Mesola,0.0,0.761,41.312,0,15
38017,Ostellato,0.0,1.075,7.381,0,7
38018,Poggio Renatico,0.0,0.0,1.389,0,7
38019,Portomaggiore,0.0,0.0,0.0,1,11
38022,Vigarano Mainarda,0.0,0.0,0.0,0,7
38023,Voghiera,0.0,0.0,0.0,2,21
38025,Goro,11.703,0.0,27.116,0,8
38027,Fiscaglia,0.0,0.285,4.035,2,6
38028,Terre del Reno,0.0,0.0,7.126,0,4
38029,Riva del Po,0.0,0.0,0.237,0,13
38030,Tresignana,0.0,0.0,0.0,0,15
39001,Alfonsine,0.0,0.0,3.714,0,8
39002,Bagnacavallo,0.0,0.0,0.065,2,21
39003,Bagnara di Romagna,0.0,0.0,0.0,3,6
39004,Brisighella,0.0,0.0,54.643,3,84
39005,Casola Valsenio,0.0,0.0,36.784,0,31
39006,Castel Bolognese,0.0,0.0,0.0,1,7
39007,Cervia,11.503,0.0,22.471,1,7
39008,Conselice,0.0,0.0,0.237,0,3
39009,Cotignola,0.0,0.22,0.0,0,3
39010,Faenza,0.0,0.152,0.022,16,81
39011,Fusignano,0.0,0.0,0.0,1,2
39012,Lugo,0.0,0.509,0.0,2,33
39013,Massa Lombarda,0.0,0.0,0.0,0,33
39014,Ravenna,34.747,5.292,189.574,14,178
39015,Riolo Terme,0.0,0.0,29.027,0,19
39016,Russi,0.0,0.0,0.0,2,10
39017,Sant'Agata sul Santerno,0.0,0.0,0.0,0,1
39018,Solarolo,0.0,0.0,0.0,1,4
40001,Bagno di Romagna,0.0,0.64,8.874,3,53
40003,Bertinoro,0.0,0.0,0.0,1,10
40004,Borghi,0.0,0.0,0.0,2,2
40005,Castrocaro Terme e Terra del Sole,0.0,0.599,0.008,1,26
40007,Cesena,0.0,0.66,0.0,8,47
40008,Cesenatico,7.754,1.054,0.0,3,44
40009,Civitella di Romagna,0.0,0.0,0.0,0,12
40011,Dovadola,0.0,1.601,0.0,0,13
40012,Forlì,0.0,2.296,0.0,8,60
40013,Forlimpopoli,0.0,0.143,0.0,1,3
40014,Galeata,0.0,0.0,0.0,0,49
40015,Gambettola,0.0,0.0,0.0,0,9
40016,Gatteo,0.839,0.0,0.0,0,22
40018,Longiano,0.0,0.0,0.0,1,5
40019,Meldola,0.0,0.0,0.0,1,10
40020,Mercato Saraceno,0.0,0.0,0.0,0,4
40022,Modigliana,0.0,0.0,0.0,5,11
40028,Montiano,0.0,0.0,0.0,0,8
40031,Portico e San Benedetto,0.0,0.0,0.0,0,25
40032,Predappio,0.0,0.0,0.0,0,3
40033,Premilcuore,0.0,0.0,0.0,1,25
40036,Rocca San Casciano,0.0,0.214,0.0,0,8
40037,Roncofreddo,0.0,0.5,0.0,1,6
40041,San Mauro Pascoli,0.687,0.0,0.0,0,6
40043,Santa Sofia,0.0,1.945,1.598,1,29
40044,Sarsina,0.0,0.0,0.0,1,7
40045,Savignano sul Rubicone,0.315,0.0,0.013,0,23
40046,Sogliano al Rubicone,0.0,0.0,0.0,7,11
40049,Tredozio,0.0,0.392,0.0,0,6
40050,Verghereto,0.0,0.0,0.208,0,56
41001,Acqualagna,0.0,0.307,10.221,6,17
41002,Apecchio,0.0,0.0,41.974,1,9
41005,Belforte all'Isauro,0.0,0.0,0.0,0,1
41006,Borgo Pace,0.0,0.0,24.998,1,8
41007,Cagli,0.0,0.609,72.553,2,29
41008,Cantiano,0.0,0.734,46.857,3,7
41009,Carpegna,0.0,0.0,0.114,0,8
41010,Cartoceto,0.0,0.356,0.025,0,7
41013,Fano,20.33,6.09,10.5,2,34
41014,Fermignano,0.0,0.0,5.783,0,11
41015,Fossombrone,0.0,0.195,14.789,3,11
41016,Fratte Rosa,0.0,0.0,0.0,0,0
41017,Frontino,0.0,0.0,0.0,1,0
41018,Frontone,0.0,0.075,20.195,0,4
41019,Gabicce Mare,4.553,0.0,2.223,0,1
41020,Gradara,0.0,0.0,0.0,2,16
41021,Isola del Piano,0.0,0.0,0.0,0,0
41022,Lunano,0.0,0.0,0.0,0,0
41023,Macerata Feltria,0.0,1.178,0.0,0,1
41025,Mercatello sul Metauro,0.0,0.59,1.094,0,9
41026,Mercatino Conca,0.0,0.0,1.499,0,1
41027,Mombaroccio,0.0,0.0,5.993,1,7
41028,Mondavio,0.0,0.087,0.0,1,1
41029,Mondolfo,5.509,0.788,0.0,0,8
41030,Montecalvo in Foglia,0.0,0.0,12.862,0,0
41031,Monte Cerignone,0.0,0.0,0.42,0,0
41034,Montefelcino,0.0,0.0,5.032,1,0
41035,Monte Grimano Terme,0.0,0.0,0.0,0,3
41036,Montelabbate,0.0,0.0,0.0,0,1
41038,Monte Porzio,0.0,0.187,0.0,0,6
41041,Peglio,0.0,0.217,0.0,0,0
41043,Pergola,0.0,0.253,0.0,0,24
41044,Pesaro,23.097,0.752,23.162,11,55
41045,Petriano,0.0,0.0,0.057,0,0
41047,Piandimeleto,0.0,0.0,0.073,0,4
41048,Pietrarubbia,0.0,0.0,0.0,0,4
41049,Piobbico,0.0,0.303,29.643,2,8
41051,San Costanzo,0.0,0.242,0.0,0,7
41054,San Lorenzo in Campo,0.0,0.0,0.0,2,10
41057,Sant'Angelo in Vado,0.0,0.506,0.0,2,4
41058,Sant'Ippolito,0.0,0.318,0.8,1,6
41061,Serra Sant'Abbondio,0.0,0.0,16.585,1,9
41064,Tavoleto,0.0,0.0,4.855,0,2
41065,Tavullia,0.0,0.223,0.0,0,3
41066,Urbania,0.0,0.0,2.416,0,3
41067,Urbino,0.0,0.771,18.394,7,81
41068,Vallefoglia,0.0,0.34,1.813,0,5
41069,Colli al Metauro,0.0,0.0,8.579,0,3
41070,Terre Roveresche,0.0,0.319,0.385,0,7
41071,Sassocorvaro Auditore,0.0,5.263,10.537,0,5
42001,Agugliano,0.0,0.239,0.0,0,3
42002,Ancona,42.418,0.898,31.086,5,116
42003,Arcevia,0.0,1.085,11.751,2,44
42004,Barbara,0.0,0.182,0.0,0,2
42005,Belvedere Ostrense,0.0,0.0,0.0,0,1
42006,Camerano,0.0,0.0,6.303,0,3
42007,Camerata Picena,0.0,0.0,0.0,0,2
42008,Castelbellino,0.0,0.0,0.0,1,6
42010,Castelfidardo,0.0,0.0,1.157,2,12
42011,Castelleone di Suasa,0.0,0.0,0.0,1,18
42012,Castelplanio,0.0,0.0,0.0,0,3
42013,Cerreto d'Esi,0.0,0.0,0.655,0,9
42014,Chiaravalle,0.0,0.944,0.0,1,4
42015,Corinaldo,0.0,0.271,0.0,0,7
42016,Cupramontana,0.0,0.0,0.0,3,13
42017,Fabriano,0.0,0.0,78.537,8,134
42018,Falconara Marittima,7.624,0.0,0.0,1,11
42019,Filottrano,0.0,0.0,0.0,0,5
42020,Genga,0.0,0.154,45.374,0,13
42021,Jesi,0.0,0.084,4.068,3,100
42022,Loreto,0.0,0.0,0.0,2,36
42023,Maiolati Spontini,0.0,0.205,0.0,0,8
42024,Mergo,0.0,0.0,0.0,0,6
42025,Monsano,0.0,0.0,0.0,0,10
42026,Montecarotto,0.0,0.183,0.0,0,2
42027,Montemarciano,4.596,0.0,0.0,0,9
42029,Monte Roberto,0.0,0.0,0.0,0,7
42030,Monte San Vito,0.0,1.174,0.0,0,5
42031,Morro d'Alba,0.0,0.0,0.0,0,10
42032,Numana,5.713,0.0,9.8,1,4
42033,Offagna,0.0,0.0,0.0,2,4
42034,Osimo,0.0,0.645,0.0,2,24
42035,Ostra,0.0,1.463,0.0,0,1
42036,Ostra Vetere,0.0,0.0,0.0,1,6
42037,Poggio San Marcello,0.0,0.048,0.0,0,4
42038,Polverigi,0.0,0.235,0.0,0,1
42040,Rosora,0.0,0.0,0.0,0,1
42041,San Marcello,0.0,0.0,0.0,1,0
42042,San Paolo di Jesi,0.0,0.0,0.0,0,1
42043,Santa Maria Nuova,0.0,0.184,0.0,0,5
42044,Sassoferrato,0.0,0.0,7.057,4,114
42045,Senigallia,14.931,0.0,0.0,4,22
42046,Serra de' Conti,0.0,0.23,0.0,0,6
42047,Serra San Quirico,0.0,0.0,10.927,1,15
42048,Sirolo,6.697,0.0,12.501,0,9
42049,Staffolo,0.0,0.0,0.0,1,6
42050,Trecastelli,0.0,0.0,0.0,0,3
43002,Apiro,0.0,4.725,3.448,0,14
43003,Appignano,0.0,0.0,0.0,0,1
43004,Belforte del Chienti,0.0,1.614,0.0,1,4
43005,Bolognola,0.0,0.0,0.0,0,8
43006,Caldarola,0.0,0.0,0.0,1,10
43007,Camerino,0.0,0.0,10.47,3,32
43008,Camporotondo di Fiastrone,0.0,0.0,0.0,0,4
43009,Castelraimondo,0.0,0.0,1.398,1,10
43010,Castelsantangelo sul Nera,0.0,0.0,0.0,0,4
43011,Cessapalombo,0.0,0.0,0.0,0,4
43012,Cingoli,0.0,22.377,5.339,1,6
43013,Civitanova Marche,7.577,0.0,0.145,0,205
43014,Colmurano,0.0,0.0,0.0,0,1
43015,Corridonia,0.0,0.0,0.005,0,7
43016,Esanatoglia,0.0,0.0,22.333,0,6
43017,Fiastra,0.0,10.694,0.0,0,9
43019,Fiuminata,0.0,0.0,16.061,0,8
43020,Gagliole,0.0,0.0,0.078,0,10
43021,Gualdo,0.0,0.0,0.0,0,0
43022,Loro Piceno,0.0,0.0,0.121,0,0
43023,Macerata,0.0,0.0,0.001,2,53
43024,Matelica,0.0,0.0,10.385,2,15
43025,Mogliano,0.0,0.0,0.0,0,0
43026,Montecassiano,0.0,0.0,0.0,0,3
43027,Monte Cavallo,0.0,0.0,3.261,0,6
43028,Montecosaro,0.0,0.397,0.0,1,5
43029,Montefano,0.0,0.0,0.0,0,5
43030,Montelupone,0.0,0.0,0.0,1,6
43031,Monte San Giusto,0.0,0.0,0.0,0,4
43032,Monte San Martino,0.0,0.905,0.139,0,0
43033,Morrovalle,0.0,0.0,0.0,1,30
43034,Muccia,0.0,0.0,0.0,0,3
43035,Penna San Giovanni,0.0,0.0,0.0,0,3
43036,Petriolo,0.0,0.0,0.146,0,0
43038,Pieve Torina,0.0,0.174,6.053,0,1
43039,Pioraco,0.0,0.0,3.768,0,6
43040,Poggio San Vicino,0.0,0.0,0.144,0,3
43041,Pollenza,0.0,0.715,0.223,0,1
43042,Porto Recanati,8.745,0.0,0.008,2,4
43043,Potenza Picena,5.81,4.492,0.402,0,7
43044,Recanati,0.0,1.166,0.0,5,28
43045,Ripe San Ginesio,0.0,0.0,0.0,0,1
43046,San Ginesio,0.0,0.0,0.0,0,3
43047,San Severino Marche,0.0,1.274,8.485,2,36
43048,Sant'Angelo in Pontano,0.0,0.0,0.0,0,2
43049,Sarnano,0.0,0.0,0.0,0,6
43050,Sefro,0.0,0.383,23.186,0,5
43051,Serrapetrona,0.0,0.0,11.041,3,7
43052,Serravalle di Chienti,0.0,0.0,6.581,1,17
43053,Tolentino,0.0,2.741,9.42,2,17
43054,Treia,0.0,2.112,0.084,1,24
43055,Urbisaglia,0.0,0.403,10.063,2,11
43056,Ussita,0.0,0.172,0.0,0,6
43057,Visso,0.0,0.0,6.073,0,18
43058,Valfornace,0.0,0.802,0.0,0,6
44001,Acquasanta Terme,0.0,2.057,10.906,0,9
44002,Acquaviva Picena,0.0,0.0,0.0,0,3
44005,Appignano del Tronto,0.0,0.0,0.0,0,1
44006,Arquata del Tronto,0.0,0.0,0.844,0,9
44007,Ascoli Piceno,0.0,3.233,14.859,7,76
44010,Carassai,0.0,0.0,0.0,0,2
44011,Castel di Lama,0.0,0.0,0.0,1,16
44012,Castignano,0.0,0.0,1.79,2,5
44013,Castorano,0.0,0.0,0.0,0,0
44014,Colli del Tronto,0.0,0.0,0.0,3,6
44015,Comunanza,0.0,2.511,0.0,0,2
44016,Cossignano,0.0,0.0,0.0,2,5
44017,Cupra Marittima,5.422,0.0,2.445,2,12
44020,Folignano,0.0,0.0,0.0,0,3
44021,Force,0.0,0.0,0.0,2,7
44023,Grottammare,5.928,0.0,0.158,3,123
44027,Maltignano,0.0,0.0,0.0,0,1
44029,Massignano,1.387,0.0,0.023,2,13
44031,Monsampolo del Tronto,0.0,0.0,0.0,0,0
44032,Montalto delle Marche,0.0,0.0,0.0,1,7
44034,Montedinove,0.0,0.0,0.0,1,5
44036,Montefiore dell'Aso,0.0,0.0,0.0,2,2
44038,Montegallo,0.0,0.0,2.488,0,3
44044,Montemonaco,0.0,4.492,0.0,0,12
44045,Monteprandone,0.0,0.0,0.0,0,4
44054,Offida,0.0,0.0,0.0,1,2
44056,Palmiano,0.0,0.0,0.0,1,3
44063,Ripatransone,0.0,0.0,9.644,1,2
44064,Roccafluvione,0.0,0.0,0.0,0,2
44065,Rotella,0.0,0.0,3.368,2,6
44066,San Benedetto del Tronto,13.049,0.0,1.657,1,15
44071,Spinetoli,0.0,0.78,0.04,0,1
44073,Venarotta,0.0,0.0,0.0,1,22
45001,Aulla,0.0,0.852,0.147,0,37
45002,Bagnone,0.0,0.0,13.851,2,28
45003,Carrara,4.864,0.0,24.245,1,144
45004,Casola in Lunigiana,0.0,0.0,15.902,1,10
45005,Comano,0.0,0.32,15.991,0,19
45006,Filattiera,0.0,0.0,11.224,1,18
45007,Fivizzano,0.0,0.0,50.399,5,71
45008,Fosdinovo,0.0,0.0,22.512,0,7
45009,Licciana Nardi,0.0,0.308,6.325,0,19
45010,Massa,6.158,0.0,53.936,5,92
45011,Montignoso,0.798,0.0,4.381,1,19
45012,Mulazzo,0.0,0.0,0.083,3,7
45013,Podenzana,0.0,0.0,0.031,0,8
45014,Pontremoli,0.0,1.04,0.256,3,81
45015,Tresana,0.0,0.0,0.106,0,7
45016,Villafranca in Lunigiana,0.0,0.0,0.0,1,19
45017,Zeri,0.0,0.842,0.151,0,33
46001,Altopascio,0.0,0.169,0.655,1,23
46002,Bagni di Lucca,0.0,0.059,3.264,1,61
46003,Barga,0.0,0.0,1.182,4,22
46004,Borgo a Mozzano,0.0,0.0,0.155,1,23
46005,Camaiore,2.94,0.0,12.315,3,49
46006,Camporgiano,0.0,0.48,2.605,1,7
46007,Capannori,0.0,2.223,0.19,4,67
46008,Careggine,0.0,4.316,24.22,0,11
46009,Castelnuovo di Garfagnana,0.0,1.274,11.82,1,24
46010,Castiglione di Garfagnana,0.0,0.0,0.387,0,19
46011,Coreglia Antelminelli,0.0,0.0,0.249,1,6
46013,Forte dei Marmi,4.793,0.0,0.053,2,10
46014,Fosciandora,0.0,0.0,0.171,0,6
46015,Gallicano,0.0,0.613,21.645,0,14
46017,Lucca,0.0,0.133,0.156,16,295
46018,Massarosa,0.0,2.666,12.781,0,18
46019,Minucciano,0.0,3.79,37.702,1,13
46020,Molazzana,0.0,0.0,23.853,0,11
46021,Montecarlo,0.0,0.0,0.0,0,9
46022,Pescaglia,0.0,0.0,13.272,3,19
46023,Piazza al Serchio,0.0,0.0,3.823,1,13
46024,Pietrasanta,3.716,0.0,0.259,9,34
46025,Pieve Fosciana,0.0,2.845,0.003,0,10
46026,Porcari,0.0,0.0,0.0,1,11
46027,San Romano in Garfagnana,0.0,0.0,5.928,1,11
46028,Seravezza,0.0,0.0,25.87,2,69
46030,Stazzema,0.0,0.0,79.189,2,149
46031,Vagli Sotto,0.0,8.719,41.202,0,18
46033,Viareggio,6.213,4.488,9.063,8,17
46034,Villa Basilica,0.0,0.0,0.0,0,3
46035,Villa Collemandina,0.0,0.0,16.281,1,5
46036,Fabbriche di Vergemoli,0.0,0.0,41.042,0,5
46037,Sillano Giuncugnano,0.0,0.0,4.058,0,6
47002,Agliana,0.0,0.0,0.0,0,10
47003,Buggiano,0.0,0.0,0.0,1,31
47005,Lamporecchio,0.0,0.0,0.001,0,5
47006,Larciano,0.0,0.0,1.124,2,16
47007,Marliana,0.0,0.161,0.0,1,21
47008,Massa e Cozzile,0.0,0.0,0.0,1,29
47009,Monsummano Terme,0.0,1.326,1.967,2,13
47010,Montale,0.0,0.0,0.36,1,49
47011,Montecatini-Terme,0.0,0.161,0.0,1,12
47012,Pescia,0.0,0.0,0.0,8,123
47013,Pieve a Nievole,0.0,0.147,1.232,0,4
47014,Pistoia,0.0,1.049,0.083,17,224
47016,Ponte Buggianese,0.0,0.0,12.328,2,23
47017,Quarrata,0.0,1.91,1.943,2,55
47018,Sambuca Pistoiese,0.0,0.0,4.708,2,51
47020,Serravalle Pistoiese,0.0,0.31,0.0,0,23
47021,Uzzano,0.0,0.0,0.0,0,21
47022,Chiesina Uzzanese,0.0,0.0,0.0,0,4
47023,Abetone Cutigliano,0.0,1.095,13.245,1,21
47024,San Marcello Piteglio,0.0,0.222,0.327,6,40
48001,Bagno a Ripoli,0.0,0.0,0.0,0,39
48002,Barberino di Mugello,0.0,0.0,0.567,1,86
48004,Borgo San Lorenzo,0.0,0.0,0.07,2,59
48005,Calenzano,0.0,0.0,13.064,2,79
48006,Campi Bisenzio,0.0,1.856,1.547,3,39
48008,Capraia e Limite,0.0,0.0,0.069,1,7
48010,Castelfiorentino,0.0,0.0,0.0,2,6
48011,Cerreto Guidi,0.0,0.687,0.901,2,5
48012,Certaldo,0.0,0.0,0.0,4,15
48013,Dicomano,0.0,0.0,0.0,1,15
48014,Empoli,0.0,0.631,0.035,6,43
48015,Fiesole,0.0,0.0,2.027,8,73
48017,Firenze,0.0,0.0,11.493,99,812
48018,Firenzuola,0.0,0.0,8.407,4,100
48019,Fucecchio,0.0,2.623,24.515,2,21
48020,Gambassi Terme,0.0,0.0,0.0,2,16
48021,Greve in Chianti,0.0,0.253,0.0,2,33
48022,Impruneta,0.0,0.136,0.0,1,13
48024,Lastra a Signa,0.0,3.225,0.035,1,33
48025,Londa,0.0,0.0,0.0,0,12
48026,Marradi,0.0,0.664,0.003,1,44
48027,Montaione,0.0,1.792,2.229,1,26
48028,Montelupo Fiorentino,0.0,0.0,0.0,3,13
48030,Montespertoli,0.0,0.0,0.0,3,19
48031,Palazzuolo sul Senio,0.0,0.0,0.024,2,34
48032,Pelago,0.0,0.0,1.828,2,52
48033,Pontassieve,0.0,2.34,8.117,0,275
48035,Reggello,0.0,0.0,32.452,2,49
48036,Rignano sull'Arno,0.0,0.0,0.0,0,69
48037,Rufina,0.0,0.576,0.0,2,25
48038,San Casciano in Val di Pesa,0.0,0.111,0.0,3,64
48039,San Godenzo,0.0,0.304,0.314,0,12
48041,Scandicci,0.0,0.0,0.0,3,40
48043,Sesto Fiorentino,0.0,1.141,10.131,4,97
48044,Signa,0.0,3.346,0.035,3,10
48046,Vaglia,0.0,0.839,0.283,0,51
48049,Vicchio,0.0,0.3,0.0,3,18
48050,Vinci,0.0,0.0,0.02,5,19
48052,Figline e Incisa Valdarno,0.0,0.0,0.15,5,37
48053,Scarperia e San Piero,0.0,0.0,0.0,6,61
48054,Barberino Tavarnelle,0.0,1.2,0.028,3,28
49001,Bibbona,4.922,0.0,0.196,0,6
49002,Campiglia Marittima,0.0,0.0,0.101,5,26
49003,Campo nell'Elba,36.737,0.0,1.136,3,61
49004,Capoliveri,37.153,0.0,0.742,3,5
49005,Capraia Isola,23.261,0.0,0.919,0,14
49006,Castagneto Carducci,13.279,0.578,5.016,3,30
49007,Cecina,7.605,0.0,1.786,1,19
49008,Collesalvetti,0.0,0.0,8.463,1,62
49009,Livorno,51.04,0.0,21.116,13,435
49010,Marciana,19.003,0.0,0.465,3,50
49011,Marciana Marina,6.03,0.0,0.114,1,6
49012,Piombino,35.88,0.0,17.675,5,85
49013,Porto Azzurro,4.372,0.205,0.186,1,2
49014,Portoferraio,36.941,0.123,1.478,6,86
49017,Rosignano Marittimo,22.466,0.0,4.817,5,72
49018,San Vincenzo,10.343,0.0,1.866,0,8
49019,Sassetta,0.0,0.0,9.081,0,20
49020,Suvereto,0.0,0.0,29.992,2,10
49021,Rio,20.802,0.703,0.58,2,10
50001,Bientina,0.0,0.0,7.027,2,6
50002,Buti,0.0,0.0,4.95,0,17
50003,Calci,0.0,0.0,3.93,3,30
50004,Calcinaia,0.0,0.147,2.237,0,17
50005,Capannoli,0.0,0.0,0.0,1,4
50006,Casale Marittimo,0.0,0.0,0.0,0,0
50008,Cascina,0.0,0.0,0.0,0,35
50009,Castelfranco di Sotto,0.0,0.0,24.886,1,18
50010,Castellina Marittima,0.0,0.0,0.001,1,6
50011,Castelnuovo di Val di Cecina,0.0,0.096,0.001,2,13
50012,Chianni,0.0,0.0,0.0,0,13
50014,Fauglia,0.0,1.187,0.0,1,8
50015,Guardistallo,0.0,0.0,0.001,0,0
50016,Lajatico,0.0,0.0,0.0,0,5
50019,Montecatini Val di Cecina,0.0,0.0,3.19,2,10
50020,Montescudaio,0.0,0.0,2.316,0,1
50021,Monteverdi Marittimo,0.0,0.0,15.267,1,9
50022,Montopoli in Val d'Arno,0.0,0.0,0.709,1,6
50023,Orciano Pisano,0.0,0.0,0.0,0,3
50024,Palaia,0.0,0.0,0.0,1,29
50025,Peccioli,0.0,0.0,0.0,3,35
50026,Pisa,27.79,0.436,88.791,17,180
50027,Pomarance,0.0,0.0,33.007,3,28
50028,Ponsacco,0.0,0.0,0.0,0,6
50029,Pontedera,0.0,0.0,0.0,2,15
50030,Riparbella,0.0,0.0,8.714,0,4
50031,San Giuliano Terme,3.574,0.377,20.955,2,86
50032,San Miniato,0.0,0.0,1.584,9,41
50033,Santa Croce sull'Arno,0.0,0.0,3.562,1,6
50034,Santa Luce,0.0,0.171,2.71,1,24
50035,Santa Maria a Monte,0.0,0.563,15.25,2,9
50036,Terricciola,0.0,0.1,0.0,1,8
50037,Vecchiano,4.014,1.582,36.696,0,32
50038,Vicopisano,0.0,0.817,0.0,1,28
50039,Volterra,0.0,2.019,20.861,7,65
50040,Casciana Terme Lari,0.0,0.611,0.0,3,25
50041,Crespina Lorenzana,0.0,1.777,0.0,1,6
51001,Anghiari,0.0,1.183,16.366,3,23
51002,Arezzo,0.0,2.506,6.477,17,120
51003,Badia Tedalda,0.0,0.401,7.361,1,32
51004,Bibbiena,0.0,1.42,0.0,2,9
51005,Bucine,0.0,0.0,0.0,2,13
51006,Capolona,0.0,0.0,0.0,1,4
51007,Caprese Michelangelo,0.0,0.0,0.378,0,7
51008,Castel Focognano,0.0,0.06,0.0,1,9
51010,Castel San Niccolò,0.0,0.0,0.026,3,5
51011,Castiglion Fibocchi,0.0,0.0,0.0,1,1
51012,Castiglion Fiorentino,0.0,0.039,0.0,3,35
51013,Cavriglia,0.0,5.453,0.6,2,1
51014,Chitignano,0.0,0.0,0.0,1,5
51015,Chiusi della Verna,0.0,0.124,0.08,2,18
51016,Civitella in Val di Chiana,0.0,0.0,3.193,3,9
51017,Cortona,0.0,0.583,0.102,8,59
51018,Foiano della Chiana,0.0,0.0,0.0,1,5
51020,Loro Ciuffenna,0.0,0.169,0.557,2,96
51021,Lucignano,0.0,5.158,0.0,2,5
51022,Marciano della Chiana,0.0,0.0,0.0,1,1
51023,Montemignaio,0.0,0.0,0.16,0,12
51024,Monterchi,0.0,0.0,0.0,2,7
51025,Monte San Savino,0.0,1.256,0.0,1,23
51026,Montevarchi,0.0,0.0,0.735,4,2
51027,Ortignano Raggiolo,0.0,0.379,0.0,2,3
51030,Pieve Santo Stefano,0.0,18.126,11.034,2,53
51031,Poppi,0.0,0.271,0.108,7,36
51033,San Giovanni Valdarno,0.0,0.0,0.0,3,7
51034,Sansepolcro,0.0,5.787,4.621,8,34
51035,Sestino,0.0,0.0,15.722,1,5
51037,Subbiano,0.0,0.0,0.0,3,15
51038,Talla,0.0,0.0,0.0,1,4
51039,Terranuova Bracciolini,0.0,0.0,35.643,0,8
51040,Castelfranco Piandiscò,0.0,0.0,13.258,0,50
51041,Pratovecchio Stia,0.0,0.096,1.352,6,15
51042,Laterina Pergine Valdarno,0.0,0.903,10.16,0,5
52001,Abbadia San Salvatore,0.0,0.0,0.0,1,13
52002,Asciano,0.0,2.53,0.0,3,36
52003,Buonconvento,0.0,0.0,0.0,1,23
52004,Casole d'Elsa,0.0,0.0,0.046,1,24
52005,Castellina in Chianti,0.0,0.528,2.439,1,28
52006,Castelnuovo Berardenga,0.0,3.087,0.001,2,66
52007,Castiglione d'Orcia,0.0,0.785,2.373,1,28
52008,Cetona,0.0,0.0,0.0,1,9
52009,Chianciano Terme,0.0,3.147,2.27,9,19
52010,Chiusdino,0.0,0.0,15.936,0,40
52011,Chiusi,0.0,12.981,7.957,4,11
52012,Colle di Val d'Elsa,0.0,0.42,1.742,2,50
52013,Gaiole in Chianti,0.0,0.378,0.0,5,24
52015,Montepulciano,0.0,13.827,4.553,3,24
52016,Monteriggioni,0.0,0.0,0.031,3,74
52017,Monteroni d'Arbia,0.0,5.721,0.001,2,44
52018,Monticiano,0.0,0.0,3.622,1,24
52019,Murlo,0.0,0.446,11.639,0,21
52020,Piancastagnaio,0.0,0.0,8.183,1,14
52021,Pienza,0.0,0.491,9.243,4,46
52022,Poggibonsi,0.0,0.84,0.218,2,19
52023,Radda in Chianti,0.0,0.392,0.2,1,8
52024,Radicofani,0.0,1.506,5.32,2,18
52025,Radicondoli,0.0,0.0,12.736,1,13
52026,Rapolano Terme,0.0,7.16,0.0,1,15
52027,San Casciano dei Bagni,0.0,6.045,0.001,0,9
52028,San Gimignano,0.0,0.328,6.262,12,92
52030,San Quirico d'Orcia,0.0,0.948,0.008,0,24
52031,Sarteano,0.0,1.126,1.154,2,16
52032,Siena,0.0,0.83,0.094,59,324
52033,Sinalunga,0.0,0.0,0.0,1,17
52034,Sovicille,0.0,0.0,3.126,1,190
52035,Torrita di Siena,0.0,0.0,0.0,1,14
52036,Trequanda,0.0,0.0,0.0,3,9
52037,Montalcino,0.0,1.581,5.654,4,67
53001,Arcidosso,0.0,0.0,6.646,2,7
53002,Campagnatico,0.0,0.0,0.0,0,10
53003,Capalbio,12.297,10.887,4.048,0,8
53004,Castel del Piano,0.0,0.163,0.0,3,7
53005,Castell'Azzara,0.0,0.0,16.565,1,4
53006,Castiglione della Pescaia,21.746,0.0,4.753,1,36
53007,Cinigiano,0.0,0.0,4.311,1,7
53008,Civitella Paganico,0.0,1.602,3.002,0,25
53009,Follonica,5.028,0.0,35.57,0,17
53010,Gavorrano,0.0,0.0,0.0,4,6
53011,Grosseto,24.323,0.522,81.875,2,124
53012,Isola del Giglio,40.722,0.0,1.101,1,12
53013,Magliano in Toscana,5.491,0.0,22.045,1,32
53014,Manciano,0.0,0.417,15.155,4,27
53015,Massa Marittima,0.0,0.0,5.515,8,78
53016,Monte Argentario,31.774,0.0,1.107,4,24
53017,Montieri,0.0,0.0,3.738,1,24
53018,Orbetello,32.627,0.0,23.853,3,40
53019,Pitigliano,0.0,0.0,0.283,4,19
53020,Roccalbegna,0.0,0.0,3.265,1,5
53021,Roccastrada,0.0,0.322,18.721,2,20
53022,Santa Fiora,0.0,0.0,0.514,1,9
53023,Scansano,0.0,0.042,3.977,1,16
53024,Scarlino,6.592,0.0,7.746,2,15
53025,Seggiano,0.0,0.0,0.0,2,2
53026,Sorano,0.0,0.167,0.072,2,81
53027,Monterotondo Marittimo,0.0,0.0,0.005,0,19
53028,Semproniano,0.0,0.0,5.402,0,1
54001,Assisi,0.0,0.0,55.684,9,121
54002,Bastia Umbra,0.0,0.0,0.0,0,11
54003,Bettona,0.0,0.0,0.0,1,11
54004,Bevagna,0.0,0.193,0.224,1,14
54005,Campello sul Clitunno,0.0,0.0,15.868,1,15
54006,Cannara,0.0,0.0,0.006,2,13
54007,Cascia,0.0,0.0,0.0,1,39
54008,Castel Ritaldi,0.0,0.0,0.0,0,3
54009,Castiglione del Lago,0.0,23.358,80.919,1,39
54010,Cerreto di Spoleto,0.0,0.0,0.406,1,4
54011,Citerna,0.0,0.0,0.0,3,10
54012,Città della Pieve,0.0,1.088,0.0,2,25
54013,Città di Castello,0.0,0.153,0.123,8,89
54014,Collazzone,0.0,0.0,0.0,0,16
54015,Corciano,0.0,2.426,0.0,1,23
54016,Costacciaro,0.0,0.0,21.794,3,6
54017,Deruta,0.0,0.316,0.0,2,18
54018,Foligno,0.0,0.0,23.055,5,78
54019,Fossato di Vico,0.0,0.0,15.643,1,4
54020,Fratta Todina,0.0,0.0,0.0,0,9
54021,Giano dell'Umbria,0.0,0.0,0.0,1,9
54022,Gualdo Cattaneo,0.0,0.223,0.0,0,15
54023,Gualdo Tadino,0.0,0.138,15.569,0,11
54024,Gubbio,0.0,0.727,9.216,5,87
54025,Lisciano Niccone,0.0,0.0,0.0,0,4
54026,Magione,0.0,21.392,35.427,1,28
54027,Marsciano,0.0,0.0,0.0,1,10
54028,Massa Martana,0.0,0.0,8.601,0,11
54029,Monte Castello di Vibio,0.0,0.0,0.0,0,4
54030,Montefalco,0.0,0.182,0.0,2,21
54031,Monteleone di Spoleto,0.0,0.0,0.0,0,1
54032,Monte Santa Maria Tiberina,0.0,0.0,0.0,1,22
54033,Montone,0.0,0.0,0.0,2,9
54034,Nocera Umbra,0.0,0.0,16.438,2,7
54035,Norcia,0.0,0.358,0.0,0,42
54036,Paciano,0.0,0.468,0.0,0,10
54037,Panicale,0.0,4.873,10.489,1,12
54038,Passignano sul Trasimeno,0.0,10.705,25.388,1,24
54039,Perugia,0.0,1.055,0.0,24,222
54040,Piegaro,0.0,0.0,0.0,2,20
54041,Pietralunga,0.0,0.309,0.362,0,9
54042,Poggiodomo,0.0,0.0,0.0,0,1
54043,Preci,0.0,0.0,0.0,0,14
54044,San Giustino,0.0,0.0,0.096,5,24
54045,Sant'Anatolia di Narco,0.0,0.0,0.0,1,10
54046,Scheggia e Pascelupo,0.0,0.0,53.403,0,7
54047,Scheggino,0.0,0.0,0.005,1,3
54048,Sellano,0.0,0.0,17.486,0,7
54049,Sigillo,0.0,0.0,15.427,0,5
54050,Spello,0.0,0.444,5.357,2,44
54051,Spoleto,0.0,0.0,18.657,17,203
54052,Todi,0.0,0.0,0.0,3,53
54053,Torgiano,0.0,0.0,0.0,0,13
54054,Trevi,0.0,0.0,9.541,2,64
54055,Tuoro sul Trasimeno,0.0,13.001,21.226,1,16
54056,Umbertide,0.0,0.0,0.0,2,39
54057,Valfabbrica,0.0,0.537,0.0,0,24
54058,Vallo di Nera,0.0,0.0,1.048,1,6
54059,Valtopina,0.0,0.0,3.921,0,4
55001,Acquasparta,0.0,0.0,0.156,0,12
55002,Allerona,0.0,0.0,0.286,1,1
55003,Alviano,0.0,0.0,6.251,0,1
55004,Amelia,0.0,0.0,36.196,3,78
55005,Arrone,0.0,0.0,5.986,1,8
55006,Attigliano,0.0,0.0,0.0,0,14
55007,Baschi,0.0,0.0,0.0,2,15
55008,Calvi dell'Umbria,0.0,0.0,0.0,0,5
55009,Castel Giorgio,0.0,0.0,0.0,0,2
55010,Castel Viscardo,0.0,0.0,0.0,0,7
55011,Fabro,0.0,0.0,0.0,0,2
55012,Ferentillo,0.0,0.0,8.663,1,38
55013,Ficulle,0.0,0.0,0.391,0,4
55014,Giove,0.0,0.0,0.0,0,4
55015,Guardea,0.0,0.0,20.471,0,6
55016,Lugnano in Teverina,0.0,0.0,5.607,0,4
55017,Montecastrilli,0.0,0.0,0.018,0,2
55018,Montecchio,0.0,0.0,8.125,2,13
55019,Montefranco,0.0,0.0,1.561,0,1
55020,Montegabbione,0.0,0.0,0.0,0,10
55021,Monteleone d'Orvieto,0.0,0.0,0.0,0,1
55022,Narni,0.0,0.85,2.271,3,43
55023,Orvieto,0.0,0.358,3.806,4,89
55024,Otricoli,0.0,0.0,0.0,0,18
55025,Parrano,0.0,0.0,0.911,0,3
55026,Penna in Teverina,0.0,0.0,0.0,0,4
55027,Polino,0.0,0.0,1.508,0,2
55028,Porano,0.0,0.0,0.0,0,5
55029,San Gemini,0.0,0.249,0.0,3,3
55030,San Venanzo,0.0,0.0,6.478,2,24
55031,Stroncone,0.0,0.0,0.0,1,7
55032,Terni,0.0,16.175,6.507,6,81
55033,Avigliano Umbro,0.0,0.0,8.489,1,8
56001,Acquapendente,0.0,1.078,29.787,1,51
56002,Arlena di Castro,0.0,0.0,0.0,0,5
56003,Bagnoregio,0.0,0.0,13.002,2,15
56004,Barbarano Romano,0.0,0.0,36.112,1,52
56005,Bassano Romano,0.0,0.0,13.713,0,48
56006,Bassano in Teverina,0.0,0.0,0.0,0,3
56007,Blera,0.0,0.0,72.249,0,70
56008,Bolsena,0.0,13.414,6.094,1,23
56009,Bomarzo,0.0,0.0,2.655,0,13
56010,Calcata,0.0,0.0,1.773,0,9
56011,Canepina,0.0,0.0,0.015,1,9
56012,Canino,0.0,0.0,0.222,2,24
56013,Capodimonte,0.0,11.757,0.175,1,5
56014,Capranica,0.0,0.0,1.019,1,15
56015,Caprarola,0.0,12.853,48.195,0,5
56016,Carbognano,0.0,0.0,0.0,0,2
56017,Castel Sant'Elia,0.0,0.0,2.302,0,16
56018,Castiglione in Teverina,0.0,0.0,0.018,1,0
56019,Celleno,0.0,0.0,0.0,0,5
56020,Cellere,0.0,0.0,0.0,0,7
56021,Civita Castellana,0.0,0.0,0.018,1,21
56022,Civitella d'Agliano,0.0,0.0,4.923,0,2
56023,Corchiano,0.0,0.0,1.824,0,4
56024,Fabrica di Roma,0.0,0.0,0.248,0,9
56025,Faleria,0.0,0.0,0.051,0,7
56026,Farnese,0.0,0.0,44.318,0,8
56027,Gallese,0.0,0.0,1.264,0,13
56028,Gradoli,0.0,7.204,0.0,1,4
56029,Graffignano,0.0,0.0,0.0,0,4
56030,Grotte di Castro,0.0,0.758,0.0,1,14
56031,Ischia di Castro,0.0,0.0,21.05,0,19
56032,Latera,0.0,0.88,9.406,1,1
56033,Lubriano,0.0,0.0,0.008,0,5
56034,Marta,0.0,6.834,1.567,0,3
56035,Montalto di Castro,17.226,0.0,0.005,0,50
56036,Montefiascone,0.0,9.005,15.844,0,33
56037,Monte Romano,0.0,0.0,34.678,1,11
56038,Monterosi,0.0,2.108,5.473,0,3
56039,Nepi,0.0,0.577,2.086,1,30
56040,Onano,0.0,0.0,0.0,0,2
56041,Oriolo Romano,0.0,0.107,17.638,0,54
56042,Orte,0.0,0.153,0.0,3,11
56043,Piansano,0.0,0.0,0.0,0,3
56044,Proceno,0.0,0.0,0.0,1,12
56045,Ronciglione,0.0,6.061,13.746,0,5
56046,Villa San Giovanni in Tuscia,0.0,0.0,0.0,0,2
56047,San Lorenzo Nuovo,0.0,1.849,0.0,0,7
56048,Soriano nel Cimino,0.0,0.0,8.609,0,45
56049,Sutri,0.0,0.425,24.954,0,62
56050,Tarquinia,17.262,0.0,74.263,3,145
56051,Tessennano,0.0,0.0,0.0,0,1
56052,Tuscania,0.0,0.0,24.095,3,60
56053,Valentano,0.0,0.251,2.764,1,2
56054,Vallerano,0.0,0.0,0.0,0,2
56055,Vasanello,0.0,0.0,0.0,0,11
56056,Vejano,0.0,0.082,35.52,0,18
56057,Vetralla,0.0,0.0,4.457,0,28
56058,Vignanello,0.0,0.0,0.0,0,2
56059,Viterbo,0.0,0.0,20.253,7,338
56060,Vitorchiano,0.0,0.28,2.372,0,12
57001,Accumoli,0.0,0.543,0.0,0,5
57002,Amatrice,0.0,9.889,0.0,1,15
57003,Antrodoco,0.0,0.0,0.0,2,17
57004,Ascrea,0.0,4.661,1.716,0,2
57005,Belmonte in Sabina,0.0,0.0,0.0,0,0
57006,Borbona,0.0,0.0,0.0,0,4
57007,Borgorose,0.0,0.993,35.793,0,25
57008,Borgo Velino,0.0,0.0,0.0,0,3
57009,Cantalice,0.0,0.0,0.571,0,13
57010,Cantalupo in Sabina,0.0,0.0,0.0,0,0
57011,Casaprota,0.0,0.0,0.0,0,0
57012,Casperia,0.0,0.0,12.293,0,2
57013,Castel di Tora,0.0,11.411,3.578,0,1
57014,Castelnuovo di Farfa,0.0,1.154,0.0,1,3
57015,Castel Sant'Angelo,0.0,0.808,0.0,0,14
57016,Cittaducale,0.0,0.0,0.01,0,11
57017,Cittareale,0.0,0.0,0.0,0,3
57018,Collalto Sabino,0.0,0.0,2.23,0,3
57019,Colle di Tora,0.0,4.629,0.0,0,1
57020,Collegiove,0.0,0.0,4.069,0,2
57021,Collevecchio,0.0,0.0,0.0,0,2
57022,Colli sul Velino,0.0,1.512,1.035,0,2
57023,Concerviano,0.0,0.0,1.13,0,1
57024,Configni,0.0,0.0,0.0,0,0
57025,Contigliano,0.0,0.0,16.565,0,7
57026,Cottanello,0.0,0.0,7.752,0,5
57027,Fara in Sabina,0.0,0.023,0.371,0,15
57028,Fiamignano,0.0,0.618,0.0,0,9
57029,Forano,0.0,0.0,0.0,0,1
57030,Frasso Sabino,0.0,0.0,0.0,0,2
57031,Greccio,0.0,0.0,0.0,2,7
57032,Labro,0.0,0.458,0.0,0,4
57033,Leonessa,0.0,0.0,0.0,0,26
57034,Longone Sabino,0.0,0.0,2.411,0,26
57035,Magliano Sabina,0.0,0.0,0.0,1,2
57036,Marcetelli,0.0,0.0,4.967,0,0
57037,Micigliano,0.0,0.0,0.0,0,1
57038,Mompeo,0.0,0.0,0.0,0,11
57039,Montasola,0.0,0.0,6.003,1,1
57040,Montebuono,0.0,0.0,0.0,0,6
57041,Monteleone Sabino,0.0,0.0,0.0,1,3
57042,Montenero Sabino,0.0,0.0,0.0,0,3
57043,Monte San Giovanni in Sabina,0.0,0.0,8.702,0,5
57044,Montopoli di Sabina,0.0,0.768,0.025,0,3
57045,Morro Reatino,0.0,0.0,0.044,0,0
57046,Nespolo,0.0,0.0,0.0,0,0
57047,Orvinio,0.0,0.0,0.0,0,5
57048,Paganico Sabino,0.0,4.333,5.314,0,2
57049,Pescorocchiano,0.0,0.0,0.028,0,1
57050,Petrella Salto,0.0,0.404,0.0,0,5
57051,Poggio Bustone,0.0,0.0,3.083,0,14
57052,Poggio Catino,0.0,0.0,0.025,0,5
57053,Poggio Mirteto,0.0,0.0,0.0,0,9
57054,Poggio Moiano,0.0,0.0,0.0,0,6
57055,Poggio Nativo,0.0,0.0,0.059,0,0
57056,Poggio San Lorenzo,0.0,0.0,0.0,1,0
57057,Posta,0.0,0.0,0.0,0,0
57058,Pozzaglia Sabina,0.0,0.0,0.0,0,2
57059,Rieti,0.0,0.0,38.208,4,95
57060,Rivodutri,0.0,1.323,5.29,0,4
57061,Roccantica,0.0,0.0,10.134,0,3
57062,Rocca Sinibalda,0.0,4.335,2.991,0,7
57063,Salisano,0.0,0.0,0.029,0,7
57064,Scandriglia,0.0,0.0,0.0,0,27
57065,Selci,0.0,0.0,0.0,0,0
57066,Stimigliano,0.0,0.0,0.0,0,0
57067,Tarano,0.0,0.0,0.0,0,0
57068,Toffia,0.0,0.0,4.387,0,6
57069,Torricella in Sabina,0.0,0.0,0.0,0,1
57070,Torri in Sabina,0.0,0.0,0.0,0,5
57071,Turania,0.0,0.0,0.0,0,0
57072,Vacone,0.0,0.0,0.0,0,1
57073,Varco Sabino,0.0,0.0,6.192,0,5
58001,Affile,0.0,0.0,0.0,0,0
58002,Agosta,0.0,0.0,0.0,0,1
58003,Albano Laziale,0.0,0.9,2.067,2,32
58004,Allumiere,0.0,0.0,98.258,2,19
58005,Anguillara Sabazia,0.0,13.624,88.488,2,23
58006,Anticoli Corrado,0.0,0.0,0.0,0,2
58007,Anzio,11.954,0.0,0.374,3,6
58008,Arcinazzo Romano,0.0,0.0,0.0,0,1
58009,Ariccia,0.0,0.0,7.054,1,10
58010,Arsoli,0.0,0.0,0.001,0,2
58011,Artena,0.0,0.0,2.112,3,18
58012,Bellegra,0.0,0.0,0.0,0,0
58013,Bracciano,0.0,10.866,163.038,3,71
58014,Camerata Nuova,0.0,0.0,40.139,0,3
58015,Campagnano di Roma,0.0,0.852,19.503,0,23
58016,Canale Monterano,0.0,0.0,48.32,0,62
58017,Canterano,0.0,0.0,0.0,0,0
58018,Capena,0.0,0.0,0.0,1,17
58019,Capranica Prenestina,0.0,0.0,0.0,0,8
58020,Carpineto Romano,0.0,0.0,0.0,0,9
58021,Casape,0.0,0.0,0.0,0,2
58022,Castel Gandolfo,0.0,9.235,9.017,0,9
58023,Castel Madama,0.0,0.0,0.0,0,6
58024,Castelnuovo di Porto,0.0,0.0,10.743,0,4
58025,Castel San Pietro Romano,0.0,0.0,0.0,0,17
58026,Cave,0.0,0.0,0.0,0,9
58027,Cerreto Laziale,0.0,0.0,0.0,0,4
58028,Cervara di Roma,0.0,0.0,25.26,0,5
58029,Cerveteri,5.132,0.03,56.314,0,192
58030,Ciciliano,0.0,0.0,0.0,0,4
58031,Cineto Romano,0.0,0.0,0.0,0,1
58032,Civitavecchia,20.518,0.0,18.815,0,31
58033,Civitella San Paolo,0.0,0.0,0.0,0,1
58034,Colleferro,0.0,0.0,0.001,1,6
58035,Colonna,0.0,0.0,0.0,1,15
58036,Fiano Romano,0.0,0.0,0.0,0,19
58037,Filacciano,0.0,0.0,0.0,0,0
58038,Formello,0.0,0.0,22.322,0,9
58039,Frascati,0.0,0.0,1.594,2,163
58040,Gallicano nel Lazio,0.0,0.0,0.0,0,17
58041,Gavignano,0.0,0.0,0.0,0,0
58042,Genazzano,0.0,0.0,0.326,0,7
58043,Genzano di Roma,0.0,0.495,2.673,0,13
58044,Gerano,0.0,0.0,0.0,0,2
58045,Gorga,0.0,0.0,0.0,0,1
58046,Grottaferrata,0.0,0.0,6.21,2,35
58047,Guidonia Montecelio,0.0,0.426,0.0,0,25
58048,Jenne,0.0,0.0,28.039,0,10
58049,Labico,0.0,0.0,0.0,0,2
58050,Lanuvio,0.0,0.0,2.293,5,34
58051,Licenza,0.0,0.0,0.0,0,15
58052,Magliano Romano,0.0,0.0,4.711,0,1
58053,Mandela,0.0,0.0,0.0,0,8
58054,Manziana,0.0,0.0,27.187,0,17
58055,Marano Equo,0.0,0.0,0.0,0,1
58056,Marcellina,0.0,0.0,0.03,1,41
58057,Marino,0.0,0.0,4.797,2,35
58058,Mazzano Romano,0.0,0.0,9.741,2,30
58059,Mentana,0.0,0.0,6.54,1,6
58060,Monte Compatri,0.0,0.0,5.639,0,38
58061,Monteflavio,0.0,0.0,0.0,0,24
58062,Montelanico,0.0,0.0,0.0,0,1
58063,Montelibretti,0.0,0.0,0.0,0,6
58064,Monte Porzio Catone,0.0,0.0,5.022,2,31
58065,Monterotondo,0.0,0.0,6.681,0,14
58066,Montorio Romano,0.0,0.0,0.0,0,5
58067,Moricone,0.0,0.0,0.0,0,16
58068,Morlupo,0.0,0.0,2.528,0,2
58069,Nazzano,0.0,0.0,4.604,0,3
58070,Nemi,0.0,5.314,7.135,0,14
58071,Nerola,0.0,0.0,0.34,0,3
58072,Nettuno,12.151,0.0,0.0,1,16
58073,Olevano Romano,0.0,0.0,0.0,0,0
58074,Palestrina,0.0,0.0,0.03,3,69
58075,Palombara Sabina,0.0,0.315,0.0,0,74
58076,Percile,0.0,0.513,2.674,1,5
58077,Pisoniano,0.0,0.0,0.0,0,2
58078,Poli,0.0,0.0,0.0,0,5
58079,Pomezia,9.006,0.0,3.894,0,2081
58080,Ponzano Romano,0.0,0.0,0.0,0,0
58081,Riano,0.0,0.0,1.309,0,3
58082,Rignano Flaminio,0.0,0.0,0.0,0,9
58083,Riofreddo,0.0,0.0,0.0,0,5
58084,Rocca Canterano,0.0,0.0,0.0,0,1
58085,Rocca di Cave,0.0,0.0,0.0,0,1
58086,Rocca di Papa,0.0,0.0,36.848,0,16
58087,Roccagiovine,0.0,0.0,0.0,0,13
58088,Rocca Priora,0.0,0.0,26.622,1,25
58089,Rocca Santo Stefano,0.0,0.0,0.0,0,0
58090,Roiate,0.0,0.0,0.0,0,1
58091,Roma,22.52,17.254,424.722,131,2472
58092,Roviano,0.0,0.0,0.0,1,16
58093,Sacrofano,0.0,0.0,23.691,0,2
58094,Sambuci,0.0,0.0,0.441,0,3
58095,San Gregorio da Sassola,0.0,0.0,0.0,0,14
58096,San Polo dei Cavalieri,0.0,0.0,0.03,0,278
58097,Santa Marinella,19.984,0.0,29.851,2,36
58098,Sant'Angelo Romano,0.0,0.08,0.67,0,1
58099,Sant'Oreste,0.0,0.0,4.444,2,17
58100,San Vito Romano,0.0,0.0,0.0,0,2
58101,Saracinesco,0.0,0.0,0.091,1,0
58102,Segni,0.0,0.0,0.0,0,13
58103,Subiaco,0.0,0.0,38.979,0,15
58104,Tivoli,0.0,1.903,13.298,1,124
58105,Tolfa,0.0,0.0,170.767,1,87
58106,Torrita Tiberina,0.0,0.0,2.399,0,1
58107,Trevignano Romano,0.0,10.833,78.205,1,20
58108,Vallepietra,0.0,0.0,52.933,0,12
58109,Vallinfreda,0.0,0.0,0.035,0,2
58110,Valmontone,0.0,0.055,0.0,0,5
58111,Velletri,0.0,0.0,23.571,2,24
58112,Vicovaro,0.0,0.0,0.251,1,32
58113,Vivaro Romano,0.0,0.0,0.0,1,62
58114,Zagarolo,0.0,0.0,0.0,1,29
58115,Lariano,0.0,0.0,9.378,0,3
58116,Ladispoli,8.806,0.0,1.2,0,15
58117,Ardea,8.972,0.0,0.0,1,10
58118,Ciampino,0.0,0.0,0.487,0,17
58119,San Cesareo,0.0,0.0,0.085,0,10
58120,Fiumicino,34.537,0.0,81.338,2,70
58122,Fonte Nuova,0.0,0.0,4.985,0,3
59001,Aprilia,0.0,0.714,0.0,0,23
59002,Bassiano,0.0,0.0,0.0,1,12
59003,Campodimele,0.0,0.0,21.022,0,2
59004,Castelforte,0.0,0.0,0.0,0,2
59005,Cisterna di Latina,0.0,0.0,0.68,0,20
59006,Cori,0.0,0.0,1.026,1,20
59007,Fondi,9.421,27.963,39.816,2,38
59008,Formia,12.661,0.0,38.731,1,17
59009,Gaeta,15.643,0.0,0.115,0,54
59010,Itri,0.331,0.0,31.093,0,24
59011,Latina,14.001,0.256,0.0,5,92
59012,Lenola,0.0,0.0,5.89,0,7
59013,Maenza,0.0,0.0,0.0,0,6
59014,Minturno,7.592,0.0,0.974,1,26
59015,Monte San Biagio,0.0,7.449,2.938,0,17
59016,Norma,0.0,0.0,0.383,1,37
59017,Pontinia,0.0,0.0,0.0,1,7
59018,Ponza,39.893,0.0,8.61,0,8
59019,Priverno,0.0,0.0,0.0,1,19
59020,Prossedi,0.0,0.0,0.0,0,7
59021,Roccagorga,0.0,0.0,0.0,0,7
59022,Rocca Massima,0.0,0.0,0.0,0,2
59023,Roccasecca dei Volsci,0.0,0.0,0.0,0,3
59024,Sabaudia,18.957,0.0,32.534,1,19
59025,San Felice Circeo,16.218,0.0,0.0,0,20
59026,Santi Cosma e Damiano,0.0,0.0,0.0,0,3
59027,Sermoneta,0.0,0.0,0.0,2,20
59028,Sezze,0.0,0.0,0.0,0,13
59029,Sonnino,0.0,0.0,4.901,0,19
59030,Sperlonga,6.229,5.707,0.076,1,8
59031,Spigno Saturnia,0.0,0.0,22.968,0,1
59032,Terracina,12.515,0.942,5.074,3,67
59033,Ventotene,13.438,0.0,0.544,2,12
60001,Acquafondata,0.0,0.0,0.0,0,0
60002,Acuto,0.0,0.0,0.0,0,2
60003,Alatri,0.0,0.371,4.406,3,49
60004,Alvito,0.0,0.0,3.563,0,3
60005,Amaseno,0.0,0.0,0.0,0,0
60006,Anagni,0.0,0.0,0.0,2,12
60007,Aquino,0.0,0.0,0.0,0,5
60008,Arce,0.0,0.999,0.0,1,8
60009,Arnara,0.0,0.0,0.0,0,1
60010,Arpino,0.0,0.0,0.0,0,24
60011,Atina,0.0,0.0,0.0,1,6
60012,Ausonia,0.0,0.0,3.022,1,10
60013,Belmonte Castello,0.0,0.0,0.0,0,0
60014,Boville Ernica,0.0,0.0,0.0,0,5
60015,Broccostella,0.0,0.0,0.0,0,0
60016,Campoli Appennino,0.0,0.0,9.148,0,1
60017,Casalattico,0.0,0.0,0.0,0,0
60018,Casalvieri,0.0,0.0,0.0,0,4
60019,Cassino,0.0,0.0,0.0,2,38
60020,Castelliri,0.0,0.0,0.0,0,1
60021,Castelnuovo Parano,0.0,0.0,0.0,0,2
60022,Castrocielo,0.0,0.685,0.0,0,12
60023,Castro dei Volsci,0.0,0.0,0.0,0,3
60024,Ceccano,0.0,0.0,3.367,0,6
60025,Ceprano,0.0,4.611,0.0,0,3
60026,Cervaro,0.0,0.0,0.0,0,13
60027,Colfelice,0.0,0.0,0.0,0,0
60028,Collepardo,0.0,0.0,0.0,0,2
60029,Colle San Magno,0.0,0.0,0.0,0,3
60030,Coreno Ausonio,0.0,0.0,0.0,0,1
60031,Esperia,0.0,0.0,39.223,0,4
60032,Falvaterra,0.0,0.0,0.0,0,1
60033,Ferentino,0.0,0.0,0.0,0,11
60034,Filettino,0.0,0.0,77.99,1,4
60035,Fiuggi,0.0,0.0,0.0,0,7
60036,Fontana Liri,0.0,0.0,0.0,0,18
60037,Fontechiari,0.0,0.093,0.0,0,3
60038,Frosinone,0.0,0.747,0.035,0,17
60039,Fumone,0.0,0.0,0.0,0,4
60040,Gallinaro,0.0,0.0,0.0,0,1
60041,Giuliano di Roma,0.0,0.0,0.0,0,3
60042,Guarcino,0.0,0.0,0.024,0,3
60043,Isola del Liri,0.0,0.0,0.069,0,1
60044,Monte San Giovanni Campano,0.0,0.0,0.0,1,4
60045,Morolo,0.0,0.0,1.37,0,4
60046,Paliano,0.0,0.0,1.152,0,4
60047,Pastena,0.0,0.0,0.0,2,6
60048,Patrica,0.0,0.0,0.0,0,2
60049,Pescosolido,0.0,0.0,0.025,0,9
60050,Picinisco,0.0,0.0,37.551,0,1
60051,Pico,0.0,0.0,6.966,0,2
60052,Piedimonte San Germano,0.0,0.0,0.0,0,2
60053,Piglio,0.0,0.0,0.0,0,4
60054,Pignataro Interamna,0.0,0.0,0.0,0,3
60055,Pofi,0.0,0.0,0.0,0,2
60056,Pontecorvo,0.0,0.0,1.679,0,262
60057,Posta Fibreno,0.0,0.0,0.0,0,0
60058,Ripi,0.0,0.0,0.0,0,0
60059,Rocca d'Arce,0.0,0.0,0.0,0,1
60060,Roccasecca,0.0,0.0,0.0,0,21
60061,San Biagio Saracinisco,0.0,0.0,12.062,0,1
60062,San Donato Val di Comino,0.0,0.0,3.294,0,3
60063,San Giorgio a Liri,0.0,0.461,0.0,0,1
60064,San Giovanni Incarico,0.0,0.0,0.0,0,2
60065,Sant'Ambrogio sul Garigliano,0.0,0.0,0.0,1,0
60066,Sant'Andrea del Garigliano,0.0,0.0,0.0,0,0
60067,Sant'Apollinare,0.0,0.0,0.0,0,0
60068,Sant'Elia Fiumerapido,0.0,0.0,0.0,0,2
60069,Santopadre,0.0,0.0,0.0,0,3
60070,San Vittore del Lazio,0.0,0.0,0.0,0,0
60071,Serrone,0.0,0.0,0.0,0,5
60072,Settefrati,0.0,0.0,16.868,0,0
60073,Sgurgola,0.0,0.0,0.0,0,8
60074,Sora,0.0,0.0,0.0,0,6
60075,Strangolagalli,0.0,0.0,0.0,0,0
60076,Supino,0.0,0.0,0.041,0,5
60077,Terelle,0.0,0.0,0.0,0,1
60078,Torre Cajetani,0.0,0.0,0.0,0,2
60079,Torrice,0.0,0.0,0.0,0,1
60080,Trevi nel Lazio,0.0,0.0,38.027,2,6
60081,Trivigliano,0.0,0.0,0.0,0,0
60082,Vallecorsa,0.0,0.0,0.562,0,4
60083,Vallemaio,0.0,0.0,0.0,0,1
60084,Vallerotonda,0.0,0.0,0.35,0,5
60085,Veroli,0.0,0.0,3.87,1,12
60086,Vicalvi,0.0,0.0,0.0,0,6
60087,Vico nel Lazio,0.0,0.0,0.038,0,13
60088,Villa Latina,0.0,0.0,0.0,0,1
60089,Villa Santa Lucia,0.0,0.0,0.0,0,2
60090,Villa Santo Stefano,0.0,0.0,0.0,0,1
60091,Viticuso,0.0,0.0,0.0,0,1
61001,Ailano,0.0,0.0,2.798,0,1
61002,Alife,0.0,0.822,8.106,0,13
61003,Alvignano,0.0,0.298,0.0,1,3
61004,Arienzo,0.0,0.0,7.696,0,4
61005,Aversa,0.0,0.02,0.0,1,13
61006,Baia e Latina,0.0,0.0,0.0,0,22
61007,Bellona,0.0,0.773,0.0,0,1
61008,Caianello,0.0,0.0,0.0,0,1
61009,Caiazzo,0.0,0.0,0.0,1,6
61010,Calvi Risorta,0.0,0.0,0.0,0,18
61011,Camigliano,0.0,0.0,0.0,0,2
61012,Cancello ed Arnone,0.0,0.0,0.0,0,2
61013,Capodrise,0.0,0.0,0.0,0,2
61014,Capriati a Volturno,0.0,0.0,12.248,0,29
61015,Capua,0.0,0.0,0.0,1,21
61016,Carinaro,0.0,0.0,0.0,0,0
61017,Carinola,0.0,0.0,0.0,1,5
61018,Casagiove,0.0,0.0,0.008,0,4
61019,Casal di Principe,0.0,0.0,0.0,0,9
61020,Casaluce,0.0,0.0,0.0,0,4
61021,Casapulla,0.0,0.0,0.013,0,1
61022,Caserta,0.0,0.0,0.823,4,88
61023,Castel Campagnano,0.0,1.47,0.0,0,1
61024,Castel di Sasso,0.0,0.0,0.0,0,2
61025,Castello del Matese,0.0,0.0,21.984,0,1
61026,Castel Morrone,0.0,0.0,0.045,0,8
61027,Castel Volturno,26.15,3.748,0.56,2,7
61028,Cervino,0.0,0.0,0.0,0,0
61029,Cesa,0.0,0.0,0.0,0,0
61030,Ciorlano,0.0,0.0,1.102,0,5
61031,Conca della Campania,0.0,0.0,0.0,0,7
61032,Curti,0.0,0.0,0.0,0,5
61033,Dragoni,0.0,0.0,0.0,0,0
61034,Fontegreca,0.0,0.0,5.473,0,0
61035,Formicola,0.0,0.0,0.0,0,2
61036,Francolise,0.0,0.0,0.0,0,8
61037,Frignano,0.0,0.0,0.0,0,4
61038,Gallo Matese,0.0,0.0,31.054,0,0
61039,Galluccio,0.0,0.0,0.0,0,1
61040,Giano Vetusto,0.0,0.0,0.0,0,0
61041,Gioia Sannitica,0.0,0.339,22.98,0,2
61042,Grazzanise,0.0,0.0,0.0,0,1
61043,Gricignano di Aversa,0.0,0.0,0.0,0,1
61044,Letino,0.0,0.0,31.795,0,1
61045,Liberi,0.0,0.0,0.0,0,0
61046,Lusciano,0.0,0.0,0.0,0,12
61047,Macerata Campania,0.0,0.0,0.0,0,1
61048,Maddaloni,0.0,0.0,0.0,1,17
61049,Marcianise,0.0,0.373,0.0,0,4
61050,Marzano Appio,0.0,0.0,0.0,0,1
61051,Mignano Monte Lungo,0.0,0.0,0.0,1,7
61052,Mondragone,8.409,0.059,0.0,0,44
61053,Orta di Atella,0.0,0.0,0.0,0,1
61054,Parete,0.0,0.0,0.0,2,4
61055,Pastorano,0.0,0.0,0.0,0,0
61056,Piana di Monte Verna,0.0,0.0,0.0,0,4
61057,Piedimonte Matese,0.0,0.0,32.317,2,7
61058,Pietramelara,0.0,0.0,0.0,0,3
61059,Pietravairano,0.0,0.0,0.0,0,4
61060,Pignataro Maggiore,0.0,0.0,0.0,0,3
61061,Pontelatone,0.0,0.5,0.0,0,3
61062,Portico di Caserta,0.0,0.0,0.0,0,0
61063,Prata Sannita,0.0,0.0,8.284,1,3
61064,Pratella,0.0,0.0,0.0,0,1
61065,Presenzano,0.0,0.0,0.0,0,1
61066,Raviscanina,0.0,0.0,13.091,0,3
61067,Recale,0.0,0.0,0.0,0,1
61068,Riardo,0.0,0.0,0.0,0,3
61069,Rocca d'Evandro,0.0,0.0,0.0,0,0
61070,Roccamonfina,0.0,0.0,0.0,0,9
61071,Roccaromana,0.0,0.0,0.0,0,2
61072,Rocchetta e Croce,0.0,0.0,0.0,0,8
61073,Ruviano,0.0,0.0,0.0,1,1
61074,San Cipriano d'Aversa,0.0,0.0,0.0,0,4
61075,San Felice a Cancello,0.0,0.0,11.447,0,4
61076,San Gregorio Matese,0.0,0.0,55.766,0,8
61077,San Marcellino,0.0,0.0,0.0,0,1
61078,San Nicola la Strada,0.0,0.0,0.0,0,1
61079,San Pietro Infine,0.0,0.0,0.0,0,2
61080,San Potito Sannitico,0.0,0.0,15.779,0,0
61081,San Prisco,0.0,0.0,0.0,0,5
61082,Santa Maria a Vico,0.0,0.0,0.0,0,1
61083,Santa Maria Capua Vetere,0.0,0.129,0.0,2,31
61084,Santa Maria la Fossa,0.0,0.0,0.0,0,0
61085,San Tammaro,0.0,0.0,0.0,0,5
61086,Sant'Angelo d'Alife,0.0,0.0,14.5,0,4
61087,Sant'Arpino,0.0,0.0,0.0,0,3
61088,Sessa Aurunca,8.584,0.026,0.0,2,24
61089,Sparanise,0.0,0.0,0.0,0,0
61090,Succivo,0.0,0.0,0.0,1,1
61091,Teano,0.0,0.0,0.0,1,11
61092,Teverola,0.0,0.0,0.0,0,0
61093,Tora e Piccilli,0.0,0.0,0.0,0,1
61094,Trentola Ducenta,0.0,0.0,0.0,0,4
61095,Vairano Patenora,0.0,0.0,0.0,0,8
61096,Valle Agricola,0.0,0.0,24.713,0,2
61097,Valle di Maddaloni,0.0,0.0,0.0,0,27
61098,Villa di Briano,0.0,0.0,0.0,0,1
61099,Villa Literno,0.0,0.0,0.0,0,0
61100,Vitulazio,0.0,0.82,0.0,0,2
61101,Falciano del Massico,0.0,1.31,0.0,0,3
61102,Cellole,3.876,0.0,0.0,0,2
61103,Casapesenna,0.0,0.0,0.0,0,0
61104,San Marco Evangelista,0.0,0.0,0.0,0,0
62001,Airola,0.0,0.0,0.0,1,6
62002,Amorosi,0.0,0.0,0.0,0,3
62003,Apice,0.0,0.0,0.0,0,6
62004,Apollosa,0.0,0.0,0.0,0,1
62005,Arpaia,0.0,0.0,2.175,0,11
62006,Arpaise,0.0,0.0,0.0,0,1
62007,Baselice,0.0,0.0,0.0,0,0
62008,Benevento,0.0,0.0,7.76,7,76
62009,Bonea,0.0,0.0,7.751,0,4
62010,Bucciano,0.0,0.0,6.492,0,18
62011,Buonalbergo,0.0,0.0,0.0,0,5
62012,Calvi,0.0,0.0,0.0,0,4
62013,Campolattaro,0.0,5.065,2.6,0,2
62014,Campoli del Monte Taburno,0.0,0.0,0.0,0,0
62015,Casalduni,0.0,0.0,1.966,0,1
62016,Castelfranco in Miscano,0.0,0.0,0.0,0,1
62017,Castelpagano,0.0,0.0,0.0,0,6
62018,Castelpoto,0.0,0.0,0.603,0,4
62019,Castelvenere,0.0,0.0,0.208,0,2
62020,Castelvetere in Val Fortore,0.0,0.0,0.0,0,3
62021,Cautano,0.0,0.0,14.456,0,1
62022,Ceppaloni,0.0,0.0,0.0,0,2
62023,Cerreto Sannita,0.0,0.0,14.835,0,11
62024,Circello,0.0,0.0,0.0,0,7
62025,Colle Sannita,0.0,1.143,0.0,0,1
62026,Cusano Mutri,0.0,0.0,58.99,0,10
62027,Dugenta,0.0,0.2,0.0,0,0
62028,Durazzano,0.0,0.0,0.0,0,9
62029,Faicchio,0.0,0.0,18.695,0,6
62030,Foglianise,0.0,0.0,3.504,0,7
62031,Foiano di Val Fortore,0.0,0.0,0.0,0,0
62032,Forchia,0.0,0.0,1.393,0,3
62033,Fragneto l'Abate,0.0,0.0,0.0,0,1
62034,Fragneto Monforte,0.0,0.0,0.0,0,2
62035,Frasso Telesino,0.0,0.0,13.556,0,0
62036,Ginestra degli Schiavoni,0.0,0.0,0.0,0,0
62037,Guardia Sanframondi,0.0,0.0,3.877,0,2
62038,Limatola,0.0,0.263,0.0,0,5
62039,Melizzano,0.0,0.0,3.634,0,0
62040,Moiano,0.0,0.0,5.287,0,11
62041,Molinara,0.0,0.0,0.0,0,6
62042,Montefalcone di Val Fortore,0.0,0.0,0.0,0,1
62043,Montesarchio,0.0,0.0,2.789,1,15
62044,Morcone,0.0,16.829,44.265,0,9
62045,Paduli,0.0,0.0,0.0,0,0
62046,Pago Veiano,0.0,0.0,0.0,0,3
62047,Pannarano,0.0,0.0,10.52,0,2
62048,Paolisi,0.0,0.0,2.948,0,9
62049,Paupisi,0.0,0.0,2.082,0,0
62050,Pesco Sannita,0.0,0.0,0.0,1,2
62051,Pietraroja,0.0,0.0,35.8,2,22
62052,Pietrelcina,0.0,0.0,0.0,0,2
62053,Ponte,0.0,0.0,0.0,0,5
62054,Pontelandolfo,0.0,0.0,10.475,0,5
62055,Puglianello,0.0,0.926,0.0,0,7
62056,Reino,0.0,0.0,0.0,0,0
62057,San Bartolomeo in Galdo,0.0,0.0,0.0,0,5
62058,San Giorgio del Sannio,0.0,0.0,0.0,0,5
62059,San Giorgio La Molara,0.0,0.935,0.0,0,3
62060,San Leucio del Sannio,0.0,0.0,0.0,0,3
62061,San Lorenzello,0.0,0.0,6.724,0,0
62062,San Lorenzo Maggiore,0.0,0.0,2.438,0,5
62063,San Lupo,0.0,0.0,9.928,0,0
62064,San Marco dei Cavoti,0.0,0.0,0.0,0,10
62065,San Martino Sannita,0.0,0.0,0.0,0,1
62066,San Nazzaro,0.0,0.0,0.0,0,1
62067,San Nicola Manfredi,0.0,0.0,0.0,0,2
62068,San Salvatore Telesino,0.0,0.0,5.214,1,39
62069,Santa Croce del Sannio,0.0,0.0,0.0,0,3
62070,Sant'Agata de' Goti,0.0,0.427,15.679,0,65
62071,Sant'Angelo a Cupolo,0.0,0.0,0.0,0,0
62072,Sassinoro,0.0,0.0,13.412,0,1
62073,Solopaca,0.0,0.0,8.398,0,13
62074,Telese Terme,0.0,0.0,0.37,0,3
62075,Tocco Caudio,0.0,0.0,24.716,0,4
62076,Torrecuso,0.0,0.0,5.517,0,3
62077,Vitulano,0.0,0.0,24.676,0,8
62078,Sant'Arcangelo Trimonte,0.0,0.0,0.0,0,1
63001,Acerra,0.0,0.0,0.0,2,8
63002,Afragola,0.0,0.0,0.0,0,1
63003,Agerola,0.0,0.0,9.48,1,10
63004,Anacapri,10.032,0.0,0.08,1,32
63005,Arzano,0.0,0.0,0.0,0,0
63006,Bacoli,12.593,7.42,0.373,1,32
63007,Barano d'Ischia,7.118,0.0,0.114,1,3
63008,Boscoreale,0.0,0.0,0.272,0,181
63009,Boscotrecase,0.0,0.0,5.381,0,1
63010,Brusciano,0.0,0.0,0.0,0,0
63011,Caivano,0.0,0.0,0.0,0,2
63012,Calvizzano,0.0,0.0,0.0,0,1
63013,Camposano,0.0,0.0,0.0,0,0
63014,Capri,13.215,0.0,0.0,3,9
63015,Carbonara di Nola,0.0,0.0,0.0,0,1
63016,Cardito,0.0,0.0,0.0,0,0
63017,Casalnuovo di Napoli,0.0,0.0,0.0,0,1
63018,Casamarciano,0.0,0.0,0.0,0,2
63019,Casamicciola Terme,3.696,0.0,0.129,0,4
63020,Casandrino,0.0,0.0,0.0,0,8
63021,Casavatore,0.0,0.0,0.0,0,0
63022,Casola di Napoli,0.0,0.0,0.113,0,0
63023,Casoria,0.0,0.0,0.0,1,1
63024,Castellammare di Stabia,7.346,0.0,7.459,0,57
63025,Castello di Cisterna,0.0,0.0,0.0,0,1
63026,Cercola,0.0,0.0,0.0,0,0
63027,Cicciano,0.0,0.0,0.0,0,1
63028,Cimitile,0.0,0.0,0.0,0,2
63029,Comiziano,0.0,0.0,0.0,0,0
63030,Crispano,0.0,0.0,0.0,0,0
63031,Forio,12.858,0.0,0.267,4,29
63032,Frattamaggiore,0.0,0.0,0.0,0,8
63033,Frattaminore,0.0,0.0,0.0,0,0
63034,Giugliano in Campania,2.501,7.387,0.0,0,44
63035,Gragnano,0.0,0.0,6.39,0,22
63036,Grumo Nevano,0.0,0.0,0.0,0,13
63037,Ischia,9.382,0.0,0.259,1,24
63038,Lacco Ameno,1.929,0.015,0.003,2,3
63039,Lettere,0.0,0.0,3.206,0,3
63040,Liveri,0.0,0.0,0.0,0,1
63041,Marano di Napoli,0.0,0.0,0.0,0,2
63042,Mariglianella,0.0,0.0,0.0,0,1
63043,Marigliano,0.0,0.0,0.0,0,1
63044,Massa Lubrense,20.692,0.0,1.754,0,42
63045,Melito di Napoli,0.0,0.0,0.0,0,2
63046,Meta,1.449,0.0,0.968,0,8
63047,Monte di Procida,4.367,0.139,0.0,0,4
63048,Mugnano di Napoli,0.0,0.0,0.0,0,15
63049,Napoli,20.136,0.411,1.117,69,855
63050,Nola,0.0,0.0,0.0,1,16
63051,Ottaviano,0.0,0.0,10.077,1,6
63052,Palma Campania,0.0,0.008,0.0,0,8
63053,Piano di Sorrento,5.48,0.0,0.808,1,30
63054,Pimonte,0.0,0.0,8.022,0,4
63055,Poggiomarino,0.0,0.0,0.0,0,1
63056,Pollena Trocchia,0.0,0.0,2.765,0,1
63057,Pomigliano d'Arco,0.0,0.0,0.0,0,4
63058,Pompei,0.0,0.0,0.0,2,1044
63059,Portici,2.606,0.0,0.0,0,9
63060,Pozzuoli,10.729,4.12,3.303,1,59
63061,Procida,12.359,0.0,0.72,0,0
63062,Qualiano,0.0,0.0,0.0,0,13
63063,Quarto,0.0,0.0,0.0,1,3
63064,Ercolano,2.25,0.0,15.209,0,109
63065,Roccarainola,0.0,0.0,18.632,0,0
63066,San Gennaro Vesuviano,0.0,0.0,0.0,0,1
63067,San Giorgio a Cremano,0.0,0.0,0.0,0,3
63068,San Giuseppe Vesuviano,0.0,0.0,3.066,0,0
63069,San Paolo Bel Sito,0.0,0.0,0.0,0,0
63070,San Sebastiano al Vesuvio,0.0,0.0,0.9,0,0
63071,Sant'Agnello,3.199,0.0,0.185,0,20
63072,Sant'Anastasia,0.0,0.0,5.532,0,2
63073,Sant'Antimo,0.0,0.0,0.0,0,2
63074,Sant'Antonio Abate,0.0,0.0,0.0,0,2
63075,San Vitaliano,0.0,0.0,0.0,0,1
63076,Saviano,0.0,0.0,0.0,0,3
63077,Scisciano,0.0,0.0,0.0,0,0
63078,Serrara Fontana,1.286,0.0,0.002,0,2
63079,Somma Vesuviana,0.0,0.0,11.864,1,6
63080,Sorrento,7.269,0.0,0.152,4,32
63081,Striano,0.0,0.0,0.0,0,0
63082,Terzigno,0.0,0.0,17.065,1,3
63083,Torre Annunziata,3.953,0.0,0.0,0,19
63084,Torre del Greco,7.753,0.251,16.919,0,20
63085,Tufino,0.0,0.0,0.0,0,0
63086,Vico Equense,7.116,0.0,8.806,2,20
63087,Villaricca,0.0,0.0,0.0,0,34
63088,Visciano,0.0,0.0,0.0,0,0
63089,Volla,0.0,0.0,0.0,0,0
63090,Santa Maria la Carità,0.0,0.0,0.0,0,1
63091,Trecase,0.0,0.0,2.73,0,1
63092,Massa di Somma,0.0,0.0,2.097,0,0
64001,Aiello del Sabato,0.0,0.0,0.0,0,0
64002,Altavilla Irpina,0.0,0.0,0.0,1,1
64003,Andretta,0.0,0.0,0.0,1,5
64004,Aquilonia,0.0,0.0,0.0,0,2
64005,Ariano Irpino,0.0,0.0,0.0,0,4
64006,Atripalda,0.0,0.0,0.0,1,9
64007,Avella,0.0,0.0,18.974,1,15
64008,Avellino,0.0,0.0,0.0,1,16
64009,Bagnoli Irpino,0.0,0.0,61.397,0,3
64010,Baiano,0.0,0.0,1.956,0,1
64011,Bisaccia,0.0,0.0,0.0,1,3
64012,Bonito,0.0,0.0,0.0,0,3
64013,Cairano,0.0,0.0,0.0,0,2
64014,Calabritto,0.0,0.0,40.932,0,2
64015,Calitri,0.0,0.0,0.0,0,3
64016,Candida,0.0,0.0,0.0,0,0
64017,Caposele,0.0,0.0,8.264,0,0
64018,Capriglia Irpina,0.0,0.0,0.0,0,1
64019,Carife,0.0,0.0,0.024,0,3
64020,Casalbore,0.0,0.0,0.0,0,4
64021,Cassano Irpino,0.0,0.0,0.0,0,2
64022,Castel Baronia,0.0,0.0,0.0,0,2
64023,Castelfranci,0.0,0.0,0.0,0,0
64024,Castelvetere sul Calore,0.0,0.0,1.53,0,2
64025,Cervinara,0.0,0.0,12.949,0,9
64026,Cesinali,0.0,0.0,0.0,0,1
64027,Chianche,0.0,0.0,0.0,0,1
64028,Chiusano di San Domenico,0.0,0.0,12.502,0,1
64029,Contrada,0.0,0.0,0.0,0,0
64030,Conza della Campania,0.0,0.274,0.133,1,8
64031,Domicella,0.0,0.0,0.0,0,0
64032,Flumeri,0.0,0.0,0.0,0,3
64033,Fontanarosa,0.0,0.0,0.0,0,0
64034,Forino,0.0,0.0,0.0,0,2
64035,Frigento,0.0,0.0,0.224,0,7
64036,Gesualdo,0.0,0.0,0.0,0,3
64037,Greci,0.0,0.264,0.0,0,0
64038,Grottaminarda,0.0,0.0,0.0,0,3
64039,Grottolella,0.0,0.0,0.0,0,4
64040,Guardia Lombardi,0.0,0.0,0.0,0,1
64041,Lacedonia,0.0,0.0,0.002,2,3
64042,Lapio,0.0,0.0,0.0,0,1
64043,Lauro,0.0,0.0,0.0,1,4
64044,Lioni,0.0,0.0,7.817,0,0
64045,Luogosano,0.0,0.0,0.0,0,0
64046,Manocalzati,0.0,0.0,0.0,0,3
64047,Marzano di Nola,0.0,0.0,0.0,0,0
64048,Melito Irpino,0.0,0.0,0.0,0,1
64049,Mercogliano,0.0,0.0,8.165,1,3
64050,Mirabella Eclano,0.0,0.412,0.0,0,18
64051,Montaguto,0.0,0.0,0.0,0,5
64052,Montecalvo Irpino,0.0,0.0,0.0,1,12
64053,Montefalcione,0.0,0.0,0.0,0,2
64054,Monteforte Irpino,0.0,0.0,7.729,0,1
64055,Montefredane,0.0,0.0,0.0,0,1
64056,Montefusco,0.0,0.0,0.0,0,3
64057,Montella,0.0,0.275,59.317,1,8
64058,Montemarano,0.0,0.0,2.046,0,1
64059,Montemiletto,0.0,0.0,0.0,0,3
64060,Monteverde,0.0,0.0,0.0,0,1
64063,Morra De Sanctis,0.0,0.663,0.0,1,10
64064,Moschiano,0.0,0.0,0.0,0,0
64065,Mugnano del Cardinale,0.0,0.0,2.138,0,2
64066,Nusco,0.0,0.0,6.916,0,1
64067,Ospedaletto d'Alpinolo,0.0,0.0,2.435,0,0
64068,Pago del Vallo di Lauro,0.0,0.0,0.0,0,0
64069,Parolise,0.0,0.0,0.0,0,0
64070,Paternopoli,0.0,0.0,0.0,0,1
64071,Petruro Irpino,0.0,0.0,0.0,0,0
64072,Pietradefusi,0.0,0.0,0.0,0,3
64073,Pietrastornina,0.0,0.0,10.177,0,2
64074,Prata di Principato Ultra,0.0,0.0,0.0,0,1
64075,Pratola Serra,0.0,0.0,0.0,0,2
64076,Quadrelle,0.0,0.0,4.655,0,1
64077,Quindici,0.0,0.0,0.0,0,0
64078,Roccabascerana,0.0,0.0,0.0,0,6
64079,Rocca San Felice,0.0,0.0,0.013,0,3
64080,Rotondi,0.0,0.0,2.767,0,6
64081,Salza Irpina,0.0,0.0,0.534,0,1
64082,San Mango sul Calore,0.0,0.0,0.0,0,2
64083,San Martino Valle Caudina,0.0,0.0,8.186,0,8
64084,San Michele di Serino,0.0,0.0,0.0,0,0
64085,San Nicola Baronia,0.0,0.0,0.0,0,0
64086,San Potito Ultra,0.0,0.0,0.0,0,0
64087,San Sossio Baronia,0.0,0.0,0.0,0,1
64088,Santa Lucia di Serino,0.0,0.0,1.023,1,0
64089,Sant'Andrea di Conza,0.0,0.0,0.0,0,5
64090,Sant'Angelo all'Esca,0.0,0.0,0.0,0,0
64091,Sant'Angelo a Scala,0.0,0.0,5.227,0,3
64092,Sant'Angelo dei Lombardi,0.0,0.0,0.0,0,2
64093,Santa Paolina,0.0,0.0,0.0,0,0
64095,Santo Stefano del Sole,0.0,0.0,3.851,0,0
64096,Savignano Irpino,0.0,0.0,0.0,0,1
64097,Scampitella,0.0,0.0,0.0,0,1
64098,Senerchia,0.0,0.0,23.51,0,2
64099,Serino,0.0,0.0,40.152,0,6
64100,Sirignano,0.0,0.0,4.727,0,1
64101,Solofra,0.0,0.0,11.614,0,4
64102,Sorbo Serpico,0.0,0.0,3.72,0,2
64103,Sperone,0.0,0.0,1.155,0,2
64104,Sturno,0.0,0.0,0.016,0,2
64105,Summonte,0.0,0.0,7.177,0,3
64106,Taurano,0.0,0.0,0.0,0,0
64107,Taurasi,0.0,0.0,0.0,0,3
64108,Teora,0.0,0.0,0.0,0,0
64109,Torella dei Lombardi,0.0,0.0,0.0,0,5
64110,Torre Le Nocelle,0.0,0.0,0.0,0,1
64111,Torrioni,0.0,0.0,0.0,0,1
64112,Trevico,0.0,0.0,0.0,0,0
64113,Tufo,0.0,0.0,0.0,0,5
64114,Vallata,0.0,0.419,0.0,0,2
64115,Vallesaccarda,0.0,0.0,0.0,0,1
64116,Venticano,0.0,0.732,0.0,0,2
64117,Villamaina,0.0,0.0,0.0,0,1
64118,Villanova del Battista,0.0,0.0,0.0,0,0
64119,Volturara Irpina,0.0,0.0,31.953,0,4
64120,Zungoli,0.0,0.0,0.0,0,1
64121,Montoro,0.0,0.0,9.432,1,10
65001,Acerno,0.0,0.0,72.139,0,4
65002,Agropoli,7.396,0.0,5.884,0,3
65003,Albanella,0.0,0.0,1.283,1,3
65004,Alfano,0.0,0.0,0.009,0,0
65005,Altavilla Silentina,0.0,0.0,3.948,0,2
65006,Amalfi,2.286,0.0,5.774,5,7
65007,Angri,0.0,0.0,1.692,0,12
65008,Aquara,0.0,0.0,16.984,0,2
65009,Ascea,5.491,0.0,37.508,0,24
65010,Atena Lucana,0.0,0.0,1.829,1,2
65011,Atrani,0.436,0.0,0.111,1,0
65012,Auletta,0.0,0.0,4.404,0,1
65013,Baronissi,0.0,0.0,6.727,0,3
65014,Battipaglia,4.225,0.0,0.0,1,8
65015,Bellosguardo,0.0,0.0,16.394,0,0
65016,Bracigliano,0.0,0.0,0.0,0,0
65017,Buccino,0.0,0.0,0.911,0,6
65018,Buonabitacolo,0.0,0.0,9.167,0,4
65019,Caggiano,0.0,0.0,0.0,1,5
65020,Calvanico,0.0,0.0,13.029,0,6
65021,Camerota,18.258,0.0,70.882,0,15
65022,Campagna,0.0,13.444,71.739,1,36
65023,Campora,0.0,0.0,29.655,0,2
65024,Cannalonga,0.0,0.0,17.441,0,1
65025,Capaccio Paestum,12.798,0.0,19.231,1,83
65026,Casalbuono,0.0,0.0,2.851,0,3
65027,Casaletto Spartano,0.0,0.0,52.538,0,2
65028,Casal Velino,5.419,0.0,15.823,0,16
65029,Caselle in Pittari,0.0,1.475,32.233,0,2
65030,Castelcivita,0.0,0.0,34.945,0,5
65031,Castellabate,16.265,0.0,36.547,0,30
65032,Castelnuovo Cilento,0.0,0.0,3.257,0,1
65033,Castelnuovo di Conza,0.0,0.0,0.0,0,4
65034,Castel San Giorgio,0.0,0.0,0.0,0,2
65035,Castel San Lorenzo,0.0,0.0,2.526,0,2
65036,Castiglione del Genovesi,0.0,0.0,10.406,0,1
65037,Cava de' Tirreni,0.0,0.0,5.847,0,16
65038,Celle di Bulgheria,0.0,0.0,31.262,0,6
65039,Centola,12.049,0.0,47.216,1,10
65040,Ceraso,0.0,0.0,28.71,0,0
65041,Cetara,1.642,0.0,4.697,0,4
65042,Cicerale,0.0,0.0,9.584,0,2
65043,Colliano,0.0,0.0,8.311,0,2
65044,Conca dei Marini,2.113,0.0,0.959,0,1
65045,Controne,0.0,0.0,4.226,0,1
65046,Contursi Terme,0.0,0.0,1.337,0,2
65047,Corbara,0.0,0.0,3.844,0,0
65048,Corleto Monforte,0.0,0.0,59.098,1,1
65049,Cuccaro Vetere,0.0,0.0,15.536,0,0
65050,Eboli,8.017,0.0,7.122,1,9
65051,Felitto,0.0,0.0,41.138,0,4
65052,Fisciano,0.0,0.0,15.533,0,2
65053,Furore,2.146,0.0,1.694,0,2
65054,Futani,0.0,0.0,10.613,0,3
65055,Giffoni Sei Casali,0.0,0.0,27.696,0,0
65056,Giffoni Valle Piana,0.0,0.168,67.474,0,3
65057,Gioi,0.0,0.0,21.8,0,3
65058,Giungano,0.0,0.0,0.998,0,0
65059,Ispani,2.947,0.0,0.0,0,0
65060,Laureana Cilento,0.0,0.0,5.561,0,6
65061,Laurino,0.0,0.0,69.97,0,5
65062,Laurito,0.0,0.0,11.117,0,0
65063,Laviano,0.0,0.0,23.654,0,1
65064,Lustra,0.0,0.0,3.289,0,2
65065,Magliano Vetere,0.0,0.0,23.614,0,0
65066,Maiori,8.759,0.0,16.182,0,6
65067,Mercato San Severino,0.0,0.0,0.0,0,21
65068,Minori,1.018,0.0,3.043,1,1
65069,Moio della Civitella,0.0,0.0,12.499,1,7
65070,Montano Antilia,0.0,0.0,12.317,0,3
65071,Montecorice,5.501,0.0,22.471,0,9
65072,Montecorvino Pugliano,0.0,0.0,0.0,0,0
65073,Montecorvino Rovella,0.0,0.0,18.298,0,1
65074,Monteforte Cilento,0.0,0.0,21.952,0,1
65075,Monte San Giacomo,0.0,0.0,41.959,0,6
65076,Montesano sulla Marcellana,0.0,0.194,7.819,1,4
65077,Morigerati,0.0,0.0,15.947,2,1
65078,Nocera Inferiore,0.0,0.158,3.323,0,19
65079,Nocera Superiore,0.0,0.0,0.069,0,14
65080,Novi Velia,0.0,0.0,34.448,0,0
65081,Ogliastro Cilento,0.0,0.0,0.0,0,1
65082,Olevano sul Tusciano,0.0,0.0,16.949,0,7
65083,Oliveto Citra,0.0,0.0,3.465,1,3
65084,Omignano,0.0,0.0,4.754,0,0
65085,Orria,0.0,0.0,26.748,0,0
65086,Ottati,0.0,0.0,54.094,0,3
65087,Padula,0.0,1.025,6.998,4,16
65088,Pagani,0.0,0.0,2.339,1,18
65089,Palomonte,0.0,0.0,0.0,0,1
65090,Pellezzano,0.0,0.365,0.126,0,0
65091,Perdifumo,0.0,0.0,23.529,0,3
65092,Perito,0.0,0.0,6.916,0,1
65093,Pertosa,0.0,0.0,1.423,2,1
65094,Petina,0.0,0.0,18.401,0,4
65095,Piaggine,0.0,0.0,62.98,0,0
65096,Pisciotta,8.112,0.0,31.056,0,5
65097,Polla,0.0,0.0,15.74,0,8
65098,Pollica,8.044,0.0,28.101,2,8
65099,Pontecagnano Faiano,6.386,0.0,0.0,1,4
65100,Positano,7.598,0.0,6.629,2,2
65101,Postiglione,0.0,0.965,13.961,0,3
65102,Praiano,4.366,0.0,2.705,0,3
65103,Prignano Cilento,0.0,0.0,0.0,0,2
65104,Ravello,1.713,0.0,7.819,3,11
65105,Ricigliano,0.0,0.0,0.0,0,2
65106,Roccadaspide,0.0,0.0,23.614,0,2
65107,Roccagloriosa,0.0,0.0,24.636,2,3
65108,Roccapiemonte,0.0,0.0,0.0,0,1
65109,Rofrano,0.0,0.0,43.312,0,1
65110,Romagnano al Monte,0.0,0.0,0.0,0,1
65111,Roscigno,0.0,0.0,14.778,3,3
65112,Rutino,0.0,0.0,0.034,0,0
65113,Sacco,0.0,0.0,23.943,0,5
65114,Sala Consilina,0.0,0.0,3.202,0,14
65115,Salento,0.0,0.0,5.613,0,5
65116,Salerno,10.886,0.244,0.109,5,31
65117,Salvitelle,0.0,0.0,0.0,0,1
65118,San Cipriano Picentino,0.0,0.0,4.276,0,2
65119,San Giovanni a Piro,6.636,0.0,20.42,0,19
65120,San Gregorio Magno,0.0,0.0,0.0,0,0
65121,San Mango Piemonte,0.0,0.0,1.102,0,0
65122,San Marzano sul Sarno,0.0,0.0,0.0,0,0
65123,San Mauro Cilento,1.879,0.0,15.015,1,0
65124,San Mauro la Bruca,0.0,0.0,19.282,0,2
65125,San Pietro al Tanagro,0.0,0.0,4.469,0,1
65126,San Rufo,0.0,0.0,19.645,0,0
65127,Santa Marina,2.559,0.0,0.78,0,6
65128,Sant'Angelo a Fasanella,0.0,0.0,32.392,0,4
65129,Sant'Arsenio,0.0,0.0,7.226,0,0
65130,Sant'Egidio del Monte Albino,0.0,0.0,1.709,0,4
65131,Santomenna,0.0,0.0,0.0,0,0
65132,San Valentino Torio,0.0,0.0,0.0,0,0
65133,Sanza,0.0,0.0,111.0,0,6
65134,Sapri,8.133,0.0,0.0,0,7
65135,Sarno,0.0,0.0,0.0,1,9
65136,Sassano,0.0,0.0,30.558,0,5
65137,Scafati,0.0,0.0,0.0,0,10
65138,Scala,0.0,0.0,13.496,0,13
65139,Serramezzana,0.0,0.0,7.284,0,3
65140,Serre,0.0,8.696,6.001,0,6
65141,Sessa Cilento,0.0,0.0,12.023,0,4
65142,Siano,0.0,0.0,0.0,0,1
65143,Sicignano degli Alburni,0.0,0.0,21.023,0,4
65144,Stella Cilento,0.0,0.0,12.044,0,3
65145,Stio,0.0,0.0,24.254,0,2
65146,Teggiano,0.0,0.0,25.805,3,4
65147,Torchiara,0.0,0.0,0.057,0,4
65148,Torraca,0.0,0.0,0.0,0,0
65149,Torre Orsaia,0.0,0.0,1.235,0,1
65150,Tortorella,0.0,0.0,3.681,1,7
65151,Tramonti,0.0,0.0,14.458,0,7
65152,Trentinara,0.0,0.0,19.279,0,0
65153,Valle dell'Angelo,0.0,0.0,36.752,0,1
65154,Vallo della Lucania,0.0,0.0,8.962,1,5
65155,Valva,0.0,0.0,6.569,0,3
65156,Vibonati,2.58,0.0,0.002,0,4
65157,Vietri sul Mare,1.457,0.0,2.922,0,16
65158,Bellizzi,0.0,0.0,0.0,0,0
66001,Acciano,0.0,0.0,32.358,0,6
66002,Aielli,0.0,0.0,14.107,1,7
66003,Alfedena,0.0,0.0,5.533,0,3
66004,Anversa degli Abruzzi,0.0,0.0,0.043,0,2
66005,Ateleta,0.0,0.0,0.249,1,4
66006,Avezzano,0.0,0.0,0.0,0,35
66007,Balsorano,0.0,0.0,0.0,0,6
66008,Barete,0.0,0.0,0.0,0,0
66009,Barisciano,0.0,0.757,0.0,1,10
66010,Barrea,0.0,0.0,36.308,2,4
66011,Bisegna,0.0,0.0,46.923,0,1
66012,Bugnara,0.0,0.0,0.068,0,2
66013,Cagnano Amiterno,0.0,0.0,0.0,0,2
66014,Calascio,0.0,0.31,0.0,0,14
66015,Campo di Giove,0.0,0.0,0.042,0,7
66016,Campotosto,0.0,0.0,0.0,0,2
66017,Canistro,0.0,0.0,0.016,0,1
66018,Cansano,0.0,0.0,0.0,0,6
66019,Capestrano,0.0,0.28,0.0,0,12
66020,Capistrello,0.0,0.0,0.091,0,9
66021,Capitignano,0.0,0.088,0.0,0,3
66022,Caporciano,0.0,0.687,1.124,0,7
66023,Cappadocia,0.0,0.0,0.206,0,9
66024,Carapelle Calvisio,0.0,0.145,0.0,0,1
66025,Carsoli,0.0,0.0,0.0,0,4
66026,Castel del Monte,0.0,0.0,0.0,0,9
66027,Castel di Ieri,0.0,0.0,7.601,0,1
66028,Castel di Sangro,0.0,1.015,0.529,3,1
66029,Castellafiume,0.0,0.0,0.058,0,2
66030,Castelvecchio Calvisio,0.0,0.0,0.0,0,7
66031,Castelvecchio Subequo,0.0,0.0,10.546,0,11
66032,Celano,0.0,0.0,37.866,1,2
66033,Cerchio,0.0,0.0,1.618,0,0
66034,Civita d'Antino,0.0,0.0,0.0,0,2
66035,Civitella Alfedena,0.0,0.0,38.468,1,3
66036,Civitella Roveto,0.0,0.0,0.275,0,7
66037,Cocullo,0.0,0.0,0.006,0,2
66038,Collarmele,0.0,0.0,10.887,0,1
66039,Collelongo,0.0,0.0,0.0,2,3
66040,Collepietro,0.0,0.0,0.0,0,6
66041,Corfinio,0.0,0.0,0.0,0,7
66042,Fagnano Alto,0.0,0.0,24.504,0,8
66043,Fontecchio,0.0,0.0,17.49,1,9
66044,Fossa,0.0,0.0,0.0,0,10
66045,Gagliano Aterno,0.0,0.323,26.231,2,2
66046,Gioia dei Marsi,0.0,0.267,26.039,1,2
66047,Goriano Sicoli,0.0,0.0,13.595,0,1
66048,Introdacqua,0.0,0.0,9.638,0,1
66049,L'Aquila,0.0,5.14,0.175,7,354
66050,Lecce nei Marsi,0.0,0.0,17.471,0,5
66051,Luco dei Marsi,0.0,0.0,0.0,0,3
66052,Lucoli,0.0,0.0,0.558,1,11
66053,Magliano de' Marsi,0.0,0.0,43.841,0,3
66054,Massa d'Albe,0.0,0.0,69.503,0,81
66055,Molina Aterno,0.0,0.0,12.241,0,0
66056,Montereale,0.0,1.456,0.0,0,22
66057,Morino,0.0,0.0,10.188,0,7
66058,Navelli,0.0,0.253,0.68,0,16
66059,Ocre,0.0,0.429,12.423,0,3
66060,Ofena,0.0,0.0,0.0,0,10
66061,Opi,0.0,0.0,50.126,3,0
66062,Oricola,0.0,0.0,0.0,0,1
66063,Ortona dei Marsi,0.0,0.0,17.068,0,4
66064,Ortucchio,0.0,1.189,0.0,1,5
66065,Ovindoli,0.0,0.0,57.429,0,4
66066,Pacentro,0.0,0.031,0.0,0,16
66067,Pereto,0.0,0.0,0.0,0,3
66068,Pescasseroli,0.0,0.0,90.54,0,5
66069,Pescina,0.0,0.0,2.946,1,6
66070,Pescocostanzo,0.0,0.0,0.056,1,7
66071,Pettorano sul Gizio,0.0,0.0,33.045,0,12
66072,Pizzoli,0.0,0.0,0.0,0,16
66073,Poggio Picenze,0.0,0.0,0.0,0,4
66074,Prata d'Ansidonia,0.0,0.0,0.761,0,14
66075,Pratola Peligna,0.0,0.0,0.0,1,5
66076,Prezza,0.0,0.0,0.289,0,1
66077,Raiano,0.0,0.0,0.998,1,4
66078,Rivisondoli,0.0,0.0,0.0,0,5
66079,Roccacasale,0.0,0.0,0.0,0,4
66080,Rocca di Botte,0.0,0.0,0.358,0,1
66081,Rocca di Cambio,0.0,0.333,27.31,0,2
66082,Rocca di Mezzo,0.0,0.533,90.721,1,26
66083,Rocca Pia,0.0,0.0,0.0,0,6
66084,Roccaraso,0.0,0.0,0.099,0,10
66085,San Benedetto dei Marsi,0.0,0.0,0.0,0,4
66086,San Benedetto in Perillis,0.0,0.427,0.603,1,1
66087,San Demetrio ne' Vestini,0.0,0.401,1.904,0,4
66088,San Pio delle Camere,0.0,0.351,0.0,0,10
66089,Sante Marie,0.0,0.0,0.0,0,0
66090,Sant'Eusanio Forconese,0.0,0.0,0.143,0,2
66091,Santo Stefano di Sessanio,0.0,0.243,0.0,0,6
66092,San Vincenzo Valle Roveto,0.0,0.0,0.007,1,3
66093,Scanno,0.0,2.333,40.164,0,6
66094,Scontrone,0.0,0.0,0.021,1,2
66095,Scoppito,0.0,0.0,0.0,0,4
66096,Scurcola Marsicana,0.0,0.0,0.0,0,5
66097,Secinaro,0.0,0.0,30.318,0,1
66098,Sulmona,0.0,0.0,0.0,4,15
66099,Tagliacozzo,0.0,0.298,0.0,0,11
66100,Tione degli Abruzzi,0.0,0.297,38.661,0,7
66101,Tornimparte,0.0,0.0,0.503,1,4
66102,Trasacco,0.0,0.0,0.0,0,4
66103,Villalago,0.0,2.504,0.353,2,3
66104,Villa Santa Lucia degli Abruzzi,0.0,0.0,0.0,0,5
66105,Villa Sant'Angelo,0.0,0.0,0.341,0,1
66106,Villavallelonga,0.0,0.0,30.035,0,1
66107,Villetta Barrea,0.0,0.0,12.183,3,1
66108,Vittorito,0.0,0.0,0.107,0,2
67001,Alba Adriatica,2.772,0.0,0.0,0,5
67002,Ancarano,0.0,0.0,0.0,0,0
67003,Arsita,0.0,0.0,0.0,1,3
67004,Atri,0.0,0.422,3.947,3,21
67005,Basciano,0.0,0.0,0.0,0,2
67006,Bellante,0.0,0.0,0.0,0,2
67007,Bisenti,0.0,0.0,0.0,0,2
67008,Campli,0.0,0.0,0.0,0,12
67009,Canzano,0.0,0.144,0.0,0,3
67010,Castel Castagna,0.0,0.0,0.0,0,2
67011,Castellalto,0.0,0.0,0.0,0,2
67012,Castelli,0.0,0.0,0.0,1,7
67013,Castiglione Messer Raimondo,0.0,0.0,0.0,0,3
67014,Castilenti,0.0,0.0,0.0,0,6
67015,Cellino Attanasio,0.0,0.0,0.0,0,7
67016,Cermignano,0.0,0.0,0.0,0,2
67017,Civitella del Tronto,0.0,0.105,0.068,1,15
67018,Colledara,0.0,0.0,0.0,0,5
67019,Colonnella,0.0,0.0,0.0,0,1
67020,Controguerra,0.0,0.0,0.0,0,10
67021,Corropoli,0.0,0.0,0.0,0,0
67022,Cortino,0.0,0.0,0.0,0,2
67023,Crognaleto,0.0,0.249,0.0,0,3
67024,Fano Adriano,0.0,0.0,0.0,0,1
67025,Giulianova,9.44,0.0,0.0,1,19
67026,Isola del Gran Sasso d'Italia,0.0,0.072,0.0,1,7
67027,Montefino,0.0,0.0,0.0,0,8
67028,Montorio al Vomano,0.0,0.0,0.0,0,13
67029,Morro d'Oro,0.0,1.635,0.0,0,5
67030,Mosciano Sant'Angelo,0.0,0.0,0.0,0,4
67031,Nereto,0.0,0.0,0.0,0,0
67032,Notaresco,0.0,1.262,0.0,0,4
67033,Penna Sant'Andrea,0.0,0.0,0.0,0,2
67034,Pietracamela,0.0,0.0,0.0,0,8
67035,Pineto,10.038,1.358,0.289,0,11
67036,Rocca Santa Maria,0.0,0.0,0.0,0,1
67037,Roseto degli Abruzzi,12.329,0.0,11.4,1,20
67038,Sant'Egidio alla Vibrata,0.0,0.0,0.0,0,4
67039,Sant'Omero,0.0,0.0,0.0,0,1
67040,Silvi,7.921,0.0,0.046,0,11
67041,Teramo,0.0,0.822,0.0,3,41
67042,Torano Nuovo,0.0,0.0,0.0,0,3
67043,Torricella Sicura,0.0,0.141,0.0,0,3
67044,Tortoreto,3.899,0.0,0.0,0,4
67045,Tossicia,0.0,0.0,0.0,0,4
67046,Valle Castellana,0.0,4.241,0.005,0,24
67047,Martinsicuro,7.607,0.0,0.005,1,4
68001,Abbateggio,0.0,0.0,0.0,1,8
68002,Alanno,0.0,0.0,0.0,0,17
68003,Bolognano,0.0,0.0,0.0,1,16
68004,Brittoli,0.0,0.0,0.0,0,1
68005,Bussi sul Tirino,0.0,0.0,0.0,0,3
68006,Cappelle sul Tavo,0.0,0.0,0.0,0,3
68007,Caramanico Terme,0.0,0.0,24.267,0,16
68008,Carpineto della Nora,0.0,0.0,0.0,0,3
68009,Castiglione a Casauria,0.0,0.0,0.0,2,12
68010,Catignano,0.0,0.0,0.0,0,3
68011,Cepagatti,0.0,0.0,0.0,0,5
68012,Città Sant'Angelo,0.884,0.0,0.0,2,32
68013,Civitaquana,0.0,0.0,0.0,0,4
68014,Civitella Casanova,0.0,0.0,0.0,0,11
68015,Collecorvino,0.0,0.0,0.0,0,8
68016,Corvara,0.0,0.0,0.0,0,3
68017,Cugnoli,0.0,0.0,0.0,0,2
68018,Elice,0.0,0.0,0.0,0,8
68019,Farindola,0.0,0.0,0.0,0,5
68020,Lettomanoppello,0.0,0.0,0.0,0,6
68021,Loreto Aprutino,0.0,0.0,0.0,2,12
68022,Manoppello,0.0,0.852,0.0,0,17
68023,Montebello di Bertona,0.0,0.0,0.0,0,1
68024,Montesilvano,5.002,0.0,0.123,2,9
68025,Moscufo,0.0,0.0,0.0,0,0
68026,Nocciano,0.0,0.0,0.0,0,2
68027,Penne,0.0,0.0,0.0,2,26
68028,Pescara,12.962,0.0,0.409,5,85
68029,Pescosansonesco,0.0,0.0,0.0,0,5
68030,Pianella,0.0,0.819,0.0,0,15
68031,Picciano,0.0,0.0,0.0,0,5
68032,Pietranico,0.0,0.0,0.0,0,10
68033,Popoli Terme,0.0,0.0,0.22,0,16
68034,Roccamorice,0.0,0.0,0.009,0,13
68035,Rosciano,0.0,0.0,0.0,0,7
68036,Salle,0.0,0.0,0.0,1,22
68037,Sant'Eufemia a Maiella,0.0,0.0,0.076,0,6
68038,San Valentino in Abruzzo Citeriore,0.0,0.0,0.0,1,3
68039,Scafa,0.0,0.0,0.0,0,5
68040,Serramonacesca,0.0,0.0,0.0,0,5
68041,Spoltore,0.0,0.0,0.0,0,16
68042,Tocco da Casauria,0.0,0.0,0.0,0,16
68043,Torre de' Passeri,0.0,0.0,0.0,0,4
68044,Turrivalignani,0.0,0.0,0.0,0,0
68045,Vicoli,0.0,0.0,0.0,0,2
68046,Villa Celiera,0.0,0.0,0.0,0,20
69001,Altino,0.0,3.868,0.594,0,1
69002,Archi,0.0,0.0,0.0,1,1
69003,Ari,0.0,0.0,0.0,0,2
69004,Arielli,0.0,0.0,0.0,0,5
69005,Atessa,0.0,0.0,0.0,0,7
69006,Bomba,0.0,0.0,0.0,0,4
69007,Borrello,0.0,0.0,2.198,0,1
69008,Bucchianico,0.0,0.0,1.467,0,7
69009,Montebello sul Sangro,0.0,0.0,0.0,0,3
69010,Canosa Sannita,0.0,0.0,0.0,1,5
69011,Carpineto Sinello,0.0,0.0,0.0,0,2
69012,Carunchio,0.0,0.0,0.0,0,0
69013,Casacanditella,0.0,0.0,0.0,0,4
69014,Casalanguida,0.0,0.0,0.0,0,3
69015,Casalbordino,4.718,0.104,0.024,0,8
69016,Casalincontrada,0.0,0.0,0.0,0,5
69017,Casoli,0.0,1.909,0.222,0,6
69018,Castel Frentano,0.0,0.0,0.0,0,16
69019,Castelguidone,0.0,0.0,0.0,0,0
69020,Castiglione Messer Marino,0.0,0.748,2.453,0,3
69021,Celenza sul Trigno,0.0,0.0,0.0,0,2
69022,Chieti,0.0,0.0,0.0,3,39
69023,Civitaluparella,0.0,0.0,0.0,0,0
69024,Civitella Messer Raimondo,0.0,0.0,0.0,0,2
69025,Colledimacine,0.0,0.0,0.0,0,1
69026,Colledimezzo,0.0,0.0,0.0,0,1
69027,Crecchio,0.0,0.0,0.0,1,6
69028,Cupello,0.0,1.636,0.104,0,8
69029,Dogliola,0.0,0.0,0.0,0,1
69030,Fara Filiorum Petri,0.0,0.0,0.0,0,11
69031,Fara San Martino,0.0,0.0,0.046,2,2
69032,Filetto,0.0,0.0,0.0,0,3
69033,Fossacesia,6.457,0.0,0.197,0,10
69034,Fraine,0.0,0.0,0.0,0,0
69035,Francavilla al Mare,8.309,0.0,0.0,2,17
69036,Fresagrandinaria,0.0,0.0,0.0,0,0
69037,Frisa,0.0,0.0,0.0,0,5
69038,Furci,0.0,0.0,0.0,0,2
69039,Gamberale,0.0,0.0,0.0,0,1
69040,Gessopalena,0.0,0.0,3.992,0,8
69041,Gissi,0.0,0.0,0.0,0,1
69042,Giuliano Teatino,0.0,0.0,0.0,0,0
69043,Guardiagrele,0.0,0.0,0.0,6,19
69044,Guilmi,0.0,0.0,0.0,0,0
69045,Lama dei Peligni,0.0,0.0,0.0,0,5
69046,Lanciano,0.0,0.0,0.0,5,75
69047,Lentella,0.0,0.0,4.25,0,3
69048,Lettopalena,0.0,0.0,0.0,0,2
69049,Liscia,0.0,0.0,0.0,0,2
69050,Miglianico,0.0,0.0,0.0,0,6
69051,Montazzoli,0.0,0.549,1.718,0,2
69052,Monteferrante,0.0,0.0,0.551,0,0
69053,Montelapiano,0.0,0.0,0.0,0,1
69054,Montenerodomo,0.0,0.0,0.0,0,8
69055,Monteodorisio,0.0,0.0,0.0,1,6
69056,Mozzagrogna,0.0,0.0,0.0,0,2
69057,Orsogna,0.0,0.0,0.0,0,25
69058,Ortona,25.458,0.0,0.083,2,41
69059,Paglieta,0.0,0.0,0.0,0,0
69060,Palena,0.0,0.0,5.372,3,6
69061,Palmoli,0.0,0.0,0.0,1,2
69062,Palombaro,0.0,0.0,0.0,0,0
69063,Pennadomo,0.0,0.0,1.178,0,1
69064,Pennapiedimonte,0.0,0.0,0.164,0,3
69065,Perano,0.0,0.0,0.0,0,1
69066,Pizzoferrato,0.0,0.0,0.0,0,0
69067,Poggiofiorito,0.0,0.0,0.0,0,2
69068,Pollutri,0.0,0.0,0.295,0,8
69069,Pretoro,0.0,0.0,0.017,1,14
69070,Quadri,0.0,0.0,0.0,0,3
69071,Rapino,0.0,0.0,0.0,2,4
69072,Ripa Teatina,0.0,0.0,0.0,0,15
69073,Roccamontepiano,0.0,0.0,0.0,0,5
69074,Rocca San Giovanni,4.593,0.137,0.0,0,2
69075,Roccascalegna,0.0,0.0,0.0,0,5
69076,Roccaspinalveti,0.0,0.401,0.0,0,2
69077,Roio del Sangro,0.0,0.0,0.0,0,1
69078,Rosello,0.0,0.0,0.0,0,6
69079,San Buono,0.0,0.0,0.0,0,3
69080,San Giovanni Lipioni,0.0,0.255,0.0,1,10
69081,San Giovanni Teatino,0.0,0.0,0.0,0,18
69082,San Martino sulla Marrucina,0.0,0.0,0.0,0,3
69083,San Salvo,4.155,0.0,0.721,1,17
69084,Santa Maria Imbaro,0.0,0.0,0.0,0,1
69085,Sant'Eusanio del Sangro,0.0,0.152,0.103,0,18
69086,San Vito Chietino,4.969,0.0,0.0,0,10
69087,Scerni,0.0,0.0,0.0,0,10
69088,Schiavi di Abruzzo,0.0,0.0,0.0,2,6
69089,Taranta Peligna,0.0,0.0,0.0,0,1
69090,Tollo,0.0,0.0,0.0,0,6
69091,Torino di Sangro,6.994,0.0,2.237,0,4
69092,Tornareccio,0.0,0.0,0.0,0,4
69093,Torrebruna,0.0,0.0,0.0,0,1
69094,Torrevecchia Teatina,0.0,0.0,0.0,2,2
69095,Torricella Peligna,0.0,0.0,1.331,0,4
69096,Treglio,0.0,0.0,0.0,0,3
69097,Tufillo,0.0,0.0,0.0,0,4
69098,Vacri,0.0,0.0,0.0,0,2
69099,Vasto,23.185,0.0,3.782,4,47
69100,Villalfonsina,0.0,0.0,0.0,1,5
69101,Villamagna,0.0,0.0,0.0,0,4
69102,Villa Santa Maria,0.0,0.0,0.0,1,4
69103,Pietraferrazzana,0.0,0.0,0.0,0,1
69104,Fallo,0.0,0.0,0.0,0,0
70001,Acquaviva Collecroce,0.0,0.0,0.0,0,8
70002,Baranello,0.0,0.0,0.0,0,3
70003,Bojano,0.0,0.0,24.168,1,19
70004,Bonefro,0.0,0.0,0.002,1,1
70005,Busso,0.0,0.229,0.0,0,0
70006,Campobasso,0.0,0.0,0.0,3,19
70007,Campochiaro,0.0,0.0,49.777,0,1
70008,Campodipietra,0.0,0.0,0.0,0,1
70009,Campolieto,0.0,0.0,0.0,0,1
70010,Campomarino,15.373,0.0,0.132,0,1
70011,Casacalenda,0.0,8.713,1.436,1,22
70012,Casalciprano,0.0,0.0,0.0,0,0
70013,Castelbottaccio,0.0,0.0,0.0,0,1
70014,Castellino del Biferno,0.0,0.224,0.0,0,0
70015,Castelmauro,0.0,0.0,0.0,0,1
70016,Castropignano,0.0,0.0,0.0,0,1
70017,Cercemaggiore,0.0,0.0,0.0,0,4
70018,Cercepiccola,0.0,0.0,0.0,0,1
70019,Civitacampomarano,0.0,0.0,0.0,0,3
70020,Colle d'Anchise,0.0,0.0,0.0,0,0
70021,Colletorto,0.0,0.0,0.0,0,2
70022,Duronia,0.0,0.0,0.011,0,1
70023,Ferrazzano,0.0,0.0,0.0,0,1
70024,Fossalto,0.0,0.0,0.0,0,1
70025,Gambatesa,0.0,0.0,0.0,0,3
70026,Gildone,0.0,0.017,0.0,0,2
70027,Guardialfiera,0.0,14.746,0.0,0,0
70028,Guardiaregia,0.0,0.0,51.847,0,1
70029,Guglionesi,0.0,0.0,0.0,0,11
70030,Jelsi,0.0,1.088,0.0,0,2
70031,Larino,0.0,3.28,0.0,1,8
70032,Limosano,0.0,0.0,0.0,0,0
70033,Lucito,0.0,0.0,0.0,0,5
70034,Lupara,0.0,0.401,0.0,0,1
70035,Macchia Valfortore,0.0,0.0,0.0,1,1
70036,Mafalda,0.0,0.0,0.067,0,2
70037,Matrice,0.0,0.0,0.0,0,5
70038,Mirabello Sannitico,0.0,0.0,0.0,0,3
70039,Molise,0.0,0.0,0.0,0,0
70040,Monacilioni,0.0,0.0,0.0,0,2
70041,Montagano,0.0,0.0,0.0,0,0
70042,Montecilfone,0.0,0.0,0.0,0,1
70043,Montefalcone nel Sannio,0.0,0.683,0.0,0,1
70044,Montelongo,0.0,0.0,0.0,0,0
70045,Montemitro,0.0,0.0,0.0,0,0
70046,Montenero di Bisaccia,8.742,0.0,12.409,0,3
70047,Montorio nei Frentani,0.0,0.0,0.0,0,1
70048,Morrone del Sannio,0.0,0.0,0.0,0,1
70049,Oratino,0.0,0.0,0.0,0,3
70050,Palata,0.0,0.598,0.0,0,0
70051,Petacciato,6.662,0.0,1.529,0,2
70052,Petrella Tifernina,0.0,0.0,0.0,0,1
70053,Pietracatella,0.0,0.0,0.0,0,1
70054,Pietracupa,0.0,0.0,0.0,1,0
70055,Portocannone,0.0,0.0,0.0,0,6
70056,Provvidenti,0.0,0.0,0.0,0,5
70057,Riccia,0.0,0.0,0.0,0,4
70058,Ripabottoni,0.0,0.0,0.0,0,0
70059,Ripalimosani,0.0,0.0,0.0,0,2
70060,Roccavivara,0.0,0.06,0.0,0,2
70061,Rotello,0.0,0.276,0.0,0,2
70062,Salcito,0.0,0.0,4.844,0,4
70063,San Biase,0.0,0.0,0.369,0,1
70064,San Felice del Molise,0.0,0.0,0.0,0,0
70065,San Giacomo degli Schiavoni,0.0,0.0,0.0,0,13
70066,San Giovanni in Galdo,0.0,0.0,0.0,0,3
70067,San Giuliano del Sannio,0.0,0.0,0.0,0,3
70068,San Giuliano di Puglia,0.0,0.0,0.0,0,29
70069,San Martino in Pensilis,0.0,0.0,0.0,0,2
70070,San Massimo,0.0,0.0,22.788,0,0
70071,San Polo Matese,0.0,0.0,10.542,0,2
70072,Santa Croce di Magliano,0.0,0.0,0.0,1,2
70073,Sant'Angelo Limosano,0.0,0.0,0.394,0,0
70074,Sant'Elia a Pianisi,0.0,0.0,0.0,0,5
70075,Sepino,0.0,0.0,42.316,4,261
70076,Spinete,0.0,0.0,0.0,0,0
70077,Tavenna,0.0,0.0,0.0,0,0
70078,Termoli,18.749,0.0,0.242,1,10
70079,Torella del Sannio,0.0,0.0,0.0,0,1
70080,Toro,0.0,0.0,0.0,0,0
70081,Trivento,0.0,0.0,3.601,1,3
70082,Tufara,0.0,0.0,0.0,0,0
70083,Ururi,0.0,0.0,0.0,0,3
70084,Vinchiaturo,0.0,0.0,0.0,0,1
71001,Accadia,0.0,0.0,0.0,1,5
71002,Alberona,0.0,0.0,0.0,0,1
71003,Anzano di Puglia,0.0,0.0,0.0,0,1
71004,Apricena,0.0,0.0,0.0,0,16
71005,Ascoli Satriano,0.0,0.0,49.084,1,19
71006,Biccari,0.0,0.0,0.0,0,4
71007,Bovino,0.0,0.0,0.0,2,4
71008,Cagnano Varano,9.449,0.0,0.282,0,4
71009,Candela,0.0,0.0,13.759,0,7
71010,Carapelle,0.0,0.0,0.0,0,2
71011,Carlantino,0.0,0.0,0.0,0,5
71012,Carpino,0.0,0.0,0.0,0,7
71013,Casalnuovo Monterotaro,0.0,0.0,0.0,0,1
71014,Casalvecchio di Puglia,0.0,0.0,0.0,0,4
71015,Castelluccio dei Sauri,0.0,0.0,0.009,0,3
71016,Castelluccio Valmaggiore,0.0,0.0,0.0,0,0
71017,Castelnuovo della Daunia,0.0,0.0,0.0,0,9
71018,Celenza Valfortore,0.0,0.0,0.0,0,2
71019,Celle di San Vito,0.0,0.0,0.0,0,2
71020,Cerignola,0.0,0.0,49.199,1,39
71021,Chieuti,8.148,0.0,0.0,0,1
71022,Deliceto,0.0,0.0,0.0,0,4
71023,Faeto,0.0,0.0,0.0,0,1
71024,Foggia,0.0,0.0,21.714,4,22
71025,Ischitella,7.504,0.0,0.934,0,13
71026,Isole Tremiti,25.303,0.0,3.953,0,22
71027,Lesina,25.739,0.0,0.0,0,8
71028,Lucera,0.0,0.0,0.0,1,12
71029,Manfredonia,28.951,0.0,0.0,0,41
71031,Mattinata,18.762,0.0,0.0,1,5
71032,Monteleone di Puglia,0.0,0.0,1.183,0,2
71033,Monte Sant'Angelo,12.297,0.027,0.0,4,14
71034,Motta Montecorvino,0.0,0.0,0.0,0,5
71035,Orsara di Puglia,0.0,0.0,0.0,0,4
71036,Orta Nova,0.0,0.0,0.0,0,1
71037,Panni,0.0,0.0,0.045,0,3
71038,Peschici,16.347,0.0,0.0,0,5
71039,Pietramontecorvino,0.0,0.0,0.0,0,1
71040,Poggio Imperiale,0.0,0.0,0.0,0,3
71041,Rignano Garganico,0.0,0.0,0.0,2,31
71042,Rocchetta Sant'Antonio,0.0,0.0,5.346,0,4
71043,Rodi Garganico,11.634,0.0,0.0,0,2
71044,Roseto Valfortore,0.0,0.0,0.0,0,2
71046,San Giovanni Rotondo,0.0,0.0,0.0,3,144
71047,San Marco in Lamis,0.0,0.0,0.0,1,62
71048,San Marco la Catola,0.0,0.0,0.0,0,0
71049,San Nicandro Garganico,5.479,0.0,0.0,0,11
71050,San Paolo di Civitate,0.0,0.0,0.0,0,6
71051,San Severo,0.0,0.0,0.0,1,66
71052,Sant'Agata di Puglia,0.0,0.0,0.0,0,9
71053,Serracapriola,8.369,0.0,0.0,0,44
71054,Stornara,0.0,0.0,0.0,0,2
71055,Stornarella,0.0,0.0,0.0,0,3
71056,Torremaggiore,0.0,0.0,0.0,1,15
71058,Troia,0.0,0.0,0.0,1,5
71059,Vico del Gargano,5.087,0.0,0.0,0,13
71060,Vieste,44.481,0.0,0.0,0,11
71061,Volturara Appula,0.0,0.0,0.0,0,2
71062,Volturino,0.0,0.0,0.0,0,6
71063,Ordona,0.0,0.0,0.0,0,19
71064,Zapponeta,22.904,0.0,0.0,0,1
72001,Acquaviva delle Fonti,0.0,0.0,0.0,0,19
72002,Adelfia,0.0,0.0,0.0,0,12
72003,Alberobello,0.0,0.0,0.0,2,1117
72004,Altamura,0.0,0.0,130.423,4,60
72006,Bari,57.4,0.0,2.313,16,398
72008,Binetto,0.0,0.0,0.0,0,1
72010,Bitetto,0.0,0.0,0.0,0,22
72011,Bitonto,0.0,0.173,22.643,3,40
72012,Bitritto,0.0,0.0,0.0,0,3
72014,Capurso,0.0,0.0,0.0,0,8
72015,Casamassima,0.0,0.0,0.0,0,9
72016,Cassano delle Murge,0.0,0.0,32.906,0,8
72017,Castellana Grotte,0.0,0.0,0.0,0,35
72018,Cellamare,0.0,0.0,0.0,0,1
72019,Conversano,0.0,0.0,0.126,2,31
72020,Corato,0.0,0.0,54.933,0,21
72021,Gioia del Colle,0.0,0.0,0.471,1,115
72022,Giovinazzo,11.472,0.0,0.0,0,36
72023,Gravina in Puglia,0.0,0.0,77.621,0,34
72024,Grumo Appula,0.0,0.0,6.553,0,9
72025,Locorotondo,0.0,0.0,0.0,1,430
72027,Modugno,0.0,0.327,0.0,0,74
72028,Mola di Bari,17.619,0.0,0.0,0,4
72029,Molfetta,18.87,0.0,0.085,1,42
72030,Monopoli,33.565,0.0,0.0,3,21
72031,Noci,0.0,0.599,0.075,0,310
72032,Noicattaro,0.0,0.0,0.0,0,2
72033,Palo del Colle,0.0,0.0,0.0,0,15
72034,Poggiorsini,0.0,0.0,1.288,0,1
72035,Polignano a Mare,22.833,0.0,0.03,2,18
72036,Putignano,0.0,0.0,0.0,0,6
72037,Rutigliano,0.0,0.0,0.0,1,8
72038,Ruvo di Puglia,0.0,0.0,100.641,3,323
72039,Sammichele di Bari,0.0,0.0,0.0,0,6
72040,Sannicandro di Bari,0.0,0.0,0.0,1,4
72041,Santeramo in Colle,0.0,0.0,8.956,0,322
72043,Terlizzi,0.0,0.0,0.0,5,65
72044,Toritto,0.0,0.0,19.327,0,8
72046,Triggiano,0.0,0.0,0.0,0,12
72047,Turi,0.0,0.0,0.0,0,3
72048,Valenzano,0.0,0.0,0.0,0,10
73001,Avetrana,0.0,0.0,0.0,0,6
73002,Carosino,0.0,0.0,0.0,0,3
73003,Castellaneta,9.402,0.0,17.675,1,19
73004,Crispiano,0.0,0.0,31.663,1,74
73005,Faggiano,0.0,0.0,0.0,0,4
73006,Fragagnano,0.0,0.0,0.0,0,22
73007,Ginosa,6.281,0.0,5.434,0,6
73008,Grottaglie,0.0,0.0,20.201,4,166
73009,Laterza,0.0,0.0,48.045,0,10
73010,Leporano,7.953,0.0,0.0,0,8
73011,Lizzano,4.374,0.0,0.0,0,88
73012,Manduria,15.28,0.0,10.965,3,67
73013,Martina Franca,0.0,0.0,28.239,0,853
73014,Maruggio,11.706,0.0,0.066,0,236
73015,Massafra,5.923,0.0,37.989,0,33
73016,Monteiasi,0.0,0.0,0.0,0,13
73017,Montemesola,0.0,0.0,2.695,0,14
73018,Monteparano,0.0,0.0,0.0,0,1
73019,Mottola,0.0,0.0,58.477,0,167
73020,Palagianello,0.0,0.0,4.078,0,10
73021,Palagiano,6.45,0.0,0.191,0,5
73022,Pulsano,8.903,0.0,0.0,0,4
73023,Roccaforzata,0.0,0.0,0.0,0,0
73024,San Giorgio Ionico,0.0,0.0,0.0,2,15
73025,San Marzano di San Giuseppe,0.0,0.0,0.086,0,22
73026,Sava,0.0,0.0,0.0,2,69
73027,Taranto,71.326,0.0,1.276,8,93
73028,Torricella,4.071,0.0,0.0,0,62
73029,Statte,0.0,0.0,22.71,0,10
74001,Brindisi,75.395,8.317,34.413,1,399
74002,Carovigno,26.653,0.0,6.865,0,720
74003,Ceglie Messapica,0.0,0.0,0.0,1,1954
74004,Cellino San Marco,0.0,0.0,0.0,0,8
74005,Cisternino,0.0,0.0,0.0,0,527
74006,Erchie,0.0,0.0,0.0,0,71
74007,Fasano,20.651,0.0,2.858,1,71
74008,Francavilla Fontana,0.0,0.0,0.0,0,354
74009,Latiano,0.0,0.0,0.0,1,20
74010,Mesagne,0.0,0.0,0.016,2,15
74011,Oria,0.0,0.0,0.0,0,15
74012,Ostuni,30.987,0.0,6.457,4,1811
74013,San Donaci,0.0,0.0,0.0,0,6
74014,San Michele Salentino,0.0,0.0,0.0,0,413
74015,San Pancrazio Salentino,0.0,0.0,0.0,0,9
74016,San Pietro Vernotico,5.143,0.0,9.531,0,6
74017,San Vito dei Normanni,0.0,0.0,0.0,1,234
74018,Torchiarolo,5.176,0.0,0.0,0,19
74019,Torre Santa Susanna,0.0,0.0,0.0,0,5
74020,Villa Castelli,0.0,0.0,0.027,1,357
75002,Alessano,1.359,0.0,0.47,0,242
75003,Alezio,0.0,0.0,0.0,1,17
75004,Alliste,6.81,0.0,0.0,0,460
75005,Andrano,2.5,0.0,0.958,0,76
75006,Aradeo,0.0,0.0,0.0,0,2
75007,Arnesano,0.0,0.0,0.0,0,7
75008,Bagnolo del Salento,0.0,0.0,0.0,0,4
75009,Botrugno,0.0,0.0,0.0,0,3
75010,Calimera,0.0,0.0,0.0,0,152
75011,Campi Salentina,0.0,0.0,0.0,1,8
75012,Cannole,0.0,0.0,0.0,0,8
75013,Caprarica di Lecce,0.0,0.0,0.0,1,55
75014,Carmiano,0.0,0.0,0.0,0,9
75015,Carpignano Salentino,0.0,0.0,0.0,0,152
75016,Casarano,0.0,0.0,0.033,0,179
75017,Castri di Lecce,0.0,0.0,0.0,0,37
75018,Castrignano de' Greci,0.0,0.0,0.0,1,5
75019,Castrignano del Capo,10.262,0.0,1.807,0,497
75020,Cavallino,0.0,0.0,0.0,0,49
75021,Collepasso,0.0,0.0,0.0,0,57
75022,Copertino,0.0,0.0,0.0,1,92
75023,Corigliano d'Otranto,0.0,0.0,0.0,0,23
75024,Corsano,4.308,0.0,1.529,0,97
75025,Cursi,0.0,0.0,0.0,0,8
75026,Cutrofiano,0.0,0.812,0.0,0,7
75027,Diso,2.954,0.0,1.159,0,30
75028,Gagliano del Capo,10.944,0.0,3.62,2,428
75029,Galatina,0.0,0.0,0.0,5,167
75030,Galatone,1.834,0.0,0.0,0,314
75031,Gallipoli,39.029,0.0,7.048,6,121
75032,Giuggianello,0.0,0.0,0.0,1,74
75033,Giurdignano,0.0,0.0,0.0,0,20
75034,Guagnano,0.0,0.0,0.0,0,1
75035,Lecce,22.514,0.0,16.023,12,170
75036,Lequile,0.0,0.0,0.0,0,39
75037,Leverano,0.0,0.0,0.0,0,5
75038,Lizzanello,0.0,0.0,0.0,0,16
75039,Maglie,0.0,0.0,0.0,0,25
75040,Martano,0.0,0.0,0.0,0,69
75041,Martignano,0.0,0.0,0.0,0,56
75042,Matino,0.0,0.0,0.0,0,76
75043,Melendugno,20.541,0.0,0.0,0,525
75044,Melissano,0.0,0.0,0.0,0,27
75045,Melpignano,0.0,0.0,0.0,0,23
75046,Miggiano,0.0,0.0,0.0,0,16
75047,Minervino di Lecce,0.0,0.0,0.0,0,8
75048,Monteroni di Lecce,0.0,0.0,0.0,2,17
75049,Montesano Salentino,0.0,0.0,0.0,0,5
75050,Morciano di Leuca,3.651,0.0,0.0,0,400
75051,Muro Leccese,0.0,0.0,0.0,1,16
75052,Nardò,28.935,0.0,11.248,6,54
75053,Neviano,0.0,0.0,0.0,0,486
75054,Nociglia,0.0,0.0,0.0,0,3
75055,Novoli,0.0,0.0,0.0,0,2
75056,Ortelle,0.0,0.0,0.257,0,2
75057,Otranto,38.207,15.303,10.126,3,51
75058,Palmariggi,0.0,0.0,0.0,0,9
75059,Parabita,0.0,0.0,0.0,1,120
75060,Patù,4.083,0.0,0.0,0,277
75061,Poggiardo,0.0,0.0,0.0,2,11
75063,Racale,5.185,0.0,0.0,0,638
75064,Ruffano,0.0,0.0,0.0,0,99
75065,Salice Salentino,0.0,0.0,0.0,1,6
75066,Salve,8.621,0.0,0.006,0,803
75067,Sanarica,0.0,0.0,0.0,0,4
75068,San Cesario di Lecce,0.0,0.0,0.0,1,0
75069,San Donato di Lecce,0.0,0.0,0.0,0,134
75070,Sannicola,0.0,0.0,0.0,0,229
75071,San Pietro in Lama,0.0,0.0,0.0,0,11
75072,Santa Cesarea Terme,11.935,0.0,5.405,1,25
75073,Scorrano,0.0,0.0,0.0,1,5
75074,Seclì,0.0,0.0,0.0,0,37
75075,Sogliano Cavour,0.0,0.0,0.0,0,2
75076,Soleto,0.0,0.0,0.0,0,7
75077,Specchia,0.0,0.0,0.0,0,192
75078,Spongano,0.0,0.0,0.0,0,32
75079,Squinzano,4.36,0.0,0.0,0,12
75080,Sternatia,0.0,0.0,0.0,0,47
75081,Supersano,0.0,0.0,0.0,0,8
75082,Surano,0.0,0.0,0.0,0,3
75083,Surbo,0.0,0.0,0.0,0,8
75084,Taurisano,0.0,0.0,0.0,0,116
75085,Taviano,1.53,0.0,0.0,0,156
75086,Tiggiano,1.089,0.0,0.588,0,54
75087,Trepuzzi,2.37,0.0,0.295,0,14
75088,Tricase,9.596,0.0,3.893,0,311
75089,Tuglie,0.0,0.0,0.0,0,51
75090,Ugento,14.84,0.0,16.305,0,634
75091,Uggiano la Chiesa,0.0,0.0,0.054,0,4
75092,Veglie,0.0,0.0,0.0,0,4
75093,Vernole,9.33,0.0,3.766,0,260
75094,Zollino,0.0,0.0,0.0,0,14
75095,San Cassiano,0.0,0.0,0.0,0,2
75096,Castro,6.495,0.0,1.923,0,14
75097,Porto Cesareo,36.363,0.0,0.228,0,5
75098,Presicce-Acquarica,0.0,0.0,0.056,2,452
76001,Abriola,0.0,0.0,59.665,0,3
76002,Acerenza,0.0,0.0,0.0,0,0
76003,Albano di Lucania,0.0,0.0,0.122,0,1
76004,Anzi,0.0,0.0,18.573,0,0
76005,Armento,0.0,0.0,3.324,0,4
76006,Atella,0.0,1.498,27.92,1,5
76007,Avigliano,0.0,0.0,0.0,0,3
76008,Balvano,0.0,0.082,0.0,0,1
76009,Banzi,0.0,0.0,0.0,0,2
76010,Baragiano,0.0,0.0,0.0,0,1
76011,Barile,0.0,0.0,6.026,0,1
76012,Bella,0.0,0.0,0.0,0,0
76013,Brienza,0.0,0.0,18.639,0,2
76014,Brindisi Montagna,0.0,0.0,0.0,0,0
76015,Calvello,0.0,0.0,32.816,0,1
76016,Calvera,0.0,0.0,0.0,0,0
76017,Campomaggiore,0.0,0.0,0.144,1,115
76018,Cancellara,0.0,0.0,0.0,0,2
76019,Carbone,0.0,0.0,4.799,0,1
76020,San Paolo Albanese,0.0,0.0,0.0,1,0
76021,Castelgrande,0.0,0.0,0.0,0,0
76022,Castelluccio Inferiore,0.0,0.0,0.0,0,0
76023,Castelluccio Superiore,0.0,0.0,0.0,0,0
76024,Castelmezzano,0.0,0.0,30.922,0,3
76025,Castelsaraceno,0.0,0.0,52.85,0,0
76026,Castronuovo di Sant'Andrea,0.0,0.0,0.0,0,0
76027,Cersosimo,0.0,0.0,0.0,0,1
76028,Chiaromonte,0.0,0.0,2.438,0,12
76029,Corleto Perticara,0.0,0.0,0.711,1,0
76030,Episcopia,0.0,0.0,0.0,0,1
76031,Fardella,0.0,0.0,3.572,0,0
76032,Filiano,0.0,0.0,0.495,0,3
76033,Forenza,0.0,0.0,0.188,0,2
76034,Francavilla in Sinni,0.0,0.0,4.039,0,0
76035,Gallicchio,0.0,0.0,7.821,0,4
76036,Genzano di Lucania,0.0,0.0,0.0,0,8
76037,Grumento Nova,0.0,18.933,28.081,1,11
76038,Guardia Perticara,0.0,0.0,0.0,0,7
76039,Lagonegro,0.0,0.631,27.612,0,3
76040,Latronico,0.0,0.0,11.16,0,4
76041,Laurenzana,0.0,0.0,37.61,0,1
76042,Lauria,0.0,0.085,20.797,0,12
76043,Lavello,0.0,0.0,3.25,0,9
76044,Maratea,28.142,0.0,0.0,0,16
76045,Marsico Nuovo,0.0,0.0,40.795,0,1
76046,Marsicovetere,0.0,0.0,32.96,0,2
76047,Maschito,0.0,0.0,0.028,0,0
76048,Melfi,0.0,0.181,37.75,2,12
76049,Missanello,0.0,0.0,0.073,0,5
76050,Moliterno,0.0,0.0,89.775,8,11
76051,Montemilone,0.0,0.972,0.158,1,3
76052,Montemurro,0.0,9.971,14.857,1,4
76053,Muro Lucano,0.0,0.0,0.003,2,2
76054,Nemoli,0.0,0.918,11.934,0,1
76055,Noepoli,0.0,0.0,2.499,0,0
76056,Oppido Lucano,0.0,0.0,0.0,0,5
76057,Palazzo San Gervasio,0.0,0.0,0.0,1,4
76058,Pescopagano,0.0,0.0,0.0,0,2
76059,Picerno,0.0,0.175,0.0,0,1
76060,Pietragalla,0.0,0.0,0.0,1,4
76061,Pietrapertosa,0.0,0.0,66.777,0,5
76062,Pignola,0.0,5.272,21.277,1,204
76063,Potenza,0.0,0.0,0.071,2,14
76064,Rapolla,0.0,0.0,8.333,0,12
76065,Rapone,0.0,0.128,0.0,1,1
76066,Rionero in Vulture,0.0,2.535,24.643,1,4
76067,Ripacandida,0.0,0.0,10.418,0,0
76068,Rivello,0.0,0.0,5.374,1,4
76069,Roccanova,0.0,0.0,0.0,0,0
76070,Rotonda,0.0,0.0,0.0,1,2
76071,Ruoti,0.0,0.571,0.0,0,1
76072,Ruvo del Monte,0.0,0.0,2.846,0,1
76073,San Chirico Nuovo,0.0,0.0,0.0,0,4
76074,San Chirico Raparo,0.0,0.0,38.519,0,2
76075,San Costantino Albanese,0.0,0.0,0.512,1,0
76076,San Fele,0.0,0.0,5.214,0,0
76077,San Martino d'Agri,0.0,0.0,50.635,0,2
76078,San Severino Lucano,0.0,0.0,7.093,4,0
76079,Sant'Angelo Le Fratte,0.0,0.0,0.0,0,0
76080,Sant'Arcangelo,0.0,0.0,0.0,0,10
76081,Sarconi,0.0,0.0,18.414,0,3
76082,Sasso di Castalda,0.0,0.0,32.307,0,5
76083,Satriano di Lucania,0.0,0.0,8.187,0,1
76084,Savoia di Lucania,0.0,0.0,0.751,0,1
76085,Senise,0.0,0.0,0.0,0,2
76086,Spinoso,0.0,8.863,41.941,0,1
76087,Teana,0.0,0.0,0.0,0,1
76088,Terranova di Pollino,0.0,0.187,18.122,0,0
76089,Tito,0.0,0.0,18.327,1,6
76090,Tolve,0.0,0.0,0.0,0,4
76091,Tramutola,0.0,0.0,28.679,0,1
76092,Trecchina,0.0,0.0,0.0,0,4
76093,Trivigno,0.0,0.0,0.037,0,0
76094,Vaglio Basilicata,0.0,0.0,0.0,1,4
76095,Venosa,0.0,0.0,0.492,1,26
76096,Vietri di Potenza,0.0,0.019,0.008,0,6
76097,Viggianello,0.0,0.0,1.188,0,4
76098,Viggiano,0.0,0.0,26.779,1,7
76099,Ginestra,0.0,0.0,22.882,0,0
76100,Paterno,0.0,0.0,21.078,0,0
77001,Accettura,0.0,0.0,89.842,0,10
77002,Aliano,0.0,0.0,0.0,4,11
77003,Bernalda,7.317,0.0,6.154,0,20
77004,Calciano,0.0,0.0,45.762,0,1
77005,Cirigliano,0.0,0.0,0.871,0,5
77006,Colobraro,0.0,0.0,0.0,0,4
77007,Craco,0.0,0.0,0.0,0,132
77008,Ferrandina,0.0,0.696,1.164,1,13
77009,Garaguso,0.0,0.0,2.343,0,4
77010,Gorgoglione,0.0,0.0,0.055,0,1
77011,Grassano,0.0,0.0,1.903,0,5
77012,Grottole,0.0,0.0,0.0,0,10
77013,Irsina,0.0,0.0,0.0,1,0
77014,Matera,0.0,0.0,0.004,17,111
77015,Miglionico,0.0,0.0,0.319,1,6
77016,Montalbano Jonico,0.0,0.0,0.0,2,59
77017,Montescaglioso,0.0,0.0,0.0,0,17
77018,Nova Siri,2.346,0.0,0.0,0,2
77019,Oliveto Lucano,0.0,0.0,31.064,0,3
77020,Pisticci,11.443,0.0,7.022,2,16
77021,Policoro,10.872,0.09,19.812,0,7
77022,Pomarico,0.0,0.0,5.916,0,28
77023,Rotondella,2.524,0.0,1.78,0,1
77024,Salandra,0.0,0.0,0.496,0,7
77025,San Giorgio Lucano,0.0,0.0,0.0,0,1
77026,San Mauro Forte,0.0,0.0,0.468,1,12
77027,Stigliano,0.0,2.616,0.03,4,52
77028,Tricarico,0.0,0.0,0.156,1,9
77029,Tursi,0.0,3.349,0.0,1,9
77030,Valsinni,0.0,0.0,0.0,0,0
77031,Scanzano Jonico,9.591,0.0,7.74,0,4
78001,Acquaformosa,0.0,0.0,0.0,0,0
78002,Acquappesa,4.587,0.0,0.004,0,0
78003,Acri,0.0,0.0,0.005,3,4
78004,Aiello Calabro,0.0,0.0,0.0,1,8
78005,Aieta,0.0,0.0,0.0,0,11
78006,Albidona,0.194,0.0,0.0,0,1
78007,Alessandria del Carretto,0.0,0.0,0.0,0,0
78008,Altilia,0.0,0.0,0.0,0,2
78009,Altomonte,0.0,1.326,0.0,3,4
78010,Amantea,6.889,0.243,0.0,1,8
78011,Amendolara,8.514,0.0,0.0,0,1
78012,Aprigliano,0.0,17.265,0.0,0,2
78013,Belmonte Calabro,3.644,0.0,0.047,1,3
78014,Belsito,0.0,0.0,0.0,0,0
78015,Belvedere Marittimo,6.019,0.0,0.0,0,2
78016,Bianchi,0.0,0.0,0.0,0,0
78017,Bisignano,0.0,0.0,0.0,2,13
78018,Bocchigliero,0.0,0.0,3.283,1,0
78019,Bonifati,5.536,0.0,0.0,0,2
78020,Buonvicino,0.0,0.0,0.0,1,2
78021,Calopezzati,3.317,0.0,0.0,0,2
78022,Caloveto,0.0,0.0,0.0,0,1
78023,Campana,0.0,0.0,0.0,0,11
78024,Canna,0.0,0.0,0.0,0,0
78025,Cariati,14.184,0.0,0.0,0,0
78026,Carolei,0.0,0.0,0.0,0,3
78027,Carpanzano,0.0,0.0,0.0,0,1
78029,Cassano all'Ionio,0.0,0.0,0.0,4,81
78030,Castiglione Cosentino,0.0,0.0,0.0,0,0
78031,Castrolibero,0.0,0.0,0.0,0,0
78032,Castroregio,0.0,0.0,0.0,0,0
78033,Castrovillari,0.0,0.121,0.0,3,19
78034,Celico,0.0,41.224,10.89,0,0
78035,Cellara,0.0,0.0,0.0,0,0
78036,Cerchiara di Calabria,0.0,0.096,0.162,0,4
78037,Cerisano,0.0,0.0,0.0,0,3
78038,Cervicati,0.0,0.0,0.0,0,1
78039,Cerzeto,0.0,0.0,0.005,0,3
78040,Cetraro,8.923,0.0,0.0,3,101
78041,Civita,0.0,0.139,0.0,2,5
78042,Cleto,0.0,0.0,0.0,0,3
78043,Colosimi,0.0,0.0,0.0,0,1
78045,Cosenza,0.0,0.266,0.0,7,15
78046,Cropalati,0.0,0.085,0.0,0,13
78047,Crosia,5.789,0.0,0.0,0,0
78048,Diamante,5.909,0.0,0.073,0,5
78049,Dipignano,0.0,0.0,0.0,2,2
78050,Domanico,0.0,0.0,0.0,0,1
78051,Fagnano Castello,0.0,0.0,0.0,0,0
78052,Falconara Albanese,2.503,0.0,0.0,0,1
78053,Figline Vegliaturo,0.0,0.0,0.0,0,0
78054,Firmo,0.0,0.0,0.0,0,0
78055,Fiumefreddo Bruzio,4.3,0.0,0.0,0,64
78056,Francavilla Marittima,0.0,0.0,0.0,0,5
78057,Frascineto,0.0,0.0,0.0,1,7
78058,Fuscaldo,7.802,0.0,0.002,0,5
78059,Grimaldi,0.0,0.0,0.0,0,0
78060,Grisolia,1.572,0.0,0.0,0,8
78061,Guardia Piemontese,2.738,0.0,0.115,2,162
78062,Lago,0.0,0.0,0.0,0,1
78063,Laino Borgo,0.0,0.0,0.0,0,4
78064,Laino Castello,0.0,0.0,0.0,0,1
78065,Lappano,0.0,0.0,0.0,0,0
78066,Lattarico,0.0,0.0,0.0,0,2
78067,Longobardi,4.224,0.0,0.0,0,1
78068,Longobucco,0.0,4.259,4.006,1,4
78069,Lungro,0.0,0.164,0.0,0,1
78070,Luzzi,0.0,0.0,0.0,0,0
78071,Maierà,0.0,0.0,0.0,1,1
78072,Malito,0.0,0.0,0.0,0,2
78073,Malvito,0.0,0.0,0.0,0,1
78074,Mandatoriccio,4.275,0.0,0.0,1,2
78075,Mangone,0.0,0.0,0.0,0,0
78076,Marano Marchesato,0.0,0.0,0.0,0,0
78077,Marano Principato,0.0,0.0,0.0,0,0
78078,Marzi,0.0,0.0,0.0,0,2
78079,Mendicino,0.0,0.0,0.0,0,3
78080,Mongrassano,0.0,0.0,1.329,0,0
78081,Montalto Uffugo,0.0,0.0,0.0,0,1
78082,Montegiordano,3.611,0.0,0.0,0,5
78083,Morano Calabro,0.0,0.0,0.0,3,41
78084,Mormanno,0.0,2.566,0.0,0,5
78085,Mottafollone,0.0,0.0,0.0,0,2
78086,Nocara,0.0,0.0,0.0,0,1
78087,Oriolo,0.0,0.0,0.0,1,3
78088,Orsomarso,0.0,0.133,0.0,0,3
78089,Paludi,0.0,0.0,0.0,0,26
78090,Panettieri,0.0,0.0,0.0,0,0
78091,Paola,6.68,0.0,0.0,0,14
78092,Papasidero,0.0,0.0,0.0,0,5
78093,Parenti,0.0,0.0,0.0,0,1
78094,Paterno Calabro,0.0,0.0,0.0,0,1
78096,Pedivigliano,0.0,0.0,0.0,0,3
78097,Piane Crati,0.0,0.0,0.0,0,0
78098,Pietrafitta,0.0,0.0,0.0,0,0
78099,Pietrapaola,3.111,0.0,0.0,0,0
78100,Plataci,0.0,0.0,0.0,0,0
78101,Praia a Mare,7.437,0.0,0.386,1,11
78102,Rende,0.0,0.311,0.085,3,7
78103,Rocca Imperiale,8.332,0.0,0.0,8,8
78104,Roggiano Gravina,0.0,6.439,0.0,0,8
78105,Rogliano,0.0,0.0,0.0,1,8
78106,Rose,0.0,0.0,0.021,0,0
78107,Roseto Capo Spulico,7.7,0.0,0.0,0,0
78109,Rota Greca,0.0,0.0,0.0,0,2
78110,Rovito,0.0,0.0,0.0,0,2
78111,San Basile,0.0,0.0,0.0,0,3
78112,San Benedetto Ullano,0.0,0.0,0.0,0,1
78113,San Cosmo Albanese,0.0,0.0,0.0,0,1
78114,San Demetrio Corone,0.0,0.0,0.0,1,7
78115,San Donato di Ninea,0.0,0.233,0.0,1,0
78116,San Fili,0.0,0.0,0.0,0,4
78117,Sangineto,0.731,0.47,0.0,0,1
78118,San Giorgio Albanese,0.0,0.0,0.0,0,0
78119,San Giovanni in Fiore,0.0,27.255,0.0,1,3
78120,San Lorenzo Bellizzi,0.0,0.0,0.041,0,0
78121,San Lorenzo del Vallo,0.0,0.0,0.0,0,2
78122,San Lucido,5.125,0.0,0.0,0,4
78123,San Marco Argentano,0.0,0.0,0.0,1,2
78124,San Martino di Finita,0.0,0.0,0.0,0,0
78125,San Nicola Arcella,5.999,0.0,0.0,0,4
78126,San Pietro in Amantea,0.0,0.0,0.0,0,0
78127,San Pietro in Guarano,0.0,0.0,0.001,0,3
78128,San Sosti,0.0,0.909,0.0,0,3
78129,Santa Caterina Albanese,0.0,0.0,0.0,0,0
78130,Santa Domenica Talao,0.0,0.25,0.0,0,0
78131,Sant'Agata di Esaro,0.0,0.0,0.0,0,0
78132,Santa Maria del Cedro,2.111,0.0,0.0,1,9
78133,Santa Sofia d'Epiro,0.0,5.266,0.0,0,1
78134,Santo Stefano di Rogliano,0.0,0.0,0.0,0,0
78135,San Vincenzo La Costa,0.0,0.0,0.0,0,1
78136,Saracena,0.0,0.0,0.0,2,5
78137,Scala Coeli,1.229,0.0,0.0,0,0
78138,Scalea,9.738,0.0,0.0,2,27
78139,Scigliano,0.0,0.0,0.0,0,0
78140,Serra d'Aiello,0.0,0.0,0.0,1,1
78142,Spezzano Albanese,0.0,0.0,0.0,0,4
78143,Spezzano della Sila,0.0,19.646,3.227,4,4
78145,Tarsia,0.0,8.274,0.0,0,1
78146,Terranova da Sibari,0.0,0.0,0.0,0,4
78147,Terravecchia,0.0,0.0,0.0,0,0
78148,Torano Castello,0.0,0.0,0.0,0,5
78149,Tortora,2.112,0.0,0.0,2,4
78150,Trebisacce,8.763,0.0,0.0,1,3
78152,Vaccarizzo Albanese,0.0,0.0,0.0,0,2
78153,Verbicaro,0.0,0.0,0.0,0,3
78154,Villapiana,7.636,0.0,0.0,0,5
78155,Zumpano,0.0,0.0,0.0,0,0
78156,Casali del Manco,0.0,7.686,0.0,0,0
78157,Corigliano-Rossano,35.128,0.102,0.075,3,35
79002,Albi,0.0,0.0,5.991,1,3
79003,Amaroni,0.0,0.0,0.0,0,1
79004,Amato,0.0,0.0,0.0,0,0
79005,Andali,0.0,0.0,0.0,0,0
79007,Argusto,0.0,0.0,0.0,0,0
79008,Badolato,4.884,0.0,1.393,0,10
79009,Belcastro,1.231,0.0,0.0,0,5
79011,Borgia,3.289,0.0,0.0,1,8
79012,Botricello,4.81,0.0,0.0,0,1
79017,Caraffa di Catanzaro,0.0,0.0,0.0,1,1
79018,Cardinale,0.0,0.0,11.461,0,1
79020,Carlopoli,0.0,0.0,0.0,0,1
79023,Catanzaro,9.658,0.0,0.0,4,20
79024,Cenadi,0.0,0.0,0.0,0,3
79025,Centrache,0.0,0.0,0.0,0,0
79027,Cerva,0.0,0.0,0.0,0,1
79029,Chiaravalle Centrale,0.0,0.0,0.0,1,2
79030,Cicala,0.0,0.0,0.0,0,1
79033,Conflenti,0.0,0.0,0.0,0,3
79034,Cortale,0.0,0.0,0.0,0,2
79036,Cropani,2.299,0.0,0.0,0,16
79039,Curinga,4.392,0.0,0.0,0,11
79042,Davoli,1.549,0.0,0.463,0,1
79043,Decollatura,0.0,0.0,0.197,0,1
79047,Falerna,2.358,0.227,0.0,0,8
79048,Feroleto Antico,0.0,0.0,0.0,1,1
79052,Fossato Serralta,0.0,0.0,0.0,0,0
79055,Gagliato,0.0,0.0,0.0,0,3
79056,Gasperina,0.0,0.0,0.0,0,2
79058,Gimigliano,0.0,0.0,0.0,0,2
79059,Girifalco,0.0,0.0,0.0,1,11
79060,Gizzeria,7.164,8.733,1.781,0,6
79061,Guardavalle,3.995,0.0,7.441,0,4
79063,Isca sullo Ionio,1.901,0.0,0.015,1,1
79065,Jacurso,0.0,0.0,0.0,0,1
79068,Magisano,0.0,0.0,0.0,1,1
79069,Maida,0.0,0.0,0.0,1,5
79071,Marcedusa,0.0,0.0,0.0,0,0
79072,Marcellinara,0.0,0.0,0.0,0,4
79073,Martirano,0.0,0.0,0.0,0,3
79074,Martirano Lombardo,0.0,0.0,0.0,0,3
79077,Miglierina,0.0,0.0,0.0,0,0
79080,Montauro,1.653,0.0,0.0,0,1
79081,Montepaone,3.056,0.0,0.0,0,7
79083,Motta Santa Lucia,0.0,0.0,0.0,0,1
79087,Nocera Terinese,5.698,0.176,0.0,0,3
79088,Olivadi,0.0,0.43,0.0,0,0
79089,Palermiti,0.0,0.0,0.0,0,0
79092,Pentone,0.0,0.0,0.0,0,0
79094,Petrizzi,0.0,0.0,0.0,0,5
79095,Petronà,0.0,0.0,0.0,0,1
79096,Pianopoli,0.0,0.0,0.0,0,1
79099,Platania,0.0,0.0,0.0,0,3
79108,San Floro,0.0,0.0,0.0,1,1
79110,San Mango d'Aquino,0.0,0.0,0.0,0,6
79114,San Pietro a Maida,0.0,0.0,0.0,0,0
79115,San Pietro Apostolo,0.0,0.0,0.0,0,0
79116,San Sostene,1.537,0.0,2.866,0,1
79117,Santa Caterina dello Ionio,6.34,0.0,0.483,0,1
79118,Sant'Andrea Apostolo dello Ionio,3.625,0.0,0.0,1,2
79122,San Vito sullo Ionio,0.0,0.258,0.0,0,2
79123,Satriano,1.266,0.0,3.189,0,1
79126,Sellia,0.0,0.0,0.0,2,2
79127,Sellia Marina,8.989,0.0,0.0,0,1
79129,Serrastretta,0.0,0.0,0.829,0,0
79130,Sersale,0.0,0.0,0.0,0,1
79131,Settingiano,0.0,0.0,0.0,0,0
79133,Simeri Crichi,2.608,0.123,0.0,0,1
79134,Sorbo San Basile,0.0,0.0,0.0,0,0
79137,Soverato,3.977,0.0,0.007,0,6
79138,Soveria Mannelli,0.0,0.0,0.0,1,5
79139,Soveria Simeri,0.0,0.0,0.0,0,0
79142,Squillace,2.904,0.0,0.0,1,9
79143,Stalettì,5.919,0.0,0.0,0,5
79146,Taverna,0.0,2.679,15.53,2,11
79147,Tiriolo,0.0,0.0,0.0,2,13
79148,Torre di Ruggiero,0.0,0.0,0.005,0,0
79151,Vallefiorita,0.0,0.0,0.0,0,0
79157,Zagarise,0.0,0.0,0.017,2,3
79160,Lamezia Terme,8.589,0.0,0.0,5,29
80001,Africo,1.514,0.0,50.833,0,2
80002,Agnana Calabra,0.0,0.0,0.421,0,0
80003,Anoia,0.0,0.0,0.0,0,0
80004,Antonimina,0.0,0.0,8.691,0,0
80005,Ardore,4.316,0.0,0.0,0,9
80006,Bagaladi,0.0,0.0,15.368,1,2
80007,Bagnara Calabra,6.919,0.0,0.0,0,8
80008,Benestare,0.0,0.0,0.0,0,1
80009,Bianco,9.098,0.0,0.0,0,2
80010,Bivongi,0.0,0.0,12.413,1,18
80011,Bova,0.0,0.0,27.872,2,13
80012,Bovalino,4.412,0.0,0.0,0,0
80013,Bova Marina,7.989,0.0,0.007,1,2
80014,Brancaleone,7.846,0.0,0.0,1,1
80015,Bruzzano Zeffirio,2.298,0.0,0.09,0,7
80016,Calanna,0.0,0.0,0.0,0,0
80017,Camini,2.87,0.0,0.0,0,6
80018,Campo Calabro,0.0,0.0,0.0,0,1
80019,Candidoni,0.0,0.0,0.0,0,3
80020,Canolo,0.0,0.159,22.117,0,0
80021,Caraffa del Bianco,0.0,0.0,0.0,0,0
80022,Cardeto,0.0,0.0,4.901,0,0
80023,Careri,0.0,0.0,12.844,0,1
80024,Casignana,1.608,0.0,0.0,0,1
80025,Caulonia,4.765,0.0,0.0,0,8
80026,Ciminà,0.0,0.0,26.295,0,1
80027,Cinquefrondi,0.0,0.0,9.611,0,0
80028,Cittanova,0.0,0.027,12.961,1,43
80029,Condofuri,5.311,0.0,25.924,0,4
80030,Cosoleto,0.0,0.0,13.348,0,2
80031,Delianuova,0.0,0.0,8.032,0,1
80032,Feroleto della Chiesa,0.0,0.0,0.0,0,1
80033,Ferruzzano,3.204,0.0,0.0,0,1
80034,Fiumara,0.0,0.0,0.0,0,1
80035,Galatro,0.0,0.0,0.0,0,1
80036,Gerace,0.0,0.0,6.53,4,17
80037,Giffone,0.0,0.0,0.001,0,1
80038,Gioia Tauro,5.815,0.0,0.0,0,4
80039,Gioiosa Ionica,0.0,0.0,0.0,0,5
80040,Grotteria,0.508,0.0,0.002,0,0
80041,Laganadi,0.0,0.0,0.0,0,0
80042,Laureana di Borrello,0.0,0.0,0.0,0,1
80043,Locri,6.494,0.0,0.0,1,23
80044,Mammola,0.0,0.0,38.354,0,2
80045,Marina di Gioiosa Ionica,2.893,0.0,0.0,0,4
80046,Maropati,0.0,0.0,0.0,0,2
80047,Martone,0.0,0.0,0.0,0,0
80048,Melicuccà,0.0,0.0,0.0,0,4
80049,Melicucco,0.0,0.0,0.0,0,1
80050,Melito di Porto Salvo,6.055,0.0,0.0,2,6
80051,Molochio,0.0,0.0,13.887,0,0
80052,Monasterace,4.85,0.0,0.0,0,16
80053,Montebello Jonico,5.847,0.0,0.0,0,10
80054,Motta San Giovanni,6.725,0.678,0.0,1,9
80055,Oppido Mamertina,0.0,0.0,13.559,1,2
80056,Palizzi,9.304,0.0,0.23,0,4
80057,Palmi,11.331,0.0,0.0,3,30
80058,Pazzano,0.0,0.0,0.0,1,32
80059,Placanica,0.0,0.0,0.0,0,6
80060,Platì,0.0,0.0,21.611,0,2
80061,Polistena,0.0,0.0,0.0,1,7
80062,Portigliola,0.798,0.0,0.0,0,2
80063,Reggio di Calabria,34.248,0.0,26.274,8,34
80064,Riace,4.006,0.0,0.0,0,6
80065,Rizziconi,0.0,0.0,0.0,0,0
80066,Roccaforte del Greco,0.0,4.13,44.636,0,2
80067,Roccella Ionica,11.79,0.0,0.0,1,5
80068,Roghudi,0.0,3.749,45.621,0,2
80069,Rosarno,0.231,0.0,0.0,1,6
80070,Samo,0.0,0.0,33.575,0,1
80071,San Giorgio Morgeto,0.0,0.0,16.19,0,2
80072,San Giovanni di Gerace,0.0,0.0,0.0,0,0
80073,San Lorenzo,3.139,0.0,19.314,0,1
80074,San Luca,0.0,0.0,79.847,1,1
80075,San Pietro di Caridà,0.0,0.0,0.113,0,0
80076,San Procopio,0.0,0.0,0.0,0,0
80077,San Roberto,0.0,0.0,0.611,0,1
80078,Santa Cristina d'Aspromonte,0.0,0.0,7.713,0,0
80079,Sant'Agata del Bianco,0.0,0.0,5.154,0,2
80080,Sant'Alessio in Aspromonte,0.0,0.0,0.0,0,0
80081,Sant'Eufemia d'Aspromonte,0.0,0.0,7.03,1,2
80082,Sant'Ilario dello Ionio,1.403,0.0,0.0,0,1
80083,Santo Stefano in Aspromonte,0.0,0.0,5.241,0,0
80084,Scido,0.0,0.0,4.234,0,4
80085,Scilla,7.884,0.0,2.575,0,8
80086,Seminara,2.766,0.0,0.0,0,3
80087,Serrata,0.0,0.0,0.0,0,0
80088,Siderno,5.701,0.0,0.0,0,6
80089,Sinopoli,0.0,0.0,8.47,0,5
80090,Staiti,0.0,0.0,3.92,0,1
80091,Stignano,3.673,0.0,0.0,0,5
80092,Stilo,0.564,0.0,40.629,0,40
80093,Taurianova,0.0,0.0,0.0,0,9
80094,Terranova Sappo Minulio,0.0,0.0,0.0,0,2
80095,Varapodio,0.0,0.0,8.241,0,0
80096,Villa San Giovanni,12.107,0.0,0.0,1,14
80097,San Ferdinando,3.797,0.0,0.0,0,4
81001,Alcamo,6.445,0.0,1.841,3,30
81002,Buseto Palizzolo,0.0,0.0,0.0,1,0
81003,Calatafimi-Segesta,0.0,0.0,2.412,1,25
81004,Campobello di Mazara,10.542,0.0,0.0,1,9
81005,Castellammare del Golfo,10.551,0.0,0.814,1,27
81006,Castelvetrano,10.882,0.0,2.36,2,52
81007,Custonaci,9.215,0.0,0.0,1,8
81008,Erice,7.027,0.0,0.0,2,25
81009,Favignana,74.656,0.0,4.401,2,14
81010,Gibellina,0.0,0.0,0.0,4,9
81011,Marsala,49.427,0.0,6.873,4,58
81012,Mazara del Vallo,18.641,0.37,3.536,4,77
81013,Paceco,4.17,0.0,4.277,1,2
81014,Pantelleria,45.236,1.747,29.768,1,46
81015,Partanna,0.0,0.0,0.0,1,18
81016,Poggioreale,0.0,0.0,0.0,0,2
81017,Salaparuta,0.0,0.0,0.0,1,13
81018,Salemi,0.0,0.0,0.0,4,14
81019,Santa Ninfa,0.0,0.0,0.0,2,5
81020,San Vito Lo Capo,28.67,0.0,15.853,1,9
81021,Trapani,13.034,0.554,3.768,5,20
81022,Valderice,4.371,0.0,0.0,1,0
81023,Vita,0.0,0.0,0.0,0,2
81024,Petrosino,7.123,0.795,0.0,1,4
81025,Misiliscemi,4.624,0.0,0.595,0,3
82001,Alia,0.0,0.0,0.0,3,6
82002,Alimena,0.0,0.0,0.0,0,0
82003,Aliminusa,0.0,0.0,0.0,0,3
82004,Altavilla Milicia,4.026,0.0,9.028,0,3
82005,Altofonte,0.0,0.0,0.0,0,3
82006,Bagheria,6.104,0.0,0.0,2,35
82007,Balestrate,3.441,0.0,0.0,0,4
82008,Baucina,0.0,0.0,2.598,0,0
82009,Belmonte Mezzagno,0.0,0.0,0.0,0,1
82010,Bisacquino,0.0,0.0,0.365,0,4
82011,Bolognetta,0.0,0.0,0.0,0,0
82012,Bompietro,0.0,0.0,0.0,0,5
82013,Borgetto,0.0,0.0,0.0,0,4
82014,Caccamo,0.0,18.653,24.851,0,8
82015,Caltavuturo,0.0,0.0,20.609,1,9
82016,Campofelice di Fitalia,0.0,0.0,0.0,1,3
82017,Campofelice di Roccella,8.708,0.0,0.0,0,2
82018,Campofiorito,0.0,0.0,0.0,0,0
82019,Camporeale,0.0,0.0,0.0,0,1
82020,Capaci,1.599,0.0,0.0,1,0
82021,Carini,8.211,0.0,0.0,1,9
82022,Castelbuono,0.0,0.0,25.247,2,11
82023,Casteldaccia,2.122,0.0,14.18,0,3
82024,Castellana Sicula,0.0,0.0,11.174,0,4
82025,Castronovo di Sicilia,0.0,10.806,87.186,0,15
82026,Cefalà Diana,0.0,0.0,0.0,0,4
82027,Cefalù,11.926,0.095,25.456,0,30
82028,Cerda,0.0,0.0,0.0,0,3
82029,Chiusa Sclafani,0.0,0.0,35.651,0,6
82030,Ciminna,0.0,0.0,0.0,1,8
82031,Cinisi,8.487,0.0,0.0,1,2
82032,Collesano,0.0,0.056,43.012,2,4
82033,Contessa Entellina,0.0,0.0,24.457,1,8
82034,Corleone,0.0,0.0,0.24,4,14
82035,Ficarazzi,2.519,0.0,0.0,0,6
82036,Gangi,0.0,0.0,0.0,4,18
82037,Geraci Siculo,0.0,0.0,42.72,1,4
82038,Giardinello,0.0,0.0,0.0,0,2
82039,Giuliana,0.0,0.0,18.191,0,1
82040,Godrano,0.0,0.0,13.236,0,4
82041,Gratteri,0.0,0.0,26.361,2,3
82042,Isnello,0.0,0.0,44.963,0,5
82043,Isola delle Femmine,6.142,0.0,0.174,0,9
82044,Lascari,2.151,0.0,0.04,0,3
82045,Lercara Friddi,0.0,0.0,0.076,2,14
82046,Marineo,0.0,0.0,0.033,2,11
82047,Mezzojuso,0.0,0.0,4.299,3,4
82048,Misilmeri,0.0,0.0,0.0,0,19
82049,Monreale,0.0,10.497,17.378,2,14
82050,Montelepre,0.0,0.0,0.0,0,1
82051,Montemaggiore Belsito,0.0,0.0,0.0,1,2
82052,Palazzo Adriano,0.0,5.39,73.386,0,7
82053,Palermo,29.24,0.0,14.408,24,186
82054,Partinico,0.0,1.195,0.0,1,7
82055,Petralia Soprana,0.0,0.0,18.365,2,8
82056,Petralia Sottana,0.0,0.0,59.029,1,5
82057,Piana degli Albanesi,0.0,12.118,4.45,1,9
82058,Polizzi Generosa,0.0,0.0,42.836,4,12
82059,Pollina,5.815,0.0,17.448,0,2
82060,Prizzi,0.0,4.184,15.426,0,8
82061,Roccamena,0.0,0.0,0.0,0,2
82062,Roccapalumba,0.0,0.0,0.0,0,0
82063,San Cipirello,0.0,0.0,0.0,1,9
82064,San Giuseppe Jato,0.0,0.0,0.0,0,0
82065,San Mauro Castelverde,0.318,0.0,2.198,1,5
82066,Santa Cristina Gela,0.0,3.612,0.0,0,1
82067,Santa Flavia,8.175,0.0,0.0,0,12
82068,Sciara,0.0,0.0,10.517,0,3
82069,Sclafani Bagni,0.0,0.327,3.246,0,10
82070,Termini Imerese,15.048,0.0,5.035,1,20
82071,Terrasini,10.266,0.0,0.318,0,3
82072,Torretta,0.0,0.0,0.0,0,0
82073,Trabia,5.251,0.0,4.728,0,4
82074,Trappeto,4.664,0.0,0.0,0,3
82075,Ustica,14.895,0.0,4.74,0,8
82076,Valledolmo,0.0,0.0,0.0,0,4
82077,Ventimiglia di Sicilia,0.0,0.0,5.789,0,0
82078,Vicari,0.0,0.0,0.0,0,6
82079,Villabate,0.0,0.0,0.0,0,0
82080,Villafrati,0.0,0.0,0.0,0,1
82081,Scillato,0.0,0.0,19.328,0,1
82082,Blufi,0.0,0.0,0.0,0,6
83001,Alcara li Fusi,0.0,1.137,52.172,1,13
83002,Alì,0.0,0.0,4.852,0,2
83003,Alì Terme,3.442,0.0,0.0,0,2
83004,Antillo,0.0,0.0,0.0,0,6
83005,Barcellona Pozzo di Gotto,5.085,0.0,0.0,1,11
83006,Basicò,0.0,0.0,0.0,0,3
83007,Brolo,2.707,0.0,0.0,0,4
83008,Capizzi,0.0,0.0,50.268,0,20
83009,Capo d'Orlando,8.136,0.0,0.0,2,4
83010,Capri Leone,0.0,0.0,0.0,0,1
83011,Caronia,14.309,0.0,193.476,0,18
83012,Casalvecchio Siculo,0.0,0.0,0.0,1,6
83013,Castel di Lucio,0.0,0.0,0.0,0,5
83014,Castell'Umberto,0.0,0.0,0.0,0,2
83015,Castelmola,0.0,0.0,0.0,0,10
83016,Castroreale,0.0,0.0,0.0,0,7
83017,Cesarò,0.0,7.851,137.066,1,13
83018,Condrò,0.0,0.0,0.0,0,1
83019,Falcone,2.07,0.0,0.0,0,0
83020,Ficarra,0.0,0.0,0.0,0,5
83021,Fiumedinisi,0.0,0.0,22.878,0,8
83022,Floresta,0.0,0.0,26.389,0,3
83023,Fondachelli-Fantina,0.0,0.0,0.0,0,4
83024,Forza d'Agrò,1.137,0.0,0.0,0,5
83025,Francavilla di Sicilia,0.0,0.0,10.084,0,12
83026,Frazzanò,0.0,0.0,0.002,0,0
83027,Furci Siculo,1.0,0.0,0.119,1,5
83028,Furnari,3.004,0.0,0.0,0,3
83029,Gaggi,0.0,0.0,0.641,0,0
83030,Galati Mamertino,0.0,0.0,25.744,0,6
83031,Gallodoro,0.0,0.0,0.0,0,1
83032,Giardini-Naxos,4.333,0.0,0.083,0,13
83033,Gioiosa Marea,4.802,0.0,0.0,1,6
83034,Graniti,0.0,0.0,0.847,0,3
83035,Gualtieri Sicaminò,0.0,0.0,0.0,0,3
83036,Itala,1.986,0.0,2.598,0,9
83037,Leni,6.16,0.0,0.0,0,0
83038,Letojanni,2.962,0.0,0.0,0,4
83039,Librizzi,0.0,0.0,0.0,0,6
83040,Limina,0.0,0.0,0.0,1,8
83041,Lipari,110.594,0.0,11.309,3,29
83042,Longi,0.0,0.0,34.782,1,3
83043,Malfa,7.206,0.0,0.0,0,2
83044,Malvagna,0.0,0.0,4.04,0,3
83045,Mandanici,0.0,0.0,0.002,0,4
83046,Mazzarrà Sant'Andrea,0.0,0.0,0.0,0,3
83047,Merì,0.0,0.0,0.0,0,1
83048,Messina,48.622,5.612,0.885,6,154
83049,Milazzo,22.243,0.0,0.121,2,33
83050,Militello Rosmarino,0.0,0.132,18.122,0,1
83051,Mirto,0.0,0.0,0.0,0,1
83052,Mistretta,0.0,0.324,49.629,1,164
83053,Moio Alcantara,0.0,0.0,2.825,0,0
83054,Monforte San Giorgio,1.287,0.0,0.211,0,5
83055,Mongiuffi Melia,0.0,0.0,0.0,0,3
83056,Montagnareale,0.0,0.0,0.0,0,5
83057,Montalbano Elicona,0.0,0.0,11.706,0,17
83058,Motta Camastra,0.0,0.0,0.859,0,0
83059,Motta d'Affermo,3.666,0.0,0.0,0,7
83060,Naso,1.852,0.0,0.0,1,5
83061,Nizza di Sicilia,1.838,0.0,7.242,1,4
83062,Novara di Sicilia,0.0,0.0,0.0,0,13
83063,Oliveri,1.367,0.0,0.0,0,3
83064,Pace del Mela,2.461,0.0,0.0,0,1
83065,Pagliara,0.0,0.0,0.0,0,2
83066,Patti,9.687,0.0,3.354,2,15
83067,Pettineo,0.0,0.0,0.0,0,7
83068,Piraino,5.277,0.0,0.0,1,0
83069,Raccuja,0.0,0.0,0.006,0,12
83070,Reitano,1.463,0.0,0.0,1,15
83071,Roccafiorita,0.0,0.0,0.0,0,2
83072,Roccalumera,2.743,0.0,0.0,2,4
83073,Roccavaldina,0.0,0.0,0.0,1,3
83074,Roccella Valdemone,0.0,0.0,2.919,0,3
83075,Rodì Milici,0.0,0.0,0.0,0,6
83076,Rometta,2.783,0.0,0.0,0,2
83077,San Filippo del Mela,2.128,0.0,0.0,0,6
83078,San Fratello,0.0,0.0,47.906,0,9
83079,San Marco d'Alunzio,0.0,0.0,11.574,3,9
83080,San Pier Niceto,0.943,0.0,5.352,0,7
83081,San Piero Patti,0.0,0.0,0.0,2,42
83082,San Salvatore di Fitalia,0.0,0.0,0.0,0,0
83083,Santa Domenica Vittoria,0.0,0.0,4.828,0,1
83084,Sant'Agata di Militello,4.408,0.0,8.251,0,8
83085,Sant'Alessio Siculo,3.485,0.0,0.0,0,7
83086,Santa Lucia del Mela,0.0,0.0,2.923,0,5
83087,Santa Marina Salina,6.778,0.0,0.0,0,1
83088,Sant'Angelo di Brolo,0.0,0.0,0.0,0,3
83089,Santa Teresa di Riva,3.58,0.0,0.0,0,8
83090,San Teodoro,0.0,0.0,1.259,0,0
83091,Santo Stefano di Camastra,4.531,0.0,7.989,1,1
83092,Saponara,0.625,0.0,0.0,0,12
83093,Savoca,0.0,0.0,0.0,0,4
83094,Scaletta Zanclea,2.565,0.0,0.0,0,7
83095,Sinagra,0.0,0.0,0.0,0,3
83096,Spadafora,1.908,0.0,0.0,0,2
83097,Taormina,5.916,0.0,0.571,2,36
83098,Torregrotta,1.259,0.0,0.0,0,5
83099,Tortorici,0.0,2.051,40.001,1,1
83100,Tripi,0.0,0.0,3.157,0,6
83101,Tusa,6.564,0.0,0.0,1,10
83102,Ucria,0.0,0.0,3.994,0,4
83103,Valdina,0.364,0.0,0.0,0,0
83104,Venetico,1.435,0.0,0.0,0,4
83105,Villafranca Tirrena,1.942,0.0,0.0,1,10
83106,Terme Vigliatore,3.567,0.222,0.0,0,5
83107,Acquedolci,5.252,0.0,0.011,0,4
83108,Torrenova,6.031,0.0,0.0,0,6
84001,Agrigento,10.399,0.195,0.0,4,142
84002,Alessandria della Rocca,0.0,0.0,0.0,0,4
84003,Aragona,0.0,0.0,2.038,0,16
84004,Bivona,0.0,0.678,21.697,0,16
84005,Burgio,0.0,0.0,31.759,2,49
84006,Calamonaci,0.0,0.0,0.0,0,1
84007,Caltabellotta,0.0,0.0,0.054,1,8
84008,Camastra,0.0,0.0,0.0,0,4
84009,Cammarata,0.0,0.0,38.445,0,7
84010,Campobello di Licata,0.0,0.0,0.0,0,13
84011,Canicattì,0.0,0.0,0.0,1,65
84012,Casteltermini,0.0,0.0,0.0,0,8
84013,Castrofilippo,0.0,0.0,0.0,0,6
84014,Cattolica Eraclea,1.556,0.164,0.186,1,5
84015,Cianciana,0.0,0.0,0.0,0,8
84016,Comitini,0.0,0.0,0.0,0,8
84017,Favara,0.0,0.0,0.0,1,14
84018,Grotte,0.0,0.0,0.0,0,1
84019,Joppolo Giancaxio,0.0,0.0,0.47,0,2
84020,Lampedusa e Linosa,54.713,0.0,5.038,0,4
84021,Licata,19.036,0.0,0.0,1,56
84022,Lucca Sicula,0.0,0.0,0.0,0,6
84023,Menfi,11.191,0.0,0.006,2,16
84024,Montallegro,1.182,0.0,0.002,0,6
84025,Montevago,0.0,0.0,0.0,0,13
84026,Naro,0.0,10.892,0.0,1,24
84027,Palma di Montechiaro,16.875,0.152,0.0,0,11
84028,Porto Empedocle,4.885,0.0,0.0,0,3
84029,Racalmuto,0.0,0.0,0.0,1,21
84030,Raffadali,0.0,0.0,0.0,0,6
84031,Ravanusa,0.0,0.0,0.0,1,17
84032,Realmonte,4.882,0.0,0.0,0,3
84033,Ribera,9.252,0.234,1.826,0,8
84034,Sambuca di Sicilia,0.0,0.0,23.014,6,14
84035,San Biagio Platani,0.0,0.0,0.0,0,0
84036,San Giovanni Gemini,0.0,0.0,14.799,0,7
84037,Santa Elisabetta,0.0,0.0,0.0,0,0
84038,Santa Margherita di Belice,0.0,0.0,0.0,4,8
84039,Sant'Angelo Muxaro,0.0,0.0,0.206,0,9
84040,Santo Stefano Quisquina,0.0,0.0,52.556,0,13
84041,Sciacca,18.433,0.0,0.232,2,73
84042,Siculiana,7.57,0.0,7.412,0,7
84043,Villafranca Sicula,0.0,0.0,0.0,0,16
85001,Acquaviva Platani,0.0,0.0,0.0,1,6
85002,Bompensiere,0.0,0.0,0.0,0,1
85003,Butera,6.638,0.0,0.0,0,18
85004,Caltanissetta,0.0,0.273,0.145,0,25
85005,Campofranco,0.0,0.0,2.497,0,8
85006,Delia,0.0,0.0,0.0,0,5
85007,Gela,19.149,7.406,3.391,0,65
85008,Marianopoli,0.0,0.0,0.0,0,7
85009,Mazzarino,0.0,6.866,0.0,0,30
85010,Milena,0.0,0.0,0.0,0,8
85011,Montedoro,0.0,0.0,0.0,1,9
85012,Mussomeli,0.0,0.0,0.0,1,17
85013,Niscemi,0.0,1.952,2.843,1,7
85014,Resuttano,0.0,0.0,0.0,0,1
85015,Riesi,0.0,0.0,0.0,1,8
85016,San Cataldo,0.0,0.0,0.001,0,6
85017,Santa Caterina Villarmosa,0.0,0.0,0.129,0,13
85018,Serradifalco,0.0,1.612,0.578,0,0
85019,Sommatino,0.0,0.0,0.0,0,4
85020,Sutera,0.0,0.0,0.0,1,3
85021,Vallelunga Pratameno,0.0,0.0,0.0,0,3
85022,Villalba,0.0,0.0,0.0,1,2
86001,Agira,0.0,0.0,5.993,2,30
86002,Aidone,0.0,0.0,5.506,1,39
86003,Assoro,0.0,0.0,0.005,0,13
86004,Barrafranca,0.0,0.0,0.0,1,22
86005,Calascibetta,0.0,0.769,0.039,0,7
86006,Catenanuova,0.0,0.0,0.0,0,5
86007,Centuripe,0.0,0.032,0.0,0,19
86008,Cerami,0.0,4.261,11.127,0,4
86009,Enna,0.0,7.493,13.325,2,36
86010,Gagliano Castelferrato,0.0,0.0,0.0,0,5
86011,Leonforte,0.0,3.535,0.389,0,21
86012,Nicosia,0.0,0.499,7.153,2,46
86013,Nissoria,0.0,0.0,0.0,0,4
86014,Piazza Armerina,0.0,0.0,4.935,4,51
86015,Pietraperzia,0.0,0.0,0.0,0,27
86016,Regalbuto,0.0,9.814,0.0,0,6
86017,Sperlinga,0.0,0.0,0.0,0,6
86018,Troina,0.0,1.602,0.0,2,36
86019,Valguarnera Caropepe,0.0,0.0,0.0,3,6
86020,Villarosa,0.0,2.511,0.0,2,14
87001,Aci Bonaccorsi,0.0,0.0,0.0,0,2
87002,Aci Castello,8.741,0.0,0.399,1,10
87003,Aci Catena,0.0,0.0,0.0,0,1
87004,Acireale,13.615,0.0,2.787,4,41
87005,Aci Sant'Antonio,0.0,0.0,1.327,0,5
87006,Adrano,0.0,0.16,57.481,1,24
87007,Belpasso,0.0,0.0,18.507,0,16
87008,Biancavilla,0.0,0.0,53.084,0,12
87009,Bronte,0.0,0.0,196.111,3,31
87010,Calatabiano,2.448,0.0,1.1,1,3
87011,Caltagirone,0.0,0.208,22.877,7,46
87012,Camporotondo Etneo,0.0,0.0,0.0,0,2
87013,Castel di Iudica,0.0,0.0,0.0,0,13
87014,Castiglione di Sicilia,0.0,0.0,89.276,0,21
87015,Catania,26.318,0.0,0.0,23,227
87016,Fiumefreddo di Sicilia,2.626,0.0,0.447,0,2
87017,Giarre,0.0,0.0,0.017,2,6
87018,Grammichele,0.0,0.0,0.0,1,4
87019,Gravina di Catania,0.0,0.0,0.0,0,1
87020,Licodia Eubea,0.0,0.0,0.0,2,7
87021,Linguaglossa,0.0,0.0,61.866,0,12
87022,Maletto,0.0,0.0,49.243,0,5
87023,Mascali,3.957,0.0,3.266,0,3
87024,Mascalucia,0.0,0.0,0.0,0,5
87025,Militello in Val di Catania,0.0,0.086,0.0,3,60
87026,Milo,0.0,0.0,11.111,0,6
87027,Mineo,0.0,0.0,0.0,0,15
87028,Mirabella Imbaccari,0.0,0.0,0.0,1,1
87029,Misterbianco,0.0,0.0,0.0,0,11
87030,Motta Sant'Anastasia,0.0,0.0,0.0,0,2
87031,Nicolosi,0.0,0.0,34.737,1,14
87032,Palagonia,0.0,0.0,0.0,0,7
87033,Paternò,0.0,0.0,1.055,0,17
87034,Pedara,0.0,0.0,9.228,0,3
87035,Piedimonte Etneo,0.0,0.0,13.183,0,2
87036,Raddusa,0.0,0.0,0.0,0,2
87037,Ramacca,0.0,0.43,0.0,0,4
87038,Randazzo,0.0,1.237,151.177,3,22
87039,Riposto,7.853,0.0,0.0,0,2
87040,San Cono,0.0,0.0,0.0,0,5
87041,San Giovanni la Punta,0.0,0.0,0.0,0,16
87042,San Gregorio di Catania,0.0,0.0,0.396,0,10
87043,San Michele di Ganzaria,0.0,0.0,0.0,0,1
87044,San Pietro Clarenza,0.0,0.0,0.0,0,0
87045,Sant'Agata li Battiati,0.0,0.0,0.0,0,3
87046,Sant'Alfio,0.0,0.0,34.81,0,8
87047,Santa Maria di Licodia,0.0,0.0,4.605,0,2
87048,Santa Venerina,0.0,0.0,0.251,1,8
87049,Scordia,0.0,0.0,0.0,0,3
87050,Trecastagni,0.0,0.0,15.005,0,14
87051,Tremestieri Etneo,0.0,0.0,0.0,0,5
87052,Valverde,0.0,0.0,0.0,0,2
87053,Viagrande,0.0,0.0,1.22,0,5
87054,Vizzini,0.0,0.0,0.0,0,314
87055,Zafferana Etnea,0.0,0.0,148.261,0,11
87056,Mazzarrone,0.0,0.0,0.0,0,1
87057,Maniace,0.0,0.0,16.444,0,1
87058,Ragalna,0.0,0.0,28.099,0,2
88001,Acate,7.354,0.0,0.024,0,8
88002,Chiaramonte Gulfi,0.0,0.0,0.0,2,20
88003,Comiso,0.0,0.0,3.971,0,10
88004,Giarratana,0.0,0.0,0.0,0,6
88005,Ispica,11.012,0.0,5.958,0,29
88006,Modica,6.006,0.0,12.758,2,88
88007,Monterosso Almo,0.0,0.0,0.0,0,16
88008,Pozzallo,9.106,0.0,0.0,0,6
88009,Ragusa,12.659,0.0,8.917,8,133
88010,Santa Croce Camerina,6.407,0.0,0.0,0,35
88011,Scicli,17.742,0.0,2.116,7,49
88012,Vittoria,6.409,0.0,19.221,2,8
89001,Augusta,44.724,0.0,0.274,1,62
89002,Avola,7.928,0.0,9.833,0,39
89003,Buccheri,0.0,0.0,0.0,0,39
89004,Buscemi,0.0,0.0,1.36,1,21
89005,Canicattini Bagni,0.0,0.0,0.0,0,13
89006,Carlentini,1.177,0.0,0.0,0,17
89007,Cassaro,0.0,0.0,9.125,0,7
89008,Ferla,0.0,0.0,2.713,0,9
89009,Floridia,0.0,0.0,0.0,2,3
89010,Francofonte,0.0,0.0,0.0,0,20
89011,Lentini,0.0,0.0,0.0,0,27
89012,Melilli,4.837,0.0,0.898,0,53
89013,Noto,17.999,0.0,28.929,3,321
89014,Pachino,14.973,0.0,0.0,0,16
89015,Palazzolo Acreide,0.0,0.0,0.626,3,58
89016,Rosolini,0.0,0.0,5.2,0,44
89017,Siracusa,58.196,0.0,8.254,13,187
89018,Solarino,0.0,0.0,0.0,2,6
89019,Sortino,0.0,0.0,26.449,1,41
89020,Portopalo di Capo Passero,15.216,0.0,0.59,0,5
89021,Priolo Gargallo,12.443,0.0,0.832,0,35
90001,Aggius,0.0,0.0,0.0,3,1
90002,Alà dei Sardi,0.0,1.255,2.198,0,7
90003,Alghero,55.545,0.0,52.124,6,137
90004,Anela,0.0,0.0,0.0,0,2
90005,Ardara,0.0,0.0,0.0,1,5
90006,Arzachena,60.409,0.0,1.623,3,12
90007,Banari,0.0,0.0,0.0,2,3
90008,Benetutti,0.0,0.0,0.0,0,6
90009,Berchidda,0.0,0.0,0.0,1,4
90010,Bessude,0.0,0.0,0.0,0,1
90011,Bonnanaro,0.0,0.0,0.0,0,3
90012,Bono,0.0,0.0,0.004,0,2
90013,Bonorva,0.0,0.0,0.0,1,13
90014,Bortigiadas,0.0,0.0,0.0,0,1
90015,Borutta,0.0,0.0,0.0,0,3
90016,Bottidda,0.0,0.0,0.0,1,3
90017,Buddusò,0.0,3.131,0.0,0,4
90018,Bultei,0.0,0.0,0.0,0,2
90019,Bulzi,0.0,0.0,0.0,0,2
90020,Burgos,0.0,0.0,0.0,1,4
90021,Calangianus,0.0,0.0,0.0,1,9
90022,Cargeghe,0.0,0.0,0.0,0,5
90023,Castelsardo,15.985,0.0,0.459,0,12
90024,Cheremule,0.0,0.0,0.0,0,3
90025,Chiaramonti,0.0,0.0,0.0,0,10
90026,Codrongianos,0.0,0.0,0.0,2,5
90027,Cossoine,0.0,0.0,0.0,1,4
90028,Esporlatu,0.0,0.0,0.0,0,5
90029,Florinas,0.0,0.0,0.0,0,10
90030,Giave,0.0,0.0,0.025,0,4
90031,Illorai,0.0,0.0,0.0,0,9
90032,Ittireddu,0.0,0.0,0.0,0,5
90033,Ittiri,0.0,0.0,0.0,0,36
90034,Laerru,0.0,0.0,0.0,1,5
90035,La Maddalena,199.048,0.0,9.224,0,45
90036,Luogosanto,0.0,0.0,0.0,1,7
90037,Luras,0.0,0.0,0.0,0,9
90038,Mara,0.0,0.0,0.0,1,12
90039,Martis,0.0,0.0,0.0,0,3
90040,Monteleone Rocca Doria,0.0,0.0,0.0,1,2
90041,Monti,0.0,0.0,0.0,0,3
90042,Mores,0.0,0.0,0.0,1,8
90043,Muros,0.0,0.0,0.0,0,1
90044,Nughedu San Nicolò,0.0,0.0,0.0,0,7
90045,Nule,0.0,0.0,0.0,0,5
90046,Nulvi,0.0,0.0,0.0,2,15
90047,Olbia,102.037,0.0,0.0,0,40
90048,Olmedo,0.0,0.0,0.0,0,7
90049,Oschiri,0.0,0.0,0.0,0,14
90050,Osilo,0.0,0.0,0.0,0,6
90051,Ossi,0.0,0.0,0.0,2,13
90052,Ozieri,0.0,0.0,0.0,4,19
90053,Padria,0.0,0.0,0.0,1,3
90054,Palau,26.886,0.0,0.683,0,13
90055,Pattada,0.0,0.0,0.0,2,15
90056,Perfugas,0.0,0.0,0.0,2,5
90057,Ploaghe,0.0,0.0,0.0,1,15
90058,Porto Torres,96.535,0.0,60.553,1,33
90059,Pozzomaggiore,0.0,0.0,0.0,1,7
90060,Putifigari,0.0,0.0,0.0,0,3
90061,Romana,0.0,0.0,0.0,0,6
90062,Aglientu,19.84,0.0,0.432,1,2
90063,Santa Teresa Gallura,68.207,0.0,5.234,0,53
90064,Sassari,31.763,3.795,0.072,7,91
90065,Sedini,0.0,0.0,0.0,2,12
90066,Semestene,0.0,0.0,0.0,0,2
90067,Sennori,0.0,0.0,0.0,0,18
90068,Siligo,0.0,0.0,0.0,0,17
90069,Sorso,15.511,0.0,0.096,0,6
90070,Tempio Pausania,0.0,0.0,0.0,2,15
90071,Thiesi,0.0,0.0,0.0,1,3
90072,Tissi,0.0,0.0,0.0,1,5
90073,Torralba,0.0,0.0,0.0,1,14
90074,Trinità d'Agultu e Vignola,36.424,0.0,1.749,0,3
90075,Tula,0.0,0.0,0.0,0,4
90076,Uri,0.0,0.0,0.0,0,11
90077,Usini,0.0,0.0,0.0,0,10
90078,Villanova Monteleone,9.638,0.0,0.0,0,20
90079,Valledoria,3.166,0.0,0.07,0,2
90080,Telti,0.0,0.0,0.0,1,3
90081,Badesi,8.397,0.0,0.075,0,2
90082,Viddalba,0.0,0.0,0.0,1,0
90083,Golfo Aranci,30.081,0.0,0.0,0,18
90084,Loiri Porto San Paolo,7.537,0.884,0.0,0,1
90085,Sant'Antonio di Gallura,0.0,0.0,0.0,0,2
90086,Tergu,0.0,0.0,0.0,0,2
90087,Santa Maria Coghinas,0.0,0.0,0.0,0,1
90088,Erula,0.0,0.0,0.0,1,6
90089,Stintino,43.958,0.0,0.264,1,17
90090,Padru,0.0,0.0,10.347,1,2
90091,Budoni,14.019,2.629,0.001,1,6
90092,San Teodoro,30.03,2.584,5.61,0,3
91001,Aritzo,0.0,0.0,77.161,3,2
91002,Arzana,9.355,0.0,99.802,0,10
91003,Atzara,0.0,0.0,0.393,0,5
91004,Austis,0.0,0.0,0.0,0,3
91005,Bari Sardo,8.454,0.0,0.0,0,23
91006,Baunei,30.288,0.0,84.826,1,19
91007,Belvì,0.0,0.0,6.528,1,3
91008,Birori,0.0,0.0,0.0,0,15
91009,Bitti,0.0,0.977,46.001,1,7
91010,Bolotana,0.0,0.0,0.0,0,10
91011,Borore,0.0,0.0,0.0,0,14
91012,Bortigali,0.0,0.0,0.0,1,19
91016,Desulo,0.0,0.0,101.925,0,8
91017,Dorgali,13.964,0.0,104.243,4,42
91018,Dualchi,0.0,0.0,0.0,0,19
91019,Elini,0.0,0.0,0.0,0,0
91024,Fonni,0.0,0.0,56.006,1,25
91025,Gadoni,0.0,0.0,0.813,0,3
91026,Gairo,2.753,0.0,31.93,0,10
91027,Galtellì,0.0,0.0,0.038,1,9
91028,Gavoi,0.0,0.0,14.786,3,7
91031,Girasole,0.0,0.0,0.0,0,2
91032,Ilbono,0.0,0.0,0.0,0,6
91033,Irgoli,0.0,0.0,3.83,1,5
91035,Jerzu,0.0,0.0,0.0,0,6
91037,Lanusei,3.375,0.0,0.0,3,19
91038,Lei,0.0,0.0,0.0,0,1
91039,Loceri,0.988,0.0,0.0,1,3
91040,Loculi,0.0,0.0,1.989,0,1
91041,Lodè,0.0,0.0,12.835,0,1
91042,Lotzorai,5.52,0.0,0.0,0,18
91043,Lula,0.0,0.0,49.479,1,4
91044,Macomer,0.0,0.0,0.0,2,56
91046,Mamoiada,0.0,0.0,0.0,3,15
91047,Meana Sardo,0.0,0.0,7.736,0,4
91050,Noragugume,0.0,0.0,0.0,0,5
91051,Nuoro,0.0,0.0,21.568,6,73
91055,Oliena,0.0,0.0,95.364,0,13
91056,Ollolai,0.0,0.0,5.572,0,2
91057,Olzai,0.0,0.0,2.487,1,2
91058,Onanì,0.0,0.0,0.0,0,3
91059,Onifai,0.0,0.0,0.0,0,3
91060,Oniferi,0.0,0.0,0.0,0,7
91061,Orani,0.0,0.0,0.0,2,4
91062,Orgosolo,0.0,0.0,162.136,2,23
91063,Orosei,19.959,0.0,5.503,1,14
91064,Orotelli,0.0,0.0,0.0,0,11
91066,Ortueri,0.0,0.0,0.0,0,1
91067,Orune,0.0,0.0,0.0,0,5
91068,Osidda,0.0,0.0,0.0,1,4
91069,Osini,0.0,0.0,0.004,0,9
91070,Ottana,0.0,0.0,0.0,2,4
91071,Ovodda,0.0,0.0,24.68,0,8
91072,Perdasdefogu,0.0,0.0,0.0,0,7
91073,Posada,5.765,0.0,0.0,0,4
91077,Sarule,0.0,0.0,0.0,1,2
91083,Silanus,0.0,0.0,0.0,1,14
91084,Sindia,0.0,0.0,0.0,0,11
91085,Siniscola,21.171,0.0,34.407,0,10
91086,Sorgono,0.0,0.0,25.918,0,39
91088,Talana,0.0,0.0,20.075,0,11
91089,Tertenia,9.237,0.0,0.0,0,21
91090,Teti,0.0,0.0,0.0,0,5
91091,Tiana,0.0,0.0,10.478,0,1
91093,Tonara,0.0,0.0,27.981,1,3
91094,Torpè,0.0,0.0,6.422,0,6
91095,Tortolì,13.17,0.0,0.0,0,38
91097,Triei,0.0,0.0,0.0,0,3
91098,Ulassai,0.0,0.0,0.0,1,8
91099,Urzulei,0.0,0.0,107.576,1,6
91100,Ussassai,0.0,0.0,23.883,0,5
91101,Villagrande Strisaili,0.0,0.0,125.4,0,18
91103,Cardedu,4.567,0.0,0.0,0,25
91104,Lodine,0.0,0.0,6.696,0,0
92003,Assemini,0.0,0.0,0.0,1,15
92009,Cagliari,28.231,0.724,13.844,16,140
92011,Capoterra,2.882,0.953,0.0,0,11
92015,Decimomannu,0.0,0.0,0.0,0,3
92037,Maracalagonis,3.72,0.0,1.737,0,16
92050,Pula,17.413,0.0,0.0,0,10
92051,Quartu Sant'Elena,19.929,0.0,13.642,2,56
92066,Sarroch,12.785,0.0,0.0,0,17
92068,Selargius,0.0,0.0,0.0,0,14
92074,Sestu,0.0,0.0,0.0,0,2
92075,Settimo San Pietro,0.0,0.0,0.0,1,9
92080,Sinnai,4.377,0.0,100.696,2,103
92090,Uta,0.0,0.0,0.0,0,5
92099,Villa San Pietro,0.0,0.0,0.0,0,2
92105,Quartucciu,0.0,0.0,0.136,0,11
92108,Elmas,0.0,0.0,0.0,0,5
92109,Monserrato,0.0,0.0,0.0,1,13
93001,Andreis,0.0,0.0,10.099,1,9
93002,Arba,0.0,0.0,0.0,0,3
93004,Aviano,0.0,0.0,0.0,0,22
93005,Azzano Decimo,0.0,0.0,0.0,0,18
93006,Barcis,0.0,0.0,18.036,0,5
93007,Brugnera,0.0,0.0,0.088,0,4
93008,Budoia,0.0,0.0,9.959,0,28
93009,Caneva,0.0,0.0,10.401,0,17
93010,Casarsa della Delizia,0.0,0.0,0.0,0,4
93011,Castelnovo del Friuli,0.0,0.039,6.573,1,15
93012,Cavasso Nuovo,0.0,0.0,0.0,1,2
93013,Chions,0.0,0.0,0.051,0,17
93014,Cimolais,0.0,0.0,83.965,0,5
93015,Claut,0.0,0.0,96.124,0,18
93016,Clauzetto,0.0,0.0,1.67,1,3
93017,Cordenons,0.0,0.0,20.801,0,3
93018,Cordovado,0.0,0.0,0.0,0,66
93019,Erto e Casso,0.0,3.327,27.984,2,25
93020,Fanna,0.0,0.0,0.0,0,0
93021,Fiume Veneto,0.0,0.189,0.093,0,10
93022,Fontanafredda,0.0,0.79,0.0,0,5
93024,Frisanco,0.0,0.0,27.11,0,12
93025,Maniago,0.0,0.0,8.633,1,15
93026,Meduno,0.0,0.0,0.0,0,7
93027,Montereale Valcellina,0.0,0.0,3.469,1,16
93028,Morsano al Tagliamento,0.0,0.0,0.922,0,10
93029,Pasiano di Pordenone,0.0,0.0,0.227,1,10
93030,Pinzano al Tagliamento,0.0,0.125,6.299,0,36
93031,Polcenigo,0.0,0.0,35.905,0,72
93032,Porcia,0.0,2.288,0.0,1,15
93033,Pordenone,0.0,1.996,0.0,6,31
93034,Prata di Pordenone,0.0,0.0,0.247,1,2
93035,Pravisdomini,0.0,0.0,0.0,0,3
93036,Roveredo in Piano,0.0,0.0,0.0,0,2
93037,Sacile,0.0,0.0,0.0,0,15
93038,San Giorgio della Richinvelda,0.0,0.0,0.661,0,20
93039,San Martino al Tagliamento,0.0,0.0,0.0,0,6
93040,San Quirino,0.0,0.0,4.375,0,2
93041,San Vito al Tagliamento,0.0,1.5,0.467,2,30
93042,Sequals,0.0,0.0,0.546,0,7
93043,Sesto al Reghena,0.0,1.746,0.147,0,23
93044,Spilimbergo,0.0,0.391,12.95,0,38
93045,Tramonti di Sopra,0.0,0.0,59.359,0,19
93046,Tramonti di Sotto,0.0,0.0,3.147,0,18
93047,Travesio,0.0,0.202,0.552,0,17
93049,Vito d'Asio,0.0,0.0,4.808,0,22
93050,Vivaro,0.0,0.0,7.664,0,2
93051,Zoppola,0.0,0.379,2.836,1,5
93052,Vajont,0.0,0.0,0.0,0,2
93053,Valvasone Arzene,0.0,0.0,0.0,1,15
94001,Acquaviva d'Isernia,0.0,0.0,0.0,0,0
94002,Agnone,0.0,0.0,0.193,3,19
94003,Bagnoli del Trigno,0.0,0.0,0.0,0,1
94004,Belmonte del Sannio,0.0,0.0,0.0,0,2
94005,Cantalupo nel Sannio,0.0,0.0,8.777,0,2
94006,Capracotta,0.0,0.0,0.07,0,12
94007,Carovilli,0.0,0.0,41.344,0,11
94008,Carpinone,0.0,0.0,7.807,0,52
94009,Castel del Giudice,0.0,0.0,0.008,0,0
94010,Castelpetroso,0.0,0.0,7.315,1,4
94011,Castelpizzuto,0.0,0.0,15.331,0,1
94012,Castel San Vincenzo,0.0,4.745,8.038,0,2
94013,Castelverrino,0.0,0.0,0.028,0,0
94014,Cerro al Volturno,0.0,0.0,0.0,0,1
94015,Chiauci,0.0,3.227,16.04,0,1
94016,Civitanova del Sannio,0.0,0.0,13.555,0,8
94017,Colli a Volturno,0.0,0.0,6.696,0,1
94018,Conca Casale,0.0,0.0,0.179,0,0
94019,Filignano,0.0,0.0,1.35,0,1
94020,Forlì del Sannio,0.0,0.0,0.147,0,0
94021,Fornelli,0.0,0.0,0.424,2,5
94022,Frosolone,0.0,0.0,25.312,0,5
94023,Isernia,0.0,0.0,4.005,0,7
94024,Longano,0.0,0.0,27.079,0,1
94025,Macchia d'Isernia,0.0,0.0,12.915,0,1
94026,Macchiagodena,0.0,0.0,12.679,0,1
94027,Miranda,0.0,0.0,0.195,0,0
94028,Montaquila,0.0,0.0,5.045,0,2
94029,Montenero Val Cocchiara,0.0,0.0,0.0,0,0
94030,Monteroduni,0.0,0.0,37.196,0,2
94031,Pesche,0.0,0.0,5.358,0,7
94032,Pescolanciano,0.0,0.0,38.004,2,3
94033,Pescopennataro,0.0,0.649,0.0,0,3
94034,Pettoranello del Molise,0.0,0.0,8.569,0,2
94035,Pietrabbondante,0.0,0.0,27.155,0,10
94036,Pizzone,0.0,0.0,22.175,0,1
94037,Poggio Sannita,0.0,0.0,0.048,0,8
94038,Pozzilli,0.0,0.0,1.786,0,1
94039,Rionero Sannitico,0.0,0.0,0.037,0,0
94040,Roccamandolfi,0.0,0.0,53.254,1,12
94041,Roccasicura,0.0,0.0,28.772,0,0
94042,Rocchetta a Volturno,0.0,0.0,7.401,0,35
94043,San Pietro Avellana,0.0,0.0,43.943,0,1
94044,Sant'Agapito,0.0,0.0,13.524,0,1
94045,Santa Maria del Molise,0.0,0.0,8.071,0,5
94046,Sant'Angelo del Pesco,0.0,0.0,0.0,0,0
94047,Sant'Elena Sannita,0.0,0.0,0.112,0,3
94048,Scapoli,0.0,0.0,1.723,2,0
94049,Sessano del Molise,0.0,0.117,6.116,0,0
94050,Sesto Campano,0.0,0.0,0.0,0,2
94051,Vastogirardi,0.0,0.0,63.604,0,6
94052,Venafro,0.0,0.0,7.414,2,12
95001,Abbasanta,0.0,0.0,0.0,0,6
95002,Aidomaggiore,0.0,0.0,0.0,0,19
95003,Albagiara,0.0,0.0,0.177,0,1
95004,Ales,0.0,0.0,0.0,1,4
95005,Allai,0.0,0.0,0.0,1,6
95006,Arborea,10.956,0.0,0.0,0,8
95007,Ardauli,0.0,0.0,0.0,1,7
95008,Assolo,0.0,0.0,0.05,0,1
95009,Asuni,0.0,0.0,0.0,1,3
95010,Baradili,0.0,0.0,0.0,0,1
95011,Baratili San Pietro,0.0,0.0,0.0,0,2
95012,Baressa,0.0,0.0,0.0,1,1
95013,Bauladu,0.0,0.0,0.027,0,29
95014,Bidonì,0.0,0.0,0.0,1,3
95015,Bonarcado,0.0,0.0,0.0,0,32
95016,Boroneddu,0.0,0.0,0.0,0,2
95017,Busachi,0.0,0.0,0.0,1,5
95018,Cabras,30.075,0.0,0.42,0,47
95019,Cuglieri,11.405,0.0,0.0,0,31
95020,Fordongianus,0.0,0.0,0.0,0,9
95021,Ghilarza,0.0,0.0,0.0,0,16
95022,Gonnoscodina,0.0,0.0,0.0,0,3
95023,Gonnosnò,0.0,0.0,0.057,1,2
95024,Gonnostramatza,0.0,0.0,0.0,1,4
95025,Marrubiu,0.0,0.0,0.152,1,10
95026,Masullas,0.0,0.0,0.0,1,3
95027,Milis,0.0,0.0,0.0,1,13
95028,Mogorella,0.0,0.0,0.0,0,6
95029,Mogoro,0.0,0.0,0.0,1,25
95030,Morgongiori,0.0,0.0,0.074,0,4
95031,Narbolia,1.902,0.0,0.0,0,27
95032,Neoneli,0.0,0.0,0.0,0,1
95033,Norbello,0.0,0.0,0.0,3,9
95034,Nughedu Santa Vittoria,0.0,0.0,0.0,0,2
95035,Nurachi,0.0,0.0,0.0,1,3
95036,Nureci,0.0,0.0,0.109,1,1
95037,Ollastra,0.0,0.0,0.0,0,10
95038,Oristano,7.344,0.0,0.0,3,17
95039,Palmas Arborea,0.0,0.0,0.0,0,3
95040,Pau,0.0,0.0,0.0,0,1
95041,Paulilatino,0.0,0.0,2.225,1,54
95042,Pompu,0.0,0.0,0.0,1,0
95043,Riola Sardo,1.646,0.0,0.0,0,4
95044,Ruinas,0.0,0.0,0.0,0,2
95045,Samugheo,0.0,0.0,0.0,0,18
95046,San Nicolò d'Arcidano,0.0,0.0,0.0,0,5
95047,Santa Giusta,10.315,0.0,0.0,0,7
95048,Villa Sant'Antonio,0.0,0.0,0.0,0,18
95049,Santu Lussurgiu,0.0,0.0,0.0,0,17
95050,San Vero Milis,18.839,0.0,0.0,1,8
95051,Scano di Montiferro,0.0,0.0,0.008,0,25
95052,Sedilo,0.0,0.0,3.049,0,56
95053,Seneghe,0.0,0.0,0.0,0,27
95054,Senis,0.0,0.0,0.0,0,5
95055,Sennariolo,0.0,0.0,0.0,0,5
95056,Siamaggiore,0.0,0.0,0.0,0,2
95057,Siamanna,0.0,0.0,0.0,0,3
95058,Simala,0.0,0.0,0.0,0,2
95059,Simaxis,0.0,0.0,0.0,0,3
95060,Sini,0.0,0.0,0.143,0,2
95061,Siris,0.0,0.0,0.0,0,2
95062,Solarussa,0.0,0.0,0.124,0,9
95063,Sorradile,0.0,0.0,1.625,0,8
95064,Tadasuni,0.0,0.0,0.0,1,2
95065,Terralba,4.405,0.0,0.0,2,10
95066,Tramatza,0.0,0.0,0.0,0,5
95067,Tresnuraghes,10.042,0.0,0.0,1,8
95068,Ulà Tirso,0.0,0.0,0.0,0,1
95069,Uras,0.0,0.0,0.009,1,5
95070,Usellus,0.0,0.0,0.0,0,5
95071,Villanova Truschedu,0.0,0.0,0.0,0,11
95072,Villaurbana,0.0,0.0,0.0,0,6
95073,Villa Verde,0.0,0.0,0.0,1,4
95074,Zeddiani,0.0,0.0,0.0,0,2
95075,Zerfaliu,0.0,0.0,0.062,0,14
95076,Siapiccia,0.0,0.0,0.0,0,2
95077,Curcuris,0.0,0.0,0.0,0,1
95078,Soddì,0.0,0.0,0.0,0,4
95079,Bosa,27.765,0.0,0.0,4,15
95080,Flussio,0.0,0.0,0.0,1,3
95082,Laconi,0.0,0.0,8.532,2,13
95083,Magomadas,2.331,0.0,0.0,1,4
95084,Modolo,0.0,0.0,0.0,0,2
95085,Montresta,0.0,0.0,0.0,0,3
95086,Sagama,0.0,0.0,0.0,0,6
95087,Suni,0.0,0.0,0.005,1,13
95088,Tinnura,0.0,0.0,0.0,0,4
96001,Ailoche,0.0,0.0,0.0,0,0
96002,Andorno Micca,0.0,0.0,0.022,0,1
96003,Benna,0.0,0.0,3.25,0,1
96004,Biella,0.0,1.055,15.502,7,59
96005,Bioglio,0.0,0.0,1.97,0,4
96006,Borriana,0.0,0.0,0.726,0,0
96007,Brusnengo,0.0,0.345,1.064,0,2
96008,Callabiana,0.0,0.0,1.1,0,3
96009,Camandona,0.0,0.0,0.475,0,11
96010,Camburzano,0.0,0.0,0.0,1,0
96012,Candelo,0.0,0.315,3.424,2,13
96013,Caprile,0.0,0.0,0.0,0,3
96014,Casapinta,0.0,0.0,0.0,0,1
96015,Castelletto Cervo,0.0,0.0,0.49,0,2
96016,Cavaglià,0.0,0.0,0.0,0,14
96018,Cerrione,0.0,0.0,3.28,0,5
96019,Coggiola,0.0,0.158,0.0,0,8
96020,Cossato,0.0,0.338,3.501,0,11
96021,Crevacuore,0.0,0.0,0.0,0,3
96023,Curino,0.0,0.0,0.0,0,3
96024,Donato,0.0,0.178,0.23,0,4
96025,Dorzano,0.0,0.022,0.0,0,4
96026,Gaglianico,0.0,0.0,0.0,0,3
96027,Gifflenga,0.0,0.0,0.0,0,0
96028,Graglia,0.0,0.063,0.565,1,7
96030,Magnano,0.0,0.0,9.021,0,3
96031,Massazza,0.0,0.0,1.918,0,5
96032,Masserano,0.0,0.0,0.972,0,5
96033,Mezzana Mortigliengo,0.0,0.0,0.0,1,0
96034,Miagliano,0.0,0.0,0.0,0,1
96035,Mongrando,0.0,0.0,3.402,0,6
96037,Mottalciata,0.0,0.472,2.356,0,0
96038,Muzzano,0.0,0.0,3.228,1,1
96039,Netro,0.0,0.0,0.0,0,4
96040,Occhieppo Inferiore,0.0,0.0,2.043,0,2
96041,Occhieppo Superiore,0.0,0.0,0.759,0,0
96042,Pettinengo,0.0,0.0,0.0,1,4
96043,Piatto,0.0,0.0,0.783,0,1
96044,Piedicavallo,0.0,0.223,0.0,0,7
96046,Pollone,0.0,0.041,0.624,0,2
96047,Ponderano,0.0,0.0,0.01,0,4
96048,Portula,0.0,0.267,0.361,0,2
96049,Pralungo,0.0,0.0,0.009,0,0
96050,Pray,0.0,0.0,0.0,1,2
96053,Ronco Biellese,0.0,0.0,0.383,1,3
96054,Roppolo,0.0,0.0,0.012,0,17
96055,Rosazza,0.0,0.0,0.0,0,26
96056,Sagliano Micca,0.0,1.199,0.194,0,7
96057,Sala Biellese,0.0,0.471,3.605,0,1
96058,Salussola,0.0,0.375,0.315,1,13
96059,Sandigliano,0.0,0.0,0.0,0,2
96063,Sordevolo,0.0,0.0,4.429,1,4
96064,Sostegno,0.0,0.0,0.0,0,3
96065,Strona,0.0,0.0,0.0,0,8
96066,Tavigliano,0.0,0.0,1.469,0,3
96067,Ternengo,0.0,0.0,0.0,0,5
96068,Tollegno,0.0,0.0,0.0,0,2
96069,Torrazzo,0.0,0.125,4.389,0,0
96071,Valdengo,0.0,0.0,0.078,0,1
96072,Vallanzengo,0.0,0.127,2.449,0,0
96074,Valle San Nicolao,0.0,0.0,0.0,0,5
96075,Veglio,0.0,0.0,1.952,0,3
96076,Verrone,0.0,0.0,1.057,1,1
96077,Vigliano Biellese,0.0,0.0,0.003,0,4
96078,Villa del Bosco,0.0,0.0,0.0,0,3
96079,Villanova Biellese,0.0,0.0,0.384,0,0
96080,Viverone,0.0,9.637,5.713,0,10
96081,Zimone,0.0,0.0,0.626,1,1
96082,Zubiena,0.0,0.0,7.937,0,6
96083,Zumaglia,0.0,0.0,0.06,0,0
96085,Lessona,0.0,0.0,0.0,0,5
96086,Campiglia Cervo,0.0,0.0,0.331,0,22
96087,Quaregna Cerreto,0.0,0.0,0.0,0,5
96088,Valdilana,0.0,0.264,12.532,1,105
97001,Abbadia Lariana,0.0,6.151,10.509,1,32
97002,Airuno,0.0,0.0,0.722,0,26
97003,Annone di Brianza,0.0,8.062,0.0,0,4
97004,Ballabio,0.0,0.0,5.326,0,7
97005,Barzago,0.0,0.0,1.044,0,18
97006,Barzanò,0.0,0.0,1.016,0,5
97007,Barzio,0.0,0.0,0.258,2,35
97008,Bellano,0.0,5.027,0.243,4,54
97009,Bosisio Parini,0.0,3.785,2.534,0,5
97010,Brivio,0.0,1.029,3.907,0,4
97011,Bulciago,0.0,0.0,0.171,1,7
97012,Calco,0.0,0.0,1.424,0,2
97013,Calolziocorte,0.0,2.139,1.172,0,23
97014,Carenno,0.0,0.0,0.0,0,13
97015,Casargo,0.0,0.0,0.0,0,80
97016,Casatenovo,0.0,0.0,0.957,0,4
97017,Cassago Brianza,0.0,0.0,1.418,0,6
97018,Cassina Valsassina,0.0,0.0,0.0,0,17
97019,Castello di Brianza,0.0,0.0,0.0,0,1
97020,Cernusco Lombardone,0.0,0.0,0.0,0,11
97021,Cesana Brianza,0.0,0.604,0.613,0,0
97022,Civate,0.0,11.27,0.0,1,23
97023,Colico,0.0,13.656,0.001,1,50
97024,Colle Brianza,0.0,0.0,0.0,0,11
97025,Cortenova,0.0,0.0,10.271,0,8
97026,Costa Masnaga,0.0,0.0,3.427,0,5
97027,Crandola Valsassina,0.0,0.0,0.0,0,2
97028,Cremella,0.0,0.0,0.728,0,2
97029,Cremeno,0.0,0.0,0.0,0,8
97030,Dervio,0.0,6.518,0.0,0,27
97031,Dolzago,0.0,0.0,0.0,0,1
97032,Dorio,0.0,3.825,0.0,0,19
97033,Ello,0.0,0.0,0.0,0,2
97034,Erve,0.0,0.0,0.0,0,17
97035,Esino Lario,0.0,0.0,26.095,1,38
97036,Galbiate,0.0,5.166,3.23,3,48
97037,Garbagnate Monastero,0.0,0.0,0.0,0,2
97038,Garlate,0.0,0.0,1.796,0,3
97039,Imbersago,0.0,0.0,1.968,0,22
97040,Introbio,0.0,0.605,0.356,0,102
97042,Lecco,0.0,4.323,12.547,6,140
97043,Lierna,0.0,3.739,6.681,0,8
97044,Lomagna,0.0,0.0,0.023,0,5
97045,Malgrate,0.0,1.613,0.246,0,0
97046,Mandello del Lario,0.0,10.569,49.607,3,47
97047,Margno,0.0,0.0,0.0,1,1
97048,Merate,0.0,3.148,0.217,1,35
97049,Missaglia,0.0,0.0,0.833,1,34
97050,Moggio,0.0,0.0,0.006,0,33
97051,Molteno,0.0,0.0,0.0,0,0
97052,Monte Marenzo,0.0,0.0,0.289,0,6
97053,Montevecchia,0.0,0.0,0.737,0,28
97054,Monticello Brianza,0.0,0.0,2.047,0,10
97055,Morterone,0.0,0.0,0.0,0,19
97056,Nibionno,0.0,0.0,1.38,0,3
97057,Oggiono,0.0,4.818,0.0,0,9
97058,Olgiate Molgora,0.0,0.0,0.0,0,7
97059,Olginate,0.0,2.131,1.747,0,11
97060,Oliveto Lario,0.0,9.374,0.0,0,6
97061,Osnago,0.0,0.0,0.008,0,9
97062,Paderno d'Adda,0.0,0.0,1.229,0,7
97063,Pagnona,0.0,0.0,0.021,0,21
97064,Parlasco,0.0,0.0,2.068,0,9
97065,Pasturo,0.0,0.0,32.186,0,18
97067,Perledo,0.0,2.679,5.624,0,30
97068,Pescate,0.0,0.0,0.974,0,5
97069,Premana,0.0,0.653,0.192,0,988
97070,Primaluna,0.0,0.0,5.917,1,25
97071,Robbiate,0.0,0.0,1.282,0,3
97072,Rogeno,0.0,1.651,2.912,0,2
97074,Santa Maria Hoè,0.0,0.0,0.0,0,6
97075,Sirone,0.0,0.0,0.0,0,1
97076,Sirtori,0.0,0.0,0.652,1,9
97077,Sueglio,0.0,0.0,0.0,0,44
97078,Suello,0.0,1.98,0.0,0,5
97079,Taceno,0.0,0.0,0.673,0,1
97082,Valgreghentino,0.0,0.0,0.003,0,10
97083,Valmadrera,0.0,2.925,1.512,1,34
97084,Varenna,0.0,6.657,5.752,0,11
97086,Vercurago,0.0,0.133,0.703,0,18
97090,Viganò,0.0,0.0,0.006,0,3
97091,Verderio,0.0,0.0,1.745,0,7
97092,La Valletta Brianza,0.0,0.0,0.857,0,13
97093,Valvarrone,0.0,0.0,0.0,0,76
98001,Abbadia Cerreto,0.0,0.0,6.03,0,2
98002,Bertonico,0.0,0.0,15.507,0,8
98003,Boffalora d'Adda,0.0,0.0,7.126,0,3
98004,Borghetto Lodigiano,0.0,0.0,1.27,1,10
98005,Borgo San Giovanni,0.0,0.0,0.285,0,4
98006,Brembio,0.0,0.0,2.582,0,2
98008,Casaletto Lodigiano,0.0,0.0,0.112,0,2
98009,Casalmaiocco,0.0,0.0,0.773,0,2
98010,Casalpusterlengo,0.0,0.0,1.682,0,21
98011,Caselle Landi,0.0,0.0,0.0,0,5
98012,Caselle Lurani,0.0,0.0,0.0,0,2
98013,Castelnuovo Bocca d'Adda,0.0,0.0,4.183,0,6
98014,Castiglione d'Adda,0.0,0.0,10.441,0,4
98015,Castiraga Vidardo,0.0,0.0,0.0,0,1
98017,Cavenago d'Adda,0.0,0.0,9.595,2,10
98018,Cervignano d'Adda,0.0,0.0,0.175,0,1
98019,Codogno,0.0,0.0,0.1,2,13
98020,Comazzo,0.0,0.0,12.482,0,14
98021,Cornegliano Laudense,0.0,0.0,0.0,0,1
98022,Corno Giovine,0.0,0.0,0.0,0,1
98023,Cornovecchio,0.0,0.156,5.157,0,4
98024,Corte Palasio,0.0,0.0,12.487,0,6
98025,Crespiatica,0.0,0.0,1.47,0,4
98026,Fombio,0.0,0.0,0.286,0,5
98027,Galgagnano,0.0,0.0,4.428,0,2
98028,Graffignana,0.0,0.0,0.037,0,2
98029,Guardamiglio,0.0,0.0,1.029,0,3
98030,Livraga,0.0,0.0,0.0,1,5
98031,Lodi,0.0,0.0,13.306,14,211
98032,Lodi Vecchio,0.0,0.0,0.51,0,10
98033,Maccastorna,0.0,0.0,5.392,0,1
98034,Mairago,0.0,2.335,0.804,1,5
98035,Maleo,0.0,1.398,8.12,0,14
98036,Marudo,0.0,0.0,0.0,0,0
98037,Massalengo,0.0,0.0,0.001,0,4
98038,Meleti,0.0,0.0,3.096,0,3
98039,Merlino,0.0,0.0,8.444,0,4
98040,Montanaso Lombardo,0.0,0.0,5.163,2,6
98041,Mulazzano,0.0,0.0,2.119,0,6
98042,Orio Litta,0.0,0.0,0.0,1,8
98043,Ospedaletto Lodigiano,0.0,0.0,0.0,0,3
98044,Ossago Lodigiano,0.0,0.0,0.215,0,1
98045,Pieve Fissiraga,0.0,0.0,2.097,0,2
98046,Salerano sul Lambro,0.0,0.0,0.0,1,1
98047,San Fiorano,0.0,0.0,0.0,0,5
98048,San Martino in Strada,0.0,0.0,1.383,0,3
98049,San Rocco al Porto,0.0,0.0,0.301,0,2
98050,Sant'Angelo Lodigiano,0.0,0.0,0.0,2,13
98051,Santo Stefano Lodigiano,0.0,0.0,0.0,1,2
98052,Secugnago,0.0,0.0,0.0,0,2
98053,Senna Lodigiana,0.0,0.0,1.907,0,6
98054,Somaglia,0.0,0.0,5.062,1,4
98055,Sordio,0.0,0.0,0.005,0,1
98056,Tavazzano con Villavesco,0.0,0.0,3.31,0,2
98057,Terranova dei Passerini,0.0,0.0,0.163,0,1
98058,Turano Lodigiano,0.0,0.39,8.805,0,8
98059,Valera Fratta,0.0,0.0,0.0,0,0
98060,Villanova del Sillaro,0.0,0.0,3.055,0,2
98061,Zelo Buon Persico,0.0,0.0,11.874,0,4
98062,Castelgerundo,0.0,0.0,11.294,1,4
99001,Bellaria-Igea Marina,7.204,0.988,0.0,3,7
99002,Cattolica,2.776,0.0,0.041,1,4
99003,Coriano,0.0,0.241,0.0,1,6
99004,Gemmano,0.0,0.0,2.798,0,0
99005,Misano Adriatico,6.018,0.0,0.029,0,3
99006,Mondaino,0.0,0.0,0.062,3,2
99008,Montefiore Conca,0.0,0.0,0.0,0,3
99009,Montegridolfo,0.0,0.0,0.0,0,1
99011,Morciano di Romagna,0.0,0.0,0.0,0,3
99013,Riccione,6.289,0.0,0.0,2,17
99014,Rimini,17.108,1.833,0.43,8,108
99015,Saludecio,0.0,0.0,0.0,0,1
99016,San Clemente,0.0,0.0,0.0,0,9
99017,San Giovanni in Marignano,0.0,0.0,0.0,2,1
99018,Santarcangelo di Romagna,0.0,1.094,0.0,4,16
99020,Verucchio,0.0,3.376,0.0,1,40
99021,Casteldelci,0.0,0.0,0.0,1,8
99022,Maiolo,0.0,0.038,0.0,0,9
99023,Novafeltria,0.0,0.0,0.0,2,11
99024,Pennabilli,0.0,0.0,0.142,3,17
99025,San Leo,0.0,0.0,0.0,2,19
99026,Sant'Agata Feltria,0.0,0.0,0.0,1,10
99027,Talamello,0.0,0.423,0.0,0,0
99028,Poggio Torriana,0.0,1.3,0.0,0,9
99029,Montescudo-Monte Colombo,0.0,0.0,0.0,2,7
99030,Montecopiolo,0.0,0.0,0.0,0,10
99031,Sassofeltrio,0.0,0.243,0.0,0,0
100001,Cantagallo,0.0,0.0,28.686,0,279
100002,Carmignano,0.0,1.358,8.973,4,75
100003,Montemurlo,0.0,0.0,21.275,0,51
100004,Poggio a Caiano,0.0,0.0,1.085,2,23
100005,Prato,0.0,0.0,29.991,11,454
100006,Vaiano,0.0,0.0,21.861,2,112
100007,Vernio,0.0,0.225,3.785,1,103
101001,Belvedere di Spinello,0.0,0.0,0.0,0,5
101002,Caccuri,0.0,0.0,0.0,0,2
101003,Carfizzi,0.0,0.0,0.0,0,2
101004,Casabona,0.0,0.0,0.0,0,4
101005,Castelsilano,0.0,0.0,0.0,1,5
101006,Cerenzia,0.0,0.0,0.0,1,35
101007,Cirò,4.58,0.0,0.64,1,4
101008,Cirò Marina,17.377,0.0,0.004,1,7
101009,Cotronei,0.0,8.973,0.0,1,12
101010,Crotone,45.664,0.172,0.0,3,138
101011,Crucoli,5.527,0.0,0.0,0,3
101012,Cutro,8.32,0.0,0.0,0,5
101013,Isola di Capo Rizzuto,40.086,1.162,0.0,1,52
101014,Melissa,4.204,0.0,0.0,1,2
101015,Mesoraca,0.0,0.0,0.062,0,2
101016,Pallagorio,0.0,0.0,0.0,1,1
101017,Petilia Policastro,0.0,0.0,0.902,0,4
101018,Roccabernarda,0.0,0.206,0.0,0,8
101019,Rocca di Neto,0.0,0.0,0.0,0,2
101020,San Mauro Marchesato,0.0,0.0,0.0,0,0
101021,San Nicola dell'Alto,0.0,0.0,0.0,0,0
101022,Santa Severina,0.0,0.0,0.0,2,22
101023,Savelli,0.0,0.0,0.0,0,0
101024,Scandale,0.0,0.0,0.0,0,2
101025,Strongoli,11.188,0.0,0.0,0,14
101026,Umbriatico,0.0,0.0,0.0,0,0
101027,Verzino,0.0,0.0,0.0,0,1
102001,Acquaro,0.0,0.0,6.327,0,0
102002,Arena,0.0,0.0,17.768,0,3
102003,Briatico,6.017,0.0,0.0,0,12
102004,Brognaturo,0.0,0.0,17.79,0,2
102005,Capistrano,0.0,0.0,0.0,1,0
102006,Cessaniti,0.0,0.0,0.0,0,1
102007,Dasà,0.0,0.0,0.0,0,2
102008,Dinami,0.0,0.0,0.015,0,1
102009,Drapia,0.0,0.0,0.0,0,70
102010,Fabrizia,0.0,0.0,11.108,0,1
102011,Filadelfia,0.0,0.0,0.0,0,7
102012,Filandari,0.0,0.0,0.0,0,1
102013,Filogaso,0.0,0.0,0.0,0,3
102014,Francavilla Angitola,0.0,0.0,0.664,1,3
102015,Francica,0.0,0.0,0.0,0,0
102016,Gerocarne,0.0,0.0,7.795,0,1
102017,Ionadi,0.0,0.0,0.0,0,0
102018,Joppolo,6.693,0.0,0.0,0,5
102019,Limbadi,0.0,0.0,0.0,0,5
102020,Maierato,0.0,7.242,5.359,0,5
102021,Mileto,0.0,0.0,0.0,1,4
102022,Mongiana,0.0,0.0,8.091,1,9
102023,Monterosso Calabro,0.0,3.545,1.601,0,2
102024,Nardodipace,0.0,0.0,0.279,1,6
102025,Nicotera,7.189,0.0,0.0,1,10
102026,Parghelia,5.108,0.0,0.0,0,6
102027,Pizzo,12.946,0.0,0.586,0,21
102028,Pizzoni,0.0,0.0,3.024,0,0
102029,Polia,0.0,0.0,0.028,0,1
102030,Ricadi,11.594,0.042,0.0,4,32
102031,Rombiolo,0.0,0.0,0.0,0,3
102032,San Calogero,0.0,0.0,0.0,0,3
102033,San Costantino Calabro,0.0,0.0,0.0,0,0
102034,San Gregorio d'Ippona,0.0,0.0,0.0,0,3
102035,San Nicola da Crissa,0.0,0.0,0.0,0,2
102036,Sant'Onofrio,0.0,0.0,0.0,0,5
102037,Serra San Bruno,0.0,0.0,27.833,2,21
102038,Simbario,0.0,0.0,1.169,0,1
102039,Sorianello,0.0,0.0,2.567,1,1
102040,Soriano Calabro,0.0,0.0,0.0,1,1
102041,Spadola,0.0,0.0,4.226,0,0
102042,Spilinga,0.0,0.0,0.0,0,6
102043,Stefanaconi,0.0,0.0,0.0,0,5
102044,Tropea,4.585,0.0,0.0,4,52
102045,Vallelonga,0.0,0.0,0.0,0,0
102046,Vazzano,0.0,0.0,0.0,0,1
102047,Vibo Valentia,4.583,0.0,0.0,1,70
102048,Zaccanopoli,0.0,0.0,0.0,0,1
102049,Zambrone,4.213,0.0,0.0,0,5
102050,Zungri,0.0,0.0,0.0,1,5
103001,Antrona Schieranco,0.0,0.0,65.78,0,57
103002,Anzola d'Ossola,0.0,0.0,0.0,0,16
103003,Arizzano,0.0,0.0,0.0,0,9
103004,Arola,0.0,0.0,0.0,0,21
103005,Aurano,0.0,0.0,10.912,0,30
103006,Baceno,0.0,1.477,56.232,1,58
103007,Bannio Anzino,0.0,0.0,0.124,1,85
103008,Baveno,0.0,6.868,0.315,2,32
103009,Bee,0.0,0.0,0.0,0,8
103010,Belgirate,0.0,3.181,0.0,0,29
103011,Beura-Cardezza,0.0,0.0,3.993,1,61
103012,Bognanco,0.0,0.171,0.005,0,64
103013,Brovello-Carpugnino,0.0,0.0,0.0,0,62
103014,Calasca-Castiglione,0.0,0.0,0.184,1,105
103015,Cambiasca,0.0,0.0,0.077,0,16
103016,Cannero Riviera,0.0,4.514,0.0,1,14
103017,Cannobio,0.0,12.633,0.0,0,76
103018,Caprezzo,0.0,0.0,7.007,0,22
103019,Casale Corte Cerro,0.0,0.0,0.0,1,26
103021,Ceppo Morelli,0.0,0.0,0.097,0,12
103022,Cesara,0.0,0.0,0.0,0,42
103023,Cossogno,0.0,1.324,45.502,0,59
103024,Craveggia,0.0,0.861,0.0,0,48
103025,Crevoladossola,0.0,0.0,0.0,0,44
103026,Crodo,0.0,0.542,10.432,3,86
103028,Domodossola,0.0,0.0,0.262,4,80
103029,Druogno,0.0,0.0,0.072,0,19
103031,Formazza,0.0,8.956,0.086,1,27
103032,Germagno,0.0,0.0,0.0,0,15
103033,Ghiffa,0.0,5.452,1.733,2,32
103034,Gignese,0.0,0.0,0.0,0,36
103035,Gravellona Toce,0.0,0.0,0.103,1,28
103036,Gurro,0.0,0.0,0.343,1,14
103037,Intragna,0.0,0.0,3.329,0,12
103038,Loreglia,0.0,0.0,0.0,0,14
103039,Macugnaga,0.0,1.553,0.179,0,30
103040,Madonna del Sasso,0.0,0.0,0.0,0,32
103041,Malesco,0.0,0.381,18.335,1,55
103042,Masera,0.0,0.486,0.0,0,16
103043,Massiola,0.0,0.0,0.0,0,10
103044,Mergozzo,0.0,0.0,6.411,1,73
103045,Miazzina,0.0,0.0,15.661,0,9
103046,Montecrestese,0.0,3.311,0.0,0,91
103047,Montescheno,0.0,0.0,0.0,0,27
103048,Nonio,0.0,2.889,0.0,0,15
103049,Oggebbio,0.0,4.365,0.0,0,15
103050,Omegna,0.0,6.551,0.0,1,64
103051,Ornavasso,0.0,0.0,2.109,0,66
103052,Pallanzeno,0.0,0.0,0.167,0,8
103053,Piedimulera,0.0,0.0,0.0,0,21
103054,Pieve Vergonte,0.0,0.0,0.047,0,44
103055,Premeno,0.0,0.0,0.251,0,13
103056,Premia,0.0,5.577,0.12,4,63
103057,Premosello-Chiovenda,0.0,0.0,15.943,3,52
103058,Quarna Sopra,0.0,0.0,0.0,0,18
103059,Quarna Sotto,0.0,0.0,0.0,0,29
103060,Re,0.0,0.0,0.0,0,22
103061,San Bernardino Verbano,0.0,1.498,14.812,0,77
103062,Santa Maria Maggiore,0.0,2.038,4.183,2,23
103064,Stresa,0.0,10.192,0.0,4,105
103065,Toceno,0.0,0.858,0.0,0,9
103066,Trarego Viggiona,0.0,0.0,0.079,1,41
103067,Trasquera,0.0,0.0,1.13,1,24
103068,Trontano,0.0,0.406,32.91,0,38
103069,Valstrona,0.0,0.084,17.427,1,59
103070,Vanzone con San Carlo,0.0,0.0,0.033,1,34
103071,Varzo,0.0,0.749,39.776,1,71
103072,Verbania,0.0,14.558,8.637,5,120
103074,Vignone,0.0,0.0,0.047,0,14
103075,Villadossola,0.0,0.0,0.0,0,18
103076,Villette,0.0,0.0,0.0,1,20
103077,Vogogna,0.0,0.0,9.726,0,28
103078,Borgomezzavalle,0.0,0.0,8.117,0,37
103079,Valle Cannobina,0.0,0.0,7.907,3,79
108001,Agrate Brianza,0.0,0.0,2.896,0,6
108002,Aicurzio,0.0,0.0,1.058,0,2
108003,Albiate,0.0,0.0,1.128,0,5
108004,Arcore,0.0,0.0,1.943,0,10
108005,Barlassina,0.0,0.0,0.762,0,0
108006,Bellusco,0.0,0.664,1.013,0,3
108007,Bernareggio,0.0,0.0,0.048,0,2
108008,Besana in Brianza,0.0,0.0,8.818,1,16
108009,Biassono,0.0,0.0,1.742,0,6
108010,Bovisio-Masciago,0.0,0.0,1.211,0,3
108011,Briosco,0.0,0.0,5.58,1,0
108012,Brugherio,0.0,1.718,0.0,0,9
108013,Burago di Molgora,0.0,0.0,0.554,0,2
108014,Camparada,0.0,0.0,0.0,0,0
108015,Carate Brianza,0.0,0.0,3.699,0,15
108016,Carnate,0.0,0.0,0.792,0,1
108017,Cavenago di Brianza,0.0,0.0,1.904,0,1
108018,Ceriano Laghetto,0.0,0.0,2.344,0,1
108019,Cesano Maderno,0.0,0.0,2.589,0,15
108020,Cogliate,0.0,0.0,2.478,0,3
108021,Concorezzo,0.0,0.0,0.0,0,2
108022,Correzzana,0.0,0.0,0.355,0,0
108023,Desio,0.0,0.0,5.799,0,6
108024,Giussano,0.0,0.0,1.84,1,19
108025,Lazzate,0.0,0.0,0.664,1,2
108026,Lesmo,0.0,0.0,1.467,0,2
108027,Limbiate,0.0,0.75,4.49,0,19
108028,Lissone,0.0,0.0,1.562,0,14
108029,Macherio,0.0,0.0,0.426,0,3
108030,Meda,0.0,0.0,1.961,0,13
108031,Mezzago,0.0,0.056,2.467,0,1
108032,Misinto,0.0,0.0,1.266,0,4
108033,Monza,0.0,0.753,7.225,5,108
108034,Muggiò,0.0,0.0,1.02,0,3
108035,Nova Milanese,0.0,0.0,1.488,0,6
108036,Ornago,0.0,0.0,3.923,0,1
108037,Renate,0.0,0.0,1.284,0,3
108038,Ronco Briantino,0.0,0.0,0.329,0,2
108039,Seregno,0.0,0.0,8.54,0,21
108040,Seveso,0.0,0.0,1.042,0,8
108041,Sovico,0.0,0.0,0.546,0,4
108042,Sulbiate,0.0,0.0,1.34,1,3
108043,Triuggio,0.0,0.0,7.39,0,4
108044,Usmate Velate,0.0,1.476,1.117,0,4
108045,Varedo,0.0,0.0,0.957,0,5
108046,Vedano al Lambro,0.0,0.0,0.453,0,4
108047,Veduggio con Colzano,0.0,0.0,1.852,0,3
108048,Verano Brianza,0.0,0.0,0.584,0,8
108049,Villasanta,0.0,0.0,0.345,1,10
108050,Vimercate,0.0,0.109,3.843,1,20
108051,Busnago,0.0,0.0,3.068,0,5
108052,Caponago,0.0,0.0,1.037,0,4
108053,Cornate d'Adda,0.0,1.04,8.395,0,9
108054,Lentate sul Seveso,0.0,0.0,8.258,1,5
108055,Roncello,0.0,0.0,0.374,0,0
109001,Altidona,3.167,0.0,0.0,0,0
109002,Amandola,0.0,3.076,0.0,2,4
109003,Belmonte Piceno,0.0,0.0,0.0,0,0
109004,Campofilone,1.653,0.0,0.0,1,6
109005,Falerone,0.0,0.0,0.0,0,4
109006,Fermo,8.667,0.0,0.236,5,43
109007,Francavilla d'Ete,0.0,0.0,0.0,0,1
109008,Grottazzolina,0.0,0.0,0.0,0,1
109009,Lapedona,0.0,0.0,0.0,0,3
109010,Magliano di Tenna,0.0,0.0,0.0,0,1
109011,Massa Fermana,0.0,0.0,0.0,0,0
109012,Monsampietro Morico,0.0,0.0,0.0,0,0
109013,Montappone,0.0,0.0,0.0,0,0
109014,Montefalcone Appennino,0.0,0.0,2.278,1,4
109015,Montefortino,0.0,1.742,0.0,0,18
109016,Monte Giberto,0.0,0.0,0.0,0,0
109017,Montegiorgio,0.0,0.0,0.0,0,3
109018,Montegranaro,0.0,0.765,0.0,0,2
109019,Monteleone di Fermo,0.0,0.0,0.0,0,0
109020,Montelparo,0.0,0.0,0.0,0,2
109021,Monte Rinaldo,0.0,0.0,0.0,0,1
109022,Monterubbiano,0.0,0.0,0.0,0,2
109023,Monte San Pietrangeli,0.0,0.0,0.0,0,1
109024,Monte Urano,0.0,0.0,0.0,0,3
109025,Monte Vidon Combatte,0.0,0.0,0.0,0,1
109026,Monte Vidon Corrado,0.0,0.0,0.0,1,1
109027,Montottone,0.0,0.0,0.0,0,0
109028,Moresco,0.0,0.0,0.0,0,0
109029,Ortezzano,0.0,0.0,0.0,1,3
109030,Pedaso,4.228,0.0,0.0,0,3
109031,Petritoli,0.0,0.0,0.0,1,8
109032,Ponzano di Fermo,0.0,0.0,0.0,0,2
109033,Porto San Giorgio,8.252,0.0,0.0,1,16
109034,Porto Sant'Elpidio,7.591,0.0,0.011,0,17
109035,Rapagnano,0.0,0.0,0.0,0,1
109036,Santa Vittoria in Matenano,0.0,0.0,0.0,0,2
109037,Sant'Elpidio a Mare,0.0,0.0,0.0,1,3
109038,Servigliano,0.0,0.0,0.0,0,3
109039,Smerillo,0.0,0.0,2.036,0,0
109040,Torre San Patrizio,0.0,0.0,0.0,0,0
110001,Andria,0.0,0.0,121.552,3,461
110002,Barletta,22.446,0.0,44.286,6,76
110003,Bisceglie,11.116,0.0,0.0,2,34
110004,Canosa di Puglia,0.0,0.0,31.523,3,40
110005,Margherita di Savoia,34.113,0.0,2.66,1,4
110006,Minervino Murge,0.0,14.374,101.602,0,15
110007,San Ferdinando di Puglia,0.0,0.0,6.745,0,7
110008,Spinazzola,0.0,0.0,43.458,2,12
110009,Trani,16.711,0.0,0.0,0,12
110010,Trinitapoli,0.0,0.0,14.418,1,7
111001,Arbus,45.277,0.0,0.0,2,30
111002,Armungia,0.0,0.0,2.847,3,4
111003,Ballao,0.0,0.0,0.0,1,3
111004,Barrali,0.0,0.0,0.0,0,4
111005,Barumini,0.0,0.0,0.0,3,116
111006,Buggerru,7.59,0.835,0.0,1,11
111007,Burcei,0.0,0.0,68.598,0,32
111008,Calasetta,21.289,0.0,0.0,1,3
111009,Carbonia,0.0,0.0,0.0,2,36
111010,Carloforte,35.915,0.0,0.0,0,12
111011,Castiadas,9.09,0.774,13.7,1,49
111012,Collinas,0.0,0.0,0.0,1,11
111013,Decimoputzu,0.0,0.0,0.0,0,6
111014,Dolianova,0.0,0.0,34.592,1,13
111015,Domus de Maria,13.097,0.0,0.08,0,7
111016,Domusnovas,0.0,0.0,0.0,0,9
111017,Donori,0.0,0.0,0.0,0,5
111018,Escalaplano,0.0,0.426,0.0,1,6
111019,Escolca,0.0,0.0,0.0,2,2
111020,Esterzili,0.0,0.0,0.0,0,12
111021,Fluminimaggiore,1.905,0.0,0.0,1,14
111022,Furtei,0.0,0.0,0.0,0,7
111023,Genoni,0.0,0.0,15.249,1,6
111024,Genuri,0.0,0.0,0.117,1,3
111025,Gergei,0.0,0.0,0.0,0,4
111026,Gesico,0.0,0.0,0.0,1,3
111027,Gesturi,0.0,0.0,19.934,0,15
111028,Giba,3.673,0.0,0.0,0,6
111029,Goni,0.0,0.0,0.0,0,17
111030,Gonnesa,8.065,0.0,0.0,0,21
111031,Gonnosfanadiga,0.0,0.0,0.0,0,10
111032,Guamaggiore,0.0,0.0,0.0,1,2
111033,Guasila,0.0,0.0,0.0,1,6
111034,Guspini,0.0,0.0,0.0,1,23
111035,Iglesias,15.119,0.0,0.0,2,98
111036,Isili,0.0,0.0,0.0,1,12
111037,Las Plassas,0.0,0.0,0.0,1,9
111038,Lunamatrona,0.0,0.0,0.0,0,12
111039,Mandas,0.0,0.0,0.0,2,12
111040,Masainas,2.121,0.0,0.0,0,11
111041,Monastir,0.0,0.0,0.0,0,8
111042,Muravera,24.836,0.165,7.385,2,68
111043,Musei,0.0,0.0,0.0,0,1
111044,Narcao,0.0,0.0,0.0,0,8
111045,Nuragus,0.0,0.0,0.043,0,6
111046,Nurallao,0.0,0.0,0.0,0,5
111047,Nuraminis,0.0,0.0,0.0,0,9
111048,Nurri,0.0,0.0,0.0,0,2
111049,Nuxis,0.0,0.0,0.0,0,4
111050,Orroli,0.0,0.0,0.0,2,10
111051,Ortacesus,0.0,0.0,0.0,1,2
111052,Pabillonis,0.0,0.0,0.0,0,6
111053,Pauli Arbarei,0.0,0.0,0.0,1,9
111054,Perdaxius,0.0,0.0,0.0,0,3
111055,Pimentel,0.0,0.0,0.0,0,7
111056,Piscinas,0.0,0.0,0.0,0,5
111057,Portoscuso,20.706,0.0,0.0,0,15
111058,Sadali,0.0,0.0,1.277,1,4
111059,Samassi,0.0,0.0,0.0,0,3
111060,Samatzai,0.0,0.0,0.0,0,5
111061,San Basilio,0.0,0.0,0.0,0,5
111062,San Gavino Monreale,0.0,0.0,0.0,0,4
111063,San Giovanni Suergiu,14.172,0.0,0.0,0,25
111064,San Nicolò Gerrei,0.0,0.0,24.594,0,2
111065,San Sperate,0.0,0.0,0.0,0,1
111066,San Vito,0.0,0.429,96.736,0,62
111067,Sanluri,0.0,0.0,0.0,0,12
111068,Santadi,0.0,0.0,0.0,1,9
111069,Sant'Andrea Frius,0.0,0.0,0.0,0,2
111070,Sant'Anna Arresi,7.318,0.949,0.0,0,12
111071,Sant'Antioco,49.031,0.0,0.0,3,51
111072,Sardara,0.0,0.0,0.0,0,11
111073,Segariu,0.0,0.0,0.0,0,7
111074,Selegas,0.0,0.0,0.0,1,6
111075,Senorbì,0.0,0.0,0.0,0,4
111076,Serdiana,0.0,0.0,0.0,1,5
111077,Serramanna,0.0,0.0,0.001,0,5
111078,Serrenti,0.0,0.0,0.0,0,10
111079,Serri,0.0,0.0,0.0,0,8
111080,Setzu,0.0,0.0,2.325,0,2
111081,Seui,0.0,0.0,148.837,3,42
111082,Seulo,0.0,0.0,45.794,1,24
111083,Siddi,0.0,0.0,0.0,2,6
111084,Siliqua,0.0,0.0,0.0,0,11
111085,Silius,0.0,0.0,0.0,0,3
111086,Siurgus Donigala,0.0,0.0,0.0,2,4
111087,Soleminis,0.0,0.0,0.0,0,2
111088,Suelli,0.0,0.0,0.023,1,5
111089,Teulada,55.341,0.0,0.0,1,24
111090,Tratalias,0.0,0.0,0.0,0,8
111091,Tuili,0.0,0.0,4.201,2,10
111092,Turri,0.0,0.0,0.0,1,1
111093,Ussana,0.0,0.0,0.0,0,4
111094,Ussaramanna,0.0,0.0,0.0,0,3
111095,Vallermosa,0.0,0.0,0.0,1,6
111096,Villacidro,0.0,0.0,0.0,6,6
111097,Villamar,0.0,0.0,0.0,0,7
111098,Villamassargia,0.0,0.0,0.0,0,13
111099,Villanova Tulo,0.0,0.0,0.0,0,24
111100,Villanovaforru,0.0,0.0,0.0,1,12
111101,Villanovafranca,0.0,0.0,0.0,0,9
111102,Villaperuccio,0.0,0.0,0.0,0,33
111103,Villaputzu,15.04,0.142,7.966,1,33
111104,Villasalto,0.0,0.0,112.716,1,6
111105,Villasimius,27.254,0.0,3.745,2,17
111106,Villasor,0.0,0.0,0.0,0,18
111107,Villaspeciosa,0.0,0.0,0.0,0,3
