province_code,municipality_id,municipality_name,total_overnight_stays,island_municipality,altitude_zone,total_hotel_beds,total_non_hotel_beds,high_end_hotel_beds_pct,total_population,sea_coast_km,lake_coast_km,protected_areas_sqkm,museums,architectural_features,sports_facilities,nature_based,theme_parks,nightlife,public_transport_points,airport_straight_km,unesco_sites,n_unesco_sites
001,001001,Agliè,494,0,3,0.0,82.0,0.0,2596.0,0.0,0.432,3.056,0,4,8,4,0,0,11,20.818,,0
001,001002,Airasca,1677,0,5,0.0,12.0,0.0,3686.0,0.0,0.172,0.0,0,0,11,1,0,1,5,33.66,,0
001,001003,Ala di Stura,6690,0,1,106.0,78.0,0.0,472.0,0.0,0.387,0.0,0,1,18,25,0,1,0,31.289,,0
001,001004,Albiano d'Ivrea,1627,0,3,0.0,35.0,0.0,1617.0,0.0,0.0,0.0,0,1,3,0,0,2,22,34.386,,0
001,001006,Almese,264,0,3,0.0,22.0,0.0,6315.0,0.0,0.29,3.442,0,0,12,21,0,0,29,20.366,,0
001,001007,Alpette,112,0,1,0.0,54.0,0.0,246.0,0.0,0.0,0.0,1,0,6,1,0,0,7,23.601,,0
001,001008,Alpignano,1538,0,3,0.0,59.0,0.0,16587.0,0.0,0.0,0.0,1,0,17,0,0,4,22,15.305,,0
001,001009,Andezeno,911,0,3,0.0,5.0,0.0,2001.0,0.0,0.0,0.0,0,0,5,3,0,2,0,24.928,,0
001,001010,Andrate,213,0,1,0.0,14.0,0.0,467.0,0.0,0.035,1.984,0,1,2,6,0,0,5,42.629,,0
001,001011,Angrogna,1425,0,1,0.0,122.0,0.0,806.0,0.0,0.492,0.155,5,0,2,15,0,0,0,49.641,,0
001,001012,Arignano,1103,0,3,20.0,19.0,100.0,1073.0,0.0,0.077,0.0,0,2,4,3,0,0,0,26.617,,0
001,001013,Avigliana,27757,0,3,236.0,812.0,0.0,12191.0,0.0,0.0,4.134,1,5,51,9,0,8,18,24.681,,0
001,001014,Azeglio,565,0,3,0.0,12.0,0.0,1242.0,0.0,2.852,1.972,1,2,4,3,0,0,20,36.401,,0
001,001015,Bairo,357,0,3,0.0,18.0,0.0,784.0,0.0,0.0,0.0,0,4,13,4,0,2,3,20.992,,0
001,001016,Balangero,1393,0,3,20.0,0.0,0.0,3061.0,0.0,0.0,0.0,0,1,11,0,0,0,5,13.329,,0
001,001017,Baldissero Canavese,229,0,3,0.0,0.0,0.0,504.0,0.0,0.0,0.595,0,1,8,2,0,1,16,23.918,,0
001,001018,Baldissero Torinese,803,0,3,0.0,62.0,0.0,3728.0,0.0,0.0,1.433,0,0,14,8,0,0,30,18.86,,0
001,001019,Balme,1429,0,1,0.0,249.0,0.0,101.0,0.0,5.036,0.0,2,4,1,35,0,1,0,38.054,,0
001,001020,Banchette,3135,0,3,60.0,17.0,100.0,3110.0,0.0,0.0,0.0,0,1,1,2,0,1,12,32.791,,0
001,001021,Barbania,711,0,3,0.0,0.0,0.0,1562.0,0.0,0.0,0.0,0,1,1,4,0,0,6,10.699,,0
001,001022,Bardonecchia,259682,0,1,2645.0,2036.0,26.96,2978.0,0.0,0.284,25.139,4,5,128,48,0,4,82,73.148,,0
001,001023,Barone Canavese,252,0,3,0.0,0.0,0.0,554.0,0.0,0.0,0.0,0,1,2,2,0,0,0,21.333,,0
001,001024,Beinasco,7925,0,5,134.0,0.0,100.0,17416.0,0.0,0.0,0.139,1,0,49,0,0,3,47,21.044,,0
001,001025,Bibiana,697,0,3,0.0,61.0,0.0,3323.0,0.0,0.0,0.0,0,0,3,0,0,0,0,37.94,,0
001,001026,Bobbio Pellice,5994,0,1,0.0,580.0,0.0,536.0,0.0,1.122,0.011,1,0,6,32,0,2,1,51.369,,0
001,001027,Bollengo,103,0,3,0.0,26.0,0.0,2118.0,0.0,0.0,5.2,0,1,4,7,0,2,14,37.561,,0
001,001028,Borgaro Torinese,57638,0,5,332.0,40.0,94.28,11719.0,0.0,0.116,0.616,0,0,22,0,0,9,33,6.068,,0
001,001029,Borgiallo,910,0,1,0.0,24.0,0.0,586.0,0.0,0.0,0.0,0,0,2,4,0,1,8,25.256,,0
001,001030,Borgofranco d'Ivrea,1127,0,3,0.0,71.0,0.0,3468.0,0.0,0.365,3.368,0,2,6,2,0,3,35,38.216,,0
001,001031,Borgomasino,349,0,3,0.0,4.0,0.0,768.0,0.0,0.0,0.006,0,1,3,1,0,0,4,31.439,,0
001,001032,Borgone Susa,1007,0,1,0.0,0.0,0.0,2213.0,0.0,0.567,0.0,0,0,9,0,0,3,3,33.114,,0
001,001033,Bosconero,1398,0,5,0.0,0.0,0.0,3072.0,0.0,0.0,0.0,0,0,4,1,0,1,18,11.922,,0
001,001034,Brandizzo,3958,0,5,17.0,0.0,0.0,8698.0,0.0,0.0,0.064,0,0,10,0,0,1,16,14.671,,0
001,001035,Bricherasio,1129,0,3,0.0,66.0,0.0,4601.0,0.0,0.0,0.0,0,2,11,2,0,5,4,40.814,,0
001,001036,Brosso,177,0,1,24.0,19.0,0.0,390.0,0.0,0.0,0.0,1,1,10,6,0,0,5,36.375,,0
001,001037,Brozolo,202,0,3,0.0,23.0,0.0,444.0,0.0,0.0,0.0,0,0,7,1,0,0,8,34.312,,0
001,001038,Bruino,3836,0,3,0.0,7.0,0.0,8429.0,0.0,0.0,0.0,0,1,30,2,0,1,12,24.955,,0
001,001039,Brusasco,609,0,3,0.0,27.0,0.0,1499.0,0.0,0.0,3.314,0,0,22,2,0,0,10,32.779,,0
001,001040,Bruzolo,1034,0,1,54.0,4.0,70.37,1485.0,0.0,0.0,0.0,0,3,7,3,0,0,3,35.861,,0
001,001041,Buriasco,1742,0,5,25.0,14.0,100.0,1315.0,0.0,0.0,0.0,0,1,14,0,0,0,0,39.612,,0
001,001042,Burolo,508,0,3,36.0,0.0,0.0,1116.0,0.0,0.0,4.429,0,2,2,1,0,2,16,38.259,,0
001,001043,Busano,726,0,5,14.0,6.0,0.0,1595.0,0.0,0.172,0.0,0,0,4,0,0,0,17,13.639,,0
001,001044,Bussoleno,895,0,1,11.0,100.0,0.0,5667.0,0.0,0.0,16.517,1,3,15,24,0,0,12,41.185,,0
001,001045,Buttigliera Alta,1449,0,3,0.0,28.0,0.0,6208.0,0.0,0.917,0.0,0,0,19,4,0,4,20,22.082,,0
001,001046,Cafasse,1510,0,3,0.0,2.0,0.0,3319.0,0.0,0.0,0.0,0,0,10,3,0,0,0,12.239,,0
001,001047,Caluso,10684,0,5,120.0,15.0,0.0,7334.0,0.0,0.0,0.0,0,5,19,0,0,1,21,20.269,,0
001,001048,Cambiano,2677,0,5,152.0,10.0,0.0,5884.0,0.0,0.796,0.0,2,2,30,3,0,1,25,27.161,,0
001,001049,Campiglione Fenile,594,0,5,0.0,32.0,0.0,1305.0,0.0,0.0,0.0,0,3,5,1,0,0,0,36.937,,0
001,001050,Candia Canavese,1914,0,3,25.0,106.0,0.0,1188.0,0.0,6.152,2.963,0,1,8,2,0,1,3,24.111,,0
001,001051,Candiolo,18428,0,5,93.0,68.0,0.0,5618.0,0.0,0.0,5.348,0,1,26,0,0,1,17,26.949,,0
001,001052,Canischio,122,0,1,0.0,4.0,0.0,269.0,0.0,0.0,0.0,0,0,1,5,0,0,15,20.804,,0
001,001053,Cantalupa,19296,0,3,131.0,94.0,0.0,2589.0,0.0,0.0,0.009,1,0,20,7,0,0,2,37.342,,0
001,001054,Cantoira,1333,0,1,22.0,181.0,100.0,624.0,0.0,0.0,0.0,1,4,4,13,0,1,1,26.53,,0
001,001055,Caprie,792,0,1,0.0,23.0,0.0,2015.0,0.0,0.595,0.0,0,0,3,6,0,1,15,25.472,,0
001,001056,Caravino,402,0,3,0.0,0.0,0.0,884.0,0.0,0.227,0.114,2,1,4,2,0,0,5,32.819,,0
001,001057,Carema,408,0,1,0.0,22.0,0.0,724.0,0.0,0.0,0.0,0,3,4,2,0,2,4,39.828,,0
001,001058,Carignano,4760,0,5,0.0,47.0,0.0,9125.0,0.0,2.013,0.161,2,1,55,0,0,7,11,33.687,,0
001,001059,Carmagnola,20684,0,5,142.0,118.0,0.0,28086.0,0.0,4.355,0.0,5,0,189,0,0,1,25,35.673,,0
001,001060,Casalborgone,2026,0,3,24.0,67.0,100.0,1890.0,0.0,0.0,7.668,0,1,15,9,0,2,17,23.692,,0
001,001061,Cascinette d'Ivrea,325,0,3,0.0,12.0,0.0,1510.0,0.0,1.065,1.693,0,1,1,3,0,1,14,37.127,,0
001,001062,Caselette,2137,0,3,0.0,362.0,0.0,3021.0,0.0,1.361,6.227,0,1,8,9,0,0,18,17.656,,0
001,001063,Caselle Torinese,25139,0,5,160.0,46.0,74.38,13765.0,0.0,0.0,2.986,0,0,25,0,0,7,26,2.563,,0
001,001064,Castagneto Po,810,0,3,0.0,6.0,0.0,1780.0,0.0,0.0,3.015,0,2,8,8,0,0,36,19.48,,0
001,001065,Castagnole Piemonte,1000,0,5,0.0,6.0,0.0,2197.0,0.0,0.0,0.0,0,0,28,0,0,0,0,34.602,,0
001,001066,Castellamonte,6473,0,3,50.0,77.0,0.0,9792.0,0.0,0.218,1.556,1,1,17,3,0,7,45,23.205,,0
001,001067,Castelnuovo Nigra,181,0,1,0.0,38.0,0.0,397.0,0.0,0.0,0.0,0,0,1,13,0,0,7,29.578,,0
001,001068,Castiglione Torinese,2954,0,3,0.0,6.0,0.0,6491.0,0.0,0.0,0.0,0,0,25,7,0,3,13,15.444,,0
001,001069,Cavagnolo,1053,0,3,0.0,18.0,0.0,2315.0,0.0,0.0,0.739,0,0,12,0,0,0,13,30.709,,0
001,001070,Cavour,1686,0,5,44.0,49.0,0.0,5419.0,0.0,0.0,0.734,1,3,26,2,0,4,0,33.14,,0
001,001071,Cercenasco,800,0,5,0.0,14.0,0.0,1759.0,0.0,0.0,0.0,0,0,7,1,0,2,6,36.683,,0
001,001072,Ceres,458,0,1,13.0,20.0,0.0,1007.0,0.0,0.0,0.0,1,1,3,12,0,1,9,26.314,,0
001,001073,Ceresole Reale,15267,0,1,169.0,740.0,0.0,153.0,0.0,4.427,0.137,2,1,53,45,0,1,32,35.533,,0
001,001074,Cesana Torinese,81128,0,1,1018.0,703.0,44.79,886.0,0.0,1.513,23.099,1,2,257,54,0,5,2,72.106,,0
001,001075,Chialamberto,324,0,1,19.0,22.0,0.0,335.0,0.0,0.0,0.0,0,0,6,14,0,0,0,31.371,,0
001,001076,Chianocco,690,0,1,0.0,470.0,0.0,1517.0,0.0,0.0,1.581,0,0,4,14,0,4,0,37.938,,0
001,001077,Chiaverano,1036,0,3,41.0,42.0,58.54,1979.0,0.0,3.927,10.548,1,1,5,10,0,1,28,39.06,,0
001,001078,Chieri,7033,0,5,63.0,37.0,0.0,35831.0,0.0,1.33,0.0,5,10,137,9,0,10,115,25.92,,0
001,001079,Chiesanuova,103,0,1,0.0,0.0,0.0,227.0,0.0,0.0,0.0,0,0,3,3,0,0,14,24.682,,0
001,001080,Chiomonte,2076,0,1,20.0,19.0,0.0,859.0,0.0,0.326,1.21,2,2,81,11,0,0,12,53.436,,0
001,001081,Chiusa di San Michele,455,0,1,29.0,2.0,0.0,1516.0,0.0,0.0,0.0,0,0,6,3,0,1,5,28.197,,0
001,001082,Chivasso,45430,0,5,266.0,50.0,0.0,26118.0,0.0,0.0,3.054,0,2,33,3,0,11,70,19.232,,0
001,001083,Ciconio,167,0,5,0.0,0.0,0.0,368.0,0.0,0.0,0.0,0,0,2,0,0,1,6,16.738,,0
001,001084,Cintano,111,0,1,0.0,34.0,0.0,245.0,0.0,0.0,0.0,0,0,1,5,0,1,12,26.797,,0
001,001085,Cinzano,923,0,3,0.0,23.0,0.0,340.0,0.0,0.0,0.005,0,1,7,5,0,1,7,24.461,,0
001,001086,Ciriè,21213,0,5,96.0,52.0,83.33,18093.0,0.0,0.0,1.531,0,2,32,1,0,1,22,5.134,,0
001,001087,Claviere,43313,0,1,620.0,391.0,11.77,200.0,0.0,0.133,0.077,1,0,19,1,0,1,1,76.701,,0
001,001088,Coassolo Torinese,261,0,1,34.0,36.0,0.0,1466.0,0.0,0.0,0.0,0,0,5,7,0,0,0,20.075,,0
001,001089,Coazze,1827,0,1,72.0,193.0,0.0,3265.0,0.0,1.897,24.823,1,1,15,39,0,4,0,36.92,,0
001,001090,Collegno,85572,0,5,442.0,52.0,84.16,48031.0,0.0,0.0,0.081,1,4,56,1,0,8,133,13.023,,0
001,001091,Colleretto Castelnuovo,151,0,1,0.0,12.0,0.0,331.0,0.0,0.0,0.0,0,0,2,2,0,1,6,26.604,,0
001,001092,Colleretto Giacosa,4803,0,3,39.0,16.0,0.0,585.0,0.0,0.0,0.0,0,1,5,0,0,0,9,28.504,,0
001,001093,Condove,2019,0,1,0.0,5.0,0.0,4437.0,0.0,0.121,0.0,1,1,23,15,0,8,6,30.17,,0
001,001094,Corio,532,0,1,20.0,31.0,0.0,3039.0,0.0,0.0,0.0,0,0,3,32,0,3,2,17.674,,0
001,001095,Cossano Canavese,194,0,3,0.0,4.0,0.0,427.0,0.0,0.0,0.0,0,0,0,0,0,0,8,34.282,,0
001,001096,Cuceglio,415,0,3,0.0,44.0,0.0,912.0,0.0,0.0,1.307,0,2,7,5,0,0,3,21.581,,0
001,001097,Cumiana,38475,0,3,0.0,347.0,0.0,7829.0,0.0,0.681,8.322,0,2,45,27,2,12,28,33.329,,0
001,001098,Cuorgnè,4317,0,3,47.0,0.0,0.0,9488.0,0.0,0.0,0.357,2,5,29,0,0,20,44,22.146,,0
001,001099,Druento,5467,0,3,142.0,38.0,66.2,9012.0,0.0,0.629,20.943,0,2,18,2,0,4,19,8.378,,0
001,001100,Exilles,319,0,1,25.0,201.0,0.0,244.0,0.0,0.829,9.773,1,1,3,40,0,0,7,58.49,,0
001,001101,Favria,2278,0,5,0.0,0.0,0.0,5006.0,0.0,0.283,0.0,0,1,12,0,0,1,17,12.511,,0
001,001102,Feletto,984,0,5,0.0,14.0,0.0,2163.0,0.0,0.0,0.0,0,0,3,0,0,0,9,13.481,,0
001,001103,Fenestrelle,12992,0,1,195.0,455.0,0.0,475.0,0.0,0.743,16.479,1,1,9,15,0,2,2,50.666,,0
001,001104,Fiano,1207,0,3,44.0,0.0,100.0,2653.0,0.0,0.0,5.645,0,1,19,0,0,0,2,9.72,,0
001,001105,Fiorano Canavese,332,0,3,0.0,0.0,0.0,729.0,0.0,0.0,0.0,0,3,2,1,0,1,4,32.657,,0
001,001106,Foglizzo,1015,0,5,0.0,15.0,0.0,2230.0,0.0,0.0,0.0,1,1,6,0,0,1,10,15.393,,0
001,001107,Forno Canavese,1439,0,1,0.0,0.0,0.0,3162.0,0.0,0.0,0.0,0,0,3,4,0,1,14,17.582,,0
001,001108,Frassinetto,123,0,1,0.0,6.0,0.0,270.0,0.0,0.0,0.0,0,0,3,8,0,0,16,29.313,,0
001,001109,Front,724,0,3,15.0,4.0,0.0,1592.0,0.0,0.236,3.569,0,2,8,3,0,0,17,8.215,,0
001,001110,Frossasco,1291,0,3,0.0,45.0,0.0,2836.0,0.0,0.0,0.098,2,2,41,11,0,6,24,37.574,,0
001,001111,Garzigliana,245,0,5,0.0,0.0,0.0,538.0,0.0,0.0,0.0,0,0,5,0,0,0,0,37.639,,0
001,001112,Gassino Torinese,1774,0,3,0.0,46.0,0.0,9254.0,0.0,0.0,0.0,0,2,14,10,0,0,24,17.382,,0
001,001113,Germagnano,501,0,1,40.0,0.0,0.0,1100.0,0.0,0.0,0.0,0,0,2,5,0,0,15,16.356,,0
001,001114,Giaglione,2097,0,1,0.0,89.0,0.0,594.0,0.0,1.807,3.397,1,3,9,29,0,1,5,55.114,,0
001,001115,Giaveno,3340,0,1,47.0,45.0,0.0,16301.0,0.0,0.353,0.0,0,0,31,15,0,7,11,33.52,,0
001,001116,Givoletto,1862,0,3,0.0,3.0,0.0,4091.0,0.0,0.0,2.0,0,0,9,6,0,0,0,13.045,,0
001,001117,Gravere,295,0,1,0.0,19.0,0.0,661.0,0.0,0.0,0.852,0,1,4,9,0,0,2,50.004,,0
001,001118,Groscavallo,2683,0,1,60.0,118.0,0.0,201.0,0.0,0.267,0.0,0,2,7,29,0,0,1,37.891,,0
001,001119,Grosso,450,0,3,0.0,12.0,0.0,990.0,0.0,0.0,0.074,0,0,5,0,0,0,1,10.048,,0
001,001120,Grugliasco,245151,0,5,232.0,443.0,77.59,36696.0,0.0,0.0,0.0,1,4,81,0,0,11,149,16.767,,0
001,001121,Ingria,21,0,1,0.0,0.0,0.0,46.0,0.0,0.0,0.0,1,0,0,3,0,0,5,31.18,,0
001,001122,Inverso Pinasca,1501,0,1,46.0,8.0,0.0,690.0,0.0,0.0,0.0,0,0,2,0,0,0,0,45.415,,0
001,001123,Isolabella,166,0,5,0.0,0.0,0.0,364.0,0.0,0.0,0.0,0,0,2,1,0,0,0,38.759,,0
001,001124,Issiglio,202,0,1,0.0,0.0,0.0,443.0,0.0,0.0,0.0,1,1,2,1,0,0,3,28.389,,0
001,001125,Ivrea,37240,0,3,175.0,179.0,38.86,22427.0,0.0,3.329,3.207,5,11,100,4,0,9,151,33.882,"Ivrea, industrial city of the 20th century",1
001,001126,La Cassa,803,0,3,0.0,225.0,0.0,1764.0,0.0,0.128,7.532,0,0,13,11,0,1,7,10.674,,0
001,001127,La Loggia,952,0,5,0.0,10.0,0.0,8724.0,0.0,0.0,0.367,0,2,22,0,0,0,6,27.542,,0
001,001128,Lanzo Torinese,2462,0,3,110.0,325.0,0.0,4953.0,0.0,0.0,0.306,2,0,16,11,0,0,7,15.77,,0
001,001129,Lauriano,639,0,3,0.0,14.0,0.0,1405.0,0.0,0.0,2.323,1,0,5,2,0,1,11,27.096,,0
001,001130,Leini,19301,0,5,190.0,116.0,92.63,16232.0,0.0,1.271,0.015,0,0,32,1,0,1,35,5.606,,0
001,001131,Lemie,72,0,1,30.0,0.0,0.0,158.0,0.0,0.0,0.0,0,1,3,9,0,0,14,28.997,,0
001,001132,Lessolo,834,0,3,0.0,19.0,0.0,1746.0,0.0,0.664,0.0,1,2,7,1,0,0,36,34.075,,0
001,001133,Levone,207,0,3,0.0,0.0,0.0,455.0,0.0,0.727,0.0,0,0,5,2,0,1,4,13.863,,0
001,001134,Locana,8033,0,1,0.0,328.0,0.0,1309.0,0.0,0.703,0.0,0,0,14,18,0,1,43,32.274,,0
001,001135,Lombardore,780,0,5,0.0,0.0,0.0,1714.0,0.0,0.226,4.807,0,0,12,0,1,0,8,7.103,,0
001,001136,Lombriasco,491,0,5,0.0,0.0,0.0,1078.0,0.0,0.0,0.0,0,3,12,0,0,0,5,33.008,,0
001,001137,Loranzè,519,0,3,0.0,10.0,0.0,1141.0,0.0,0.0,0.0,0,1,9,1,0,0,9,29.883,,0
001,001139,Luserna San Giovanni,2763,0,3,0.0,176.0,0.0,7111.0,0.0,0.0,0.0,0,2,21,1,0,10,4,41.928,,0
001,001140,Lusernetta,228,0,3,0.0,20.0,0.0,502.0,0.0,0.0,0.0,0,0,3,0,0,0,0,40.737,,0
001,001141,Lusigliè,251,0,5,0.0,0.0,0.0,552.0,0.0,0.0,0.0,0,0,0,0,0,1,3,15.447,,0
001,001142,Macello,536,0,5,0.0,6.0,0.0,1177.0,0.0,0.0,0.0,0,1,6,0,0,0,1,37.363,,0
001,001143,Maglione,192,0,3,0.0,0.0,0.0,423.0,0.0,0.949,0.167,0,0,3,1,0,0,4,32.725,,0
001,001144,Marentino,585,0,3,0.0,2.0,0.0,1286.0,0.0,0.0,0.0,0,0,12,5,0,0,0,23.439,,0
001,001145,Massello,745,0,1,16.0,27.0,0.0,57.0,0.0,1.115,23.245,1,0,0,9,0,1,0,55.705,,0
001,001146,Mathi,1689,0,3,0.0,14.0,0.0,3712.0,0.0,0.0,0.0,0,0,8,1,0,0,7,10.841,,0
001,001147,Mattie,909,0,1,31.0,35.0,0.0,683.0,0.0,0.0,15.466,0,1,2,12,0,0,0,44.336,,0
001,001148,Mazzè,1950,0,5,0.0,15.0,0.0,4285.0,0.0,1.379,1.834,0,1,6,6,0,0,32,24.461,,0
001,001149,Meana di Susa,369,0,1,0.0,0.0,0.0,810.0,0.0,0.0,7.227,0,0,0,5,0,0,5,47.33,,0
001,001150,Mercenasco,591,0,3,0.0,0.0,0.0,1299.0,0.0,0.0,0.0,0,1,4,5,0,0,6,24.373,,0
001,001152,Mezzenile,564,0,1,0.0,110.0,0.0,724.0,0.0,0.0,0.0,0,1,2,16,0,1,1,24.093,,0
001,001153,Mombello di Torino,184,0,3,0.0,0.0,0.0,404.0,0.0,0.0,0.0,0,0,11,4,0,0,0,27.334,,0
001,001154,Mompantero,278,0,1,0.0,158.0,0.0,611.0,0.0,0.0,23.886,0,2,0,27,0,1,7,45.345,,0
001,001155,Monastero di Lanzo,145,0,1,0.0,12.0,0.0,319.0,0.0,0.0,0.0,0,0,1,9,0,0,0,22.035,,0
001,001156,Moncalieri,109882,0,5,747.0,317.0,32.93,55751.0,0.0,0.691,0.0,0,5,235,11,0,17,229,23.945,,0
001,001157,Moncenisio,22,0,1,0.0,16.0,0.0,49.0,0.0,1.782,0.0,1,0,0,3,0,0,0,52.389,,0
001,001158,Montaldo Torinese,321,0,3,78.0,0.0,100.0,706.0,0.0,0.0,0.0,0,2,12,5,0,0,0,21.748,,0
001,001159,Montalenghe,441,0,3,0.0,21.0,0.0,970.0,0.0,0.0,0.0,0,2,4,3,0,0,4,20.414,,0
001,001160,Montalto Dora,1506,0,3,0.0,12.0,0.0,3310.0,0.0,3.967,3.407,0,2,6,7,0,0,8,36.57,,0
001,001161,Montanaro,2301,0,5,14.0,2.0,0.0,5057.0,0.0,0.0,0.0,0,1,5,1,0,0,12,16.065,,0
001,001162,Monteu da Po,381,0,3,0.0,12.0,0.0,838.0,0.0,0.0,2.077,0,0,5,0,0,1,5,28.948,,0
001,001163,Moriondo Torinese,380,0,3,0.0,2.0,0.0,835.0,0.0,0.0,0.0,0,1,14,2,0,0,0,29.044,,0
001,001164,Nichelino,43725,0,5,436.0,22.0,0.0,46006.0,0.0,0.0,9.333,1,10,52,1,0,6,120,23.535,,0
001,001165,Noasca,311,0,1,54.0,45.0,0.0,106.0,0.0,2.487,0.0,0,0,3,14,0,0,21,30.84,,0
001,001166,Nole,3051,0,3,0.0,0.0,0.0,6705.0,0.0,0.0,1.466,0,1,29,2,0,0,5,8.096,,0
001,001167,Nomaglio,124,0,1,11.0,0.0,0.0,273.0,0.0,0.0,0.014,1,0,1,1,0,0,4,41.369,,0
001,001168,None,8532,0,5,99.0,0.0,0.0,7688.0,0.0,0.0,0.003,0,0,26,0,0,1,9,30.06,,0
001,001169,Novalesa,583,0,1,73.0,9.0,0.0,518.0,0.0,0.0,0.085,3,0,1,17,0,0,2,48.451,,0
001,001170,Oglianico,658,0,5,0.0,4.0,0.0,1445.0,0.0,0.0,0.0,0,19,1,0,0,0,4,13.322,,0
001,001171,Orbassano,27023,0,5,171.0,11.0,0.0,22975.0,0.0,0.0,2.529,0,0,59,2,1,8,74,22.867,,0
001,001172,Orio Canavese,338,0,3,0.0,0.0,0.0,742.0,0.0,0.0,0.0,0,1,5,2,0,0,4,21.116,,0
001,001173,Osasco,525,0,5,0.0,12.0,0.0,1154.0,0.0,0.0,0.0,0,1,10,0,0,1,1,39.899,,0
001,001174,Osasio,418,0,5,0.0,0.0,0.0,919.0,0.0,0.0,0.001,0,0,18,0,0,0,0,36.335,,0
001,001175,Oulx,52273,0,1,96.0,2265.0,0.0,3256.0,0.0,2.17,31.023,0,3,47,61,0,2,18,69.322,,0
001,001176,Ozegna,544,0,5,0.0,0.0,0.0,1196.0,0.0,0.113,0.0,0,2,6,1,0,3,7,17.727,,0
001,001177,Palazzo Canavese,195,0,3,0.0,19.0,0.0,833.0,0.0,0.0,2.492,0,1,1,1,0,0,2,38.368,,0
001,001178,Pancalieri,896,0,5,0.0,4.0,0.0,1970.0,0.0,0.0,1.212,0,1,23,0,0,0,0,31.797,,0
001,001179,Parella,191,0,3,46.0,6.0,100.0,419.0,0.0,0.0,0.0,0,0,3,0,0,0,4,27.176,,0
001,001180,Pavarolo,531,0,3,0.0,0.0,0.0,1166.0,0.0,0.0,0.0,1,0,13,3,0,0,0,19.843,,0
001,001181,Pavone Canavese,1633,0,3,51.0,0.0,100.0,3588.0,0.0,0.0,0.684,0,1,3,1,0,0,29,29.849,,0
001,001183,Pecetto Torinese,9489,0,3,44.0,21.0,0.0,4001.0,0.0,0.0,0.0,0,1,81,4,0,2,11,21.798,,0
001,001184,Perosa Argentina,2725,0,1,52.0,46.0,0.0,3077.0,0.0,0.0,0.0,1,0,10,5,0,7,3,43.8,,0
001,001185,Perosa Canavese,228,0,3,0.0,0.0,0.0,502.0,0.0,0.0,0.044,1,0,2,1,0,0,6,27.05,,0
001,001186,Perrero,244,0,1,0.0,16.0,0.0,557.0,0.0,0.689,9.541,0,1,2,21,0,1,0,51.814,,0
001,001187,Pertusio,335,0,3,0.0,0.0,0.0,736.0,0.0,0.0,0.208,0,0,5,0,0,0,3,16.748,,0
001,001188,Pessinetto,1581,0,1,33.0,82.0,0.0,588.0,0.0,0.0,0.0,0,0,1,5,0,1,7,20.033,,0
001,001189,Pianezza,4621,0,5,98.0,122.0,0.0,15476.0,0.0,0.0,0.055,1,1,25,2,0,5,51,12.302,,0
001,001190,Pinasca,129,0,1,0.0,22.0,0.0,2785.0,0.0,0.0,0.016,0,0,8,6,0,4,0,41.023,,0
001,001191,Pinerolo,43997,0,3,148.0,249.0,66.22,35431.0,0.0,0.269,0.0,7,5,80,6,0,26,27,41.864,,0
001,001192,Pino Torinese,26694,0,3,87.0,84.0,100.0,8400.0,0.0,0.0,3.884,2,1,97,14,0,1,26,20.006,,0
001,001193,Piobesi Torinese,1396,0,5,33.0,8.0,0.0,3757.0,0.0,0.0,0.0,0,2,34,0,0,3,3,31.378,,0
001,001194,Piossasco,4156,0,3,24.0,41.0,0.0,17952.0,0.0,0.519,3.879,0,2,57,13,0,2,25,28.576,,0
001,001195,Piscina,1296,0,5,12.0,39.0,0.0,3266.0,0.0,0.0,0.0,0,0,18,0,0,1,3,35.811,,0
001,001196,Piverone,11349,0,3,25.0,331.0,0.0,1274.0,0.0,1.351,3.425,0,3,6,2,0,0,3,38.735,,0
001,001197,Poirino,14705,0,5,128.0,84.0,0.0,10173.0,0.0,6.458,0.001,0,2,106,0,0,7,22,36.397,,0
001,001198,Pomaretto,440,0,1,19.0,20.0,0.0,968.0,0.0,0.0,0.0,2,0,2,2,0,2,0,46.47,,0
001,001199,Pont Canavese,388,0,1,42.0,13.0,0.0,2989.0,0.0,0.0,0.02,0,4,9,1,0,2,53,26.256,,0
001,001200,Porte,514,0,1,0.0,0.0,0.0,1130.0,0.0,0.0,0.0,0,1,2,2,0,1,4,45.477,,0
001,001201,Pragelato,68907,0,1,1188.0,859.0,64.73,740.0,0.0,0.763,89.018,3,0,53,42,0,1,13,60.517,,0
001,001202,Prali,18760,0,1,59.0,448.0,0.0,257.0,0.0,4.275,0.09,1,0,26,35,0,3,0,58.977,,0
001,001203,Pralormo,860,0,5,102.0,0.0,0.0,1891.0,0.0,1.061,0.0,0,2,16,0,0,0,16,40.351,,0
001,001204,Pramollo,101,0,1,0.0,0.0,0.0,222.0,0.0,0.0,0.0,0,0,1,9,0,0,0,49.224,,0
001,001205,Prarostino,858,0,1,20.0,14.0,0.0,1259.0,0.0,0.0,0.0,1,0,5,6,0,1,0,45.352,,0
001,001206,Prascorsano,317,0,3,0.0,1.0,0.0,696.0,0.0,0.0,0.403,0,0,2,0,0,1,10,18.319,,0
001,001207,Pratiglione,209,0,1,0.0,0.0,0.0,459.0,0.0,0.0,0.0,0,1,1,2,0,0,4,18.814,,0
001,001208,Quagliuzzo,152,0,3,0.0,16.0,0.0,333.0,0.0,0.0,0.0,0,2,1,2,0,0,4,26.827,,0
001,001209,Quassolo,150,0,3,0.0,0.0,0.0,330.0,0.0,0.0,0.0,0,1,0,1,0,0,5,38.605,,0
001,001210,Quincinetto,1463,0,1,15.0,14.0,0.0,980.0,0.0,0.0,0.0,0,0,4,12,0,0,0,37.796,,0
001,001211,Reano,795,0,3,0.0,6.0,0.0,1746.0,0.0,0.0,0.0,0,1,14,4,0,1,6,24.002,,0
001,001212,Ribordone,24,0,1,0.0,10.0,0.0,52.0,0.0,0.074,2.981,0,1,1,10,0,0,0,31.085,,0
001,001213,Rivalba,521,0,3,0.0,12.0,0.0,1145.0,0.0,0.0,3.51,0,1,22,3,0,0,19,20.615,,0
001,001214,Rivalta di Torino,9190,0,5,276.0,38.0,0.0,20195.0,0.0,0.0,0.073,0,2,132,1,0,4,82,22.327,,0
001,001215,Riva presso Chieri,13245,0,5,80.0,83.0,0.0,4754.0,0.0,3.663,0.0,1,0,20,1,0,1,1,30.891,,0
001,001216,Rivara,369,0,3,0.0,17.0,0.0,2494.0,0.0,0.316,0.0,0,3,12,0,0,3,14,13.99,,0
001,001217,Rivarolo Canavese,5631,0,5,229.0,0.0,70.74,12374.0,0.0,0.026,0.0,1,2,20,1,0,3,51,12.877,,0
001,001218,Rivarossa,704,0,3,0.0,0.0,0.0,1547.0,0.0,0.0,1.712,0,1,29,2,0,0,8,7.092,,0
001,001219,Rivoli,173683,0,3,980.0,47.0,0.0,46799.0,0.0,0.54,0.026,4,5,132,7,1,26,116,17.922,,0
001,001220,Robassomero,1403,0,3,0.0,14.0,0.0,3083.0,0.0,0.0,8.186,0,0,8,1,0,3,0,5.818,,0
001,001221,Rocca Canavese,781,0,3,0.0,29.0,0.0,1716.0,0.0,0.0,0.0,0,2,7,8,0,1,0,13.402,,0
001,001222,Roletto,903,0,3,0.0,19.0,0.0,1984.0,0.0,0.0,0.0,0,0,33,2,0,2,8,39.816,,0
001,001223,Romano Canavese,1213,0,5,160.0,0.0,53.75,2665.0,0.0,0.0,0.094,1,8,8,1,0,0,14,28.066,,0
001,001224,Ronco Canavese,1871,0,1,18.0,31.0,0.0,315.0,0.0,1.709,3.424,0,0,6,14,0,0,20,27.612,,0
001,001225,Rondissone,870,0,5,81.0,2.0,0.0,1911.0,0.0,0.0,1.571,0,0,4,3,0,0,14,24.87,,0
001,001226,Rorà,99,0,1,0.0,120.0,0.0,217.0,0.0,0.0,0.0,3,0,2,11,0,1,1,42.914,,0
001,001227,Roure,1747,0,1,25.0,118.0,0.0,756.0,0.0,2.293,21.956,0,0,6,32,0,1,0,46.278,,0
001,001228,Rosta,19484,0,3,123.0,35.0,0.0,5100.0,0.0,0.139,0.0,0,0,5,2,0,4,23,20.113,,0
001,001229,Rubiana,1105,0,1,0.0,25.0,0.0,2428.0,0.0,0.0,1.628,1,1,6,13,0,0,23,22.279,,0
001,001230,Rueglio,542,0,1,0.0,34.0,0.0,806.0,0.0,0.0,0.0,0,0,10,3,0,0,3,31.067,,0
001,001231,Salassa,835,0,5,17.0,0.0,0.0,1835.0,0.0,0.0,0.0,0,0,7,0,0,0,10,17.883,,0
001,001232,Salbertrand,12617,0,1,0.0,467.0,0.0,619.0,0.0,0.152,13.095,3,5,4,33,0,0,7,61.999,,0
001,001233,Salerano Canavese,207,0,3,0.0,0.0,0.0,455.0,0.0,0.0,0.0,0,0,1,0,0,0,4,32.255,,0
001,001234,Salza di Pinerolo,32,0,1,0.0,17.0,0.0,71.0,0.0,0.0,0.127,1,0,0,4,0,0,0,57.071,,0
001,001235,Samone,687,0,3,0.0,3.0,0.0,1509.0,0.0,0.0,0.0,0,0,5,0,0,0,6,31.08,,0
001,001236,San Benigno Canavese,1067,0,5,14.0,78.0,0.0,6089.0,0.0,0.248,0.0,0,0,19,0,1,0,20,11.151,,0
001,001237,San Carlo Canavese,1832,0,5,0.0,0.0,0.0,4027.0,0.0,0.0,10.186,0,1,31,2,0,0,2,6.606,,0
001,001238,San Colombano Belmonte,164,0,3,0.0,6.0,0.0,361.0,0.0,0.0,0.0,0,0,4,0,0,0,8,20.902,,0
001,001239,San Didero,1073,0,1,21.0,17.0,0.0,503.0,0.0,0.0,0.0,0,1,1,1,0,0,0,34.917,,0
001,001240,San Francesco al Campo,13743,0,5,180.0,12.0,35.56,4832.0,0.0,0.0,3.779,0,0,4,3,0,0,16,3.475,,0
001,001241,Sangano,1672,0,3,156.0,0.0,0.0,3674.0,0.0,0.0,0.021,0,0,12,0,0,0,6,25.5,,0
001,001242,San Germano Chisone,790,0,1,0.0,8.0,0.0,1735.0,0.0,0.071,0.0,1,0,7,2,0,0,0,47.628,,0
001,001243,San Gillio,1483,0,3,0.0,6.0,0.0,3260.0,0.0,0.11,1.166,0,1,10,1,0,0,4,12.143,,0
001,001244,San Giorgio Canavese,345,0,5,36.0,15.0,0.0,2481.0,0.0,0.0,0.0,1,8,5,2,0,0,11,17.788,,0
001,001245,San Giorio di Susa,396,0,1,0.0,41.0,0.0,974.0,0.0,0.529,9.84,0,1,1,12,0,1,2,39.365,,0
001,001246,San Giusto Canavese,1483,0,5,0.0,9.0,0.0,3260.0,0.0,0.0,0.0,0,0,15,1,0,0,10,16.379,,0
001,001247,San Martino Canavese,213,0,3,0.0,14.0,0.0,804.0,0.0,0.0,5.194,0,1,3,9,0,0,11,25.08,,0
001,001248,San Maurizio Canavese,14632,0,5,77.0,33.0,0.0,10257.0,0.0,0.0,0.265,0,0,14,0,0,2,22,1.269,,0
001,001249,San Mauro Torinese,42815,0,3,257.0,28.0,0.0,18527.0,0.0,0.816,0.556,0,4,41,11,0,4,69,14.037,,0
001,001250,San Pietro Val Lemina,661,0,1,0.0,28.0,0.0,1453.0,0.0,0.0,0.0,0,0,22,3,0,1,0,41.517,,0
001,001251,San Ponso,107,0,5,0.0,0.0,0.0,236.0,0.0,0.0,0.0,0,0,0,0,0,0,2,16.18,,0
001,001252,San Raffaele Cimena,590,0,3,0.0,12.0,0.0,3149.0,0.0,0.0,0.002,0,0,8,2,0,1,29,16.966,,0
001,001253,San Sebastiano da Po,2646,0,3,20.0,42.0,0.0,1881.0,0.0,0.0,0.209,0,2,11,3,0,0,22,23.482,,0
001,001254,San Secondo di Pinerolo,27935,0,3,156.0,35.0,100.0,3652.0,0.0,0.0,0.0,0,2,11,0,1,3,0,42.969,,0
001,001255,Sant'Ambrogio di Torino,722,0,3,0.0,49.0,0.0,4538.0,0.0,0.46,0.0,1,1,8,2,0,6,3,25.731,,0
001,001256,Sant'Antonino di Susa,1335,0,1,0.0,34.0,0.0,4101.0,0.0,0.0,0.0,0,1,13,3,0,1,4,32.573,,0
001,001257,Santena,4768,0,5,0.0,41.0,0.0,10478.0,0.0,0.545,0.001,1,5,74,0,0,4,32,30.261,,0
001,001258,Sauze di Cesana,5243,0,1,80.0,181.0,0.0,227.0,0.0,0.0,4.709,0,0,5,16,0,1,0,66.268,,0
001,001259,Sauze d'Oulx,225582,0,1,2186.0,472.0,25.75,1015.0,0.0,0.857,0.642,0,2,208,10,0,11,16,64.735,,0
001,001260,Scalenghe,1456,0,5,0.0,2.0,0.0,3200.0,0.0,0.0,0.0,0,1,18,1,0,0,5,36.514,,0
001,001261,Scarmagno,360,0,3,70.0,0.0,0.0,791.0,0.0,0.0,0.869,0,0,3,1,0,0,10,25.272,,0
001,001262,Sciolze,967,0,3,0.0,27.0,0.0,1418.0,0.0,0.0,0.0,0,0,11,6,0,0,32,20.989,,0
001,001263,Sestriere,303299,0,1,4239.0,522.0,22.81,901.0,0.0,0.0,12.224,2,5,319,8,0,6,3,66.072,,0
001,001264,Settimo Rottaro,213,0,3,0.0,0.0,0.0,469.0,0.0,0.0,0.107,0,0,1,0,0,0,10,35.218,,0
001,001265,Settimo Torinese,58593,0,5,521.0,85.0,14.78,45693.0,0.0,1.566,0.0,2,0,118,1,0,3,135,11.389,,0
001,001266,Settimo Vittone,5848,0,1,62.0,258.0,40.32,1509.0,0.0,0.0,0.0,0,2,3,9,0,1,6,42.499,,0
001,001267,Sparone,1676,0,1,0.0,33.0,0.0,927.0,0.0,0.0,3.457,0,5,5,7,0,3,16,24.964,,0
001,001268,Strambinello,113,0,3,0.0,6.0,0.0,249.0,0.0,0.0,0.0,0,2,2,1,0,0,6,25.77,,0
001,001269,Strambino,2752,0,5,0.0,0.0,0.0,6047.0,0.0,0.979,0.0,0,1,7,0,0,1,20,28.354,,0
001,001270,Susa,31122,0,1,202.0,230.0,0.0,5898.0,0.0,0.0,1.619,3,4,19,2,0,13,30,45.764,,0
001,001271,Tavagnasco,339,0,1,0.0,0.0,0.0,746.0,0.0,0.0,0.0,0,0,5,0,0,0,2,39.748,,0
001,001272,Torino,3580221,0,5,15104.0,8946.0,45.57,851199.0,0.0,0.0,2.66,58,229,1020,20,0,433,2821,14.478,Residences of the Royal House of Savoy,1
001,001273,Torrazza Piemonte,1363,0,5,0.0,16.0,0.0,2996.0,0.0,0.0,0.037,0,0,5,1,0,0,5,25.809,,0
001,001274,Torre Canavese,1187,0,3,21.0,18.0,0.0,613.0,0.0,0.0,3.053,0,2,5,2,0,0,4,23.659,,0
001,001275,Torre Pellice,14298,0,1,55.0,426.0,0.0,4628.0,0.0,0.0,0.0,2,1,8,9,0,9,8,45.789,,0
001,001276,Trana,1706,0,3,0.0,0.0,0.0,3749.0,0.0,0.0,0.0,0,0,10,2,0,0,21,27.149,,0
001,001278,Traversella,1461,0,1,36.0,56.0,0.0,306.0,0.0,0.125,0.0,2,0,1,13,0,0,5,34.63,,0
001,001279,Traves,232,0,1,40.0,0.0,0.0,510.0,0.0,0.0,0.0,0,0,1,9,0,0,3,19.413,,0
001,001280,Trofarello,2274,0,5,46.0,33.0,47.83,10600.0,0.0,0.0,0.0,0,1,21,2,0,2,23,26.083,,0
001,001281,Usseaux,2861,0,1,36.0,517.0,0.0,173.0,0.0,0.565,19.157,0,0,0,12,0,1,0,53.306,,0
001,001282,Usseglio,11591,0,1,110.0,234.0,0.0,192.0,0.0,7.775,0.192,2,3,6,27,0,0,16,37.857,,0
001,001283,Vaie,624,0,1,0.0,18.0,0.0,1372.0,0.0,0.079,0.0,2,0,1,2,0,0,0,30.414,,0
001,001284,Val della Torre,11502,0,1,111.0,14.0,0.0,3970.0,0.0,0.0,5.364,0,0,18,11,0,1,0,16.851,,0
001,001285,Valgioie,437,0,1,0.0,2.0,0.0,960.0,0.0,0.0,0.0,1,0,4,7,0,1,0,28.51,,0
001,001286,Vallo Torinese,355,0,3,0.0,0.0,0.0,780.0,0.0,0.0,0.0,0,0,2,2,0,0,3,13.538,,0
001,001287,Valperga,1344,0,3,0.0,27.0,0.0,2953.0,0.0,0.207,2.519,0,3,7,9,0,2,18,18.573,,0
001,001288,Valprato Soana,2200,0,1,40.0,43.0,0.0,96.0,0.0,0.261,0.0,1,0,4,13,0,1,14,24.592,,0
001,001289,Varisella,384,0,3,0.0,60.0,0.0,844.0,0.0,0.0,0.529,0,0,1,9,0,0,0,13.963,,0
001,001290,Vauda Canavese,644,0,3,0.0,4.0,0.0,1415.0,0.0,0.0,0.935,0,0,3,1,0,0,7,8.591,,0
001,001291,Venaus,2629,0,1,0.0,150.0,0.0,839.0,0.0,0.342,0.0,0,1,6,17,0,2,2,52.189,,0
001,001292,Venaria Reale,24283,0,5,110.0,113.0,0.0,32071.0,0.0,0.0,14.75,3,12,32,0,0,3,88,7.104,,0
001,001293,Verolengo,2198,0,5,33.0,0.0,0.0,4830.0,0.0,0.199,1.707,0,0,10,0,0,2,37,26.25,,0
001,001294,Verrua Savoia,603,0,3,0.0,14.0,0.0,1326.0,0.0,0.0,7.736,0,1,21,6,0,1,26,36.057,,0
001,001295,Vestignè,341,0,5,0.0,6.0,0.0,749.0,0.0,0.0,0.0,0,0,0,0,0,0,4,30.889,,0
001,001296,Vialfrè,119,0,3,0.0,6.0,0.0,262.0,0.0,0.0,4.295,0,0,0,2,0,0,2,23.44,,0
001,001298,Vidracco,1638,0,3,0.0,37.0,0.0,463.0,0.0,1.197,0.584,0,0,3,0,0,1,4,26.395,,0
001,001299,Vigone,2280,0,5,41.0,5.0,0.0,5010.0,0.0,0.0,0.0,0,0,16,2,0,4,2,33.75,,0
001,001300,Villafranca Piemonte,2089,0,5,0.0,6.0,0.0,4591.0,0.0,0.0,0.967,0,1,37,1,0,0,0,29.672,,0
001,001301,Villanova Canavese,551,0,3,0.0,0.0,0.0,1211.0,0.0,0.0,0.0,0,0,4,0,0,1,3,9.073,,0
001,001302,Villarbasse,1612,0,3,0.0,11.0,0.0,3543.0,0.0,0.0,0.029,0,17,52,6,0,0,22,22.248,,0
001,001303,Villar Dora,1278,0,3,0.0,9.0,0.0,2808.0,0.0,0.0,0.0,0,1,10,1,0,0,11,23.443,,0
001,001304,Villareggia,453,0,5,0.0,9.0,0.0,995.0,0.0,0.0,0.637,0,4,17,3,0,0,7,27.441,,0
001,001305,Villar Focchiardo,877,0,1,0.0,35.0,0.0,1927.0,0.0,0.272,8.518,0,2,9,10,0,2,6,36.447,,0
001,001306,Villar Pellice,10693,0,1,24.0,436.0,0.0,1057.0,0.0,0.073,0.0,1,0,3,12,0,0,0,47.082,,0
001,001307,Villar Perosa,1754,0,1,0.0,14.0,0.0,3855.0,0.0,0.534,0.0,1,0,9,4,0,5,0,43.884,,0
001,001308,Villastellone,1985,0,5,22.0,2.0,0.0,4362.0,0.0,0.196,0.0,1,0,36,0,0,1,18,32.36,,0
001,001309,Vinovo,2153,0,5,0.0,51.0,0.0,15323.0,0.0,0.0,0.002,0,1,95,0,0,2,31,27.328,,0
001,001310,Virle Piemonte,526,0,5,0.0,0.0,0.0,1155.0,0.0,0.27,0.0,0,1,5,0,0,1,0,35.176,,0
001,001311,Vische,458,0,5,0.0,23.0,0.0,1179.0,0.0,0.51,0.262,0,3,16,2,0,0,16,27.556,,0
001,001312,Vistrorio,241,0,3,0.0,14.0,0.0,530.0,0.0,1.616,0.0,0,0,4,1,0,0,8,28.283,,0
001,001313,Viù,513,0,1,0.0,506.0,0.0,1104.0,0.0,0.1,1.929,0,2,10,26,0,0,39,22.014,,0
001,001314,Volpiano,1342,0,5,236.0,23.0,30.51,15141.0,0.0,0.959,0.0,0,2,62,4,0,1,34,10.448,,0
001,001315,Volvera,3837,0,5,25.0,0.0,0.0,8432.0,0.0,0.0,0.0,0,2,46,1,0,1,4,29.005,,0
001,001316,Mappano,3321,0,5,24.0,12.0,0.0,7298.0,0.0,0.0,0.0,0,0,13,0,0,5,16,6.905,,0
001,001317,Val di Chy,764,0,3,0.0,179.0,0.0,1229.0,0.0,0.0,0.0,0,3,9,6,0,0,38,30.558,,0
001,001318,Valchiusa,336,0,1,23.0,38.0,0.0,1016.0,0.0,1.018,0.0,0,0,3,8,0,0,38,35.815,,0
002,002002,Alagna Valsesia,116173,0,1,286.0,1324.0,50.0,694.0,0.0,3.338,27.055,13,3,36,81,0,3,1,44.177,,0
002,002003,Albano Vercellese,153,0,5,0.0,0.0,0.0,312.0,0.0,0.0,5.107,0,1,6,8,0,0,4,35.198,,0
002,002004,Alice Castello,341,0,3,0.0,21.0,0.0,2519.0,0.0,0.0,0.0,0,5,54,0,0,1,9,38.907,,0
002,002006,Arborio,411,0,5,0.0,9.0,0.0,839.0,0.0,0.452,0.0,0,1,6,0,0,2,4,31.375,,0
002,002007,Asigliano Vercellese,668,0,5,0.0,4.0,0.0,1364.0,0.0,0.0,0.0,0,6,19,0,0,0,0,47.44,,0
002,002008,Balmuccia,56,0,1,0.0,0.0,0.0,115.0,0.0,0.0,0.0,0,3,3,4,0,0,1,50.134,,0
002,002009,Balocco,105,0,5,0.0,0.0,0.0,214.0,0.0,0.136,0.0,0,2,2,0,0,0,3,39.148,,0
002,002011,Bianzè,910,0,5,25.0,0.0,0.0,1859.0,0.0,0.0,0.0,0,2,21,0,0,0,4,40.084,,0
002,002014,Boccioleto,81,0,1,24.0,48.0,0.0,166.0,0.0,0.036,0.0,0,8,2,26,0,0,1,54.912,,0
002,002015,Borgo d'Ale,1067,0,3,0.0,13.0,0.0,2180.0,0.0,0.0,0.264,0,8,28,2,0,0,7,35.641,,0
002,002016,Borgosesia,2684,0,1,0.0,36.0,0.0,12053.0,0.0,0.232,1.88,1,17,38,33,0,3,9,37.97,,0
002,002017,Borgo Vercelli,1093,0,5,0.0,0.0,0.0,2232.0,0.0,0.409,0.0,0,6,17,0,0,1,3,36.135,,0
002,002021,Buronzo,424,0,5,0.0,0.0,0.0,866.0,0.0,0.264,0.0,0,3,10,0,0,0,6,39.505,,0
002,002025,Campertogno,9390,0,1,25.0,189.0,0.0,226.0,0.0,0.0,0.0,0,13,6,19,0,0,3,48.75,,0
002,002029,Carcoforo,1200,0,1,0.0,82.0,0.0,75.0,0.0,0.0,9.999,0,6,4,26,0,0,1,55.775,,0
002,002030,Caresana,527,0,5,0.0,0.0,0.0,1076.0,0.0,0.0,0.0,0,2,10,0,0,0,6,48.452,,0
002,002031,Caresanablot,530,0,5,0.0,0.0,0.0,1083.0,0.0,0.0,0.0,0,2,35,0,0,0,7,40.284,,0
002,002032,Carisio,19487,0,5,180.0,8.0,0.0,752.0,0.0,0.0,1.017,0,1,7,0,0,0,7,46.519,,0
002,002033,Casanova Elvo,107,0,5,0.0,0.0,0.0,219.0,0.0,0.0,0.0,0,1,5,0,0,0,1,42.616,,0
002,002035,San Giacomo Vercellese,129,0,5,0.0,0.0,0.0,264.0,0.0,0.0,0.0,0,0,9,0,0,1,2,34.581,,0
002,002041,Cervatto,23,0,1,0.0,0.0,0.0,47.0,0.0,0.0,0.029,0,0,0,8,0,0,0,52.815,,0
002,002042,Cigliano,2082,0,5,61.0,0.0,0.0,4254.0,0.0,0.109,0.064,0,5,34,0,0,1,13,30.41,,0
002,002043,Civiasco,109,0,1,0.0,18.0,0.0,223.0,0.0,0.0,0.0,1,7,3,9,0,0,0,38.44,,0
002,002045,Collobiano,36,0,5,0.0,0.0,0.0,74.0,0.0,0.0,0.0,0,3,6,0,1,0,2,39.227,,0
002,002047,Costanzana,374,0,5,0.0,0.0,0.0,764.0,0.0,0.0,0.0,0,3,5,0,0,0,3,53.101,,0
002,002048,Cravagliana,1641,0,1,0.0,59.0,0.0,248.0,0.0,0.0,0.041,0,3,1,11,0,0,0,48.683,,0
002,002049,Crescentino,12115,0,5,0.0,88.0,0.0,7516.0,0.0,0.437,4.876,0,17,46,3,0,0,25,36.423,,0
002,002052,Crova,172,0,5,0.0,0.0,0.0,351.0,0.0,0.0,0.0,0,3,5,0,0,0,5,47.875,,0
002,002054,Desana,537,0,5,0.0,0.0,0.0,1096.0,0.0,0.0,0.0,0,5,4,0,0,0,4,50.827,,0
002,002057,Fobello,2255,0,1,0.0,141.0,0.0,183.0,0.0,0.0,8.132,3,1,5,19,0,0,0,55.657,,0
002,002058,Fontanetto Po,508,0,5,14.0,0.0,0.0,1037.0,0.0,0.0,3.257,0,1,7,2,0,0,3,42.153,,0
002,002059,Formigliana,241,0,5,22.0,0.0,0.0,492.0,0.0,0.0,0.0,0,3,5,0,0,0,6,41.153,,0
002,002061,Gattinara,4371,0,3,82.0,58.0,0.0,7526.0,0.0,1.018,0.951,0,23,54,4,0,7,10,28.853,,0
002,002062,Ghislarengo,395,0,5,0.0,0.0,0.0,807.0,0.0,0.177,0.0,0,3,10,0,0,0,3,29.684,,0
002,002065,Greggio,159,0,5,0.0,0.0,0.0,324.0,0.0,0.0,1.106,0,6,4,2,0,0,7,33.111,,0
002,002066,Guardabosone,159,0,1,0.0,36.0,0.0,324.0,0.0,0.0,0.0,5,16,5,1,0,0,0,40.977,,0
002,002067,Lamporo,236,0,5,0.0,0.0,0.0,483.0,0.0,0.0,0.0,0,1,7,0,0,0,0,35.411,,0
002,002068,Lenta,378,0,5,0.0,0.0,0.0,772.0,0.0,0.171,4.191,0,3,6,0,0,0,6,29.084,,0
002,002070,Lignana,262,0,5,0.0,0.0,0.0,535.0,0.0,0.0,0.0,0,6,6,0,0,1,3,49.524,,0
002,002071,Livorno Ferraris,2063,0,5,0.0,12.0,0.0,4215.0,0.0,0.37,0.588,4,8,32,0,1,2,9,36.697,,0
002,002072,Lozzolo,373,0,3,0.0,3.0,0.0,762.0,0.0,0.0,0.142,0,3,9,6,0,1,1,31.372,,0
002,002078,Mollia,498,0,1,0.0,18.0,0.0,98.0,0.0,0.0,0.0,1,17,0,11,0,1,1,51.671,,0
002,002079,Moncrivello,2977,0,5,0.0,33.0,0.0,1369.0,0.0,0.934,0.0,0,11,31,3,0,0,5,30.329,,0
002,002082,Motta de' Conti,350,0,5,20.0,0.0,0.0,714.0,0.0,0.0,0.0,0,4,14,0,0,0,2,51.258,,0
002,002088,Olcenengo,384,0,5,0.0,0.0,0.0,784.0,0.0,0.0,0.0,0,3,5,1,0,0,6,44.13,,0
002,002089,Oldenico,114,0,5,0.0,0.0,0.0,232.0,0.0,0.0,2.171,0,2,2,2,0,0,2,37.181,,0
002,002090,Palazzolo Vercellese,537,0,5,0.0,5.0,0.0,1096.0,0.0,0.0,0.0,0,2,14,3,0,0,4,45.724,,0
002,002091,Pertengo,159,0,5,0.0,0.0,0.0,325.0,0.0,0.0,0.0,0,0,8,0,0,1,0,50.314,,0
002,002093,Pezzana,629,0,5,0.0,0.0,0.0,1284.0,0.0,0.0,0.0,0,3,10,0,0,0,4,44.697,,0
002,002096,Pila,68,0,1,0.0,15.0,0.0,139.0,0.0,0.0,0.0,0,8,15,7,0,0,3,52.922,,0
002,002097,Piode,3451,0,1,69.0,23.0,0.0,188.0,0.0,0.0,0.0,0,5,8,11,0,0,5,52.279,,0
002,002102,Postua,261,0,1,0.0,0.0,0.0,533.0,0.0,0.0,0.0,0,0,4,7,0,0,0,42.736,,0
002,002104,Prarolo,359,0,5,0.0,0.0,0.0,734.0,0.0,0.0,0.0,0,3,13,0,0,0,2,43.26,,0
002,002107,Quarona,2374,0,1,35.0,11.0,54.29,3766.0,0.0,0.0,0.0,0,5,12,20,0,2,5,39.613,,0
002,002108,Quinto Vercellese,189,0,5,0.0,0.0,0.0,386.0,0.0,0.0,0.0,0,4,5,0,0,0,5,40.35,,0
002,002110,Rassa,33,0,1,0.0,6.0,0.0,68.0,0.0,0.0,0.0,1,2,1,21,0,0,0,47.459,,0
002,002113,Rimella,1063,0,1,41.0,2.0,0.0,133.0,0.0,0.0,9.957,2,3,0,17,0,0,1,52.478,,0
002,002115,Rive,218,0,5,0.0,0.0,0.0,445.0,0.0,0.0,0.0,0,10,1,0,0,0,2,52.6,,0
002,002116,Roasio,1091,0,3,0.0,0.0,0.0,2228.0,0.0,0.0,3.466,1,3,30,5,0,2,7,34.096,,0
002,002118,Ronsecco,274,0,5,0.0,0.0,0.0,560.0,0.0,0.0,0.232,0,5,5,0,0,1,3,48.813,,0
002,002121,Rossa,80,0,1,0.0,55.0,0.0,163.0,0.0,0.0,0.013,0,0,0,11,0,0,0,53.042,,0
002,002122,Rovasenda,437,0,5,0.0,6.0,0.0,893.0,0.0,0.355,0.092,0,4,21,0,0,0,5,33.632,,0
002,002126,Salasco,102,0,5,0.0,0.0,0.0,208.0,0.0,2.421,0.0,0,3,6,0,0,0,2,48.738,,0
002,002127,Sali Vercellese,46,0,5,0.0,0.0,0.0,94.0,0.0,0.0,0.0,0,1,3,0,0,0,2,48.138,,0
002,002128,Saluggia,1855,0,5,0.0,25.0,0.0,3790.0,0.0,0.0,2.653,0,1,20,1,0,0,2,29.873,,0
002,002131,San Germano Vercellese,775,0,5,21.0,0.0,0.0,1584.0,0.0,0.638,0.0,0,5,8,1,0,1,3,47.473,,0
002,002133,Santhià,6953,0,5,104.0,44.0,0.0,8058.0,0.0,0.323,0.0,0,19,38,3,0,0,21,47.233,,0
002,002134,Scopa,182,0,1,0.0,284.0,0.0,372.0,0.0,0.0,0.0,0,0,2,9,0,0,2,49.833,,0
002,002135,Scopello,14612,0,1,121.0,549.0,0.0,364.0,0.0,0.0,0.0,0,2,46,17,0,2,3,51.415,,0
002,002137,Serravalle Sesia,2310,0,3,0.0,17.0,0.0,4718.0,0.0,0.0,0.0,0,15,29,6,0,4,6,32.8,,0
002,002142,Stroppiana,577,0,5,0.0,0.0,0.0,1179.0,0.0,0.0,0.0,0,0,9,0,0,0,2,49.258,,0
002,002147,Tricerro,325,0,5,0.0,0.0,0.0,664.0,0.0,0.0,2.935,0,0,3,1,1,0,6,52.089,,0
002,002148,Trino,3605,0,5,47.0,24.0,100.0,6659.0,0.0,0.0,10.744,1,17,23,1,0,1,15,48.395,,0
002,002150,Tronzano Vercellese,1610,0,5,0.0,3.0,0.0,3288.0,0.0,0.0,0.0,0,5,24,0,0,0,5,44.041,,0
002,002152,Valduggia,898,0,1,0.0,6.0,0.0,1835.0,0.0,0.0,15.212,0,19,11,15,0,0,2,31.328,,0
002,002156,Varallo,16869,0,1,177.0,283.0,0.0,6856.0,0.0,0.614,0.393,5,42,33,59,0,2,5,42.881,,0
002,002158,Vercelli,94713,0,5,451.0,332.0,41.02,45643.0,0.0,0.0,0.0,10,125,171,3,0,12,240,42.291,,0
002,002163,Villarboit,182,0,5,0.0,0.0,0.0,371.0,0.0,0.0,0.098,1,1,10,1,0,0,5,37.297,,0
002,002164,Villata,738,0,5,0.0,0.0,0.0,1507.0,0.0,0.0,0.466,0,11,16,0,0,1,0,35.769,,0
002,002166,Vocca,77,0,1,0.0,0.0,0.0,158.0,0.0,0.0,0.0,0,3,2,5,0,0,1,47.355,,0
002,002170,Alto Sermenza,1558,0,1,14.0,191.0,0.0,140.0,0.0,0.0,9.025,2,7,8,31,0,0,2,53.535,,0
002,002171,Cellio con Breia,459,0,1,0.0,0.0,0.0,937.0,0.0,0.0,0.0,1,15,5,23,0,0,1,35.322,,0
003,003001,Agrate Conturbia,6584,0,3,36.0,14.0,100.0,1551.0,0.0,0.0,0.0,0,1,53,1,0,0,2,12.811,,0
003,003002,Ameno,22345,0,1,114.0,90.0,0.0,851.0,0.0,0.0,0.541,2,22,34,19,0,1,3,27.627,,0
003,003006,Armeno,18705,0,1,144.0,93.0,47.22,2077.0,0.0,0.0,0.0,1,30,28,21,0,0,1,30.256,,0
003,003008,Arona,84647,0,3,499.0,164.0,59.92,13730.0,0.0,5.621,1.968,4,25,128,13,0,17,20,20.271,,0
003,003012,Barengo,802,0,5,0.0,0.0,0.0,715.0,0.0,1.206,0.0,0,6,24,0,0,0,2,17.951,,0
003,003016,Bellinzago Novarese,10588,0,5,0.0,0.0,0.0,9441.0,0.0,5.328,4.667,1,12,60,0,0,0,10,10.623,,0
003,003018,Biandrate,1501,0,5,0.0,15.0,0.0,1338.0,0.0,0.0,1.165,0,1,12,1,0,1,2,27.857,,0
003,003019,Boca,1296,0,3,0.0,10.0,0.0,1156.0,0.0,0.0,4.097,0,4,8,2,0,0,2,25.39,,0
003,003021,Bogogno,22154,0,3,110.0,25.0,100.0,1309.0,0.0,0.0,0.0,0,8,54,0,0,0,7,15.342,,0
003,003022,Bolzano Novarese,1279,0,3,0.0,4.0,0.0,1140.0,0.0,0.105,0.004,0,5,14,1,0,0,3,26.105,,0
003,003023,Borgolavezzaro,2240,0,5,0.0,4.0,0.0,1997.0,0.0,0.0,0.027,0,5,47,1,0,0,1,34.889,,0
003,003024,Borgomanero,20090,0,3,111.0,52.0,38.74,21243.0,0.0,0.312,0.0,1,105,129,2,0,16,8,21.277,,0
003,003025,Borgo Ticino,5795,0,3,0.0,28.0,0.0,5167.0,0.0,0.0,2.285,0,2,46,1,0,6,4,12.032,,0
003,003026,Briga Novarese,3123,0,3,99.0,0.0,0.0,2785.0,0.0,0.0,0.0,1,8,32,1,0,1,0,23.689,,0
003,003027,Briona,1274,0,5,0.0,11.0,0.0,1136.0,0.0,0.0,0.0,0,4,36,0,1,2,3,20.339,,0
003,003030,Caltignaga,2784,0,5,15.0,2.0,0.0,2482.0,0.0,0.0,0.0,0,3,65,0,0,1,3,16.353,,0
003,003032,Cameri,22965,0,5,126.0,12.0,100.0,10730.0,0.0,0.294,8.202,0,6,58,1,0,2,22,13.695,,0
003,003036,Carpignano Sesia,2417,0,5,30.0,24.0,0.0,2467.0,0.0,0.0,0.0,1,8,42,0,0,3,1,25.794,,0
003,003037,Casalbeltrame,1134,0,5,0.0,0.0,0.0,1011.0,0.0,0.0,4.452,1,4,22,1,0,1,2,29.694,,0
003,003039,Casaleggio Novara,1005,0,5,0.0,2.0,0.0,896.0,0.0,1.579,0.0,0,1,29,0,0,0,1,23.533,,0
003,003040,Casalino,39026,0,5,142.0,30.0,100.0,1516.0,0.0,0.2,0.958,0,4,23,1,0,1,1,31.385,,0
003,003041,Casalvolone,967,0,5,0.0,0.0,0.0,862.0,0.0,0.0,0.0,0,2,19,1,0,0,3,32.434,,0
003,003042,Castellazzo Novarese,376,0,5,0.0,0.0,0.0,335.0,0.0,0.0,0.0,0,1,7,1,0,0,0,22.281,,0
003,003043,Castelletto sopra Ticino,141469,0,3,256.0,3013.0,65.62,9840.0,0.0,3.42,2.931,1,4,223,5,0,13,8,12.176,,0
003,003044,Cavaglietto,432,0,3,0.0,0.0,0.0,385.0,0.0,0.0,0.0,0,5,4,0,0,0,2,18.053,,0
003,003045,Cavaglio d'Agogna,1275,0,3,0.0,0.0,0.0,1137.0,0.0,0.0,0.348,0,3,11,0,0,1,1,19.774,,0
003,003047,Cavallirio,1427,0,3,0.0,9.0,0.0,1272.0,0.0,0.0,1.569,0,6,16,1,0,0,0,25.347,,0
003,003049,Cerano,289,0,5,46.0,4.0,0.0,6775.0,0.0,0.207,8.923,0,16,107,1,0,2,18,25.597,,0
003,003051,Colazza,607,0,3,0.0,0.0,0.0,541.0,0.0,0.0,0.0,0,2,9,4,0,1,0,25.635,,0
003,003052,Comignago,1402,0,3,0.0,0.0,0.0,1250.0,0.0,0.0,0.755,0,2,26,1,0,0,0,15.999,,0
003,003055,Cressa,1753,0,5,0.0,0.0,0.0,1563.0,0.0,0.0,0.0,1,0,14,0,0,2,3,16.958,,0
003,003058,Cureggio,2887,0,3,0.0,15.0,0.0,2574.0,0.0,0.0,0.131,1,5,37,0,0,2,1,21.496,,0
003,003060,Divignano,1621,0,3,0.0,0.0,0.0,1445.0,0.0,0.0,0.0,0,1,15,0,0,0,2,10.348,,0
003,003062,Dormelletto,218471,0,3,178.0,3730.0,0.0,2507.0,0.0,4.835,3.066,0,4,82,6,1,1,5,16.551,,0
003,003065,Fara Novarese,3439,0,3,20.0,12.0,0.0,2016.0,0.0,0.237,0.0,1,5,40,1,0,0,1,22.344,,0
003,003066,Fontaneto d'Agogna,2926,0,3,108.0,0.0,100.0,2609.0,0.0,0.087,4.928,0,2,30,0,0,1,0,20.093,,0
003,003068,Galliate,13758,0,5,0.0,376.0,0.0,15681.0,0.0,0.0,8.677,1,16,62,1,0,9,23,16.114,,0
003,003069,Garbagna Novarese,1581,0,5,0.0,0.0,0.0,1410.0,0.0,1.233,0.0,0,0,16,0,0,0,3,26.959,,0
003,003070,Gargallo,1978,0,3,0.0,0.0,0.0,1764.0,0.0,0.0,0.007,0,6,15,4,0,0,0,26.705,,0
003,003073,Ghemme,3827,0,3,0.0,22.0,0.0,3412.0,0.0,0.0,2.929,0,8,45,0,0,5,1,23.69,,0
003,003076,Gozzano,4712,0,3,104.0,38.0,0.0,5529.0,0.0,2.361,0.07,1,18,54,3,0,0,4,26.635,,0
003,003077,Granozzo con Monticello,1474,0,5,254.0,4.0,100.0,1314.0,0.0,0.0,0.0,0,1,41,1,0,1,2,30.909,,0
003,003079,Grignasco,1757,0,3,20.0,18.0,0.0,4319.0,0.0,0.0,6.552,0,4,21,6,0,1,1,30.402,,0
003,003082,Invorio,1313,0,3,8.0,30.0,0.0,4277.0,0.0,0.0,0.0,0,23,42,13,0,0,7,23.772,,0
003,003083,Landiona,591,0,5,0.0,0.0,0.0,527.0,0.0,0.0,0.0,0,2,4,0,0,1,0,28.122,,0
003,003084,Lesa,53718,0,3,116.0,657.0,0.0,2153.0,0.0,5.664,0.0,1,12,107,8,0,0,6,25.042,,0
003,003088,Maggiora,1831,0,3,0.0,10.0,0.0,1633.0,0.0,0.0,0.151,0,4,26,1,0,0,0,25.547,,0
003,003090,Mandello Vitta,237,0,5,0.0,0.0,0.0,211.0,0.0,0.0,0.0,0,2,8,0,0,0,0,25.058,,0
003,003091,Marano Ticino,1768,0,3,0.0,12.0,0.0,1576.0,0.0,2.009,2.095,0,3,17,0,0,2,5,7.407,,0
003,003093,Massino Visconti,9431,0,1,106.0,17.0,0.0,1102.0,0.0,0.0,0.0,0,15,51,9,0,0,0,26.636,,0
003,003095,Meina,26733,0,3,224.0,46.0,64.73,2355.0,0.0,3.2,0.0,1,13,104,3,0,1,7,23.104,,0
003,003097,Mezzomerico,1363,0,3,0.0,6.0,0.0,1215.0,0.0,0.0,0.0,0,9,16,0,0,0,1,9.795,,0
003,003098,Miasino,1766,0,1,15.0,32.0,0.0,810.0,0.0,1.194,0.0,0,28,21,3,1,0,1,29.941,,0
003,003100,Momo,1569,0,5,35.0,17.0,0.0,2397.0,0.0,0.0,0.0,0,11,42,0,0,0,7,14.223,,0
003,003103,Nebbiuno,6589,0,3,163.0,16.0,49.69,1841.0,0.0,0.0,0.0,0,12,78,9,0,2,4,25.662,,0
003,003104,Nibbiola,927,0,5,0.0,0.0,0.0,827.0,0.0,0.0,0.0,0,1,10,0,0,0,0,29.591,,0
003,003106,Novara,162508,0,5,1064.0,235.0,60.53,102187.0,0.0,1.559,0.547,7,36,176,3,0,53,350,22.882,,0
003,003108,Oleggio,42026,0,3,205.0,54.0,31.22,14210.0,0.0,0.166,11.239,2,26,111,3,0,1,8,7.196,,0
003,003109,Oleggio Castello,33086,0,3,230.0,21.0,100.0,2208.0,0.0,0.0,0.656,0,4,42,2,0,1,3,19.844,,0
003,003112,Orta San Giulio,135361,0,1,624.0,1235.0,29.81,1114.0,0.0,8.482,0.42,0,83,32,9,0,7,4,29.989,,0
003,003114,Paruzzaro,547,0,3,0.0,44.0,0.0,2148.0,0.0,0.0,0.0,0,3,46,1,0,1,3,21.201,,0
003,003115,Pella,5061,0,1,44.0,209.0,50.0,870.0,0.0,6.863,0.0,0,10,22,3,0,0,2,33.169,,0
003,003116,Pettenasco,108132,0,1,387.0,1222.0,72.35,1305.0,0.0,5.237,0.0,2,4,35,5,0,1,3,33.281,,0
003,003119,Pisano,890,0,3,0.0,4.0,0.0,794.0,0.0,0.0,0.0,0,1,21,3,0,2,1,24.908,,0
003,003120,Pogno,1517,0,1,0.0,11.0,0.0,1353.0,0.0,0.128,0.018,0,27,8,1,0,0,1,30.643,,0
003,003121,Pombia,1760,0,3,0.0,247.0,0.0,2120.0,0.0,0.0,6.851,0,2,36,1,1,0,3,6.427,,0
003,003122,Prato Sesia,2052,0,3,0.0,12.0,0.0,1830.0,0.0,0.0,3.747,0,1,17,1,0,0,2,27.963,,0
003,003129,Recetto,1119,0,5,0.0,12.0,0.0,998.0,0.0,0.663,0.0,0,1,26,0,0,0,0,30.094,,0
003,003130,Romagnano Sesia,3955,0,3,22.0,26.0,0.0,3702.0,0.0,0.0,3.358,1,2,27,2,0,2,2,25.392,,0
003,003131,Romentino,2402,0,5,0.0,22.0,0.0,5616.0,0.0,2.32,4.426,0,8,51,1,0,1,9,18.528,,0
003,003133,San Maurizio d'Opaglio,2783,0,1,16.0,22.0,0.0,2992.0,0.0,4.036,0.0,1,8,28,4,0,0,0,30.542,,0
003,003134,San Nazzaro Sesia,787,0,5,0.0,0.0,0.0,702.0,0.0,0.0,0.421,1,2,34,2,0,0,1,32.792,,0
003,003135,San Pietro Mosezzo,2225,0,5,0.0,0.0,0.0,1984.0,0.0,0.445,0.005,0,3,35,0,0,4,6,22.959,,0
003,003138,Sillavengo,611,0,5,24.0,8.0,100.0,545.0,0.0,0.0,0.0,0,6,14,0,0,1,2,25.754,,0
003,003139,Sizzano,1535,0,3,0.0,5.0,0.0,1369.0,0.0,0.0,0.042,0,6,20,0,0,0,4,22.77,,0
003,003140,Soriso,459,0,3,13.0,17.0,0.0,719.0,0.0,0.0,0.154,0,13,12,3,0,0,1,28.113,,0
003,003141,Sozzago,1245,0,5,0.0,0.0,0.0,1110.0,0.0,0.0,0.066,0,0,42,1,0,1,9,25.999,,0
003,003143,Suno,3001,0,5,0.0,40.0,0.0,2676.0,0.0,0.0,0.0,1,5,32,0,0,0,4,13.959,,0
003,003144,Terdobbiate,504,0,5,0.0,0.0,0.0,449.0,0.0,0.0,0.018,0,1,11,0,0,0,2,28.354,,0
003,003146,Tornaco,956,0,5,0.0,27.0,0.0,852.0,0.0,0.212,0.096,1,1,29,0,0,0,3,30.811,,0
003,003149,Trecate,2143,0,5,19.0,34.0,0.0,20839.0,0.0,2.414,2.946,0,9,125,0,0,10,27,21.966,,0
003,003153,Vaprio d'Agogna,1077,0,5,0.0,21.0,0.0,960.0,0.0,0.0,0.0,0,1,20,0,0,0,1,13.589,,0
003,003154,Varallo Pombia,21992,0,3,133.0,18.0,88.72,4971.0,0.0,0.954,4.979,4,6,55,0,0,3,3,7.826,,0
003,003158,Vespolate,2278,0,5,0.0,0.0,0.0,2031.0,0.0,0.725,0.0,0,2,14,1,0,0,1,31.926,,0
003,003159,Vicolungo,4145,0,5,0.0,56.0,0.0,854.0,0.0,0.0,0.0,0,2,28,0,1,4,2,26.989,,0
003,003164,Vinzaglio,585,0,5,24.0,0.0,0.0,522.0,0.0,0.0,0.0,0,4,7,0,0,0,2,37.685,,0
003,003166,Gattico-Veruno,12370,0,3,76.0,78.0,0.0,5250.0,0.0,0.0,0.112,1,24,83,0,0,3,8,17.565,,0
004,004001,Acceglio,19890,0,1,196.0,381.0,0.0,159.0,0.0,0.806,0.0,2,3,7,82,0,6,7,53.841,,0
004,004002,Aisone,120,0,1,0.0,154.0,0.0,213.0,0.0,0.0,14.964,0,0,12,8,0,2,11,43.022,,0
004,004003,Alba,190188,0,3,683.0,1300.0,57.83,31146.0,0.0,0.0,0.0,4,6,108,3,0,12,189,35.928,,0
004,004004,Albaretto della Torre,3971,0,3,0.0,38.0,0.0,215.0,0.0,0.0,0.0,0,0,2,0,0,0,0,35.356,,0
004,004005,Alto,85,0,1,0.0,0.0,0.0,151.0,0.0,0.034,0.259,0,1,2,4,0,1,0,55.919,,0
004,004006,Argentera,3217,0,1,24.0,399.0,0.0,80.0,0.0,1.565,0.0,1,1,26,25,0,0,3,56.747,,0
004,004007,Arguello,110,0,3,0.0,0.0,0.0,195.0,0.0,0.0,0.0,0,0,1,0,0,0,0,38.188,,0
004,004008,Bagnasco,541,0,1,0.0,0.0,0.0,961.0,0.0,0.0,0.0,0,1,2,3,0,0,2,44.067,,0
004,004009,Bagnolo Piemonte,5117,0,3,34.0,145.0,0.0,5818.0,0.0,0.0,0.0,0,2,32,3,0,4,0,37.065,,0
004,004010,Baldissero d'Alba,598,0,3,0.0,8.0,0.0,1061.0,0.0,0.463,0.0,0,1,3,1,0,0,2,32.164,,0
004,004011,Barbaresco,15413,0,3,52.0,142.0,0.0,607.0,0.0,0.0,0.0,0,1,3,1,0,1,3,40.821,,0
004,004012,Barge,4576,0,3,75.0,88.0,100.0,7412.0,0.0,0.173,0.0,1,3,18,14,0,1,1,29.613,,0
004,004013,Barolo,33106,0,3,150.0,334.0,0.0,618.0,0.0,0.0,0.0,2,3,5,7,0,3,14,26.435,,0
004,004014,Bastia Mondovì,6354,0,3,0.0,545.0,0.0,627.0,0.0,0.0,0.0,0,0,7,1,0,0,0,24.728,,0
004,004015,Battifollo,121,0,1,0.0,0.0,0.0,215.0,0.0,0.0,0.0,0,1,1,0,0,0,0,39.958,,0
004,004016,Beinette,1661,0,5,20.0,12.0,0.0,3498.0,0.0,0.227,0.0,1,1,8,1,0,1,16,19.881,,0
004,004017,Bellino,1589,0,1,0.0,191.0,0.0,96.0,0.0,0.707,0.0,1,1,0,19,0,0,3,50.867,,0
004,004018,Belvedere Langhe,1389,0,3,0.0,37.0,0.0,346.0,0.0,0.0,0.0,0,0,5,0,0,1,0,28.836,,0
004,004019,Bene Vagienna,4076,0,5,20.0,76.0,0.0,3657.0,0.0,0.0,4.368,2,2,15,1,0,5,0,16.199,,0
004,004020,Benevello,12808,0,3,77.0,28.0,100.0,453.0,0.0,0.0,0.0,0,0,0,0,0,0,0,38.828,,0
004,004021,Bergolo,30,0,3,18.0,2.0,0.0,53.0,0.0,0.0,0.0,0,0,4,3,0,2,0,44.074,,0
004,004022,Bernezzo,451,0,1,0.0,11.0,0.0,4244.0,0.0,0.0,0.0,0,8,9,6,0,3,15,23.975,,0
004,004023,Bonvicino,1361,0,3,0.0,72.0,0.0,98.0,0.0,0.0,0.0,0,0,1,0,0,0,0,31.631,,0
004,004024,Borgomale,9366,0,3,60.0,60.0,0.0,369.0,0.0,0.0,0.0,0,1,1,1,0,2,0,40.678,,0
004,004025,Borgo San Dalmazzo,5275,0,1,49.0,66.0,0.0,12563.0,0.0,0.0,0.0,2,4,24,4,0,4,38,27.008,,0
004,004026,Bosia,752,0,3,0.0,40.0,0.0,170.0,0.0,0.0,0.0,0,0,1,0,0,1,0,41.623,,0
004,004027,Bossolasco,2264,0,3,64.0,93.0,0.0,652.0,0.0,0.0,0.0,0,0,5,1,0,1,0,34.151,,0
004,004028,Boves,7316,0,1,87.0,71.0,0.0,9653.0,0.0,0.0,0.0,2,6,39,13,0,3,2,27.109,,0
004,004029,Bra,74331,0,5,527.0,165.0,68.31,29730.0,0.0,0.56,0.0,7,6,138,0,0,3,45,23.937,,0
004,004030,Briaglia,770,0,3,12.0,27.0,0.0,310.0,0.0,0.0,0.0,0,0,1,0,0,0,0,25.811,,0
004,004031,Briga Alta,1236,0,1,0.0,167.0,0.0,41.0,0.0,0.045,36.486,0,1,5,23,0,1,0,46.007,,0
004,004032,Brondello,149,0,3,0.0,10.0,0.0,264.0,0.0,0.0,0.0,0,1,2,4,0,0,0,18.577,,0
004,004033,Brossasco,558,0,1,0.0,2.0,0.0,991.0,0.0,0.0,0.0,0,1,2,9,0,2,9,23.697,,0
004,004034,Busca,6867,0,5,58.0,201.0,0.0,10143.0,0.0,0.0,0.0,1,4,40,11,0,11,26,14.347,,0
004,004035,Camerana,418,0,3,0.0,72.0,0.0,555.0,0.0,0.0,1.697,0,0,5,2,0,1,0,42.958,,0
004,004037,Canale,14229,0,3,78.0,128.0,74.36,5492.0,0.0,0.0,0.0,0,1,11,3,0,7,43,41.336,,0
004,004038,Canosio,3999,0,1,0.0,404.0,0.0,76.0,0.0,0.0,0.0,0,0,2,14,0,1,1,47.345,,0
004,004039,Caprauna,47,0,1,0.0,36.0,0.0,83.0,0.0,0.0,0.0,1,0,1,5,0,0,0,54.227,,0
004,004040,Caraglio,1353,0,5,80.0,51.0,0.0,6773.0,0.0,0.0,0.0,1,7,16,5,0,10,17,19.709,,0
004,004041,Caramagna Piemonte,1698,0,5,47.0,0.0,0.0,3015.0,0.0,0.0,3.535,0,0,6,1,0,1,10,27.845,,0
004,004042,Cardè,638,0,5,0.0,0.0,0.0,1132.0,0.0,0.0,0.0,0,1,2,1,0,0,0,24.453,,0
004,004043,Carrù,4073,0,5,24.0,90.0,0.0,4411.0,0.0,0.0,0.0,0,2,20,0,0,3,4,19.834,,0
004,004044,Cartignano,226,0,1,0.0,32.0,0.0,164.0,0.0,0.0,0.0,0,1,0,2,0,2,4,27.604,,0
004,004045,Casalgrasso,810,0,5,20.0,0.0,0.0,1438.0,0.0,0.503,0.615,0,2,20,0,0,0,2,29.935,,0
004,004046,Castagnito,16975,0,3,170.0,74.0,0.0,2240.0,0.0,0.0,0.0,0,0,3,2,0,2,7,40.96,,0
004,004047,Casteldelfino,814,0,1,0.0,45.0,0.0,139.0,0.0,0.408,13.724,3,1,4,10,0,1,10,42.667,,0
004,004049,Castelletto Stura,774,0,5,0.0,9.0,0.0,1374.0,0.0,0.0,0.0,0,1,6,1,0,0,2,12.917,,0
004,004050,Castelletto Uzzone,1944,0,3,0.0,39.0,0.0,292.0,0.0,0.0,0.0,0,0,10,1,0,0,0,45.477,,0
004,004051,Castellinaldo d'Alba,4642,0,3,0.0,75.0,0.0,893.0,0.0,0.0,0.0,0,1,2,1,0,0,11,41.275,,0
004,004052,Castellino Tanaro,151,0,3,0.0,14.0,0.0,269.0,0.0,0.0,0.0,0,0,1,3,0,0,1,31.981,,0
004,004053,Castelmagno,1137,0,1,0.0,204.0,0.0,55.0,0.0,0.0,0.0,1,2,1,27,0,0,0,37.745,,0
004,004054,Castelnuovo di Ceva,59,0,1,0.0,0.0,0.0,104.0,0.0,0.0,0.263,0,1,1,2,0,0,0,46.107,,0
004,004055,Castiglione Falletto,11846,0,3,16.0,148.0,0.0,654.0,0.0,0.0,0.0,0,1,5,2,0,1,28,29.312,,0
004,004056,Castiglione Tinella,3888,0,3,24.0,42.0,0.0,751.0,0.0,0.0,0.0,0,0,6,7,0,0,0,49.531,,0
004,004057,Castino,365,0,3,0.0,28.0,0.0,441.0,0.0,0.0,0.0,0,1,1,1,0,2,0,43.587,,0
004,004058,Cavallerleone,379,0,5,0.0,2.0,0.0,673.0,0.0,0.0,0.0,0,2,2,0,0,0,0,20.96,,0
004,004059,Cavallermaggiore,3009,0,5,0.0,6.0,0.0,5343.0,0.0,1.693,0.0,0,0,23,0,1,5,5,18.865,,0
004,004060,Celle di Macra,911,0,1,0.0,78.0,0.0,89.0,0.0,0.0,0.0,2,0,1,16,0,0,0,36.874,,0
004,004061,Centallo,1791,0,5,0.0,20.0,0.0,6937.0,0.0,0.0,0.0,0,2,20,1,0,4,7,6.985,,0
004,004062,Ceresole Alba,215,0,3,0.0,28.0,0.0,1997.0,0.0,3.762,0.0,2,1,9,7,0,3,2,33.796,,0
004,004063,Cerretto Langhe,15341,0,3,78.0,52.0,100.0,387.0,0.0,0.0,0.0,0,0,3,1,0,1,0,36.292,,0
004,004064,Cervasca,2673,0,1,0.0,48.0,0.0,5165.0,0.0,0.0,0.0,0,0,18,1,0,5,30,21.163,,0
004,004065,Cervere,1274,0,5,0.0,0.0,0.0,2262.0,0.0,0.0,0.0,0,0,5,1,0,0,3,14.772,,0
004,004066,Ceva,11149,0,3,87.0,29.0,0.0,5884.0,0.0,0.0,0.0,0,2,10,0,0,0,6,37.33,,0
004,004067,Cherasco,58425,0,5,318.0,221.0,27.67,9552.0,0.0,0.0,0.0,3,12,39,1,0,1,15,19.899,,0
004,004068,Chiusa di Pesio,17291,0,1,112.0,879.0,0.0,3667.0,0.0,0.128,41.744,2,0,23,29,0,6,38,32.15,,0
004,004069,Cigliè,107,0,3,0.0,17.0,0.0,190.0,0.0,0.0,0.0,0,0,1,0,0,0,0,27.134,,0
004,004070,Cissone,1446,0,3,0.0,52.0,0.0,78.0,0.0,0.0,0.0,0,0,4,1,0,0,0,32.319,,0
004,004071,Clavesana,2295,0,3,0.0,82.0,0.0,793.0,0.0,0.0,0.0,1,0,10,0,0,1,0,25.166,,0
004,004072,Corneliano d'Alba,1719,0,3,0.0,38.0,0.0,2139.0,0.0,0.0,0.0,0,1,8,1,0,2,4,34.13,,0
004,004073,Cortemilia,8382,0,3,49.0,145.0,51.02,2149.0,0.0,0.0,0.0,1,0,9,2,0,4,0,45.23,,0
004,004074,Cossano Belbo,4119,0,3,0.0,63.0,0.0,868.0,0.0,0.0,0.0,0,0,9,3,0,2,0,47.158,,0
004,004075,Costigliole Saluzzo,1868,0,3,53.0,6.0,100.0,3317.0,0.0,0.0,0.0,0,3,9,2,0,1,7,10.616,,0
004,004076,Cravanzana,3768,0,3,23.0,64.0,0.0,351.0,0.0,0.0,0.0,0,1,0,0,0,1,2,39.711,,0
004,004077,Crissolo,7193,0,1,89.0,375.0,0.0,148.0,0.0,4.991,23.759,0,2,25,36,0,4,1,42.948,,0
004,004078,Cuneo,132502,0,5,569.0,788.0,32.34,55914.0,0.0,0.337,0.011,3,75,185,12,1,31,398,15.588,,0
004,004079,Demonte,5102,0,1,57.0,617.0,0.0,1858.0,0.0,0.705,0.179,0,5,32,29,0,1,18,38.106,,0
004,004080,Diano d'Alba,7771,0,3,36.0,161.0,0.0,3562.0,0.0,0.0,0.0,0,0,18,1,0,0,37,33.893,,0
004,004081,Dogliani,14543,0,3,146.0,236.0,63.01,4587.0,0.0,0.0,0.0,1,3,51,2,0,9,10,26.566,,0
004,004082,Dronero,6618,0,1,107.0,150.0,0.0,7022.0,0.0,0.0,0.0,1,6,18,15,0,13,23,25.441,,0
004,004083,Elva,1731,0,1,58.0,83.0,79.31,78.0,0.0,0.0,0.0,1,2,2,11,0,0,0,43.264,,0
004,004084,Entracque,42759,0,1,147.0,1217.0,0.0,760.0,0.0,1.595,131.526,1,8,58,51,0,2,2,44.249,,0
004,004085,Envie,348,0,3,0.0,15.0,0.0,1942.0,0.0,0.0,0.0,0,0,1,3,0,0,0,25.283,,0
004,004086,Farigliano,4435,0,3,0.0,148.0,0.0,1699.0,0.0,0.0,0.0,0,1,17,0,0,4,2,24.24,,0
004,004087,Faule,276,0,5,0.0,0.0,0.0,490.0,0.0,0.0,0.91,0,1,7,3,0,0,1,27.988,,0
004,004088,Feisoglio,168,0,3,0.0,13.0,0.0,298.0,0.0,0.0,0.0,0,1,2,1,0,0,0,38.219,,0
004,004089,Fossano,34689,0,5,364.0,139.0,17.03,24190.0,0.0,0.601,0.0,1,4,123,6,0,9,37,5.613,,0
004,004090,Frabosa Soprana,25098,0,1,333.0,279.0,0.0,746.0,0.0,0.0,6.125,2,0,41,11,0,2,8,36.127,,0
004,004091,Frabosa Sottana,73540,0,1,572.0,1448.0,0.0,1610.0,0.0,0.112,0.013,1,0,113,17,0,3,24,32.02,,0
004,004092,Frassino,1782,0,1,12.0,321.0,0.0,257.0,0.0,0.0,0.0,0,0,6,9,0,0,12,28.261,,0
004,004093,Gaiola,3726,0,1,0.0,116.0,0.0,582.0,0.0,0.0,0.0,0,1,2,3,0,0,5,29.338,,0
004,004094,Gambasca,197,0,3,0.0,0.0,0.0,350.0,0.0,0.0,0.0,0,0,0,0,0,0,0,24.128,,0
004,004095,Garessio,1783,0,1,52.0,126.0,0.0,2834.0,0.0,0.0,0.161,0,4,28,49,0,8,4,48.68,,0
004,004096,Genola,1444,0,5,0.0,0.0,0.0,2564.0,0.0,0.0,0.0,0,1,12,1,0,1,0,5.822,,0
004,004097,Gorzegno,807,0,3,0.0,22.0,0.0,249.0,0.0,0.0,0.0,0,0,0,1,0,1,0,39.701,,0
004,004098,Gottasecca,72,0,3,0.0,11.0,0.0,128.0,0.0,0.389,0.0,0,0,3,2,0,0,0,45.091,,0
004,004099,Govone,6257,0,3,34.0,84.0,0.0,2235.0,0.0,0.0,0.0,0,1,3,1,0,0,0,47.071,,0
004,004100,Grinzane Cavour,1322,0,3,23.0,10.0,100.0,1956.0,0.0,0.0,0.0,1,1,5,1,0,2,33,32.033,,0
004,004101,Guarene,23900,0,3,77.0,184.0,31.17,3546.0,0.0,0.0,0.0,1,1,7,2,0,1,17,38.738,,0
004,004102,Igliano,37,0,3,20.0,15.0,100.0,66.0,0.0,0.0,0.0,0,1,1,3,0,0,0,33.357,,0
004,004103,Isasca,39,0,1,0.0,9.0,0.0,70.0,0.0,0.0,0.0,0,0,0,0,0,0,0,20.638,,0
004,004104,Lagnasco,245,0,5,0.0,21.0,0.0,1406.0,0.0,0.0,0.0,0,2,8,1,0,0,1,10.761,,0
004,004105,La Morra,54772,0,3,115.0,739.0,100.0,2639.0,0.0,0.0,0.0,0,0,25,9,0,2,4,26.923,,0
004,004106,Lequio Berria,937,0,3,24.0,18.0,0.0,435.0,0.0,0.0,0.0,0,0,0,0,0,1,0,38.559,,0
004,004107,Lequio Tanaro,399,0,5,0.0,14.0,0.0,708.0,0.0,0.0,1.873,0,0,3,1,0,1,3,20.686,,0
004,004108,Lesegno,475,0,3,0.0,12.0,0.0,844.0,0.0,0.0,0.0,0,1,2,1,0,0,4,31.919,,0
004,004109,Levice,135,0,3,0.0,29.0,0.0,194.0,0.0,0.0,0.0,0,0,5,0,0,0,0,42.48,,0
004,004110,Limone Piemonte,56502,0,1,460.0,780.0,22.61,1342.0,0.0,0.713,0.185,1,1,92,37,0,7,9,40.306,,0
004,004111,Lisio,108,0,1,0.0,3.0,0.0,191.0,0.0,0.0,0.0,0,1,3,1,0,0,6,39.275,,0
004,004112,Macra,1280,0,1,24.0,48.0,0.0,45.0,0.0,0.0,0.0,0,0,0,14,0,0,4,36.029,,0
004,004113,Magliano Alfieri,3645,0,3,0.0,76.0,0.0,2153.0,0.0,0.111,0.0,1,2,5,1,0,2,0,43.411,,0
004,004114,Magliano Alpi,2216,0,5,21.0,16.0,0.0,2161.0,0.0,0.0,0.0,0,1,18,3,0,1,11,25.817,,0
004,004115,Mango,5973,0,3,0.0,130.0,0.0,1256.0,0.0,0.0,0.0,0,3,2,1,0,1,1,44.614,,0
004,004116,Manta,819,0,3,54.0,40.0,0.0,3777.0,0.0,0.0,0.0,0,1,14,0,0,1,2,11.915,,0
004,004117,Marene,1886,0,5,44.0,0.0,0.0,3348.0,0.0,0.0,0.0,0,2,11,0,0,0,0,15.078,,0
004,004118,Margarita,795,0,5,0.0,0.0,0.0,1412.0,0.0,0.0,0.0,0,5,7,0,0,0,19,16.824,,0
004,004119,Marmora,18155,0,1,136.0,193.0,0.0,58.0,0.0,0.0,0.0,0,0,0,11,0,0,1,42.224,,0
004,004120,Marsaglia,123,0,3,0.0,32.0,0.0,219.0,0.0,0.0,0.0,0,0,1,6,0,0,0,30.633,,0
004,004121,Martiniana Po,440,0,3,0.0,4.0,0.0,781.0,0.0,0.0,0.0,1,0,1,2,0,0,0,22.014,,0
004,004122,Melle,2815,0,1,35.0,125.0,0.0,299.0,0.0,0.0,0.0,0,1,1,4,0,1,8,24.91,,0
004,004123,Moiola,123,0,1,0.0,9.0,0.0,219.0,0.0,0.0,0.092,0,2,6,7,0,2,8,32.087,,0
004,004124,Mombarcaro,3771,0,3,0.0,86.0,0.0,268.0,0.0,0.0,0.0,0,0,7,0,0,0,1,37.434,,0
004,004125,Mombasiglio,963,0,3,0.0,41.0,0.0,587.0,0.0,0.0,0.0,1,1,5,2,0,0,0,34.449,,0
004,004126,Monastero di Vasco,715,0,3,0.0,8.0,0.0,1269.0,0.0,0.0,0.0,0,0,5,0,0,0,1,28.191,,0
004,004127,Monasterolo Casotto,46,0,1,0.0,0.0,0.0,81.0,0.0,0.0,0.0,0,2,3,0,0,0,0,36.155,,0
004,004128,Monasterolo di Savigliano,745,0,5,0.0,0.0,0.0,1323.0,0.0,0.0,0.0,0,1,5,0,0,0,0,15.003,,0
004,004129,Monchiero,781,0,3,0.0,26.0,0.0,574.0,0.0,0.0,0.0,0,0,5,0,0,1,14,23.819,,0
004,004130,Mondovì,45454,0,3,294.0,328.0,63.27,22011.0,0.0,0.036,0.701,4,4,162,1,0,8,331,21.609,,0
004,004131,Monesiglio,430,0,3,0.0,37.0,0.0,575.0,0.0,0.0,0.0,0,0,5,1,0,1,1,40.782,,0
004,004132,Monforte d'Alba,50491,0,3,123.0,537.0,82.11,1919.0,0.0,0.0,0.0,1,1,12,10,0,4,40,27.962,Vineyard Landscape of Piedmont: Langhe-Roero and Monferrato,1
004,004133,Montà,4238,0,3,35.0,66.0,0.0,4681.0,0.0,0.461,0.0,0,1,14,10,1,4,29,40.296,,0
004,004134,Montaldo di Mondovì,259,0,1,64.0,16.0,0.0,535.0,0.0,0.0,0.0,0,2,15,4,0,0,1,33.117,,0
004,004135,Montaldo Roero,1434,0,3,0.0,34.0,0.0,873.0,0.0,0.225,0.0,0,1,4,2,0,1,4,34.017,,0
004,004136,Montanera,402,0,5,0.0,2.0,0.0,713.0,0.0,0.0,0.0,0,0,1,2,0,0,0,10.733,,0
004,004137,Montelupo Albese,11810,0,3,58.0,93.0,100.0,474.0,0.0,0.0,0.0,0,0,1,2,0,1,2,33.802,,0
004,004138,Montemale di Cuneo,131,0,1,0.0,25.0,0.0,233.0,0.0,0.0,0.0,0,1,2,4,0,1,0,24.133,,0
004,004139,Monterosso Grana,710,0,1,16.0,205.0,0.0,532.0,0.0,0.0,0.0,2,17,2,15,0,0,0,31.035,,0
004,004140,Monteu Roero,5931,0,3,0.0,107.0,0.0,1604.0,0.0,1.313,0.0,0,2,5,10,1,1,21,35.572,,0
004,004141,Montezemolo,125,0,1,0.0,16.0,0.0,222.0,0.0,0.0,2.476,0,1,2,4,0,0,0,44.68,,0
004,004142,Monticello d'Alba,1755,0,3,21.0,57.0,0.0,2349.0,0.0,0.217,0.0,1,4,3,3,0,1,5,31.604,,0
004,004143,Moretta,2300,0,5,0.0,15.0,0.0,4083.0,0.0,0.0,0.0,0,2,47,0,0,0,7,25.142,,0
004,004144,Morozzo,1131,0,5,0.0,0.0,0.0,2008.0,0.0,0.0,0.386,0,4,12,1,0,1,10,14.1,,0
004,004145,Murazzano,2014,0,3,0.0,36.0,0.0,849.0,0.0,0.0,0.0,0,0,3,1,0,0,0,32.116,,0
004,004146,Murello,523,0,5,0.0,0.0,0.0,928.0,0.0,0.0,0.0,0,6,2,0,0,0,1,23.138,,0
004,004147,Narzole,11531,0,5,138.0,103.0,57.97,3486.0,0.0,0.198,0.017,0,0,6,2,0,2,2,20.617,,0
004,004148,Neive,19349,0,3,40.0,282.0,0.0,3236.0,0.0,0.0,0.0,1,2,27,9,0,2,4,43.964,,0
004,004149,Neviglie,3308,0,3,25.0,73.0,0.0,358.0,0.0,0.0,0.0,0,0,6,2,0,0,0,42.538,,0
004,004150,Niella Belbo,478,0,3,0.0,36.0,0.0,325.0,0.0,0.0,0.0,0,0,2,1,0,0,0,36.655,,0
004,004151,Niella Tanaro,526,0,3,0.0,45.0,0.0,934.0,0.0,0.0,0.0,0,1,4,0,0,0,0,28.314,,0
004,004152,Novello,5629,0,3,60.0,86.0,0.0,942.0,0.0,0.0,0.0,0,1,4,0,0,2,15,24.126,,0
004,004153,Nucetto,213,0,1,0.0,12.0,0.0,378.0,0.0,0.0,0.0,0,1,3,0,0,1,2,41.454,,0
004,004154,Oncino,48,0,1,0.0,41.0,0.0,86.0,0.0,2.68,24.177,0,0,1,21,0,0,0,38.274,,0
004,004155,Ormea,11542,0,1,297.0,246.0,0.0,1471.0,0.0,0.308,1.542,2,20,11,67,0,7,11,47.655,,0
004,004156,Ostana,7729,0,1,0.0,127.0,0.0,89.0,0.0,0.0,4.44,0,0,1,3,0,0,0,38.435,,0
004,004157,Paesana,5022,0,1,66.0,204.0,0.0,2613.0,0.0,0.0,0.829,0,1,18,20,0,2,2,32.826,,0
004,004158,Pagno,327,0,3,0.0,17.0,0.0,581.0,0.0,0.0,0.0,0,0,2,7,0,0,1,16.762,,0
004,004159,Pamparato,1747,0,1,49.0,92.0,0.0,252.0,0.0,0.0,0.051,1,4,9,6,0,1,0,39.635,,0
004,004160,Paroldo,1669,0,3,0.0,84.0,0.0,178.0,0.0,0.0,0.0,0,1,2,3,0,0,0,37.882,,0
004,004161,Perletto,142,0,3,0.0,18.0,0.0,253.0,0.0,0.0,0.0,0,0,1,1,0,0,0,47.472,,0
004,004162,Perlo,60,0,1,0.0,0.0,0.0,106.0,0.0,0.0,0.0,0,0,0,2,0,0,0,44.843,,0
004,004163,Peveragno,12774,0,1,17.0,470.0,0.0,5498.0,0.0,0.0,0.0,0,19,22,15,0,7,14,26.293,,0
004,004164,Pezzolo Valle Uzzone,569,0,3,0.0,18.0,0.0,298.0,0.0,0.0,0.009,0,0,4,1,0,0,0,47.104,,0
004,004165,Pianfei,9241,0,3,180.0,18.0,100.0,2094.0,0.0,0.0,0.0,0,1,6,4,0,0,27,20.577,,0
004,004166,Piasco,1556,0,3,0.0,6.0,0.0,2762.0,0.0,0.0,0.0,1,1,3,4,0,0,1,14.114,,0
008,008067,Villa Faraldi,4619,0,3,0.0,62.0,0.0,447.0,0.0,0.0,3.072,1,2,4,1,0,0,0,73.877,,0
008,008068,Montalto Carpasio,2281,0,1,28.0,37.0,0.0,518.0,0.0,0.0,24.715,2,1,3,6,0,1,10,69.21,,0
009,009001,Alassio,797863,0,4,4125.0,2477.0,31.01,10051.0,5.108,0.0,0.088,0,5,70,15,0,9,14,69.983,,0
009,009002,Albenga,539646,0,4,282.0,8937.0,0.0,23575.0,6.334,1.438,4.777,9,5,79,20,0,16,19,65.315,,0
009,009003,Albissola Marina,37409,0,4,197.0,42.0,54.31,5153.0,1.577,0.0,0.095,4,38,48,0,0,7,9,29.281,,0
009,009004,Albisola Superiore,19445,0,4,83.0,509.0,0.0,9597.0,0.263,0.0,0.0,3,145,71,13,0,5,39,30.26,,0
009,009005,Altare,1042,0,1,10.0,25.0,0.0,1920.0,0.0,0.0,0.0,1,6,4,1,0,5,11,41.782,,0
009,009006,Andora,179097,0,4,875.0,904.0,10.97,7262.0,3.452,0.0,0.805,2,37,171,3,1,19,19,74.537,,0
009,009007,Arnasco,832,0,3,0.0,41.0,0.0,554.0,0.0,0.0,0.871,1,1,6,1,0,0,0,64.63,,0
009,009008,Balestrino,896,0,3,40.0,14.0,0.0,526.0,0.0,0.0,3.29,0,1,4,0,0,0,0,62.69,,0
009,009009,Bardineto,4377,0,1,143.0,24.0,0.0,752.0,0.0,0.049,17.649,0,0,6,12,0,2,0,57.291,,0
009,009010,Bergeggi,29333,0,4,91.0,331.0,0.0,1046.0,5.027,0.0,1.66,0,2,24,6,0,4,3,37.059,,0
009,009011,Boissano,1472,0,4,0.0,38.0,0.0,2529.0,0.0,0.0,1.938,1,1,19,4,0,1,1,58.506,,0
009,009012,Borghetto Santo Spirito,35351,0,4,51.0,666.0,0.0,4603.0,1.236,0.0,1.829,0,2,18,2,0,1,8,59.056,,0
009,009013,Borgio Verezzi,117167,0,4,410.0,888.0,0.0,2098.0,1.825,0.0,0.008,1,1,21,1,0,6,11,50.932,,0
009,009014,Bormida,101,0,1,5.0,4.0,0.0,327.0,0.0,0.366,4.814,0,0,2,8,0,0,0,51.318,,0
009,009015,Cairo Montenotte,20267,0,1,108.0,88.0,0.0,12767.0,0.0,0.0,33.732,1,26,57,13,0,6,9,42.308,,0
009,009016,Calice Ligure,7492,0,1,0.0,118.0,0.0,1697.0,0.0,0.0,0.0,1,0,15,4,0,2,7,48.685,,0
009,009017,Calizzano,12676,0,1,131.0,363.0,0.0,1434.0,0.0,0.0,25.8,0,2,6,21,0,2,0,52.614,,0
009,009018,Carcare,5256,0,1,16.0,50.0,0.0,5291.0,0.0,0.0,0.0,0,0,20,2,0,7,0,44.533,,0
009,009019,Casanova Lerrone,5889,0,3,0.0,104.0,0.0,740.0,0.0,0.0,0.0,0,2,3,1,0,1,0,66.008,,0
009,009020,Castelbianco,5830,0,1,60.0,59.0,0.0,324.0,0.0,0.0,10.483,0,4,2,5,0,1,5,60.334,,0
009,009021,Castelvecchio di Rocca Barbena,39,0,1,0.0,7.0,0.0,127.0,0.0,0.0,1.731,0,1,1,3,0,0,0,60.016,,0
009,009022,Celle Ligure,79575,0,4,559.0,350.0,12.34,4817.0,2.203,0.0,0.005,0,4,70,10,0,11,11,25.326,,0
009,009023,Cengio,215,0,1,0.0,23.0,0.0,3325.0,0.0,0.0,0.049,0,0,5,0,0,2,2,48.978,,0
009,009024,Ceriale,203539,0,4,336.0,3384.0,0.0,5345.0,3.015,0.0,5.567,1,1,52,13,2,5,9,61.688,,0
009,009025,Cisano sul Neva,4466,0,3,11.0,47.0,0.0,2132.0,0.0,0.0,4.024,0,2,27,4,0,3,2,66.104,,0
009,009026,Cosseria,4469,0,1,22.0,30.0,0.0,1037.0,0.0,0.0,0.346,1,2,7,0,0,0,0,47.917,,0
009,009027,Dego,1066,0,1,20.0,35.0,0.0,1794.0,0.0,0.0,2.305,0,0,8,4,0,1,1,43.42,,0
009,009028,Erli,917,0,1,6.0,9.0,0.0,219.0,0.0,0.0,6.592,0,0,1,2,0,0,0,58.063,,0
009,009029,Finale Ligure,808191,0,4,2763.0,3705.0,16.5,11046.0,6.647,0.0,0.009,1,8,146,30,0,27,55,47.028,,0
009,009030,Garlenda,12327,0,3,74.0,129.0,75.68,1371.0,0.0,0.0,0.0,1,2,73,2,0,2,0,68.945,,0
009,009031,Giustenice,264,0,4,0.0,30.0,0.0,1013.0,0.0,0.0,11.383,0,0,4,2,0,0,4,55.803,,0
009,009032,Giusvalla,605,0,1,0.0,28.0,0.0,396.0,0.0,0.0,0.0,0,1,4,0,0,1,0,36.211,,0
009,009033,Laigueglia,196159,0,4,1201.0,897.0,10.82,1698.0,4.018,0.0,0.483,0,2,17,5,0,4,7,73.101,,0
016,016016,Azzano San Paolo,13108,0,5,33.0,134.0,0.0,7600.0,0.0,0.0,0.0,0,0,15,0,1,0,37,2.563,,0
016,016017,Azzone,167,0,1,0.0,0.0,0.0,357.0,0.0,0.0,17.518,0,0,0,7,0,0,3,47.226,,0
016,016018,Bagnatica,2099,0,5,206.0,10.0,100.0,4489.0,0.0,0.0,0.0,0,0,29,0,0,3,3,5.27,,0
016,016019,Barbata,325,0,5,0.0,0.0,0.0,694.0,0.0,0.0,0.0,0,0,1,0,0,1,2,23.973,,0
016,016020,Bariano,1980,0,5,19.0,0.0,0.0,4235.0,0.0,0.0,3.552,1,0,98,0,0,0,10,17.458,,0
016,016021,Barzana,947,0,3,0.0,0.0,0.0,2026.0,0.0,0.0,0.0,0,0,11,0,0,1,4,11.942,,0
016,016022,Bedulita,338,0,1,0.0,0.0,0.0,722.0,0.0,0.0,0.0,0,0,2,1,0,0,2,17.685,,0
016,016023,Berbenno,1148,0,1,13.0,4.0,0.0,2455.0,0.0,0.0,0.0,0,2,6,6,0,0,10,17.716,,0
016,016024,Bergamo,971228,0,3,2297.0,4434.0,76.49,120157.0,0.0,0.121,13.912,15,20,222,24,0,100,909,3.584,Venetian Works of Defence between the 16th and 17th Centuries: <em>Stato da Terra</em> – Western <em>Stato da Mar</em>,1
016,016025,Berzo San Fermo,653,0,1,0.0,11.0,0.0,1397.0,0.0,0.0,0.0,0,0,0,3,0,0,0,16.548,,0
016,016026,Bianzano,289,0,1,0.0,0.0,0.0,617.0,0.0,0.0,0.0,0,1,1,2,0,0,3,18.935,,0
016,016027,Blello,35,0,1,0.0,0.0,0.0,74.0,0.0,0.0,0.0,0,0,0,0,0,0,2,20.154,,0
016,016028,Bolgare,3124,0,5,0.0,0.0,0.0,6680.0,0.0,0.0,0.0,0,0,20,0,0,0,4,9.803,,0
016,016029,Boltiere,11514,0,5,143.0,4.0,55.94,6253.0,0.0,0.0,0.0,0,0,31,0,0,0,0,12.802,,0
016,016030,Bonate Sopra,3271,0,5,0.0,37.0,0.0,10466.0,0.0,0.0,0.0,0,0,39,0,0,3,16,10.663,,0
016,016031,Bonate Sotto,1950,0,5,8.0,14.0,0.0,6612.0,0.0,0.0,0.0,0,0,11,0,0,1,1,10.749,,0
016,016032,Borgo di Terzo,559,0,1,0.0,10.0,0.0,1196.0,0.0,0.0,0.0,0,0,2,0,0,0,2,14.699,,0
016,016033,Bossico,10202,0,1,91.0,73.0,0.0,970.0,0.0,0.0,0.0,0,0,2,17,0,1,3,32.337,,0
016,016034,Bottanuco,4395,0,5,24.0,19.0,0.0,5084.0,0.0,0.0,1.2,0,0,10,0,0,8,5,15.03,,0
016,016035,Bracca,567,0,1,17.0,38.0,0.0,714.0,0.0,0.0,0.0,0,0,2,5,0,0,22,16.033,,0
016,016036,Branzi,10183,0,1,85.0,185.0,0.0,631.0,0.0,0.0,19.812,0,0,2,10,0,0,6,36.395,,0
016,016037,Brembate,24484,0,5,294.0,40.0,92.52,8598.0,0.0,0.0,0.319,0,0,27,1,0,1,4,14.046,,0
016,016038,Brembate di Sopra,3731,0,5,0.0,10.0,0.0,7979.0,0.0,0.0,0.0,1,4,48,0,0,8,11,10.372,,0
016,016040,Brignano Gera d'Adda,2878,0,5,15.0,0.0,100.0,6154.0,0.0,0.0,0.0,0,1,17,1,0,0,6,14.31,,0
016,016041,Brumano,60,0,1,0.0,4.0,0.0,129.0,0.0,0.0,0.0,0,6,1,11,0,0,0,25.588,,0
016,016042,Brusaporto,14614,0,5,80.0,33.0,25.0,5641.0,0.0,0.0,0.0,0,1,17,0,0,1,6,4.374,,0
016,016043,Calcinate,16429,0,5,202.0,6.0,100.0,6207.0,0.0,0.0,0.125,0,0,44,0,0,0,8,8.488,,0
016,016044,Calcio,2568,0,5,34.0,9.0,0.0,5491.0,0.0,0.0,4.608,0,2,15,0,0,2,2,21.535,,0
016,016046,Calusco d'Adda,6477,0,5,40.0,10.0,0.0,8340.0,0.0,0.0,2.4,0,1,14,1,0,1,12,17.336,,0
016,016047,Calvenzano,2078,0,5,0.0,0.0,0.0,4444.0,0.0,0.0,0.0,0,0,12,0,0,0,4,21.851,,0
016,016048,Camerata Cornello,1795,0,1,0.0,97.0,0.0,551.0,0.0,0.0,4.733,1,0,1,3,0,0,3,27.018,,0
016,016049,Canonica d'Adda,1999,0,5,0.0,0.0,0.0,4275.0,0.0,0.0,1.156,0,0,6,0,0,0,5,16.26,,0
016,016050,Capizzone,568,0,1,0.0,0.0,0.0,1214.0,0.0,0.0,0.0,0,0,2,2,0,1,3,15.606,,0
016,016051,Capriate San Gervasio,4002,0,5,0.0,73.0,0.0,8243.0,0.0,0.107,1.983,0,3,29,0,1,1,9,14.835,Crespi d'Adda,1
016,016052,Caprino Bergamasco,1422,0,3,13.0,0.0,0.0,3042.0,0.0,0.0,0.038,0,0,18,2,0,1,4,18.29,,0
016,016053,Caravaggio,7637,0,5,13.0,8.0,0.0,16332.0,0.0,0.408,0.095,2,14,63,2,0,2,48,20.288,,0
018,018143,Santa Maria della Versa,2814,0,3,0.0,112.0,0.0,2261.0,0.0,0.0,0.0,0,0,40,1,0,0,11,50.757,,0
018,018144,Sant'Angelo Lomellina,320,0,5,0.0,0.0,0.0,801.0,0.0,0.0,0.0,0,0,0,0,0,0,0,43.948,,0
018,018145,San Zenone al Po,230,0,5,0.0,0.0,0.0,576.0,0.0,0.0,0.0,0,0,3,0,0,1,0,37.807,,0
018,018146,Sartirana Lomellina,599,0,5,0.0,2.0,0.0,1498.0,0.0,0.0,0.752,0,1,6,1,0,0,1,58.274,,0
018,018147,Scaldasole,341,0,5,0.0,0.0,0.0,854.0,0.0,0.0,0.929,0,1,5,1,0,1,0,45.188,,0
018,018148,Semiana,79,0,5,0.0,0.0,0.0,198.0,0.0,0.0,0.0,0,0,3,0,0,0,0,54.556,,0
018,018149,Silvano Pietra,249,0,5,0.0,12.0,0.0,624.0,0.0,0.0,0.0,0,0,10,0,0,0,0,50.886,,0
018,018150,Siziano,12344,0,5,117.0,3.0,0.0,6674.0,0.0,0.0,0.163,0,0,44,0,0,6,9,15.441,,0
018,018151,Sommo,456,0,5,0.0,4.0,0.0,1142.0,0.0,0.0,0.0,0,0,22,0,0,1,5,38.838,,0
018,018152,Spessa,221,0,5,0.0,25.0,0.0,552.0,0.0,0.0,0.0,0,1,14,0,0,1,0,36.532,,0
018,018153,Stradella,7072,0,3,76.0,2.0,76.32,11459.0,0.0,0.0,0.0,1,1,65,1,0,8,5,41.052,,0
018,018154,Suardi,227,0,5,0.0,0.0,0.0,569.0,0.0,0.0,0.647,0,0,4,0,0,0,0,62.067,,0
018,018155,Torrazza Coste,634,0,3,0.0,0.0,0.0,1588.0,0.0,0.0,0.0,0,0,38,0,0,0,0,55.452,,0
018,018156,Torre Beretti e Castellaro,202,0,5,0.0,0.0,0.0,505.0,0.0,0.0,0.007,0,1,5,0,0,1,2,61.677,,0
018,018157,Torre d'Arese,366,0,5,0.0,0.0,0.0,917.0,0.0,0.0,0.0,0,0,12,0,0,0,1,23.32,,0
018,018158,Torre de' Negri,133,0,5,0.0,0.0,0.0,332.0,0.0,0.0,0.0,0,0,1,1,0,0,0,33.527,,0
018,018159,Torre d'Isola,987,0,5,0.0,11.0,0.0,2470.0,0.0,0.0,16.517,0,1,67,2,0,0,6,29.075,,0
018,018160,Torrevecchia Pia,1415,0,5,0.0,0.0,0.0,3541.0,0.0,0.0,0.0,0,0,17,0,0,3,1,18.695,,0
018,018161,Torricella Verzate,323,0,3,0.0,0.0,0.0,808.0,0.0,0.0,0.0,0,0,22,0,0,1,2,47.532,,0
018,018162,Travacò Siccomario,1777,0,5,0.0,12.0,0.0,4448.0,0.0,0.0,17.308,0,0,42,2,0,0,26,33.637,,0
018,018163,Trivolzio,974,0,5,0.0,0.0,0.0,2437.0,0.0,0.0,0.051,0,0,10,1,0,0,0,26.754,,0
018,018164,Tromello,787,0,5,23.0,7.0,0.0,3666.0,0.0,0.0,0.827,0,1,12,2,0,2,1,41.909,,0
018,018165,Trovo,399,0,5,0.0,0.0,0.0,999.0,0.0,0.0,0.373,0,0,10,1,0,1,0,24.999,,0
018,018166,Val di Nizza,1049,0,1,0.0,50.0,0.0,556.0,0.0,0.0,0.0,0,4,18,12,0,1,0,57.756,,0
018,018167,Valeggio,75,0,5,0.0,0.0,0.0,187.0,0.0,0.0,0.0,0,2,0,0,0,0,1,45.482,,0
018,018168,Valle Lomellina,848,0,5,0.0,7.0,0.0,2123.0,0.0,0.0,0.0,0,1,5,0,0,2,3,52.724,,0
018,018169,Valle Salimbene,585,0,5,0.0,0.0,0.0,1465.0,0.0,0.0,7.126,0,1,25,0,0,0,12,31.15,,0
018,018171,Varzi,2548,0,1,54.0,89.0,0.0,3030.0,0.0,0.0,0.0,1,6,34,20,0,6,10,52.903,,0
018,018172,Velezzo Lomellina,35,0,5,0.0,0.0,0.0,88.0,0.0,0.0,0.0,0,0,1,0,0,0,0,52.29,,0
018,018173,Vellezzo Bellini,1386,0,5,0.0,0.0,0.0,3468.0,0.0,0.0,0.0,0,1,31,1,0,0,0,23.004,,0
018,018174,Verretto,145,0,5,0.0,0.0,0.0,362.0,0.0,0.0,0.587,0,0,8,1,0,0,4,46.561,,0
018,018175,Verrua Po,469,0,5,0.0,2.0,0.0,1174.0,0.0,0.0,0.473,0,0,24,0,0,0,0,37.804,,0
018,018176,Vidigulfo,2697,0,5,0.0,0.0,0.0,6749.0,0.0,0.0,0.004,0,0,39,0,0,4,4,17.277,,0
018,018177,Vigevano,36741,0,5,236.0,208.0,37.29,62515.0,0.0,0.0,81.084,6,8,136,7,0,12,14,34.981,,0
020,020012,Casalromano,556,0,5,0.0,0.0,0.0,1482.0,0.0,0.0,1.825,0,0,1,1,0,0,14,25.595,,0
020,020013,Castelbelforte,185,0,5,0.0,37.0,0.0,3297.0,0.0,0.0,0.0,0,0,24,0,0,2,2,19.898,,0
020,020014,Castel d'Ario,815,0,5,0.0,30.0,0.0,4650.0,0.0,0.0,0.0,0,3,11,0,0,5,3,25.352,,0
020,020015,Castel Goffredo,9505,0,5,78.0,56.0,0.0,12763.0,0.0,0.0,0.0,1,0,72,0,0,0,1,18.67,,0
020,020016,Castellucchio,2420,0,5,21.0,68.0,0.0,5172.0,0.0,0.0,0.004,0,0,19,0,0,2,9,34.024,,0
020,020017,Castiglione delle Stiviere,40661,0,3,240.0,206.0,65.83,23815.0,0.0,0.0,11.991,1,0,145,10,0,5,5,13.934,,0
020,020018,Cavriana,14281,0,3,20.0,170.0,0.0,3734.0,0.0,0.0,0.877,1,2,22,4,0,3,0,22.814,,0
020,020019,Ceresara,3687,0,5,0.0,47.0,0.0,2532.0,0.0,0.0,0.0,0,0,22,0,0,2,7,26.372,,0
020,020020,Commessaggio,393,0,5,0.0,6.0,0.0,1048.0,0.0,0.0,3.14,0,0,5,0,0,0,4,31.631,,0
020,020021,Curtatone,15040,0,5,24.0,556.0,0.0,14675.0,0.0,0.0,2.971,1,1,87,0,0,9,29,34.935,,0
020,020022,Dosolo,1220,0,5,18.0,4.0,0.0,3253.0,0.0,0.0,0.399,0,0,9,1,0,4,8,31.191,,0
020,020024,Gazoldo degli Ippoliti,1135,0,5,0.0,28.0,0.0,3025.0,0.0,0.0,0.0,1,0,12,0,0,3,8,31.828,,0
020,020025,Gazzuolo,785,0,5,0.0,9.0,0.0,2092.0,0.0,0.0,10.059,0,0,7,0,0,0,8,34.488,,0
020,020026,Goito,2198,0,5,0.0,69.0,0.0,10022.0,0.0,0.574,24.97,0,1,25,1,1,7,11,24.067,,0
020,020027,Gonzaga,264,0,5,34.0,8.0,0.0,8698.0,0.0,7.004,0.0,0,0,7,0,0,1,5,44.607,,0
020,020028,Guidizzolo,2276,0,5,0.0,45.0,0.0,6014.0,0.0,0.0,0.0,1,0,50,1,0,1,0,23.032,,0
020,020029,Magnacavallo,519,0,5,0.0,0.0,0.0,1384.0,0.0,1.069,0.0,0,0,2,1,0,0,3,49.56,,0
020,020030,Mantova,239109,0,5,1270.0,1316.0,47.17,49044.0,0.0,20.82,32.276,18,104,127,4,0,53,106,28.202,Mantua and Sabbioneta,1
020,020031,Marcaria,6241,0,5,0.0,139.0,0.0,6393.0,0.0,0.0,26.545,0,3,39,1,0,2,23,38.972,,0
020,020032,Mariana Mantovana,309,0,5,0.0,0.0,0.0,823.0,0.0,0.0,0.0,0,0,1,0,0,0,0,29.615,,0
020,020033,Marmirolo,6797,0,5,0.0,113.0,0.0,7646.0,0.0,0.0,16.01,0,1,17,1,0,4,26,20.53,,0
020,020034,Medole,2488,0,5,21.0,18.0,0.0,4203.0,0.0,0.0,0.0,1,1,12,0,0,0,2,18.587,,0
020,020035,Moglia,1515,0,5,29.0,5.0,62.07,5400.0,0.0,0.0,0.006,0,0,7,1,0,2,0,49.624,,0
020,020036,Monzambano,49375,0,3,58.0,1025.0,0.0,4806.0,0.0,0.71,7.599,0,2,17,4,0,4,13,17.297,,0
020,020037,Motteggiana,2499,0,5,0.0,34.0,0.0,2417.0,0.0,0.0,0.0,0,0,18,0,1,0,0,41.421,,0
020,020038,Ostiglia,14108,0,5,54.0,136.0,0.0,6663.0,0.0,0.847,4.315,0,1,17,2,0,6,7,40.251,,0
020,020039,Pegognaga,9811,0,5,66.0,99.0,0.0,6866.0,0.0,4.845,0.523,0,0,15,2,0,3,3,44.355,,0
020,020041,Piubega,647,0,5,0.0,12.0,0.0,1726.0,0.0,0.0,0.0,0,0,22,0,0,2,1,27.731,,0
020,020042,Poggio Rusco,3917,0,5,25.0,28.0,0.0,6511.0,0.0,0.0,0.0,0,0,10,0,0,2,16,48.772,,0
020,020043,Pomponesco,638,0,5,39.0,0.0,0.0,1702.0,0.0,0.0,0.224,0,0,6,0,0,2,2,26.776,,0
020,020044,Ponti sul Mincio,30809,0,3,105.0,347.0,53.33,2342.0,0.0,0.0,5.646,1,1,24,2,0,1,8,15.565,,0
020,020045,Porto Mantovano,16725,0,5,143.0,166.0,34.97,16653.0,0.0,0.906,21.265,0,0,42,2,0,4,32,24.947,,0
020,020046,Quingentole,2711,0,5,24.0,18.0,0.0,1029.0,0.0,0.0,0.279,0,0,2,0,0,0,0,42.218,,0
020,020047,Quistello,1332,0,5,57.0,14.0,0.0,5272.0,0.0,0.0,0.0,0,1,15,0,0,1,4,44.717,,0
020,020048,Redondesco,455,0,5,0.0,12.0,0.0,1213.0,0.0,0.0,0.0,0,1,4,0,0,2,4,31.937,,0
023,023011,Bosco Chiesanuova,20146,0,1,205.0,920.0,0.0,3541.0,0.0,0.0,35.287,1,0,56,33,0,5,14,31.178,,0
023,023012,Bovolone,10966,0,5,175.0,12.0,0.0,16166.0,0.0,0.0,0.531,0,2,24,1,0,5,22,23.21,,0
023,023013,Brentino Belluno,7820,0,1,46.0,199.0,0.0,1342.0,0.0,0.0,0.0,0,0,3,8,0,1,3,30.404,,0
023,023014,Brenzone sul Garda,454330,0,1,2354.0,4117.0,8.16,2433.0,0.0,10.469,0.146,1,5,130,31,0,15,33,34.49,,0
023,023015,Bussolengo,286053,0,5,1271.0,786.0,22.66,20867.0,0.0,0.0,0.0,0,3,72,1,0,13,44,8.286,,0
023,023016,Buttapietra,2699,0,5,25.0,28.0,0.0,7011.0,0.0,0.0,0.0,0,0,12,0,0,1,14,10.867,,0
023,023017,Caldiero,37749,0,5,143.0,189.0,0.0,8039.0,0.0,0.0,0.0,0,7,21,0,1,2,4,22.185,,0
023,023018,Caprino Veronese,100895,0,1,443.0,1278.0,26.64,8695.0,0.0,0.0,0.0,0,4,55,10,0,9,9,25.491,,0
023,023019,Casaleone,839,0,5,0.0,12.0,0.0,5610.0,0.0,0.0,0.251,0,0,14,0,0,0,8,37.132,,0
023,023020,Castagnaro,528,0,5,0.0,0.0,0.0,3534.0,0.0,0.0,0.0,0,0,3,0,0,1,6,52.955,,0
023,023021,Castel d'Azzano,69769,0,5,380.0,86.0,83.95,12074.0,0.0,0.0,0.025,0,0,15,0,0,3,32,6.405,,0
023,023022,Castelnuovo del Garda,949937,0,3,2795.0,7201.0,65.26,13230.0,0.0,2.116,0.0,0,7,87,2,4,15,29,12.708,,0
023,023023,Cavaion Veronese,120995,0,3,425.0,706.0,44.0,6103.0,0.0,0.0,0.0,0,0,45,0,1,3,8,17.214,,0
023,023024,Cazzano di Tramigna,3485,0,3,0.0,68.0,0.0,1492.0,0.0,0.235,0.0,0,0,2,0,0,2,3,27.116,,0
023,023025,Cerea,5481,0,5,56.0,78.0,0.0,16897.0,0.0,3.428,1.439,0,5,28,1,0,9,40,35.826,,0
023,023026,Cerro Veronese,2222,0,3,45.0,79.0,0.0,2669.0,0.0,0.0,0.0,0,0,7,11,0,1,2,22.255,,0
023,023027,Cologna Veneta,1661,0,5,9.0,30.0,0.0,8436.0,0.0,0.0,0.0,1,3,22,1,0,4,8,41.242,,0
023,023028,Colognola ai Colli,22627,0,5,92.0,130.0,43.48,8704.0,0.0,0.0,0.0,0,1,9,0,0,2,10,23.859,,0
023,023029,Concamarise,160,0,5,0.0,23.0,0.0,1070.0,0.0,0.0,0.0,0,0,1,0,0,0,0,29.252,,0
023,023030,Costermano sul Garda,308972,0,3,853.0,1958.0,73.39,3967.0,0.0,0.443,0.0,0,1,88,2,0,6,16,24.7,,0
023,023031,Dolcè,5719,0,1,18.0,91.0,0.0,2528.0,0.0,0.0,4.698,0,0,6,6,0,4,9,24.763,,0
023,023032,Erbè,286,0,5,0.0,0.0,0.0,1910.0,0.0,0.0,0.0,0,0,4,0,0,0,0,18.476,,0
023,023033,Erbezzo,1736,0,1,21.0,129.0,0.0,837.0,0.0,0.0,18.377,0,0,19,18,0,0,4,30.58,,0
023,023034,Ferrara di Monte Baldo,10251,0,1,198.0,115.0,0.0,271.0,0.0,0.0,0.0,0,1,9,14,0,1,4,31.894,,0
023,023035,Fumane,22862,0,3,93.0,396.0,0.0,4188.0,0.0,0.0,1.403,1,2,23,10,0,2,3,20.718,,0
023,023036,Garda,945592,0,3,4007.0,3415.0,29.9,4115.0,0.0,5.699,0.0,1,3,201,3,0,17,18,25.323,,0
023,023037,Gazzo Veronese,1872,0,5,0.0,68.0,0.0,5179.0,0.0,0.0,0.592,0,2,11,0,1,2,1,33.324,,0
023,023038,Grezzana,18131,0,3,148.0,191.0,0.0,10694.0,0.0,0.0,0.258,1,1,52,9,0,13,26,19.542,,0
023,023039,Illasi,14096,0,3,92.0,90.0,0.0,5148.0,0.0,0.0,0.0,0,3,17,0,0,1,10,24.049,,0
023,023040,Isola della Scala,16191,0,5,46.0,152.0,0.0,11720.0,0.0,0.0,0.0,0,1,10,0,0,0,13,16.883,,0
023,023041,Isola Rizza,488,0,5,0.0,0.0,0.0,3264.0,0.0,0.0,0.0,0,3,8,0,0,7,4,27.154,,0
023,023042,Lavagno,4686,0,5,0.0,101.0,0.0,8643.0,0.0,0.0,0.0,0,0,9,0,0,2,3,19.759,,0
023,023043,Lazise,4052124,0,3,2844.0,33962.0,43.53,6893.0,0.0,9.788,0.0,0,5,405,17,6,22,48,17.018,,0
023,023044,Legnago,31990,0,5,223.0,113.0,70.85,25651.0,0.0,0.0,0.0,4,2,69,1,0,11,56,41.467,,0
023,023045,Malcesine,1191972,0,1,5277.0,6233.0,25.68,3590.0,0.0,16.444,0.142,4,6,206,36,0,8,34,41.595,,0
056,056002,Arlena di Castro,61,0,3,0.0,57.0,0.0,820.0,0.0,0.0,0.0,0,1,7,1,0,0,1,69.55,,0
056,056003,Bagnoregio,20558,0,3,38.0,852.0,0.0,3327.0,0.0,0.0,13.002,2,3,45,3,0,6,0,63.932,,0
056,056004,Barbarano Romano,73,0,3,18.0,37.0,0.0,986.0,0.0,0.0,36.112,2,3,8,8,0,0,0,50.347,,0
056,056005,Bassano Romano,345,0,3,0.0,277.0,0.0,4629.0,0.0,0.0,13.713,0,6,66,10,0,3,7,43.849,,0
056,056006,Bassano in Teverina,96,0,3,38.0,104.0,0.0,1286.0,0.0,0.0,0.0,0,0,3,5,0,1,10,72.262,,0
056,056007,Blera,113,0,3,36.0,162.0,0.0,2892.0,0.0,0.0,72.249,1,5,24,10,0,5,5,50.757,,0
056,056008,Bolsena,248691,0,3,1038.0,4638.0,40.75,3671.0,0.0,13.393,6.094,1,9,36,9,0,4,11,67.529,,0
056,056009,Bomarzo,905,0,3,19.0,162.0,0.0,1692.0,0.0,0.0,2.655,0,48,7,3,0,0,6,69.404,,0
056,056010,Calcata,68,0,3,0.0,5.0,0.0,909.0,0.0,0.0,1.773,1,31,2,6,0,2,1,45.738,,0
056,056011,Canepina,217,0,3,0.0,19.0,0.0,2915.0,0.0,0.0,0.015,2,1,4,2,0,2,7,62.674,,0
056,056012,Canino,26039,0,3,0.0,316.0,0.0,5009.0,0.0,0.0,0.222,2,4,23,0,0,0,2,61.915,,0
056,056013,Capodimonte,14777,0,3,34.0,1200.0,0.0,1663.0,0.0,11.731,0.175,2,2,14,2,0,1,0,70.612,,0
056,056014,Capranica,3295,0,3,21.0,288.0,0.0,6354.0,0.0,0.0,1.019,1,5,54,0,0,2,9,50.129,,0
056,056015,Caprarola,8965,0,3,57.0,678.0,0.0,5162.0,0.0,12.83,48.195,0,3,12,9,0,1,0,57.224,,0
056,056016,Carbognano,145,0,3,0.0,33.0,0.0,1947.0,0.0,0.0,0.0,0,1,15,0,0,0,1,56.664,,0
056,056017,Castel Sant'Elia,117,0,3,0.0,32.0,0.0,2411.0,0.0,0.0,2.302,0,0,6,2,0,0,0,49.665,,0
056,056018,Castiglione in Teverina,129,0,3,0.0,435.0,0.0,2301.0,0.0,0.0,0.018,1,0,1,1,0,0,0,56.445,,0
056,056019,Celleno,97,0,3,15.0,146.0,0.0,1298.0,0.0,0.0,0.0,0,3,2,1,0,1,0,67.565,,0
056,056020,Cellere,80,0,3,0.0,14.0,0.0,1075.0,0.0,0.0,0.0,1,4,3,2,0,0,0,63.554,,0
056,056021,Civita Castellana,885,0,3,131.0,198.0,62.6,15143.0,0.0,0.0,0.018,2,3,66,0,0,3,25,56.16,,0
056,056022,Civitella d'Agliano,1201,0,3,6.0,461.0,0.0,1450.0,0.0,0.0,4.923,0,1,6,0,0,1,0,59.848,,0
056,056023,Corchiano,445,0,3,0.0,138.0,0.0,3550.0,0.0,0.0,1.824,0,0,26,2,0,0,1,60.543,,0
056,056024,Fabrica di Roma,151,0,3,257.0,105.0,63.81,8217.0,0.0,0.0,0.248,0,2,83,1,0,1,3,57.046,,0
056,056025,Faleria,149,0,3,0.0,5.0,0.0,1995.0,0.0,0.0,0.051,0,1,8,0,0,0,0,49.621,,0
056,056026,Farnese,3405,0,3,0.0,119.0,0.0,1382.0,0.0,0.0,44.318,0,3,4,5,0,2,0,56.958,,0
056,056027,Gallese,191,0,3,0.0,105.0,0.0,2563.0,0.0,0.0,1.264,1,2,16,6,0,7,38,63.695,,0
056,056028,Gradoli,1658,0,3,0.0,285.0,0.0,1241.0,0.0,7.184,0.0,1,1,2,5,0,3,0,67.939,,0
056,056029,Graffignano,156,0,3,0.0,42.0,0.0,2090.0,0.0,0.0,0.0,0,2,6,2,0,0,5,64.108,,0
056,056030,Grotte di Castro,178,0,3,5.0,191.0,100.0,2387.0,0.0,0.728,0.0,1,2,12,2,0,1,0,65.717,,0
056,056031,Ischia di Castro,156,0,3,0.0,219.0,0.0,2096.0,0.0,0.0,21.05,1,2,13,2,0,1,0,54.782,,0
056,056032,Latera,57,0,3,0.0,46.0,0.0,763.0,0.0,0.802,9.406,1,0,1,3,0,0,0,62.505,,0
056,056033,Lubriano,2190,0,3,0.0,247.0,0.0,854.0,0.0,0.0,0.008,1,2,3,0,0,0,0,59.973,,0
056,056034,Marta,3741,0,3,98.0,357.0,0.0,3207.0,0.0,6.763,1.567,0,0,12,1,0,0,0,74.711,,0
056,056035,Montalto di Castro,259925,0,5,839.0,3062.0,26.82,8689.0,16.917,0.0,0.005,0,0,51,5,0,3,5,59.306,,0
056,056036,Montefiascone,20255,0,3,582.0,1700.0,8.08,13008.0,0.0,8.984,15.844,0,9,19,7,0,0,4,73.936,,0
068,068037,Sant'Eufemia a Maiella,6230,0,1,91.0,164.0,0.0,252.0,0.0,0.0,0.076,1,2,2,9,0,1,0,38.397,,0
068,068038,San Valentino in Abruzzo Citeriore,2506,0,3,18.0,53.0,0.0,1813.0,0.0,0.0,0.0,1,1,14,3,0,2,3,27.829,,0
068,068039,Scafa,621,0,3,21.0,20.0,0.0,3468.0,0.0,0.0,0.0,0,0,8,0,0,0,7,25.34,,0
068,068040,Serramonacesca,468,0,3,62.0,71.0,0.0,496.0,0.0,0.0,0.0,0,2,6,4,0,1,0,22.748,,0
068,068041,Spoltore,5834,0,4,16.0,178.0,100.0,19066.0,0.0,0.0,0.0,0,3,69,0,0,8,23,3.871,,0
068,068042,Tocco da Casauria,3049,0,1,0.0,106.0,0.0,2375.0,0.0,0.0,0.0,2,4,18,2,0,5,1,34.548,,0
068,068043,Torre de' Passeri,1429,0,3,0.0,38.0,0.0,2846.0,0.0,0.0,0.0,0,1,7,0,0,4,3,28.721,,0
068,068044,Turrivalignani,755,0,3,67.0,0.0,65.67,800.0,0.0,0.0,0.0,0,0,5,1,0,1,1,22.688,,0
068,068045,Vicoli,357,0,3,0.0,79.0,0.0,378.0,0.0,0.0,0.0,0,0,7,0,0,1,0,25.917,,0
068,068046,Villa Celiera,512,0,1,11.0,23.0,0.0,543.0,0.0,0.0,0.0,0,3,2,1,0,2,1,28.302,,0
069,069001,Altino,1053,0,3,20.0,29.0,0.0,3031.0,0.0,3.763,0.594,0,0,5,1,0,0,0,38.795,,0
069,069002,Archi,232,0,3,0.0,25.0,0.0,1941.0,0.0,0.0,0.0,1,1,11,4,0,0,0,42.509,,0
069,069003,Ari,219,0,4,0.0,25.0,0.0,1065.0,0.0,0.0,0.0,0,10,4,0,0,0,0,17.312,,0
069,069004,Arielli,126,0,4,0.0,20.0,0.0,1048.0,0.0,0.0,0.0,0,0,7,1,0,1,2,21.784,,0
069,069005,Atessa,13024,0,4,173.0,93.0,80.35,10319.0,0.0,0.0,0.0,0,3,17,6,0,3,0,44.68,,0
069,069006,Bomba,758,0,3,0.0,40.0,0.0,708.0,0.0,0.0,0.0,1,7,6,4,0,0,2,46.514,,0
069,069007,Borrello,675,0,1,25.0,24.0,0.0,356.0,0.0,0.0,2.198,0,0,5,1,0,1,0,58.682,,0
069,069008,Bucchianico,645,0,4,0.0,53.0,0.0,4923.0,0.0,0.0,1.467,0,1,16,1,1,1,2,14.207,,0
069,069009,Montebello sul Sangro,10,0,1,0.0,0.0,0.0,87.0,0.0,0.0,0.0,0,0,1,0,0,0,0,50.917,,0
069,069010,Canosa Sannita,11742,0,4,18.0,24.0,0.0,1237.0,0.0,0.0,0.0,1,6,7,0,0,4,4,18.366,,0
069,069011,Carpineto Sinello,60,0,3,0.0,14.0,0.0,498.0,0.0,0.0,0.0,0,2,2,0,0,0,2,55.048,,0
069,069012,Carunchio,65,0,1,0.0,37.0,0.0,541.0,0.0,0.0,0.0,0,2,3,0,0,0,0,63.886,,0
069,069013,Casacanditella,2739,0,3,0.0,37.0,0.0,1177.0,0.0,0.0,0.0,0,5,12,0,0,1,4,19.031,,0
069,069014,Casalanguida,97,0,4,0.0,0.0,0.0,812.0,0.0,0.0,0.0,0,4,1,0,0,0,0,50.936,,0
069,069015,Casalbordino,47303,0,4,322.0,1704.0,24.84,5715.0,4.718,0.104,0.024,0,5,15,3,0,3,4,44.444,,0
069,069016,Casalincontrada,778,0,4,0.0,28.0,0.0,2973.0,0.0,0.0,0.0,0,0,11,0,0,0,0,16.088,,0
069,069017,Casoli,722,0,3,0.0,61.0,0.0,5119.0,0.0,1.821,0.222,0,1,12,1,0,3,0,35.034,,0
069,069018,Castel Frentano,754,0,4,19.0,26.0,0.0,4256.0,0.0,0.0,0.0,0,3,14,1,0,5,0,29.912,,0
069,069019,Castelguidone,34,0,1,0.0,0.0,0.0,285.0,0.0,0.0,0.0,0,0,2,0,0,0,0,73.446,,0
069,069020,Castiglione Messer Marino,175,0,1,18.0,9.0,0.0,1465.0,0.0,0.748,2.453,0,2,5,0,0,1,0,66.016,,0
069,069021,Celenza sul Trigno,94,0,3,0.0,7.0,0.0,784.0,0.0,0.0,0.0,0,0,3,0,0,1,2,69.531,,0
069,069022,Chieti,171270,0,4,486.0,1149.0,41.36,48532.0,0.0,0.0,0.0,5,17,129,2,0,37,208,8.366,,0
069,069023,Civitaluparella,34,0,1,0.0,0.0,0.0,284.0,0.0,0.0,0.0,0,0,6,0,0,0,1,53.961,,0
069,069024,Civitella Messer Raimondo,91,0,3,0.0,2.0,0.0,763.0,0.0,0.0,0.0,0,0,3,0,0,1,2,39.223,,0
004,004167,Pietraporzio,2088,0,1,31.0,385.0,0.0,68.0,0.0,0.106,0.0,1,0,2,35,0,1,4,54.618,,0
004,004168,Piobesi d'Alba,812,0,3,18.0,6.0,0.0,1442.0,0.0,0.0,0.0,0,0,6,0,0,1,0,35.152,,0
004,004169,Piozzo,1288,0,5,0.0,36.0,0.0,980.0,0.0,0.0,0.0,0,2,9,0,0,2,4,20.829,,0
004,004170,Pocapaglia,3674,0,3,48.0,32.0,0.0,3314.0,0.0,0.197,0.0,0,3,4,6,0,0,6,28.243,,0
004,004171,Polonghera,631,0,5,0.0,14.0,0.0,1121.0,0.0,0.0,0.035,1,1,16,0,0,0,3,27.128,,0
004,004172,Pontechianale,3729,0,1,60.0,712.0,0.0,178.0,0.0,8.229,25.279,1,5,16,36,0,6,5,48.634,,0
004,004173,Pradleves,1117,0,1,116.0,12.0,0.0,238.0,0.0,0.0,0.0,0,6,2,9,0,1,3,31.98,,0
004,004174,Prazzo,3509,0,1,0.0,384.0,0.0,179.0,0.0,0.0,0.0,0,0,5,15,0,1,7,45.951,,0
004,004175,Priero,282,0,1,0.0,61.0,0.0,501.0,0.0,0.0,0.002,0,0,3,7,0,0,0,43.0,,0
004,004176,Priocca,2240,0,3,0.0,73.0,0.0,2075.0,0.0,0.0,0.0,0,0,4,0,0,0,2,44.138,,0
004,004177,Priola,353,0,1,15.0,0.0,0.0,627.0,0.0,0.0,0.052,0,0,2,0,0,0,4,46.117,,0
004,004178,Prunetto,161,0,3,17.0,16.0,0.0,395.0,0.0,0.0,0.0,0,1,5,2,0,0,0,41.392,,0
004,004179,Racconigi,248,0,5,0.0,31.0,0.0,9647.0,0.0,0.711,0.0,1,1,18,0,0,4,8,25.747,,0
004,004180,Revello,1425,0,5,20.0,43.0,0.0,4180.0,0.0,0.0,0.41,2,1,10,2,0,2,0,21.249,,0
004,004181,Rifreddo,583,0,3,0.0,18.0,0.0,1035.0,0.0,0.0,0.0,0,0,1,1,0,0,0,24.439,,0
004,004182,Rittana,59,0,1,0.0,26.0,0.0,104.0,0.0,0.0,0.0,0,3,2,4,0,0,0,28.81,,0
004,004183,Roaschia,277,0,1,0.0,24.0,0.0,95.0,0.0,0.0,4.259,0,12,1,13,0,0,0,34.92,,0
004,004184,Roascio,51,0,3,0.0,13.0,0.0,91.0,0.0,0.0,0.0,0,0,0,1,0,0,0,35.131,,0
004,004185,Robilante,493,0,1,0.0,11.0,0.0,2121.0,0.0,0.0,0.0,3,15,9,15,0,0,3,30.588,,0
004,004186,Roburent,6945,0,1,126.0,462.0,0.0,482.0,0.0,0.0,0.0,1,1,66,14,0,7,1,37.411,,0
004,004187,Roccabruna,6940,0,1,64.0,79.0,0.0,1531.0,0.0,0.0,0.0,0,0,3,5,0,5,14,24.558,,0
004,004188,Rocca Cigliè,68,0,3,0.0,16.0,0.0,121.0,0.0,0.0,0.0,0,0,1,2,0,0,1,28.46,,0
004,004189,Rocca de' Baldi,887,0,5,0.0,16.0,0.0,1575.0,0.0,0.36,1.843,2,3,7,1,0,0,3,15.607,,0
004,004190,Roccaforte Mondovì,27651,0,1,423.0,802.0,0.0,2111.0,0.0,0.538,0.209,0,2,79,28,2,2,18,34.063,,0
004,004191,Roccasparvera,118,0,1,0.0,38.0,0.0,742.0,0.0,2.236,0.0,0,13,2,7,0,0,7,27.088,,0
004,004192,Roccavione,390,0,1,0.0,14.0,0.0,2597.0,0.0,0.0,0.0,1,3,6,6,0,0,6,29.839,,0
004,004193,Rocchetta Belbo,88,0,3,0.0,20.0,0.0,157.0,0.0,0.0,0.0,0,0,2,1,0,0,0,44.983,,0
004,004194,Roddi,12328,0,3,54.0,133.0,0.0,1579.0,0.0,0.0,0.0,0,1,2,0,0,0,29,30.901,,0
004,004195,Roddino,796,0,3,0.0,52.0,0.0,411.0,0.0,0.0,0.0,0,0,3,0,0,0,11,31.629,,0
004,004196,Rodello,1695,0,3,0.0,35.0,0.0,970.0,0.0,0.0,0.0,1,0,2,3,0,1,0,36.133,,0
004,004197,Rossana,622,0,1,0.0,21.0,0.0,825.0,0.0,0.0,0.0,0,0,5,7,0,1,0,16.82,,0
004,004198,Ruffia,203,0,5,0.0,6.0,0.0,361.0,0.0,0.0,0.0,0,1,5,0,0,0,0,18.242,,0
004,004199,Sale delle Langhe,262,0,3,0.0,4.0,0.0,465.0,0.0,0.0,0.0,0,0,1,2,0,0,2,41.026,,0
004,004200,Sale San Giovanni,86,0,3,0.0,50.0,0.0,152.0,0.0,0.0,0.0,0,0,0,1,0,0,1,39.334,,0
004,004201,Saliceto,710,0,3,0.0,53.0,0.0,1160.0,0.0,0.0,0.321,0,1,3,0,0,1,2,46.829,,0
004,004202,Salmour,404,0,5,0.0,16.0,0.0,718.0,0.0,0.0,0.0,0,0,6,1,0,0,0,14.438,,0
004,004203,Saluzzo,35164,0,5,272.0,125.0,31.62,17525.0,0.0,0.0,1.161,3,5,52,3,1,9,8,17.213,,0
004,004204,Sambuco,1179,0,1,28.0,117.0,0.0,83.0,0.0,0.0,0.0,1,2,1,12,0,0,2,48.323,,0
004,004205,Sampeyre,31641,0,1,377.0,947.0,0.0,1004.0,0.0,0.307,0.017,1,1,20,29,0,4,24,34.802,,0
004,004206,San Benedetto Belbo,83,0,3,0.0,13.0,0.0,148.0,0.0,0.0,0.0,0,0,5,1,0,0,0,35.36,,0
004,004207,San Damiano Macra,1913,0,1,0.0,80.0,0.0,414.0,0.0,0.199,0.0,1,2,3,20,0,2,7,31.122,,0
004,004208,Sanfrè,1721,0,3,0.0,12.0,0.0,3055.0,0.0,0.412,0.0,0,1,26,1,0,0,2,26.831,,0
004,004209,Sanfront,991,0,1,14.0,56.0,0.0,2257.0,0.0,0.126,0.0,0,0,12,10,0,0,1,27.421,,0
004,004210,San Michele Mondovì,3239,0,3,55.0,29.0,0.0,1855.0,0.0,0.0,0.0,0,0,5,0,0,0,3,30.925,,0
004,004211,Sant'Albano Stura,1347,0,5,0.0,12.0,0.0,2391.0,0.0,0.0,0.24,0,0,11,5,0,2,1,10.239,,0
004,004212,Santa Vittoria d'Alba,11729,0,3,94.0,63.0,85.11,2903.0,0.0,0.164,0.0,1,1,12,2,0,1,7,30.194,,0
004,004213,Santo Stefano Belbo,19987,0,3,86.0,159.0,82.56,3756.0,0.0,0.0,0.0,2,2,20,2,0,2,2,50.447,,0
004,004214,Santo Stefano Roero,749,0,3,0.0,0.0,0.0,1330.0,0.0,0.0,0.0,0,1,3,2,0,0,33,37.019,,0
004,004215,Savigliano,20858,0,5,213.0,126.0,0.0,21774.0,0.0,0.0,0.0,4,2,44,1,0,4,9,8.317,,0
004,004216,Scagnello,97,0,1,0.0,38.0,0.0,172.0,0.0,0.0,0.0,0,2,1,2,0,0,0,37.126,,0
004,004217,Scarnafigi,1183,0,5,0.0,0.0,0.0,2100.0,0.0,0.0,0.0,0,6,6,0,0,1,0,16.464,,0
004,004218,Serralunga d'Alba,34039,0,3,229.0,155.0,86.03,495.0,0.0,0.0,0.0,2,5,3,5,0,1,22,30.654,,0
004,004219,Serravalle Langhe,1063,0,3,0.0,39.0,0.0,321.0,0.0,0.0,0.0,0,0,1,0,0,1,0,35.286,,0
004,004220,Sinio,7419,0,3,35.0,126.0,100.0,485.0,0.0,0.0,0.0,0,1,1,5,0,1,12,32.599,,0
004,004221,Somano,173,0,3,0.0,19.0,0.0,308.0,0.0,0.0,0.0,0,0,2,0,0,0,0,31.179,,0
004,004222,Sommariva del Bosco,2089,0,3,0.0,45.0,0.0,6274.0,0.0,1.909,0.0,0,1,13,0,0,0,10,28.113,,0
004,004223,Sommariva Perno,4009,0,3,134.0,25.0,100.0,2671.0,0.0,1.509,0.0,0,1,10,4,0,0,0,30.545,,0
004,004224,Stroppo,6734,0,1,0.0,97.0,0.0,110.0,0.0,0.0,0.0,1,0,0,12,0,0,8,39.326,,0
004,004225,Tarantasca,1231,0,5,0.0,0.0,0.0,2186.0,0.0,0.0,0.0,0,2,6,0,0,2,4,9.062,,0
004,004226,Torre Bormida,714,0,3,18.0,57.0,0.0,182.0,0.0,0.0,0.0,0,0,2,0,0,0,0,41.521,,0
004,004227,Torre Mondovì,305,0,1,0.0,6.0,0.0,542.0,0.0,0.0,0.0,0,0,4,0,0,0,0,33.466,,0
004,004228,Torre San Giorgio,405,0,5,0.0,0.0,0.0,720.0,0.0,0.0,0.0,0,0,13,0,0,0,2,21.388,,0
004,004229,Torresina,26,0,3,0.0,9.0,0.0,47.0,0.0,0.0,0.0,0,0,0,5,0,0,0,34.985,,0
004,004230,Treiso,14709,0,3,0.0,207.0,0.0,758.0,0.0,0.0,0.0,0,0,6,3,0,0,0,39.948,,0
004,004231,Trezzo Tinella,1131,0,3,0.0,79.0,0.0,283.0,0.0,0.0,0.0,0,1,1,2,0,0,1,41.11,,0
004,004232,Trinità,1102,0,5,0.0,24.0,0.0,2252.0,0.0,0.0,0.0,0,0,4,3,0,0,3,11.856,,0
004,004233,Valdieri,17871,0,1,262.0,589.0,0.0,923.0,0.0,12.765,126.144,3,9,9,79,1,2,3,43.762,,0
004,004234,Valgrana,448,0,1,36.0,12.0,0.0,795.0,0.0,0.0,0.0,0,1,4,1,0,1,0,25.969,,0
004,004235,Valloriate,4563,0,1,65.0,14.0,0.0,101.0,0.0,0.0,0.0,1,0,3,13,0,0,2,31.646,,0
004,004237,Venasca,536,0,1,0.0,25.0,0.0,1331.0,0.0,0.0,0.0,1,0,5,8,0,0,8,17.957,,0
004,004238,Verduno,14306,0,3,41.0,97.0,0.0,567.0,0.0,0.308,0.0,0,0,9,0,0,0,1,28.232,,0
004,004239,Vernante,14412,0,1,131.0,83.0,12.21,1080.0,0.0,0.0,10.541,0,25,13,24,0,3,3,37.666,,0
004,004240,Verzuolo,2665,0,3,11.0,44.0,0.0,6439.0,0.0,0.0,0.0,0,2,12,1,0,0,2,11.452,,0
004,004241,Vezza d'Alba,1145,0,3,0.0,42.0,0.0,2352.0,0.0,0.227,0.0,0,1,6,11,0,2,20,37.869,,0
004,004242,Vicoforte,10654,0,3,138.0,171.0,0.0,3148.0,0.0,0.0,0.0,0,4,17,3,0,5,7,28.149,,0
004,004243,Vignolo,1512,0,1,0.0,3.0,0.0,2685.0,0.0,0.0,0.0,0,2,7,5,0,1,7,23.962,,0
004,004244,Villafalletto,1008,0,5,32.0,12.0,0.0,2869.0,0.0,0.079,0.0,0,4,14,0,0,5,11,6.112,,0
004,004245,Villanova Mondovì,7991,0,3,77.0,18.0,72.73,5969.0,0.0,0.0,0.0,0,3,26,3,0,3,16,23.274,,0
004,004246,Villanova Solaro,415,0,5,0.0,0.0,0.0,737.0,0.0,0.0,0.0,0,1,2,0,0,0,0,21.124,,0
004,004247,Villar San Costanzo,1943,0,1,16.0,74.0,0.0,1578.0,0.0,0.0,0.611,1,5,9,4,1,0,2,19.375,,0
004,004248,Vinadio,55998,0,1,411.0,1962.0,0.0,576.0,0.0,3.9,0.198,0,5,8,57,1,0,10,50.735,,0
004,004249,Viola,213,0,1,50.0,32.0,0.0,378.0,0.0,0.0,0.0,0,1,21,6,0,0,2,40.703,,0
004,004250,Vottignasco,278,0,5,0.0,0.0,0.0,494.0,0.0,0.0,0.0,0,5,4,0,0,0,3,3.794,,0
005,005001,Agliano Terme,18240,0,3,15.0,303.0,0.0,1542.0,0.0,0.093,0.0,0,0,23,3,0,3,4,56.235,,0
005,005002,Albugnano,222,0,3,0.0,22.0,0.0,502.0,0.0,0.0,0.0,0,2,1,3,0,0,0,28.777,,0
005,005003,Antignano,1773,0,3,0.0,26.0,0.0,955.0,0.0,0.0,0.0,0,0,23,7,0,1,0,52.28,,0
005,005004,Aramengo,274,0,3,0.0,33.0,0.0,570.0,0.0,0.295,0.0,0,0,6,4,0,0,21,29.201,,0
005,005005,Asti,87378,0,3,527.0,907.0,37.38,73401.0,0.0,0.0,1.561,15,21,338,14,0,57,387,53.387,,0
005,005006,Azzano d'Asti,1752,0,3,0.0,44.0,0.0,387.0,0.0,0.0,0.0,0,0,8,1,0,0,0,59.996,,0
005,005007,Baldichieri d'Asti,1686,0,3,24.0,14.0,0.0,1122.0,0.0,0.0,0.0,0,0,9,1,0,0,5,47.757,,0
005,005008,Belveglio,136,0,3,0.0,12.0,0.0,306.0,0.0,0.0,0.0,0,1,8,0,0,0,0,61.996,,0
005,005009,Berzano di San Pietro,180,0,3,0.0,12.0,0.0,407.0,0.0,0.0,0.0,0,0,5,4,0,0,0,26.029,,0
005,005010,Bruno,135,0,3,0.0,11.0,0.0,304.0,0.0,0.736,0.0,0,1,8,0,0,1,1,52.895,,0
005,005011,Bubbio,1812,0,3,24.0,82.0,0.0,805.0,0.0,0.0,0.0,0,1,4,3,0,0,0,51.487,,0
005,005012,Buttigliera d'Asti,1118,0,3,0.0,37.0,0.0,2523.0,0.0,0.0,0.0,0,1,15,3,0,1,0,32.163,,0
005,005013,Calamandrana,10031,0,3,78.0,83.0,58.97,1677.0,0.0,0.0,0.0,0,1,5,1,0,0,2,53.842,,0
005,005014,Calliano Monferrato,727,0,3,0.0,44.0,0.0,1212.0,0.0,0.0,0.0,0,2,11,10,0,1,0,52.072,,0
005,005015,Calosso,3329,0,3,0.0,120.0,0.0,1117.0,0.0,0.0,0.0,0,1,8,5,0,0,0,53.303,,0
005,005016,Camerano Casasco,175,0,3,0.0,6.0,0.0,396.0,0.0,0.0,0.0,0,1,5,8,0,0,0,41.959,,0
005,005017,Canelli,27853,0,3,117.0,190.0,37.61,10031.0,0.0,0.04,0.0,0,1,36,3,0,0,3,55.84,,0
005,005018,Cantarana,849,0,3,0.0,26.0,0.0,956.0,0.0,0.0,0.0,0,1,4,9,0,0,12,44.826,,0
005,005019,Capriglio,135,0,3,0.0,3.0,0.0,305.0,0.0,0.0,0.0,1,0,3,3,0,0,0,35.481,,0
005,005020,Casorzo Monferrato,768,0,3,0.0,24.0,0.0,587.0,0.0,0.0,0.0,0,1,0,4,0,0,0,57.665,,0
005,005021,Cassinasco,2136,0,3,0.0,40.0,0.0,552.0,0.0,0.0,0.0,0,0,3,3,0,1,0,52.393,,0
005,005022,Castagnole delle Lanze,5512,0,3,14.0,134.0,0.0,3664.0,0.0,0.0,0.0,0,1,76,1,0,1,1,47.469,,0
005,005023,Castagnole Monferrato,1230,0,3,0.0,18.0,0.0,1101.0,0.0,0.0,0.0,1,0,6,4,0,1,0,58.241,,0
005,005024,Castel Boglione,2983,0,3,0.0,45.0,0.0,579.0,0.0,0.0,0.0,0,0,4,2,0,0,1,50.879,,0
005,005025,Castell'Alfero,830,0,3,31.0,14.0,100.0,2603.0,0.0,0.0,0.0,0,1,18,11,0,0,29,49.941,,0
005,005026,Castellero,128,0,3,0.0,14.0,0.0,289.0,0.0,0.068,0.0,0,5,2,6,0,0,12,45.47,,0
005,005027,Castelletto Molina,62,0,3,23.0,0.0,100.0,140.0,0.0,0.0,0.0,0,1,6,0,0,0,0,49.293,,0
005,005028,Castello di Annone,814,0,5,0.0,39.0,0.0,1868.0,0.0,0.0,0.0,1,0,17,4,0,1,9,63.39,,0
005,005029,Castelnuovo Belbo,365,0,3,0.0,18.0,0.0,824.0,0.0,0.181,0.0,0,0,14,1,0,3,2,55.235,,0
005,005030,Castelnuovo Calcea,3061,0,3,0.0,59.0,0.0,690.0,0.0,0.0,0.0,0,2,9,0,0,1,0,58.99,,0
005,005031,Castelnuovo Don Bosco,15545,0,3,43.0,265.0,0.0,3092.0,0.0,0.0,0.0,4,3,27,7,0,0,8,31.518,,0
005,005032,Castel Rocchero,156,0,3,0.0,0.0,0.0,353.0,0.0,0.0,0.0,0,0,6,0,0,0,0,48.295,,0
005,005033,Cellarengo,2320,0,3,0.0,24.0,0.0,716.0,0.0,0.0,0.0,0,0,32,0,0,0,0,42.432,,0
005,005034,Celle Enomondo,189,0,3,0.0,0.0,0.0,427.0,0.0,0.0,0.0,0,0,9,2,0,0,5,52.168,,0
005,005035,Cerreto d'Asti,94,0,3,0.0,0.0,0.0,211.0,0.0,0.0,0.0,0,0,1,0,0,0,0,34.287,,0
005,005036,Cerro Tanaro,260,0,5,0.0,0.0,0.0,586.0,0.0,0.0,0.0,0,0,11,0,0,1,0,63.887,,0
005,005037,Cessole,4849,0,3,18.0,83.0,0.0,341.0,0.0,0.0,0.0,0,1,9,3,0,0,0,51.147,,0
005,005038,Chiusano d'Asti,113,0,3,0.0,0.0,0.0,254.0,0.0,0.0,0.0,0,0,4,1,0,0,5,44.147,,0
005,005039,Cinaglio,179,0,3,0.0,6.0,0.0,405.0,0.0,0.0,0.0,0,0,5,4,0,0,0,43.488,,0
005,005040,Cisterna d'Asti,1271,0,3,22.0,69.0,0.0,1195.0,0.0,0.0,0.0,1,1,7,3,0,0,19,43.866,,0
005,005041,Coazzolo,523,0,3,0.0,32.0,0.0,300.0,0.0,0.0,0.0,0,1,9,1,0,0,0,46.565,,0
005,005042,Cocconato,3471,0,3,50.0,94.0,0.0,1436.0,0.0,0.0,0.0,0,2,22,4,0,0,5,33.36,,0
005,005044,Corsione,89,0,3,0.0,0.0,0.0,201.0,0.0,0.0,0.0,0,0,3,2,0,0,0,45.315,,0
005,005045,Cortandone,142,0,3,0.0,6.0,0.0,320.0,0.0,0.0,0.0,0,0,8,5,0,1,3,42.036,,0
005,005046,Cortanze,821,0,3,28.0,22.0,0.0,256.0,0.0,0.0,0.0,0,1,2,4,0,0,0,39.883,,0
005,005047,Cortazzone,562,0,3,0.0,35.0,0.0,589.0,0.0,0.0,0.0,0,1,23,6,0,0,3,40.079,,0
005,005048,Cortiglione,234,0,3,0.0,9.0,0.0,527.0,0.0,0.0,0.0,0,0,1,2,0,1,0,59.918,,0
005,005049,Cossombrato,2255,0,3,0.0,52.0,0.0,506.0,0.0,0.0,0.0,0,1,8,0,0,0,0,45.439,,0
005,005050,Costigliole d'Asti,26266,0,3,176.0,301.0,89.77,5646.0,0.0,0.0,0.0,0,1,28,4,1,3,6,51.328,,0
005,005051,Cunico,191,0,3,0.0,23.0,0.0,432.0,0.0,0.0,0.0,0,0,4,1,0,0,3,38.853,,0
005,005052,Dusino San Michele,478,0,3,0.0,0.0,0.0,1079.0,0.0,0.0,0.0,0,2,7,3,0,2,1,40.623,,0
005,005053,Ferrere,923,0,3,0.0,34.0,0.0,1481.0,0.0,0.0,0.0,0,0,9,3,0,2,0,45.258,,0
005,005054,Fontanile,210,0,3,0.0,11.0,0.0,474.0,0.0,0.0,0.0,0,0,12,2,0,2,1,50.525,,0
005,005055,Frinco,321,0,3,0.0,0.0,0.0,725.0,0.0,0.0,0.0,0,1,9,0,0,0,14,47.189,,0
005,005056,Grana Monferrato,226,0,3,0.0,6.0,0.0,510.0,0.0,0.0,0.0,0,0,4,0,0,0,0,55.34,,0
005,005057,Grazzano Badoglio,2859,0,3,0.0,32.0,0.0,556.0,0.0,0.207,0.0,1,1,19,3,0,0,0,54.823,,0
005,005058,Incisa Scapaccino,1257,0,3,0.0,51.0,0.0,2021.0,0.0,0.317,0.0,0,1,6,3,0,0,0,57.435,,0
005,005059,Isola d'Asti,12683,0,3,101.0,70.0,53.47,1970.0,0.0,0.0,0.0,0,1,12,1,0,1,3,53.919,,0
005,005060,Loazzolo,705,0,3,0.0,37.0,0.0,296.0,0.0,0.0,0.0,0,0,6,7,0,0,0,52.151,,0
005,005061,Maranzana,97,0,3,0.0,6.0,0.0,219.0,0.0,0.0,0.0,0,13,5,0,0,0,0,48.354,,0
005,005062,Maretto,173,0,3,0.0,8.0,0.0,390.0,0.0,0.0,0.0,0,0,13,2,0,1,5,41.922,,0
005,005063,Moasca,2123,0,3,0.0,40.0,0.0,511.0,0.0,0.0,0.0,0,1,0,2,0,0,0,56.865,,0
005,005064,Mombaldone,85,0,3,0.0,13.0,0.0,192.0,0.0,0.0,0.0,0,0,5,0,0,0,3,44.567,,0
005,005065,Mombaruzzo,8582,0,3,38.0,70.0,100.0,945.0,0.0,0.0,0.0,0,0,27,3,0,0,4,51.1,,0
005,005066,Mombercelli,288,0,3,0.0,16.0,0.0,2058.0,0.0,0.0,0.001,0,0,8,4,0,1,0,61.695,,0
005,005067,Monale,437,0,3,0.0,10.0,0.0,985.0,0.0,0.0,0.0,0,1,21,2,0,3,8,44.651,,0
005,005068,Monastero Bormida,7484,0,3,36.0,74.0,100.0,840.0,0.0,0.0,0.0,0,1,12,5,0,0,0,48.072,,0
005,005069,Moncalvo,15260,0,3,61.0,229.0,0.0,2771.0,0.0,0.201,0.0,1,2,40,5,0,1,8,51.603,,0
005,005070,Moncucco Torinese,269,0,3,0.0,42.0,0.0,861.0,0.0,0.0,0.0,1,1,14,6,0,0,0,25.691,,0
005,005071,Mongardino,465,0,3,0.0,16.0,0.0,842.0,0.0,0.0,0.0,0,0,7,1,0,0,1,58.289,,0
005,005072,Montabone,3133,0,3,0.0,64.0,0.0,314.0,0.0,0.0,0.0,0,0,8,1,0,0,0,48.033,,0
005,005073,Montafia,1253,0,3,0.0,65.0,0.0,943.0,0.0,0.0,0.0,0,0,28,2,0,0,0,37.347,,0
005,005074,Montaldo Scarampi,313,0,3,0.0,16.0,0.0,706.0,0.0,0.0,0.0,0,0,1,1,0,0,0,60.051,,0
005,005075,Montechiaro d'Asti,557,0,3,0.0,0.0,0.0,1258.0,0.0,0.0,0.0,0,0,7,1,0,0,6,41.985,,0
005,005076,Montegrosso d'Asti,7762,0,3,52.0,60.0,0.0,2332.0,0.0,0.164,0.0,0,1,12,1,0,1,1,56.66,,0
005,005077,Montemagno Monferrato,5799,0,3,0.0,63.0,0.0,1036.0,0.0,0.0,0.0,0,1,9,6,0,0,0,59.065,,0
005,005080,Nizza Monferrato,25974,0,3,0.0,416.0,0.0,10063.0,0.0,0.0,0.0,1,1,33,1,0,6,6,55.389,,0
005,005081,Olmo Gentile,30,0,3,0.0,23.0,0.0,67.0,0.0,0.0,0.0,0,2,1,1,0,0,0,50.131,,0
005,005082,Passerano Marmorito,493,0,3,0.0,31.0,0.0,447.0,0.0,0.0,0.0,0,0,1,4,0,0,6,32.69,,0
005,005083,Penango,15461,0,3,110.0,79.0,100.0,440.0,0.0,0.238,0.0,0,0,9,1,0,0,1,51.788,,0
005,005084,Piea,225,0,3,0.0,0.0,0.0,508.0,0.0,0.0,0.0,0,1,6,4,0,0,4,37.92,,0
005,005085,Pino d'Asti,96,0,3,0.0,0.0,0.0,216.0,0.0,0.0,0.0,0,1,0,1,0,0,0,30.959,,0
005,005086,Piovà Massaia,256,0,3,0.0,12.0,0.0,577.0,0.0,0.0,0.0,0,0,18,3,0,0,8,35.766,,0
005,005087,Portacomaro,1977,0,3,24.0,80.0,0.0,1902.0,0.0,0.0,0.0,0,0,17,5,0,0,1,55.763,,0
005,005088,Quaranti,69,0,3,0.0,0.0,0.0,155.0,0.0,0.0,0.0,0,0,5,1,0,0,0,48.808,,0
005,005089,Refrancore,540,0,5,0.0,30.0,0.0,1543.0,0.0,0.0,0.0,0,0,15,0,0,0,0,62.441,,0
005,005090,Revigliasco d'Asti,321,0,3,0.0,0.0,0.0,725.0,0.0,0.0,0.0,0,0,21,0,0,1,0,54.977,,0
005,005091,Roatto,483,0,3,0.0,46.0,0.0,358.0,0.0,0.0,0.0,0,1,12,0,0,0,0,39.897,,0
005,005092,Robella,194,0,3,0.0,14.0,0.0,438.0,0.0,0.0,0.0,0,0,4,1,0,0,10,37.099,,0
005,005093,Rocca d'Arazzo,409,0,3,61.0,6.0,0.0,923.0,0.0,0.0,0.023,0,0,9,5,0,1,2,62.621,,0
005,005094,Roccaverano,3454,0,3,19.0,22.0,0.0,367.0,0.0,0.0,0.0,0,2,9,4,0,1,0,48.694,,0
005,005095,Rocchetta Palafea,148,0,3,0.0,11.0,0.0,335.0,0.0,0.0,0.0,0,0,2,1,0,0,0,51.243,,0
005,005096,Rocchetta Tanaro,3240,0,3,0.0,77.0,0.0,1316.0,0.0,0.0,1.156,0,2,4,7,0,0,0,63.177,,0
005,005097,San Damiano d'Asti,7476,0,3,14.0,169.0,0.0,8054.0,0.0,0.104,0.0,0,1,77,3,0,2,44,47.512,,0
005,005098,San Giorgio Scarampi,41,0,3,0.0,16.0,0.0,93.0,0.0,0.0,0.0,0,0,0,0,0,1,0,49.384,,0
005,005099,San Martino Alfieri,1651,0,3,0.0,42.0,0.0,678.0,0.0,0.0,0.0,0,0,9,0,0,0,0,49.766,,0
005,005100,San Marzano Oliveto,3943,0,3,0.0,113.0,0.0,994.0,0.0,0.0,0.0,0,0,2,0,0,0,1,57.378,,0
005,005101,San Paolo Solbrito,534,0,3,0.0,16.0,0.0,1162.0,0.0,0.0,0.0,0,2,16,4,0,1,3,37.889,,0
005,005103,Scurzolengo,230,0,3,0.0,0.0,0.0,520.0,0.0,0.0,0.0,0,1,5,4,0,0,0,55.589,,0
005,005104,Serole,43,0,3,0.0,2.0,0.0,97.0,0.0,0.0,0.052,0,1,1,3,0,0,0,48.694,,0
005,005105,Sessame,106,0,3,0.0,27.0,0.0,240.0,0.0,0.0,0.0,0,0,2,4,0,0,0,49.265,,0
005,005106,Settime,241,0,3,0.0,10.0,0.0,544.0,0.0,0.0,0.0,0,1,6,4,0,0,0,45.227,,0
005,005107,Soglio,57,0,3,0.0,4.0,0.0,129.0,0.0,0.0,0.0,0,1,4,1,0,0,2,40.393,,0
005,005108,Tigliole,4931,0,3,22.0,51.0,0.0,1710.0,0.0,0.0,0.047,0,0,16,2,0,0,5,49.013,,0
005,005109,Tonco,2039,0,3,0.0,40.0,0.0,735.0,0.0,0.0,0.0,0,0,8,3,0,0,11,46.784,,0
005,005111,Vaglio Serra,1704,0,3,0.0,44.0,0.0,258.0,0.0,0.0,0.0,0,0,9,2,0,0,0,58.434,,0
005,005112,Valfenera,1077,0,3,0.0,45.0,0.0,2430.0,0.0,0.0,0.0,0,0,46,2,0,0,2,41.823,,0
005,005113,Vesime,2019,0,3,0.0,60.0,0.0,587.0,0.0,0.0,0.0,0,1,12,0,0,0,0,48.814,,0
005,005114,Viale,103,0,3,0.0,0.0,0.0,232.0,0.0,0.0,0.0,0,1,3,1,0,0,0,38.371,,0
005,005115,Viarigi,372,0,3,0.0,15.0,0.0,839.0,0.0,0.0,0.0,0,0,8,2,0,0,1,61.865,,0
005,005116,Vigliano d'Asti,351,0,3,0.0,6.0,0.0,793.0,0.0,0.0,0.0,0,0,4,1,0,1,1,57.693,,0
005,005117,Villafranca d'Asti,1112,0,3,0.0,38.0,0.0,2934.0,0.0,0.0,0.0,0,0,9,4,0,1,8,43.621,,0
005,005118,Villanova d'Asti,2328,0,3,78.0,31.0,0.0,5496.0,0.0,0.233,0.0,1,0,53,7,0,7,18,35.55,,0
005,005119,Villa San Secondo,432,0,3,0.0,16.0,0.0,387.0,0.0,0.0,0.0,0,0,3,1,0,0,3,44.718,,0
005,005120,Vinchio,477,0,3,0.0,33.0,0.0,539.0,0.0,0.0,0.0,1,0,11,9,0,1,0,60.392,,0
005,005121,Montiglio Monferrato,542,0,3,24.0,40.0,0.0,1486.0,0.0,0.0,0.0,1,3,20,6,0,1,22,39.269,,0
005,005122,Moransengo-Tonengo,177,0,3,0.0,6.0,0.0,399.0,0.0,0.0,0.0,0,0,5,4,0,0,2,30.157,,0
006,006001,Acqui Terme,55866,0,3,885.0,292.0,37.97,18972.0,0.0,0.0,0.0,1,13,134,0,0,10,19,42.365,,0
006,006002,Albera Ligure,200,0,1,20.0,6.0,0.0,302.0,0.0,0.0,0.0,0,0,4,4,0,0,1,38.748,,0
006,006003,Alessandria,151899,0,5,873.0,271.0,72.28,91854.0,0.0,0.0,0.0,11,10,323,2,0,223,220,57.308,,0
006,006004,Alfiano Natta,11982,0,3,0.0,97.0,0.0,686.0,0.0,0.0,0.0,0,2,12,3,0,0,9,47.319,,0
006,006005,Alice Bel Colle,445,0,3,47.0,0.0,0.0,670.0,0.0,0.0,0.0,0,2,9,3,0,0,0,46.38,,0
006,006007,Altavilla Monferrato,261,0,3,0.0,11.0,0.0,394.0,0.0,0.0,0.0,1,1,4,1,0,1,0,62.087,,0
006,006008,Alzano Scrivia,238,0,5,0.0,0.0,0.0,359.0,0.0,0.0,0.0,0,0,0,0,0,0,1,56.47,,0
006,006009,Arquata Scrivia,1762,0,3,0.0,65.0,0.0,6297.0,0.0,0.403,0.0,0,1,19,4,1,5,11,28.827,,0
006,006010,Avolasca,168,0,3,0.0,7.0,0.0,253.0,0.0,0.0,0.0,0,0,2,0,0,1,0,45.452,,0
006,006011,Balzola,814,0,5,0.0,12.0,0.0,1227.0,0.0,0.0,0.0,0,4,4,0,0,0,4,55.2,,0
006,006012,Basaluzzo,1343,0,5,18.0,0.0,0.0,2024.0,0.0,0.0,0.0,0,0,9,0,0,2,1,40.674,,0
006,006013,Bassignana,1039,0,5,0.0,0.0,0.0,1566.0,0.0,0.0,15.601,0,0,18,7,0,0,0,64.722,,0
006,006014,Belforte Monferrato,332,0,3,87.0,0.0,100.0,500.0,0.0,0.0,0.0,0,0,8,1,0,0,0,25.377,,0
006,006015,Bergamasco,449,0,3,0.0,10.0,0.0,676.0,0.0,0.471,0.0,0,0,8,1,0,1,1,55.72,,0
006,006016,Berzano di Tortona,106,0,3,0.0,0.0,0.0,159.0,0.0,0.0,0.0,0,0,4,2,0,0,0,52.132,,0
006,006017,Bistagno,3201,0,3,28.0,8.0,100.0,1708.0,0.0,0.0,0.0,1,0,12,1,0,0,1,46.89,,0
006,006018,Borghetto di Borbera,1271,0,3,21.0,12.0,0.0,1916.0,0.0,0.0,0.0,0,0,15,10,1,3,2,37.145,,0
006,006019,Borgoratto Alessandrino,364,0,5,0.0,0.0,0.0,548.0,0.0,0.0,0.0,0,0,7,0,1,0,4,53.027,,0
006,006020,Borgo San Martino,896,0,5,0.0,0.0,0.0,1351.0,0.0,0.0,0.0,0,0,3,0,0,1,1,61.622,,0
006,006021,Bosco Marengo,1463,0,5,0.0,20.0,0.0,2204.0,0.0,0.0,0.688,0,0,23,1,0,2,4,46.437,,0
006,006022,Bosio,1481,0,1,0.0,63.0,0.0,1038.0,0.0,3.006,46.884,1,5,9,29,0,0,0,18.588,,0
006,006023,Bozzole,215,0,5,0.0,24.0,0.0,324.0,0.0,0.0,6.344,0,0,1,0,0,0,0,62.335,,0
006,006024,Brignano-Frascata,271,0,3,0.0,0.0,0.0,408.0,0.0,0.0,0.0,0,0,2,0,0,0,0,46.917,,0
006,006025,Cabella Ligure,3362,0,1,133.0,90.0,0.0,456.0,0.0,0.0,0.0,0,0,8,14,0,1,2,36.876,,0
006,006026,Camagna Monferrato,309,0,3,0.0,10.0,0.0,465.0,0.0,0.0,0.0,0,1,2,2,0,0,0,64.715,,0
006,006027,Camino,11639,0,3,0.0,85.0,0.0,737.0,0.0,0.0,1.564,0,1,24,3,0,1,4,49.193,,0
006,006028,Cantalupo Ligure,1405,0,1,24.0,53.0,0.0,447.0,0.0,0.0,0.0,0,1,4,6,0,0,1,39.551,,0
006,006029,Capriata d'Orba,1476,0,3,25.0,55.0,0.0,1761.0,0.0,0.0,0.022,0,2,44,2,1,2,6,37.011,,0
006,006030,Carbonara Scrivia,743,0,3,25.0,11.0,0.0,1120.0,0.0,0.023,0.0,0,0,7,0,0,0,0,48.931,,0
006,006031,Carentino,212,0,3,0.0,19.0,0.0,320.0,0.0,0.73,0.0,0,1,11,0,0,0,1,53.623,,0
006,006032,Carezzano,287,0,3,0.0,31.0,0.0,432.0,0.0,0.0,0.0,0,0,0,0,0,0,0,43.95,,0
006,006033,Carpeneto,154,0,3,22.0,43.0,100.0,875.0,0.0,0.0,0.0,0,1,21,0,0,1,1,35.815,,0
006,006034,Carrega Ligure,54,0,1,0.0,19.0,0.0,82.0,0.0,0.0,0.212,1,1,1,17,0,0,2,33.568,,0
006,006035,Carrosio,326,0,3,11.0,0.0,0.0,492.0,0.0,0.0,0.0,0,0,6,2,0,0,0,27.048,,0
006,006036,Cartosio,3955,0,3,24.0,82.0,0.0,710.0,0.0,0.0,0.0,0,1,9,3,0,1,0,39.044,,0
006,006037,Casal Cermelli,776,0,5,0.0,30.0,0.0,1169.0,0.0,0.0,1.29,1,0,27,1,0,0,6,48.604,,0
006,006038,Casaleggio Boiro,233,0,3,0.0,16.0,0.0,351.0,0.0,0.0,3.523,0,1,16,8,0,1,0,23.589,,0
006,006039,Casale Monferrato,37584,0,5,256.0,163.0,41.02,32220.0,0.0,0.0,11.296,3,7,57,4,0,14,287,59.636,,0
006,006040,Casalnoceto,645,0,5,0.0,5.0,0.0,972.0,0.0,0.0,0.0,0,0,5,2,0,0,0,57.135,,0
006,006041,Casasco,80,0,3,0.0,13.0,0.0,121.0,0.0,0.0,0.0,0,0,0,0,0,0,0,47.12,,0
006,006043,Cassine,815,0,3,25.0,39.0,0.0,2788.0,0.0,0.0,0.0,1,2,24,3,0,1,3,45.596,,0
006,006044,Cassinelle,566,0,3,0.0,11.0,0.0,853.0,0.0,0.0,0.0,1,0,17,5,0,1,0,29.254,,0
006,006045,Castellania Coppi,56,0,3,0.0,70.0,0.0,85.0,0.0,0.0,0.0,2,0,2,1,0,0,0,43.276,,0
006,006046,Castellar Guidobono,270,0,5,0.0,0.0,0.0,407.0,0.0,0.0,0.0,0,0,3,0,0,0,0,55.596,,0
006,006047,Castellazzo Bormida,2947,0,5,154.0,3.0,100.0,4441.0,0.0,0.0,0.0,0,5,22,2,0,0,2,51.442,,0
006,006048,Castelletto d'Erro,85,0,3,0.0,2.0,0.0,128.0,0.0,0.0,0.0,0,1,8,1,0,1,0,43.347,,0
006,006049,Castelletto d'Orba,7961,0,3,56.0,30.0,100.0,1814.0,0.0,0.0,0.0,0,1,27,0,1,0,0,32.398,,0
006,006050,Castelletto Merli,349,0,3,0.0,47.0,0.0,452.0,0.0,0.17,0.0,0,0,9,1,0,0,2,48.027,,0
006,006051,Castelletto Monferrato,944,0,3,0.0,6.0,0.0,1423.0,0.0,0.0,0.0,0,0,2,3,0,0,1,66.271,,0
006,006052,Castelnuovo Bormida,409,0,3,0.0,16.0,0.0,617.0,0.0,0.0,0.0,0,1,15,0,0,0,3,42.974,,0
006,006053,Castelnuovo Scrivia,3218,0,5,80.0,6.0,100.0,4849.0,0.0,0.0,0.0,0,1,18,1,0,0,0,60.728,,0
006,006054,Castelspina,255,0,5,0.0,0.0,0.0,385.0,0.0,0.0,0.0,0,0,4,0,0,0,1,47.292,,0
006,006055,Cavatore,171,0,3,0.0,17.0,0.0,258.0,0.0,0.0,0.0,0,0,7,2,0,0,0,39.165,,0
006,006056,Cella Monte,244,0,3,0.0,28.0,0.0,456.0,0.0,0.0,0.0,1,0,2,5,0,0,0,59.599,,0
006,006057,Cereseto,1497,0,3,0.0,67.0,0.0,372.0,0.0,0.0,0.0,0,1,0,3,0,0,2,54.194,,0
006,006058,Cerreto Grue,196,0,3,0.0,11.0,0.0,295.0,0.0,0.0,0.0,0,0,1,0,0,0,0,47.782,,0
006,006059,Cerrina Monferrato,856,0,3,0.0,20.0,0.0,1290.0,0.0,0.0,0.0,0,0,12,2,0,2,17,44.999,,0
006,006060,Coniolo,289,0,3,0.0,8.0,0.0,435.0,0.0,0.0,6.289,1,1,9,3,0,0,1,57.762,,0
006,006061,Conzano,453,0,3,0.0,23.0,0.0,931.0,0.0,0.0,0.0,1,7,9,1,0,2,3,66.439,,0
006,006062,Costa Vescovato,3174,0,3,0.0,83.0,0.0,313.0,0.0,0.0,0.0,0,0,2,4,0,0,0,45.683,,0
006,006063,Cremolino,8557,0,3,12.0,83.0,0.0,1021.0,0.0,0.0,0.0,0,2,37,2,0,0,0,32.34,,0
006,006065,Denice,109,0,3,0.0,0.0,0.0,165.0,0.0,0.0,0.0,0,1,2,0,0,0,1,45.677,,0
006,006066,Dernice,441,0,3,0.0,50.0,0.0,177.0,0.0,0.0,0.0,0,0,0,2,0,0,0,41.903,,0
006,006067,Fabbrica Curone,1587,0,1,144.0,136.0,0.0,566.0,0.0,0.0,0.0,0,0,22,29,0,3,1,44.74,,0
006,006068,Felizzano,1386,0,5,0.0,0.0,0.0,2089.0,0.0,0.0,0.0,0,0,8,1,1,0,5,64.054,,0
006,006069,Fraconalto,202,0,1,24.0,6.0,0.0,305.0,0.0,0.0,0.0,0,0,6,5,0,1,2,19.42,,0
006,006070,Francavilla Bisio,519,0,3,0.0,30.0,0.0,512.0,0.0,0.0,0.0,0,1,16,1,0,0,0,35.79,,0
006,006071,Frascaro,283,0,3,0.0,0.0,0.0,426.0,0.0,0.0,0.0,0,0,10,0,0,0,0,51.913,,0
006,006072,Frassinello Monferrato,171,0,3,0.0,20.0,0.0,461.0,0.0,0.0,0.0,0,2,3,1,0,1,0,61.243,,0
006,006073,Frassineto Po,904,0,5,0.0,9.0,0.0,1362.0,0.0,0.0,16.371,1,0,8,5,0,0,1,56.738,,0
006,006074,Fresonara,421,0,5,0.0,0.0,0.0,635.0,0.0,0.0,0.001,0,0,3,0,0,0,0,42.809,,0
006,006075,Frugarolo,1244,0,5,0.0,29.0,0.0,1874.0,0.0,0.0,0.0,0,0,21,0,0,0,3,50.619,,0
006,006076,Fubine Monferrato,8836,0,3,0.0,161.0,0.0,1600.0,0.0,0.0,0.0,0,0,5,3,0,0,2,66.462,,0
006,006077,Gabiano,1452,0,3,9.0,63.0,0.0,1021.0,0.0,0.0,0.0,0,1,14,5,0,0,5,43.961,,0
006,006078,Gamalero,527,0,3,0.0,0.0,0.0,794.0,0.0,0.0,0.0,0,0,13,1,0,0,3,49.95,,0
006,006079,Garbagna,5444,0,3,0.0,97.0,0.0,617.0,0.0,0.0,0.0,0,0,5,7,0,1,0,42.631,,0
006,006081,Gavi,26071,0,3,119.0,237.0,71.43,4389.0,0.0,0.0,0.0,0,2,50,6,0,4,0,30.551,,0
006,006082,Giarole,469,0,5,0.0,12.0,0.0,707.0,0.0,0.0,0.0,0,1,3,0,0,0,1,64.702,,0
006,006083,Gremiasco,184,0,1,0.0,8.0,0.0,277.0,0.0,0.0,0.0,0,0,6,1,0,0,0,47.878,,0
006,006084,Grognardo,290,0,3,0.0,19.0,0.0,231.0,0.0,0.0,0.0,0,1,6,4,0,0,0,36.506,,0
006,006085,Grondona,1046,0,3,0.0,17.0,0.0,468.0,0.0,0.0,0.0,0,0,8,7,0,0,1,32.816,,0
006,006086,Guazzora,187,0,5,0.0,0.0,0.0,282.0,0.0,0.0,0.259,0,0,0,0,0,0,0,57.099,,0
006,006087,Isola Sant'Antonio,433,0,5,0.0,0.0,0.0,653.0,0.0,0.0,13.504,0,0,1,3,0,1,1,56.592,,0
006,006088,Lerma,1064,0,3,0.0,50.0,0.0,799.0,0.0,0.0,2.188,0,4,29,1,0,1,5,25.648,,0
006,006090,Malvicino,52,0,3,0.0,0.0,0.0,78.0,0.0,0.145,0.0,0,0,2,0,0,0,0,37.307,,0
006,006091,Masio,845,0,5,0.0,0.0,0.0,1273.0,0.0,0.0,0.0,0,1,3,2,0,0,0,60.424,,0
006,006092,Melazzo,3106,0,3,0.0,51.0,0.0,1191.0,0.0,0.0,0.0,0,1,28,1,0,0,0,41.938,,0
006,006093,Merana,829,0,3,0.0,17.0,0.0,179.0,0.0,0.0,0.174,0,0,4,1,0,0,1,45.429,,0
006,006094,Mirabello Monferrato,805,0,5,0.0,0.0,0.0,1213.0,0.0,0.0,0.0,0,0,7,2,0,0,1,68.176,,0
006,006095,Molare,1330,0,3,0.0,12.0,0.0,2004.0,0.0,0.0,0.112,0,0,45,9,0,1,3,26.831,,0
006,006096,Molino dei Torti,386,0,5,0.0,0.0,0.0,581.0,0.0,0.0,0.41,0,0,1,0,0,0,1,54.878,,0
006,006097,Mombello Monferrato,1148,0,3,0.0,67.0,0.0,918.0,0.0,0.0,0.0,0,0,18,4,0,2,14,48.308,,0
006,006098,Momperone,532,0,3,0.0,39.0,0.0,200.0,0.0,0.0,0.0,0,0,1,0,0,0,0,49.887,,0
006,006099,Moncestino,127,0,3,0.0,6.0,0.0,191.0,0.0,0.0,0.539,0,0,4,0,0,0,1,40.169,,0
006,006100,Mongiardino Ligure,101,0,1,25.0,8.0,0.0,152.0,0.0,0.0,0.147,0,1,0,3,0,0,2,31.349,,0
006,006101,Monleale,370,0,3,0.0,17.0,0.0,558.0,0.0,0.0,0.0,0,0,5,1,0,0,0,51.953,,0
006,006102,Montacuto,155,0,1,0.0,5.0,0.0,234.0,0.0,0.0,0.0,0,0,1,1,0,0,0,43.927,,0
006,006103,Montaldeo,491,0,3,0.0,28.0,0.0,208.0,0.0,0.0,0.0,0,1,8,0,0,0,0,29.566,,0
006,006104,Montaldo Bormida,389,0,3,0.0,15.0,0.0,586.0,0.0,0.0,0.0,0,0,8,0,0,0,0,37.231,,0
006,006105,Montecastello,184,0,3,0.0,0.0,0.0,277.0,0.0,0.0,0.0,0,1,0,3,0,0,0,61.676,,0
006,006106,Montechiaro d'Acqui,1421,0,3,25.0,41.0,0.0,507.0,0.0,0.619,0.0,1,0,9,3,0,2,0,41.661,,0
006,006107,Montegioco,180,0,3,0.0,0.0,0.0,271.0,0.0,0.0,0.0,0,0,4,0,0,0,0,48.417,,0
006,006108,Montemarzino,204,0,3,0.0,18.0,0.0,307.0,0.0,0.0,0.0,0,0,3,0,0,0,0,49.84,,0
006,006109,Morano sul Po,844,0,5,0.0,0.0,0.0,1272.0,0.0,0.0,1.112,1,6,9,1,0,0,5,55.38,,0
006,006110,Morbello,263,0,3,0.0,16.0,0.0,396.0,0.0,0.394,0.0,0,1,5,3,0,0,1,32.614,,0
006,006111,Mornese,7376,0,3,0.0,161.0,0.0,678.0,0.0,0.0,1.286,1,1,9,0,0,0,0,24.727,,0
006,006112,Morsasco,401,0,3,0.0,18.0,0.0,605.0,0.0,0.0,0.0,0,2,3,0,0,0,0,36.654,,0
006,006113,Murisengo,1172,0,3,15.0,52.0,0.0,1271.0,0.0,0.0,0.0,0,4,12,2,0,0,17,40.441,,0
006,006114,Novi Ligure,41681,0,5,334.0,267.0,27.84,27313.0,0.0,0.0,0.0,2,5,87,0,0,12,94,39.268,,0
006,006115,Occimiano,805,0,5,0.0,10.0,0.0,1213.0,0.0,0.0,0.0,0,0,3,0,0,1,0,65.339,,0
006,006116,Odalengo Grande,585,0,3,0.0,29.0,0.0,406.0,0.0,0.086,0.0,0,1,2,2,0,0,6,41.52,,0
006,006117,Odalengo Piccolo,151,0,3,0.0,7.0,0.0,227.0,0.0,0.0,0.0,0,1,4,3,0,0,5,45.87,,0
006,006118,Olivola,72,0,3,0.0,29.0,0.0,109.0,0.0,0.0,0.0,0,0,1,1,0,1,0,59.33,,0
006,006119,Orsara Bormida,257,0,3,0.0,16.0,0.0,388.0,0.0,0.0,0.0,1,1,4,0,0,0,3,37.676,,0
006,006120,Ottiglio,956,0,3,0.0,64.0,0.0,563.0,0.0,0.174,0.0,0,1,9,7,0,0,0,56.718,,0
006,006121,Ovada,8098,0,3,102.0,151.0,0.0,10816.0,0.0,0.0,0.0,1,0,89,3,1,11,3,28.612,,0
006,006122,Oviglio,372,0,5,39.0,25.0,46.15,1213.0,0.0,0.0,0.0,0,1,9,0,0,0,2,57.77,,0
006,006123,Ozzano Monferrato,919,0,3,0.0,37.0,0.0,1352.0,0.0,0.0,0.0,1,2,5,4,0,0,8,57.449,,0
006,006124,Paderna,123,0,3,0.0,0.0,0.0,186.0,0.0,0.0,0.0,0,0,2,1,0,0,0,45.87,,0
006,006125,Pareto,1574,0,3,0.0,78.0,0.0,510.0,0.0,0.0,0.0,0,0,5,4,0,0,0,36.821,,0
006,006126,Parodi Ligure,391,0,3,0.0,7.0,0.0,589.0,0.0,0.0,0.0,0,0,2,1,0,0,0,29.625,,0
006,006127,Pasturana,839,0,3,0.0,26.0,0.0,1264.0,0.0,0.0,0.0,0,1,48,1,0,0,2,38.293,,0
006,006128,Pecetto di Valenza,772,0,3,0.0,8.0,0.0,1164.0,0.0,0.0,0.035,1,0,5,5,0,0,0,65.233,,0
006,006129,Pietra Marazzi,583,0,3,0.0,3.0,0.0,878.0,0.0,0.0,0.0,0,1,18,0,0,0,0,60.447,,0
006,006131,Pomaro Monferrato,202,0,5,0.0,0.0,0.0,304.0,0.0,0.0,0.482,0,1,0,0,0,0,0,63.224,,0
006,006132,Pontecurone,2309,0,5,25.0,0.0,100.0,3479.0,0.0,0.0,0.0,0,0,19,0,0,7,1,60.109,,0
006,006133,Pontestura,879,0,3,0.0,18.0,0.0,1324.0,0.0,0.969,4.456,0,0,5,4,0,0,2,53.76,,0
006,006134,Ponti,3895,0,3,0.0,89.0,0.0,495.0,0.0,0.0,0.0,0,1,15,2,0,0,1,44.934,,0
006,006135,Ponzano Monferrato,135,0,3,0.0,30.0,0.0,324.0,0.0,0.0,0.016,0,1,5,0,0,0,0,50.516,,0
006,006136,Ponzone,1219,0,3,99.0,69.0,0.0,982.0,0.0,0.0,0.0,0,0,32,14,0,0,0,31.904,,0
006,006137,Pozzol Groppo,196,0,3,0.0,12.0,0.0,295.0,0.0,0.0,0.0,0,2,3,1,0,0,0,52.951,,0
006,006138,Pozzolo Formigaro,2999,0,5,28.0,0.0,0.0,4519.0,0.0,0.825,0.0,0,1,8,0,0,0,6,44.423,,0
006,006139,Prasco,328,0,3,0.0,6.0,0.0,495.0,0.0,0.0,0.0,0,0,4,0,0,0,1,35.175,,0
006,006140,Predosa,1265,0,5,10.0,0.0,0.0,1907.0,0.0,0.0,0.477,0,0,19,1,0,0,9,41.18,,0
006,006141,Quargnento,4290,0,5,18.0,59.0,0.0,1334.0,0.0,0.307,0.0,0,0,13,0,0,0,1,66.423,,0
006,006142,Quattordio,2628,0,5,88.0,39.0,84.09,1462.0,0.0,0.0,0.0,0,1,23,1,0,0,0,65.504,,0
006,006143,Ricaldone,463,0,3,16.0,43.0,0.0,607.0,0.0,0.0,0.0,1,1,7,1,0,0,0,46.173,,0
006,006144,Rivalta Bormida,906,0,3,0.0,5.0,0.0,1366.0,0.0,0.0,0.0,0,0,16,0,0,2,5,40.076,,0
006,006145,Rivarone,262,0,5,0.0,0.0,0.0,395.0,0.0,0.0,0.0,0,0,1,1,0,0,0,63.036,,0
006,006146,Roccaforte Ligure,78,0,1,0.0,15.0,0.0,117.0,0.0,0.0,0.0,0,1,0,4,0,0,3,32.802,,0
006,006147,Rocca Grimalda,3990,0,3,0.0,98.0,0.0,1401.0,0.0,0.0,0.0,1,1,17,0,0,0,5,34.129,,0
006,006148,Rocchetta Ligure,146,0,1,0.0,5.0,0.0,220.0,0.0,0.0,0.0,0,0,2,4,0,0,2,35.324,,0
006,006149,Rosignano Monferrato,3842,0,3,0.0,98.0,0.0,1425.0,0.0,0.0,0.0,0,5,4,0,0,1,0,61.855,,0
006,006150,Sala Monferrato,220,0,3,0.0,6.0,0.0,331.0,0.0,0.0,0.0,1,0,0,1,0,0,0,57.029,,0
006,006151,Sale,6379,0,5,23.0,65.0,0.0,3842.0,0.0,0.222,0.0,0,0,26,0,0,1,3,61.384,,0
006,006152,San Cristoforo,344,0,3,0.0,11.0,0.0,519.0,0.0,0.0,0.0,0,0,14,0,0,1,0,32.288,,0
006,006153,San Giorgio Monferrato,810,0,3,0.0,12.0,0.0,1221.0,0.0,0.0,0.0,0,2,4,0,0,1,10,60.735,,0
006,006154,San Salvatore Monferrato,3387,0,3,15.0,18.0,0.0,4017.0,0.0,0.0,0.0,0,0,9,2,0,0,0,69.405,,0
006,006155,San Sebastiano Curone,365,0,3,0.0,31.0,0.0,550.0,0.0,0.0,0.0,0,1,5,1,0,1,0,45.308,,0
006,006156,Sant'Agata Fossili,242,0,3,0.0,18.0,0.0,364.0,0.0,0.0,0.0,0,0,3,1,0,1,0,41.529,,0
006,006157,Sardigliano,248,0,3,0.0,0.0,0.0,374.0,0.0,0.0,0.0,0,0,4,0,0,0,0,39.672,,0
006,006158,Sarezzano,2164,0,3,0.0,36.0,0.0,1098.0,0.0,0.0,0.0,0,0,9,1,0,1,0,50.6,,0
006,006159,Serralunga di Crea,1185,0,3,0.0,59.0,0.0,496.0,0.0,0.0,0.346,0,2,1,2,0,0,3,51.421,,0
006,006160,Serravalle Scrivia,32340,0,3,129.0,103.0,80.62,5890.0,0.0,0.0,0.0,0,1,33,2,0,7,9,34.398,,0
006,006161,Sezzadio,884,0,3,0.0,38.0,0.0,1174.0,0.0,0.208,0.0,0,0,14,0,0,0,1,43.437,,0
006,006162,Silvano d'Orba,1254,0,3,33.0,0.0,0.0,1890.0,0.0,0.0,0.0,0,1,29,0,0,0,0,31.976,,0
006,006163,Solero,1060,0,5,0.0,0.0,0.0,1598.0,0.0,0.0,0.0,0,3,9,0,0,1,3,61.717,,0
006,006164,Solonghello,129,0,3,25.0,0.0,0.0,195.0,0.0,0.0,0.0,0,1,3,0,0,0,2,50.846,,0
006,006165,Spigno Monferrato,19141,0,3,0.0,455.0,0.0,903.0,0.0,0.0,0.0,0,0,12,5,0,1,1,42.107,,0
006,006166,Spineto Scrivia,227,0,3,0.0,26.0,0.0,371.0,0.0,0.0,0.0,0,0,0,1,0,0,0,47.271,,0
006,006167,Stazzano,689,0,3,0.0,24.0,0.0,2282.0,0.0,0.0,0.0,0,0,6,3,0,0,3,36.269,,0
006,006168,Strevi,633,0,3,0.0,35.0,0.0,1956.0,0.0,0.0,0.0,0,1,24,0,0,0,5,40.718,,0
006,006169,Tagliolo Monferrato,9415,0,3,25.0,61.0,100.0,1478.0,0.0,0.0,8.435,0,1,57,5,0,4,1,25.024,,0
006,006170,Tassarolo,3158,0,3,13.0,34.0,0.0,581.0,0.0,0.0,0.0,0,1,45,1,0,1,0,35.273,,0
006,006171,Terruggia,11583,0,3,193.0,42.0,100.0,881.0,0.0,0.0,0.0,0,0,0,1,0,0,4,64.315,,0
006,006172,Terzo,545,0,3,0.0,5.0,0.0,821.0,0.0,0.0,0.0,0,1,14,1,0,0,1,44.871,,0
006,006173,Ticineto,872,0,5,0.0,0.0,0.0,1314.0,0.0,0.0,0.075,0,0,4,0,0,0,0,60.078,,0
006,006174,Tortona,54431,0,5,362.0,88.0,6.63,26436.0,0.0,3.208,0.0,1,5,185,3,0,7,23,52.635,,0
006,006175,Treville,177,0,3,0.0,10.0,0.0,267.0,0.0,0.0,0.0,0,0,0,2,0,0,0,56.53,,0
006,006176,Trisobbio,1777,0,3,0.0,26.0,0.0,647.0,0.0,0.0,0.0,0,1,19,1,0,1,0,34.183,,0
006,006177,Valenza,17360,0,3,68.0,548.0,0.0,18084.0,0.0,0.0,11.144,2,2,30,6,1,7,3,68.258,,0
006,006178,Valmacca,648,0,5,0.0,6.0,0.0,976.0,0.0,0.0,8.245,0,0,4,4,0,0,0,59.292,,0
006,006179,Vignale Monferrato,4256,0,3,24.0,242.0,0.0,952.0,0.0,0.0,0.0,0,0,5,1,0,4,1,62.744,,0
006,006180,Vignole Borbera,1352,0,3,0.0,8.0,0.0,2038.0,0.0,0.0,0.0,0,0,9,0,0,2,0,33.397,,0
006,006181,Viguzzolo,2036,0,5,0.0,8.0,0.0,3068.0,0.0,0.0,0.0,0,1,19,2,0,0,0,55.364,,0
006,006182,Villadeati,914,0,3,0.0,46.0,0.0,484.0,0.0,0.0,0.0,0,1,4,0,0,0,8,43.678,,0
006,006183,Villalvernia,569,0,5,0.0,0.0,0.0,858.0,0.0,0.0,0.0,0,1,2,1,0,0,0,44.171,,0
006,006184,Villamiroglio,194,0,3,0.0,6.0,0.0,292.0,0.0,0.0,0.0,0,1,3,2,0,0,2,40.868,,0
006,006185,Villanova Monferrato,1137,0,5,72.0,5.0,0.0,1714.0,0.0,0.0,0.0,0,0,4,0,0,0,0,53.353,,0
006,006186,Villaromagnano,1126,0,3,0.0,14.0,0.0,655.0,0.0,0.0,0.0,0,0,6,0,0,0,0,48.434,,0
006,006187,Visone,783,0,3,0.0,6.0,0.0,1180.0,0.0,0.0,0.0,1,1,27,3,0,0,1,37.713,,0
006,006188,Volpedo,2694,0,3,26.0,60.0,100.0,1137.0,0.0,0.0,0.0,2,0,13,2,0,0,1,54.183,,0
006,006189,Volpeglino,84,0,3,0.0,14.0,0.0,127.0,0.0,0.0,0.0,0,0,4,0,0,0,0,54.343,,0
006,006190,Voltaggio,858,0,1,0.0,234.0,0.0,652.0,0.0,0.256,17.556,1,0,14,11,0,2,0,21.059,,0
006,006191,Cassano Spinola,245,0,3,34.0,26.0,0.0,1793.0,0.0,0.382,0.0,0,0,7,0,1,1,1,39.806,,0
006,006192,Alluvioni Piovera,1063,0,5,0.0,9.0,0.0,1602.0,0.0,0.0,1.226,0,1,14,2,0,1,1,62.097,,0
006,006193,Lu e Cuccaro Monferrato,3330,0,3,0.0,90.0,0.0,1296.0,0.0,0.0,0.0,2,1,24,1,0,0,1,69.062,,0
007,007001,Allein,527,0,1,0.0,89.0,0.0,209.0,0.0,0.0,0.0,1,0,0,6,0,0,0,11.288,,0
007,007002,Antey-Saint-André,77609,0,1,403.0,821.0,0.0,565.0,0.0,0.0,0.0,0,3,12,20,0,0,0,19.607,,0
007,007003,Aosta,228087,0,1,987.0,824.0,46.0,33098.0,0.0,0.165,0.074,3,10,49,4,0,40,0,5.364,,0
007,007004,Arnad,5133,0,1,22.0,88.0,0.0,1232.0,0.0,0.0,0.0,0,6,2,3,0,0,0,30.771,,0
007,007005,Arvier,22537,0,1,221.0,497.0,0.0,806.0,0.0,0.534,0.0,2,5,6,14,0,0,0,21.321,,0
007,007006,Avise,1658,0,1,25.0,52.0,0.0,303.0,0.0,0.0,0.0,0,2,1,22,0,1,0,19.986,,0
007,007007,Ayas,221677,0,1,1667.0,1076.0,27.95,1369.0,0.0,0.353,0.0,0,11,109,57,0,12,0,31.016,,0
007,007008,Aymavilles,18079,0,1,159.0,394.0,0.0,2096.0,0.0,0.131,0.0,1,1,2,21,0,3,0,13.059,,0
007,007009,Bard,10177,0,1,69.0,47.0,55.07,102.0,0.0,0.0,0.0,2,4,2,4,0,1,0,32.53,,0
007,007010,Bionaz,18297,0,1,25.0,855.0,0.0,222.0,0.0,0.387,0.0,0,0,3,29,0,1,0,21.253,,0
007,007011,Brissogne,909,0,1,19.0,17.0,0.0,953.0,0.0,4.72,0.0,0,1,5,11,0,1,0,4.694,,0
007,007012,Brusson,77205,0,1,333.0,2046.0,0.0,814.0,0.0,0.404,0.0,1,1,90,17,0,7,0,30.112,,0
007,007013,Challand-Saint-Anselme,16403,0,1,106.0,409.0,0.0,740.0,0.0,0.0,0.0,0,0,4,5,0,5,0,30.515,,0
007,007014,Challand-Saint-Victor,1403,0,1,0.0,40.0,0.0,546.0,0.0,0.0,0.0,0,11,2,9,0,0,0,29.621,,0
007,007015,Chambave,2811,0,1,0.0,26.0,0.0,869.0,0.0,0.0,0.0,0,0,1,7,0,0,0,13.997,,0
007,007016,Chamois,8393,0,1,64.0,44.0,100.0,108.0,0.0,0.0,0.0,0,1,20,14,0,0,0,24.126,,0
007,007017,Champdepraz,4517,0,1,36.0,78.0,0.0,726.0,0.0,0.562,35.474,0,2,7,21,0,2,0,19.414,,0
007,007018,Champorcher,15922,0,1,158.0,258.0,0.0,369.0,0.0,1.423,21.264,0,1,58,42,0,3,0,22.067,,0
007,007019,Charvensod,33747,0,1,113.0,193.0,0.0,2423.0,0.0,1.396,0.0,0,0,6,14,0,1,0,5.683,,0
007,007020,Châtillon,60479,0,1,294.0,375.0,24.49,4346.0,0.0,0.0,0.002,2,23,9,17,0,6,0,20.196,,0
007,007021,Cogne,154553,0,1,1003.0,2743.0,40.48,1310.0,0.0,0.917,0.019,7,10,125,74,0,10,0,16.534,,0
007,007022,Courmayeur,554515,0,1,3466.0,3088.0,49.54,2602.0,0.0,1.125,0.01,4,1,317,89,0,17,0,33.906,,0
007,007023,Donnas,3719,0,1,21.0,92.0,0.0,2391.0,0.0,0.0,0.0,1,4,21,20,0,3,0,34.245,,0
007,007024,Doues,5952,0,1,0.0,133.0,0.0,505.0,0.0,0.0,0.0,0,1,1,6,0,1,0,12.036,,0
007,007025,Emarèse,1077,0,1,16.0,48.0,0.0,225.0,0.0,0.0,0.0,0,0,6,6,0,1,0,26.062,,0
007,007026,Etroubles,27800,0,1,110.0,427.0,0.0,481.0,0.0,0.0,0.0,0,1,4,12,0,1,0,15.863,,0
007,007027,Fénis,11845,0,1,86.0,134.0,0.0,1769.0,0.0,0.605,0.054,1,2,6,33,0,1,0,12.74,,0
007,007028,Fontainemore,4051,0,1,0.0,126.0,0.0,432.0,0.0,0.318,3.649,1,1,4,19,0,1,0,41.36,,0
007,007029,Gaby,15531,0,1,151.0,233.0,0.0,418.0,0.0,0.284,0.0,0,0,5,18,0,0,0,40.125,,0
007,007030,Gignod,10978,0,1,59.0,339.0,0.0,1687.0,0.0,0.061,0.0,0,1,4,11,0,2,0,9.753,,0
007,007031,Gressan,170857,0,1,1285.0,719.0,0.0,3375.0,0.0,0.835,0.197,0,2,127,8,0,1,0,7.6,,0
007,007032,Gressoney-La-Trinité,117734,0,1,1327.0,664.0,41.37,320.0,0.0,0.462,0.004,1,3,105,26,0,3,0,38.671,,0
007,007033,Gressoney-Saint-Jean,118916,0,1,1009.0,1114.0,11.1,760.0,0.0,0.484,0.0,1,5,125,33,0,2,0,36.719,,0
007,007034,Hône,2031,0,1,7.0,129.0,0.0,1159.0,0.0,0.0,0.0,0,2,3,8,0,0,0,31.003,,0
007,007035,Introd,14043,0,1,0.0,309.0,0.0,653.0,0.0,0.0,0.0,2,5,1,12,0,0,0,16.566,,0
007,007036,Issime,1618,0,1,16.0,20.0,0.0,381.0,0.0,0.0,0.0,0,1,1,8,0,0,0,36.994,,0
007,007037,Issogne,520,0,1,13.0,39.0,0.0,1290.0,0.0,0.0,0.178,0,2,6,10,0,1,0,24.658,,0
007,007038,Jovençan,10197,0,1,0.0,69.0,0.0,714.0,0.0,0.202,0.0,1,0,1,2,0,0,0,8.445,,0
007,007039,La Magdeleine,1814,0,1,90.0,0.0,0.0,99.0,0.0,0.0,0.0,0,1,2,7,0,0,0,21.976,,0
007,007040,La Salle,61462,0,1,233.0,1750.0,47.64,2032.0,0.0,0.708,0.0,0,3,5,22,0,1,0,23.402,,0
007,007041,La Thuile,257344,0,1,2427.0,649.0,44.17,776.0,0.0,6.126,0.0,1,4,267,32,0,2,0,35.128,,0
007,007042,Lillianes,3389,0,1,0.0,165.0,0.0,412.0,0.0,0.223,0.0,0,0,4,12,0,0,0,40.182,,0
007,007043,Montjovet,13451,0,1,154.0,67.0,0.0,1748.0,0.0,0.0,0.0,0,4,5,5,0,1,0,23.281,,0
007,007044,Morgex,33979,0,1,114.0,679.0,0.0,2057.0,0.0,1.601,0.0,0,3,61,24,0,3,0,27.228,,0
007,007045,Nus,24728,0,1,132.0,387.0,0.0,2950.0,0.0,0.021,0.0,1,3,83,33,0,2,0,12.635,,0
007,007046,Ollomont,1729,0,1,28.0,212.0,0.0,165.0,0.0,0.381,0.0,0,3,3,17,0,2,0,16.54,,0
007,007047,Oyace,220,0,1,0.0,18.0,0.0,202.0,0.0,0.0,0.0,0,0,2,12,0,0,0,11.812,,0
007,007048,Perloz,1609,0,1,0.0,34.0,0.0,451.0,0.0,0.0,0.0,1,4,1,14,0,0,0,36.591,,0
007,007049,Pollein,58784,0,1,291.0,60.0,0.0,1501.0,0.0,0.0,0.0,0,0,1,7,0,1,0,3.206,,0
007,007050,Pontboset,3689,0,1,17.0,78.0,0.0,170.0,0.0,0.0,0.0,0,0,1,13,0,1,0,28.801,,0
007,007051,Pontey,2165,0,1,20.0,24.0,0.0,778.0,0.0,0.0,0.018,0,0,3,11,0,0,0,16.889,,0
007,007052,Pont-Saint-Martin,13602,0,1,86.0,125.0,0.0,3541.0,0.0,0.0,0.0,2,5,11,3,0,10,0,37.863,,0
007,007053,Pré-Saint-Didier,112586,0,1,924.0,248.0,25.97,955.0,0.0,0.0,0.0,0,1,16,14,0,0,0,32.288,,0
007,007054,Quart,13937,0,1,75.0,251.0,0.0,4127.0,0.0,0.183,0.0,0,4,4,11,0,4,0,6.295,,0
007,007055,Rhêmes-Notre-Dame,32510,0,1,255.0,306.0,0.0,76.0,0.0,0.875,0.013,0,0,20,28,0,0,0,30.57,,0
007,007056,Rhêmes-Saint-Georges,23047,0,1,0.0,420.0,0.0,163.0,0.0,0.0,0.0,0,0,1,5,0,0,0,21.354,,0
007,007057,Roisan,1105,0,1,0.0,32.0,0.0,1014.0,0.0,0.0,0.0,0,2,4,2,0,0,0,6.5,,0
007,007058,Saint-Christophe,14005,0,1,120.0,42.0,0.0,3468.0,0.0,0.0,0.034,0,2,11,6,0,5,0,3.034,,0
007,007059,Saint-Denis,401,0,1,0.0,32.0,0.0,368.0,0.0,0.0,0.0,0,1,2,7,0,0,0,16.077,,0
007,007060,Saint-Marcel,1073,0,1,0.0,100.0,0.0,1331.0,0.0,0.734,0.0,0,4,3,17,0,0,0,8.351,,0
007,007061,Saint-Nicolas,9712,0,1,88.0,138.0,0.0,334.0,0.0,0.0,0.0,2,3,3,14,0,3,0,16.085,,0
007,007062,Saint-Oyen,12803,0,1,25.0,624.0,0.0,194.0,0.0,0.0,0.0,0,3,4,12,0,0,0,15.665,,0
007,007063,Saint-Pierre,26108,0,1,165.0,201.0,21.82,3292.0,0.0,0.069,0.0,1,84,7,14,0,3,0,13.185,,0
007,007064,Saint-Rhémy-en-Bosses,9520,0,1,74.0,253.0,0.0,331.0,0.0,0.595,0.0,1,0,57,21,0,2,0,19.874,,0
007,007065,Saint-Vincent,141237,0,1,1070.0,273.0,66.73,4456.0,0.0,0.0,0.0,1,3,24,10,0,9,0,23.74,,0
007,007066,Sarre,61389,0,1,287.0,759.0,0.0,4787.0,0.0,0.373,0.0,0,4,8,12,0,3,0,10.022,,0
007,007067,Torgnon,51611,0,1,296.0,454.0,10.47,557.0,0.0,0.0,0.0,1,0,125,26,0,1,0,18.24,,0
007,007068,Valgrisenche,18191,0,1,49.0,391.0,0.0,186.0,0.0,1.724,0.0,0,1,23,38,0,0,0,30.801,,0
007,007069,Valpelline,14002,0,1,63.0,420.0,0.0,588.0,0.0,0.0,0.0,1,0,3,8,0,2,0,9.521,,0
007,007070,Valsavarenche,48688,0,1,137.0,1607.0,0.0,154.0,0.0,4.462,0.0,1,2,11,38,0,0,0,24.19,,0
007,007071,Valtournenche,549898,0,1,4396.0,1745.0,49.91,2179.0,0.0,1.053,0.0,3,2,232,64,0,11,0,28.061,,0
007,007072,Verrayes,10402,0,1,23.0,199.0,0.0,1283.0,0.0,0.0,0.038,0,1,19,9,0,2,0,12.912,,0
007,007073,Verrès,3080,0,1,25.0,29.0,0.0,2508.0,0.0,0.0,0.028,0,3,9,8,0,8,0,26.718,,0
007,007074,Villeneuve,10282,0,1,136.0,22.0,0.0,1276.0,0.0,0.246,0.0,0,3,10,5,0,0,0,13.545,,0
008,008001,Airole,565,0,1,0.0,24.0,0.0,359.0,0.0,0.0,0.088,0,0,2,3,0,2,5,75.034,,0
008,008002,Apricale,6787,0,1,56.0,28.0,0.0,611.0,0.0,0.0,1.927,1,2,2,3,0,1,2,72.577,,0
008,008003,Aquila d'Arroscia,1113,0,1,68.0,6.0,0.0,138.0,0.0,0.034,3.633,0,0,0,0,0,0,0,58.708,,0
008,008004,Armo,189,0,1,0.0,0.0,0.0,120.0,0.0,0.0,0.0,0,0,0,2,0,0,0,55.065,,0
008,008005,Aurigo,516,0,3,0.0,12.0,0.0,328.0,0.0,0.0,0.0,0,0,1,2,0,0,1,66.016,,0
008,008006,Badalucco,7225,0,1,12.0,34.0,0.0,1075.0,0.0,0.0,0.798,1,0,5,1,0,4,8,71.432,,0
008,008007,Bajardo,595,0,1,0.0,9.0,0.0,378.0,0.0,0.0,14.528,1,0,1,1,1,0,3,71.41,,0
008,008008,Bordighera,180772,0,4,733.0,681.0,31.79,10213.0,6.134,0.0,0.177,5,5,134,4,1,14,131,83.736,,0
008,008009,Borghetto d'Arroscia,634,0,1,0.0,10.0,0.0,403.0,0.0,0.0,0.0,0,3,0,2,0,0,0,60.149,,0
008,008010,Borgomaro,7367,0,3,29.0,36.0,0.0,814.0,0.0,0.0,1.398,0,2,1,2,0,1,1,67.471,,0
008,008011,Camporosso,6376,0,4,15.0,284.0,0.0,5611.0,0.217,0.0,0.014,0,2,61,3,0,4,16,80.954,,0
008,008012,Caravonica,384,0,3,0.0,8.0,0.0,244.0,0.0,0.0,0.0,0,1,1,1,0,0,0,66.757,,0
008,008014,Castellaro,10266,0,4,126.0,294.0,100.0,1268.0,0.0,0.0,0.0,1,0,8,4,0,0,0,77.282,,0
008,008015,Castel Vittorio,3333,0,1,24.0,65.0,0.0,248.0,0.0,0.0,0.284,0,1,1,0,0,0,3,67.861,,0
008,008016,Ceriana,552,0,1,8.0,14.0,0.0,1078.0,0.0,0.0,6.081,0,0,4,2,0,1,2,74.422,,0
008,008017,Cervo,98570,0,4,23.0,1360.0,0.0,1076.0,3.896,0.0,0.06,1,5,26,6,0,4,3,78.748,,0
008,008018,Cesio,930,0,3,0.0,31.0,0.0,257.0,0.0,0.0,0.0,0,0,1,1,0,0,0,65.336,,0
008,008019,Chiusanico,4049,0,3,0.0,114.0,0.0,599.0,0.0,0.0,2.299,1,0,3,2,0,0,1,69.841,,0
008,008020,Chiusavecchia,803,0,3,0.0,26.0,0.0,510.0,0.0,0.0,0.0,0,0,1,0,0,0,0,71.907,,0
008,008021,Cipressa,1893,0,4,0.0,16.0,0.0,1203.0,2.719,0.0,0.011,1,3,36,3,0,1,14,80.016,,0
008,008022,Civezza,2292,0,4,0.0,52.0,0.0,630.0,0.0,0.0,0.0,0,0,9,2,0,0,8,78.886,,0
008,008023,Cosio d'Arroscia,272,0,1,19.0,0.0,0.0,173.0,0.0,0.0,71.909,1,0,1,6,0,0,0,51.049,,0
008,008024,Costarainera,1232,0,4,0.0,10.0,0.0,783.0,0.79,0.0,0.003,0,0,7,3,0,0,13,81.035,,0
008,008025,Diano Arentino,3103,0,3,8.0,54.0,0.0,693.0,0.0,0.0,3.533,0,0,9,1,0,0,0,73.325,,0
008,008026,Diano Castello,36985,0,4,0.0,330.0,0.0,2236.0,0.0,0.0,0.0,1,0,45,1,0,2,0,77.344,,0
008,008027,Diano Marina,918997,0,4,3362.0,2115.0,28.38,5552.0,2.649,0.0,0.23,1,7,107,7,0,28,7,79.413,,0
008,008028,Diano San Pietro,9301,0,3,0.0,153.0,0.0,1094.0,0.0,0.0,5.304,0,0,10,1,0,1,3,74.682,,0
008,008029,Dolceacqua,14905,0,1,0.0,328.0,0.0,2155.0,0.0,0.0,0.07,0,5,27,7,0,3,8,75.654,,0
008,008030,Dolcedo,6053,0,3,0.0,137.0,0.0,1267.0,0.0,0.0,0.0,1,0,46,5,0,0,3,75.055,,0
008,008031,Imperia,227813,0,4,786.0,2258.0,11.2,42490.0,8.51,0.0,0.276,7,11,283,7,0,21,199,78.16,,0
008,008032,Isolabona,35654,0,1,0.0,444.0,0.0,675.0,0.0,0.0,2.434,0,1,4,1,0,3,7,71.731,,0
008,008033,Lucinasco,1102,0,3,0.0,37.0,0.0,308.0,0.0,0.0,0.0,1,0,1,0,0,0,1,70.37,,0
008,008034,Mendatica,253,0,1,0.0,17.0,0.0,161.0,0.0,0.0,24.422,2,1,5,8,1,0,0,52.633,,0
008,008035,Molini di Triora,4171,0,1,22.0,28.0,0.0,647.0,0.0,0.0,42.356,0,0,5,6,0,0,24,64.381,,0
008,008037,Montegrosso Pian Latte,175,0,1,0.0,14.0,0.0,111.0,0.0,0.0,0.972,1,13,3,5,0,0,0,56.717,,0
008,008038,Olivetta San Michele,299,0,1,0.0,22.0,0.0,190.0,0.0,0.0,0.0,0,0,5,6,0,1,4,75.842,,0
008,008039,Ospedaletti,26957,0,4,174.0,20.0,0.0,3167.0,4.336,0.0,0.011,0,0,54,0,0,8,10,82.181,,0
008,008040,Perinaldo,2225,0,1,0.0,57.0,0.0,805.0,0.0,0.0,0.0,2,4,16,1,0,1,2,76.8,,0
008,008041,Pietrabruna,537,0,4,0.0,68.0,0.0,414.0,0.0,0.0,0.012,0,0,3,3,0,1,1,76.939,,0
008,008042,Pieve di Teco,3073,0,1,58.0,56.0,0.0,1309.0,0.0,0.0,1.05,1,1,6,3,0,0,0,59.993,,0
008,008043,Pigna,4340,0,1,0.0,155.0,0.0,739.0,0.0,0.0,24.494,2,6,2,14,0,2,14,66.545,,0
008,008044,Pompeiana,1516,0,4,0.0,38.0,0.0,849.0,0.0,0.0,1.833,0,0,2,2,0,0,0,79.127,,0
008,008045,Pontedassio,510,0,3,0.0,35.0,0.0,2343.0,0.0,0.006,0.13,1,0,4,1,1,0,0,74.004,,0
008,008046,Pornassio,4981,0,1,112.0,418.0,0.0,569.0,0.0,0.0,11.364,0,1,5,5,0,1,0,55.68,,0
008,008047,Prelà,4389,0,3,0.0,51.0,0.0,482.0,0.0,0.0,0.0,1,0,4,2,0,0,6,71.915,,0
008,008048,Ranzo,422,0,1,0.0,73.0,0.0,562.0,0.0,0.0,0.305,0,0,2,0,0,0,2,62.079,,0
008,008049,Rezzo,239,0,1,0.0,22.0,0.0,310.0,0.0,0.0,32.781,2,2,2,4,0,0,0,61.818,,0
008,008050,Riva Ligure,12911,0,4,20.0,139.0,0.0,2780.0,1.235,0.0,0.001,1,1,13,0,0,4,12,80.995,,0
008,008051,Rocchetta Nervina,14934,0,1,107.0,86.0,0.0,284.0,0.0,0.0,6.147,1,0,4,5,0,1,0,70.55,,0
008,008052,San Bartolomeo al Mare,331773,0,4,909.0,2407.0,0.0,2958.0,1.144,0.0,0.023,0,1,39,2,1,6,2,77.075,,0
008,008053,San Biagio della Cima,1167,0,4,0.0,40.0,0.0,1237.0,0.0,0.0,0.0,0,0,4,0,0,0,1,80.27,,0
008,008054,San Lorenzo al Mare,39139,0,4,86.0,342.0,100.0,1209.0,2.001,0.0,0.008,0,3,14,1,0,6,4,81.165,,0
008,008055,Sanremo,864810,0,4,3118.0,2011.0,43.59,52992.0,7.593,0.0,0.782,5,14,180,7,0,30,94,79.61,,0
008,008056,Santo Stefano al Mare,98760,0,4,290.0,504.0,27.59,2006.0,3.804,0.0,0.025,1,3,20,1,0,1,4,81.377,,0
008,008057,Seborga,2409,0,4,0.0,61.0,0.0,278.0,0.0,0.0,0.0,1,3,18,2,0,0,7,80.124,,0
008,008058,Soldano,1534,0,4,0.0,0.0,0.0,975.0,0.0,0.0,0.0,0,0,6,0,0,1,1,79.288,,0
008,008059,Taggia,99338,0,4,474.0,121.0,0.0,13729.0,1.48,0.0,2.905,2,4,45,2,0,6,30,76.664,,0
008,008060,Terzorio,346,0,4,0.0,27.0,0.0,220.0,0.0,0.0,0.0,0,0,0,1,0,0,0,80.165,,0
008,008061,Triora,3393,0,1,0.0,44.0,0.0,400.0,0.0,0.019,42.284,4,2,21,16,0,1,12,59.246,,0
008,008062,Vallebona,1355,0,4,0.0,102.0,0.0,1210.0,0.0,0.0,0.0,0,1,17,1,0,0,8,80.995,,0
008,008063,Vallecrosia,47518,0,4,45.0,432.0,0.0,6776.0,1.271,0.0,0.018,1,1,26,1,0,3,18,83.254,,0
008,008064,Vasia,1061,0,3,0.0,48.0,0.0,345.0,0.0,0.0,0.0,0,1,3,2,0,0,1,71.94,,0
008,008065,Ventimiglia,212907,0,4,503.0,1460.0,0.0,22934.0,9.313,0.0,2.279,9,15,112,9,0,44,89,80.725,,0
008,008066,Vessalico,401,0,1,0.0,10.0,0.0,255.0,0.0,0.0,0.0,0,0,0,0,0,0,0,61.276,,0
009,009034,Loano,492984,0,4,2033.0,1322.0,12.05,10749.0,3.155,0.0,2.973,1,1,88,4,0,18,13,56.844,,0
009,009035,Magliolo,318,0,1,12.0,56.0,0.0,968.0,0.0,0.0,8.756,0,0,13,2,0,0,0,54.852,,0
009,009036,Mallare,328,0,1,0.0,12.0,0.0,1065.0,0.0,0.118,0.009,0,1,12,5,0,0,0,45.653,,0
009,009037,Massimino,32,0,1,0.0,0.0,0.0,104.0,0.0,0.0,0.0,0,0,0,0,0,0,0,46.021,,0
009,009038,Millesimo,4143,0,1,18.0,40.0,0.0,3257.0,0.0,0.0,1.872,0,5,12,9,0,2,0,51.361,,0
009,009039,Mioglia,290,0,1,0.0,18.0,0.0,509.0,0.0,0.188,0.516,0,0,6,0,0,0,0,34.394,,0
009,009040,Murialdo,224,0,1,0.0,10.0,0.0,729.0,0.0,0.0,2.365,0,2,3,6,0,1,0,49.569,,0
009,009041,Nasino,675,0,1,0.0,20.0,0.0,163.0,0.0,0.0,20.369,0,2,1,5,0,0,1,56.347,,0
009,009042,Noli,77359,0,4,611.0,93.0,8.51,2450.0,3.289,0.0,0.069,0,1,27,9,0,3,3,42.009,,0
009,009043,Onzo,909,0,3,0.0,32.0,0.0,218.0,0.0,0.0,2.635,0,0,0,2,0,1,0,62.274,,0
009,009044,Orco Feglino,10348,0,1,10.0,206.0,0.0,917.0,0.0,0.0,0.0,0,0,67,6,0,3,3,45.849,,0
009,009045,Ortovero,301,0,3,24.0,23.0,0.0,1698.0,0.0,0.0,0.0,0,0,3,0,0,0,0,65.811,,0
009,009046,Osiglia,134,0,1,25.0,0.0,0.0,434.0,0.0,0.0,14.102,0,0,2,8,0,3,0,53.563,,0
009,009047,Pallare,843,0,1,0.0,14.0,0.0,852.0,0.0,0.194,9.823,0,0,6,3,0,0,0,47.849,,0
009,009048,Piana Crixia,1172,0,1,20.0,18.0,0.0,732.0,0.0,0.0,7.651,0,0,1,7,0,0,1,46.301,,0
009,009049,Pietra Ligure,509952,0,4,2187.0,2794.0,7.5,8284.0,2.362,0.0,2.532,0,6,98,6,0,32,7,54.572,,0
009,009050,Plodio,192,0,1,0.0,0.0,0.0,624.0,0.0,0.0,0.135,0,0,4,1,0,0,0,47.893,,0
009,009051,Pontinvrea,2364,0,1,45.0,109.0,0.0,797.0,0.0,0.0,0.747,0,7,12,1,0,4,5,32.276,,0
009,009052,Quiliano,1276,0,4,0.0,57.0,0.0,6858.0,0.0,0.02,1.824,0,0,21,15,0,5,24,39.523,,0
009,009053,Rialto,5510,0,1,0.0,86.0,0.0,533.0,0.0,0.0,0.475,1,0,3,3,0,0,0,51.198,,0
009,009054,Roccavignale,4591,0,1,29.0,25.0,0.0,749.0,0.0,0.579,4.378,0,1,2,0,0,0,0,48.344,,0
009,009055,Sassello,17110,0,1,100.0,297.0,0.0,1687.0,0.0,0.312,94.086,1,2,31,34,0,5,2,25.523,,0
009,009056,Savona,230276,0,4,780.0,1253.0,62.82,58674.0,11.719,0.0,4.976,8,30,116,17,1,56,88,34.493,,0
009,009057,Spotorno,235236,0,4,1423.0,1366.0,17.5,3397.0,2.494,0.0,4.892,1,2,19,3,0,0,13,40.261,,0
009,009058,Stella,18378,0,1,0.0,740.0,0.0,2967.0,0.0,0.0,17.627,0,1,19,11,0,2,21,27.564,,0
009,009059,Stellanello,1074,0,3,0.0,32.0,0.0,848.0,0.0,0.0,6.883,0,0,0,0,0,0,0,70.223,,0
009,009060,Testico,57,0,3,0.0,16.0,0.0,184.0,0.0,0.0,0.536,1,1,0,0,0,1,5,67.759,,0
009,009061,Toirano,2296,0,3,16.0,121.0,0.0,2715.0,0.0,0.0,2.749,2,2,15,6,0,0,11,60.692,,0
009,009062,Tovo San Giacomo,15424,0,4,40.0,242.0,0.0,2526.0,0.0,0.0,0.0,1,4,12,0,0,0,0,52.375,,0
009,009063,Urbe,14251,0,1,122.0,387.0,0.0,648.0,0.0,0.098,14.759,0,0,23,10,0,2,26,19.18,,0
009,009064,Vado Ligure,31440,0,4,116.0,300.0,100.0,7997.0,2.117,0.0,7.591,2,2,16,5,0,18,27,39.702,,0
009,009065,Varazze,341014,0,2,1859.0,638.0,4.3,12523.0,8.758,0.0,50.6,2,12,104,20,1,32,109,22.007,,0
009,009066,Vendone,1554,0,3,0.0,26.0,0.0,340.0,0.0,0.0,4.736,1,0,1,4,0,1,0,62.703,,0
009,009067,Vezzi Portio,2288,0,4,7.0,32.0,0.0,788.0,0.0,0.0,0.537,0,0,3,1,0,0,5,43.547,,0
009,009068,Villanova d'Albenga,32700,0,4,22.0,1086.0,0.0,2787.0,0.0,0.0,0.708,0,0,27,2,0,3,0,69.047,,0
009,009069,Zuccarello,123,0,3,0.0,22.0,0.0,284.0,0.0,0.0,6.26,0,2,1,2,0,0,0,62.963,,0
010,010001,Arenzano,124032,0,2,606.0,294.0,72.28,11150.0,4.275,0.0,45.881,1,6,168,28,0,35,66,14.063,,0
010,010002,Avegno,6636,0,4,25.0,38.0,0.0,2558.0,0.0,0.0,0.008,1,0,5,4,0,0,47,25.283,,0
010,010003,Bargagli,1495,0,3,0.0,4.0,0.0,2522.0,0.0,0.0,0.0,0,0,5,15,0,3,86,19.523,,0
010,010004,Bogliasco,19400,0,2,41.0,287.0,0.0,4342.0,1.166,0.0,0.004,0,0,14,3,0,6,47,18.841,,0
010,010005,Borzonasca,8056,0,1,0.0,257.0,0.0,1811.0,0.0,6.214,30.103,0,0,7,27,1,1,120,44.286,,0
010,010006,Busalla,3276,0,1,25.0,18.0,0.0,5082.0,0.0,0.0,5.141,1,0,27,6,0,8,41,21.5,,0
010,010007,Camogli,112925,0,4,418.0,302.0,75.84,4930.0,8.749,0.0,6.542,3,1,60,26,0,15,80,27.271,,0
010,010008,Campo Ligure,2566,0,1,25.0,53.0,0.0,2822.0,0.0,0.0,6.246,1,1,13,8,0,7,19,16.962,,0
010,010009,Campomorone,199,0,2,0.0,15.0,0.0,6463.0,0.0,1.719,0.151,3,1,10,22,0,4,97,13.918,,0
010,010010,Carasco,11167,0,4,0.0,765.0,0.0,3736.0,0.0,0.0,0.0,0,0,11,1,0,0,48,41.49,,0
010,010011,Casarza Ligure,13572,0,1,0.0,162.0,0.0,6732.0,0.0,0.321,0.0,0,0,17,28,0,5,42,52.157,,0
010,010012,Casella,1745,0,1,38.0,22.0,0.0,3065.0,0.0,0.0,0.028,0,4,31,1,0,2,30,18.068,,0
010,010013,Castiglione Chiavarese,24485,0,1,36.0,825.0,0.0,1565.0,0.0,0.0,6.598,1,0,8,27,0,2,70,56.461,,0
010,010014,Ceranesi,10028,0,2,0.0,152.0,0.0,3588.0,0.0,0.087,0.24,0,4,9,9,0,2,98,10.281,,0
010,010015,Chiavari,149522,0,4,577.0,387.0,31.72,27398.0,3.489,0.0,1.97,3,6,81,15,0,28,178,38.91,,0
010,010016,Cicagna,1334,0,3,0.0,9.0,0.0,2251.0,0.0,0.0,0.001,2,0,12,0,0,3,34,30.862,,0
010,010017,Cogoleto,78452,0,2,273.0,1298.0,0.0,8408.0,2.144,0.0,24.807,1,2,49,6,0,18,93,17.572,,0
010,010018,Cogorno,8818,0,4,16.0,357.0,0.0,5701.0,0.0,0.0,0.0,0,0,19,6,0,0,31,43.003,,0
010,010019,Coreglia Ligure,2418,0,3,0.0,54.0,0.0,255.0,0.0,0.0,0.011,0,0,0,4,0,0,22,33.442,,0
010,010020,Crocefieschi,316,0,1,36.0,18.0,0.0,534.0,0.0,0.0,4.606,1,0,6,4,0,0,18,23.983,,0
010,010021,Davagna,1081,0,3,0.0,0.0,0.0,1824.0,0.0,0.0,0.002,0,0,4,10,0,1,85,19.481,,0
010,010022,Fascia,40,0,1,20.0,0.0,0.0,67.0,0.0,0.0,6.474,1,0,3,6,0,0,1,35.526,,0
010,010023,Favale di Malvaro,253,0,1,0.0,2.0,0.0,427.0,0.0,0.0,0.0,2,0,1,6,0,1,7,33.503,,0
010,010024,Fontanigorda,132,0,1,91.0,0.0,0.0,223.0,0.0,0.0,4.034,0,0,6,5,0,0,36,38.209,,0
010,010025,Genova,2297499,0,2,7441.0,4478.0,57.08,562422.0,70.849,0.629,67.071,47,519,772,126,2,539,3376,5.036,Genoa: <i>Le Strade Nuove</i> and the system of the<i> Palazzi dei Rolli</i>,1
010,010026,Gorreto,55,0,1,24.0,6.0,0.0,92.0,0.0,0.0,14.168,0,0,1,6,0,3,8,37.771,,0
010,010027,Isola del Cantone,824,0,1,0.0,0.0,0.0,1390.0,0.0,0.0,0.101,0,3,8,2,0,0,39,27.533,,0
010,010028,Lavagna,248700,0,4,1127.0,2024.0,2.66,12342.0,7.491,0.0,0.379,0,2,26,8,0,12,122,44.03,,0
010,010029,Leivi,5436,0,4,0.0,66.0,0.0,2439.0,0.0,0.0,0.017,0,2,33,4,0,0,84,38.362,,0
010,010030,Lorsica,234,0,1,0.0,24.0,0.0,394.0,0.0,0.0,0.0,1,0,1,3,0,0,18,33.445,,0
010,010031,Lumarzo,840,0,3,0.0,10.0,0.0,1418.0,0.0,0.0,0.0,0,0,4,9,0,2,45,23.461,,0
010,010032,Masone,666,0,1,0.0,22.0,0.0,3310.0,0.0,0.0,21.462,1,0,13,16,0,0,39,13.828,,0
010,010033,Mele,415,0,2,0.0,16.0,0.0,2522.0,0.0,0.036,5.184,0,1,2,9,0,2,45,10.039,,0
010,010034,Mezzanego,632,0,1,0.0,56.0,0.0,1533.0,0.0,0.0,4.921,0,0,1,4,0,0,36,44.671,,0
010,010035,Mignanego,3289,0,2,0.0,51.0,0.0,3538.0,0.0,0.0,0.0,0,10,9,13,0,2,78,15.818,,0
010,010036,Moconesi,1425,0,1,27.0,0.0,0.0,2404.0,0.0,0.0,0.0,2,0,8,1,0,3,63,29.95,,0
010,010037,Moneglia,172291,0,4,644.0,1557.0,7.61,2514.0,6.609,0.0,3.507,0,2,11,26,0,10,124,55.65,,0
010,010038,Montebruno,119,0,1,0.0,0.0,0.0,201.0,0.0,0.0,1.123,1,0,2,3,0,1,8,34.4,,0
010,010039,Montoggio,20468,0,1,40.0,463.0,0.0,2003.0,0.0,0.0,3.682,0,0,11,20,0,0,75,19.645,,0
010,010040,Ne,2345,0,1,0.0,85.0,0.0,2123.0,0.0,0.0,7.069,5,0,6,15,0,1,33,48.493,,0
010,010041,Neirone,1965,0,1,0.0,76.0,0.0,885.0,0.0,0.0,0.0,0,0,2,7,0,1,53,28.243,,0
010,010042,Orero,290,0,1,8.0,0.0,0.0,489.0,0.0,0.0,0.09,0,0,0,6,0,0,32,35.243,,0
010,010043,Pieve Ligure,2481,0,4,6.0,23.0,0.0,2401.0,3.099,0.0,0.103,0,1,20,6,1,0,25,20.115,,0
010,010044,Portofino,34998,0,4,226.0,28.0,88.94,358.0,6.648,0.0,2.991,0,2,10,15,0,3,7,30.579,,0
010,010045,Propata,67,0,1,0.0,24.0,0.0,113.0,0.0,0.0,25.589,1,0,3,13,0,0,19,31.778,,0
010,010046,Rapallo,329930,0,4,1459.0,1077.0,42.15,29455.0,4.003,0.0,8.232,2,8,207,28,0,26,297,30.136,,0
010,010047,Recco,25509,0,4,149.0,34.0,28.19,9345.0,1.787,0.0,0.038,0,0,38,4,0,10,106,24.813,,0
010,010048,Rezzoaglio,3804,0,1,96.0,132.0,0.0,860.0,0.0,0.473,17.557,1,0,11,37,0,4,86,42.581,,0
010,010049,Ronco Scrivia,2475,0,1,0.0,5.0,0.0,4177.0,0.0,0.0,6.321,1,4,14,13,0,3,39,22.897,,0
010,010050,Rondanina,35,0,1,0.0,4.0,0.0,59.0,0.0,0.0,8.351,3,1,0,6,0,0,3,33.589,,0
010,010051,Rossiglione,1399,0,1,6.0,35.0,0.0,2509.0,0.0,0.0,21.183,2,0,14,12,0,2,34,21.401,,0
010,010052,Rovegno,1757,0,1,52.0,384.0,0.0,466.0,0.0,0.339,8.43,0,0,6,10,0,1,30,40.935,,0
010,010053,San Colombano Certenoli,2366,0,1,9.0,40.0,0.0,2666.0,0.0,0.0,0.101,0,0,8,7,0,0,78,38.213,,0
010,010054,Santa Margherita Ligure,329974,0,4,1652.0,389.0,76.09,8437.0,4.439,0.0,5.44,1,1,146,35,0,20,131,29.643,,0
010,010055,Sant'Olcese,2447,0,2,0.0,51.0,0.0,5568.0,0.0,0.0,2.79,0,3,27,14,0,9,135,12.081,,0
010,010056,Santo Stefano d'Aveto,12700,0,1,234.0,101.0,0.0,983.0,0.0,0.0,5.862,0,1,43,40,0,3,55,50.629,,0
010,010057,Savignone,12711,0,1,61.0,37.0,0.0,2997.0,0.0,0.0,1.197,2,1,31,8,0,11,34,19.8,,0
010,010058,Serra Riccò,7962,0,2,25.0,35.0,0.0,7581.0,0.0,0.0,8.242,0,3,41,9,0,4,82,13.869,,0
010,010059,Sestri Levante,439659,0,4,1389.0,5442.0,56.08,17269.0,5.862,0.0,2.804,1,2,48,32,0,9,175,48.785,,0
010,010060,Sori,6842,0,4,18.0,42.0,0.0,3983.0,1.521,0.0,0.01,0,0,4,8,0,7,105,21.665,,0
010,010061,Tiglieto,267,0,1,48.0,0.0,0.0,451.0,0.0,0.299,17.826,0,0,15,4,0,1,34,20.882,,0
010,010062,Torriglia,3143,0,1,25.0,35.0,0.0,2241.0,0.0,0.0,27.796,0,1,14,17,0,3,117,27.192,,0
010,010063,Tribogna,1045,0,3,0.0,28.0,0.0,584.0,0.0,0.0,0.004,0,0,7,2,0,0,24,27.369,,0
010,010064,Uscio,3288,0,3,124.0,19.0,87.1,2140.0,0.0,0.0,0.0,1,0,6,2,0,1,32,24.991,,0
010,010065,Valbrevenna,244,0,1,0.0,14.0,0.0,751.0,0.0,0.0,23.748,1,2,6,18,0,0,40,25.122,,0
010,010066,Vobbia,223,0,1,25.0,0.0,0.0,377.0,0.0,0.0,18.234,0,1,6,7,0,1,19,27.237,,0
010,010067,Zoagli,32732,0,4,187.0,67.0,86.63,2384.0,4.082,0.0,2.431,0,0,53,7,0,2,47,34.623,,0
011,011001,Ameglia,144162,0,4,648.0,1166.0,17.28,4283.0,13.231,0.0,9.97,0,1,51,14,0,3,3,53.735,,0
011,011002,Arcola,22330,0,4,70.0,139.0,0.0,10181.0,0.0,0.0,7.75,0,2,37,17,0,5,10,60.931,,0
011,011003,Beverino,9012,0,3,27.0,134.0,0.0,2241.0,0.0,0.0,7.101,0,1,14,20,0,1,0,75.374,,0
011,011004,Bolano,3279,0,3,10.0,33.0,0.0,7457.0,0.0,0.0,1.027,0,1,44,8,0,0,10,68.742,,0
011,011005,Bonassola,53662,0,4,240.0,351.0,0.0,782.0,6.476,0.0,1.508,0,1,28,15,0,2,30,64.084,,0
011,011006,Borghetto di Vara,14924,0,3,73.0,56.0,0.0,881.0,0.0,0.0,2.565,0,0,7,7,0,1,0,71.286,,0
011,011007,Brugnato,6451,0,3,0.0,56.0,0.0,1282.0,0.0,0.0,2.114,1,1,7,3,0,0,0,73.467,,0
011,011008,Calice al Cornoviglio,2570,0,3,21.0,53.0,0.0,1053.0,0.0,0.0,4.251,1,2,3,11,0,0,0,74.925,,0
011,011009,Carro,2511,0,1,14.0,54.0,0.0,483.0,0.0,0.0,5.339,1,0,10,18,0,1,31,62.894,,0
011,011010,Carrodano,10748,0,3,18.0,314.0,0.0,465.0,0.0,0.0,1.358,0,0,8,7,0,1,0,66.084,,0
011,011011,Castelnuovo Magra,28523,0,4,100.0,686.0,0.0,8253.0,0.0,0.0,0.0,0,1,45,16,0,3,2,54.768,,0
011,011012,Deiva Marina,85054,0,4,313.0,1864.0,0.0,1288.0,0.675,0.0,7.812,0,0,14,11,0,5,27,59.629,,0
011,011013,Follo,47,0,3,0.0,17.0,0.0,6099.0,0.0,0.0,6.532,0,2,20,11,0,0,0,70.221,,0
011,011014,Framura,120240,0,4,111.0,2368.0,25.23,563.0,4.193,0.0,0.122,0,1,9,21,0,0,34,61.914,,0
011,011015,La Spezia,723763,0,4,1200.0,3618.0,47.83,92696.0,17.284,0.0,3.608,12,16,130,52,1,41,186,66.023,,0
011,011016,Lerici,227357,0,4,1044.0,1166.0,11.49,9346.0,14.728,0.0,11.693,0,1,78,38,0,13,21,57.768,,0
011,011017,Levanto,444127,0,4,660.0,2561.0,23.64,5100.0,5.839,0.0,7.141,1,3,26,33,0,19,41,67.809,,0
011,011018,Maissana,6623,0,1,95.0,77.0,0.0,589.0,0.0,0.0,1.622,1,0,4,26,0,0,53,57.008,,0
011,011019,Monterosso al Mare,276897,0,4,969.0,697.0,19.09,1318.0,2.719,0.0,12.465,0,0,10,4,0,13,10,71.055,,0
011,011020,Luni,26140,0,4,124.0,132.0,0.0,8117.0,0.0,0.0,0.114,6,2,39,18,0,1,1,52.625,,0
011,011021,Pignone,17454,0,3,80.0,81.0,0.0,527.0,0.0,0.0,1.09,0,0,9,9,0,0,0,73.383,,0
011,011022,Portovenere,91405,0,4,407.0,265.0,34.64,3257.0,19.302,0.0,3.279,1,5,12,14,0,9,36,61.45,,0
011,011023,Riccò del Golfo di Spezia,9143,0,3,42.0,76.0,0.0,3596.0,0.0,0.0,0.068,0,1,9,24,0,0,0,72.169,,0
011,011024,Riomaggiore,252130,0,4,221.0,1387.0,0.0,1313.0,8.341,0.0,11.356,0,3,3,17,0,14,16,70.257,"Portovenere, Cinque Terre, and the Islands (Palmaria, Tino and Tinetto)",1
011,011025,Rocchetta di Vara,841,0,1,60.0,81.0,0.0,646.0,0.0,0.0,4.405,0,1,4,17,0,0,2,75.676,,0
011,011026,Santo Stefano di Magra,18133,0,4,74.0,106.0,0.0,10116.0,0.0,0.0,1.939,1,4,25,8,0,3,31,64.112,,0
011,011027,Sarzana,215572,0,4,635.0,2464.0,0.0,21786.0,7.287,0.942,6.322,2,12,140,16,1,33,19,58.328,,0
011,011028,Sesta Godano,1484,0,1,18.0,53.0,0.0,1263.0,0.0,0.0,12.605,0,1,11,29,1,2,1,68.195,,0
011,011029,Varese Ligure,10927,0,1,58.0,211.0,0.0,1761.0,0.0,0.0,5.447,7,2,10,20,0,2,79,59.103,,0
011,011030,Vernazza,115400,0,4,76.0,799.0,0.0,708.0,6.096,0.0,14.184,0,2,4,7,0,11,16,74.732,,0
011,011031,Vezzano Ligure,14644,0,4,46.0,110.0,0.0,7172.0,0.0,0.467,9.208,0,1,34,12,0,2,15,65.327,,0
011,011032,Zignago,4,0,1,0.0,22.0,0.0,469.0,0.0,0.0,1.872,1,0,1,23,0,0,0,73.004,,0
012,012001,Agra,174,0,1,0.0,0.0,0.0,385.0,0.0,0.0,0.0,0,3,28,7,0,0,2,45.272,,0
012,012002,Albizzate,2315,0,3,0.0,17.0,0.0,5132.0,0.0,0.0,0.0,0,1,17,0,0,1,3,12.138,,0
012,012003,Angera,30198,0,3,137.0,1666.0,0.0,5361.0,0.0,8.67,0.081,2,11,77,8,0,4,4,19.154,,0
012,012004,Arcisate,4445,0,1,0.0,0.0,0.0,9853.0,0.0,0.916,0.0,0,1,28,6,0,1,13,27.408,,0
012,012005,Arsago Seprio,2131,0,3,0.0,16.0,0.0,4723.0,0.0,0.0,10.295,1,3,29,3,0,0,2,7.415,,0
012,012006,Azzate,1808,0,3,24.0,11.0,100.0,4616.0,0.0,1.396,0.0,0,11,43,2,0,1,7,17.342,,0
012,012007,Azzio,348,0,1,0.0,0.0,0.0,771.0,0.0,0.0,0.035,0,1,12,1,0,0,2,28.735,,0
012,012008,Barasso,752,0,1,0.0,0.0,0.0,1667.0,0.0,0.0,2.433,0,0,26,1,0,3,4,24.549,,0
012,012010,Bedero Valcuvia,296,0,1,0.0,20.0,0.0,655.0,0.0,0.0,0.786,0,0,5,2,0,0,0,31.782,,0
012,012011,Besano,1133,0,1,0.0,0.0,0.0,2511.0,0.0,0.0,0.0,1,0,10,3,0,1,1,31.795,,0
012,012012,Besnate,2467,0,3,0.0,14.0,0.0,5467.0,0.0,0.0,7.34,0,0,46,2,0,1,6,8.447,,0
012,012013,Besozzo,3122,0,3,0.0,91.0,0.0,8758.0,0.0,0.975,0.0,0,6,67,4,0,1,8,24.933,,0
012,012014,Biandronno,1432,0,3,0.0,9.0,0.0,3175.0,0.0,6.6,0.031,1,0,43,1,0,3,11,20.486,,0
012,012015,Bisuschio,1931,0,1,0.0,0.0,0.0,4281.0,0.0,0.319,0.0,0,1,12,6,1,0,4,29.906,,0
012,012016,Bodio Lomnago,3482,0,3,27.0,4.0,0.0,2260.0,0.0,1.405,0.0,0,3,50,1,0,1,2,17.766,,0
012,012017,Brebbia,1037,0,3,0.0,71.0,0.0,3117.0,0.0,1.36,0.0,1,4,34,1,0,2,5,23.328,,0
012,012019,Brenta,422,0,1,0.0,24.0,0.0,1730.0,0.0,0.0,0.062,0,5,6,3,0,2,0,30.84,,0
012,012020,Brezzo di Bedero,545,0,1,0.0,42.0,0.0,1209.0,0.0,2.452,0.0,0,5,62,4,0,2,2,38.748,,0
012,012021,Brinzio,348,0,1,12.0,0.0,0.0,772.0,0.0,1.462,6.303,2,2,6,6,0,0,1,29.131,,0
012,012022,Brissago-Valtravaglia,590,0,1,0.0,8.0,0.0,1308.0,0.0,0.0,0.0,0,2,10,5,0,0,3,35.807,,0
012,012023,Brunello,416,0,3,126.0,3.0,0.0,922.0,0.0,0.0,0.0,0,0,6,2,0,0,5,16.237,,0
012,012024,Brusimpiano,6998,0,1,46.0,21.0,100.0,1180.0,0.0,4.825,0.0,0,9,27,0,0,1,5,36.702,,0
012,012025,Buguggiate,1407,0,3,0.0,16.0,0.0,3118.0,0.0,0.461,0.0,0,1,9,0,0,1,3,18.249,,0
012,012026,Busto Arsizio,55350,0,5,353.0,246.0,82.72,83372.0,0.0,0.11,1.444,6,13,216,0,0,63,376,9.465,,0
012,012027,Cadegliano-Viconago,8782,0,1,25.0,37.0,0.0,2177.0,0.0,0.0,0.0,0,8,27,7,0,0,7,38.43,,0
012,012029,Cairate,2722,0,3,0.0,23.0,0.0,7806.0,0.0,0.0,5.697,1,0,23,0,0,2,5,12.279,,0
012,012030,Cantello,15027,0,3,122.0,12.0,0.0,4783.0,0.0,0.0,0.111,0,0,37,3,0,2,14,25.378,,0
012,012031,Caravate,1149,0,3,0.0,0.0,0.0,2547.0,0.0,0.425,0.0,0,2,16,2,0,0,0,28.077,,0
012,012032,Cardano al Campo,158210,0,5,1320.0,219.0,68.33,14739.0,0.0,0.0,9.668,0,0,54,0,0,2,1,2.942,,0
012,012033,Carnago,2983,0,3,0.0,5.0,0.0,6612.0,0.0,0.0,3.554,0,0,16,4,0,2,2,13.202,,0
012,012034,Caronno Pertusella,2344,0,5,20.0,13.0,0.0,18247.0,0.0,0.0,2.916,0,0,18,0,0,0,7,24.251,,0
012,012035,Caronno Varesino,2181,0,3,0.0,0.0,0.0,4835.0,0.0,0.0,1.816,0,0,8,1,0,0,2,14.707,,0
012,012036,Casale Litta,1244,0,3,0.0,39.0,0.0,2758.0,0.0,0.0,1.583,0,1,6,5,0,1,5,14.855,,0
012,012037,Casalzuigno,600,0,1,0.0,26.0,0.0,1365.0,0.0,0.0,7.29,2,88,6,14,0,1,2,31.462,,0
012,012038,Casciago,1616,0,3,0.0,14.0,0.0,3582.0,0.0,0.0,0.01,0,0,50,4,0,1,11,22.497,,0
012,012039,Casorate Sempione,17139,0,5,79.0,15.0,81.01,5627.0,0.0,0.279,6.9,0,4,57,2,0,2,3,4.022,,0
012,012040,Cassano Magnago,7709,0,3,73.0,34.0,0.0,21298.0,0.0,0.0,0.455,0,0,85,0,0,3,1,9.152,,0
012,012041,Cassano Valcuvia,296,0,1,0.0,24.0,0.0,657.0,0.0,0.0,4.7,1,4,12,5,0,1,5,33.702,,0
012,012042,Castellanza,11633,0,5,48.0,55.0,0.0,13899.0,0.0,0.0,0.69,3,2,36,0,0,12,7,13.756,,0
012,012043,Castello Cabiaglio,487,0,1,0.0,60.0,0.0,573.0,0.0,0.0,5.589,0,9,9,7,0,0,1,28.532,,0
012,012044,Castelseprio,601,0,3,0.0,0.0,0.0,1331.0,0.0,0.0,2.252,1,1,7,2,0,1,0,14.248,,0
012,012045,Castelveccana,4466,0,1,0.0,99.0,0.0,1836.0,0.0,5.187,0.431,0,6,72,16,0,2,9,34.819,,0
012,012046,Castiglione Olona,845,0,3,0.0,19.0,0.0,7463.0,0.0,0.0,2.099,5,5,20,4,0,9,19,17.75,,0
012,012047,Castronno,919,0,3,0.0,38.0,0.0,5010.0,0.0,0.0,0.0,0,3,15,0,0,3,4,15.15,,0
012,012048,Cavaria con Premezzo,2570,0,3,0.0,13.0,0.0,5696.0,0.0,0.0,0.11,0,0,20,3,0,0,7,8.938,,0
012,012049,Cazzago Brabbia,355,0,3,0.0,0.0,0.0,787.0,0.0,3.827,0.75,0,0,10,0,0,1,3,18.879,,0
012,012050,Cislago,4705,0,5,62.0,5.0,0.0,10429.0,0.0,0.0,5.291,1,1,19,3,0,1,7,18.715,,0
012,012051,Cittiglio,7866,0,1,87.0,14.0,0.0,3833.0,0.0,0.0,10.958,1,5,25,10,0,1,3,31.121,,0
012,012052,Clivio,896,0,3,0.0,10.0,0.0,1985.0,0.0,0.0,0.0,1,0,3,0,0,0,0,29.562,,0
012,012053,Cocquio-Trevisago,2085,0,3,0.0,6.0,0.0,4622.0,0.0,0.0,3.825,1,14,37,2,0,1,6,26.276,,0
012,012054,Comabbio,531,0,3,0.0,403.0,0.0,1177.0,0.0,3.369,0.0,0,10,14,2,0,0,1,16.24,,0
012,012055,Comerio,1265,0,1,65.0,4.0,100.0,2804.0,0.0,0.0,3.85,0,0,27,3,0,0,1,24.775,,0
012,012056,Cremenaga,357,0,1,0.0,0.0,0.0,792.0,0.0,0.0,0.0,0,1,5,4,0,0,6,39.593,,0
012,012057,Crosio della Valle,287,0,3,0.0,0.0,0.0,637.0,0.0,0.0,0.0,0,0,1,2,0,0,2,14.798,,0
012,012058,Cuasso al Monte,1599,0,1,26.0,2.0,0.0,3544.0,0.0,0.0,0.0,0,3,15,8,0,1,12,32.968,,0
012,012059,Cugliate-Fabiasco,1399,0,1,0.0,0.0,0.0,3100.0,0.0,0.0,0.0,0,5,19,6,0,3,4,35.603,,0
012,012060,Cunardo,1057,0,1,0.0,24.0,0.0,2885.0,0.0,0.0,0.0,0,3,27,7,0,1,6,34.411,,0
012,012061,Curiglia con Monteviasco,69,0,1,0.0,22.0,0.0,154.0,0.0,0.0,0.0,0,5,1,15,0,0,0,48.647,,0
012,012062,Cuveglio,1507,0,1,0.0,0.0,0.0,3340.0,0.0,0.136,1.652,2,7,34,8,0,3,3,31.037,,0
012,012063,Cuvio,751,0,1,36.0,24.0,0.0,1664.0,0.0,0.231,2.384,0,5,26,5,0,1,3,28.7,,0
012,012064,Daverio,1385,0,3,0.0,5.0,0.0,3070.0,0.0,0.0,0.0,0,0,9,2,0,0,7,16.167,,0
012,012065,Dumenza,158,0,1,0.0,49.0,0.0,1433.0,0.0,0.0,0.0,0,4,13,16,0,1,6,45.112,,0
012,012066,Duno,69,0,1,0.0,8.0,0.0,154.0,0.0,0.0,0.07,0,9,3,7,0,1,0,32.435,,0
012,012067,Fagnano Olona,13207,0,5,58.0,22.0,0.0,12471.0,0.0,0.0,2.475,0,2,21,1,0,5,17,11.654,,0
012,012068,Ferno,152055,0,5,866.0,54.0,100.0,6654.0,0.0,0.0,8.878,0,0,14,0,0,1,14,1.673,,0
012,012069,Ferrera di Varese,307,0,1,0.0,0.0,0.0,681.0,0.0,0.0,0.0,0,1,9,0,0,0,1,33.751,,0
012,012070,Gallarate,45772,0,5,208.0,369.0,36.06,52963.0,0.0,0.0,21.011,2,6,200,0,0,22,122,6.411,,0
012,012071,Galliate Lombardo,461,0,3,0.0,12.0,0.0,1022.0,0.0,2.6,0.0,0,4,12,1,0,0,2,18.114,,0
012,012072,Gavirate,27784,0,3,320.0,77.0,34.38,9140.0,0.0,6.748,3.585,0,3,49,2,0,7,20,23.542,,0
012,012073,Gazzada Schianno,16965,0,3,0.0,136.0,0.0,4615.0,0.0,0.0,0.311,1,2,29,2,0,1,7,18.517,,0
012,012074,Gemonio,1280,0,3,20.0,0.0,0.0,2838.0,0.0,0.0,0.0,1,6,9,0,1,2,2,28.271,,0
012,012075,Gerenzano,28340,0,5,71.0,40.0,100.0,10872.0,0.0,0.803,3.746,0,0,20,1,0,0,13,20.603,,0
012,012076,Germignaga,1679,0,1,0.0,6.0,0.0,3721.0,0.0,1.682,0.0,0,7,20,2,0,4,2,40.181,,0
012,012077,Golasecca,8759,0,3,24.0,412.0,0.0,2620.0,0.0,0.0,7.191,1,4,26,1,0,1,0,8.854,,0
012,012078,Gorla Maggiore,2175,0,5,0.0,0.0,0.0,4820.0,0.0,0.0,2.094,0,1,15,1,0,0,0,14.294,,0
012,012079,Gorla Minore,2247,0,5,0.0,25.0,0.0,8132.0,0.0,0.0,4.087,0,0,28,4,0,2,2,14.787,,0
012,012080,Gornate Olona,983,0,3,0.0,2083.0,0.0,2179.0,0.0,0.225,2.215,1,0,34,5,0,1,2,15.931,,0
012,012081,Grantola,553,0,1,0.0,13.0,0.0,1226.0,0.0,0.4,0.002,0,2,6,2,0,1,2,35.438,,0
012,012082,Inarzo,480,0,3,0.0,9.0,0.0,1064.0,0.0,0.0,1.344,0,2,12,0,0,0,4,17.401,,0
012,012083,Induno Olona,1782,0,3,0.0,31.0,0.0,10360.0,0.0,0.0,5.052,0,3,25,5,0,1,10,26.62,,0
012,012084,Ispra,36181,0,3,72.0,673.0,0.0,5269.0,0.0,7.336,2.636,0,3,71,6,0,3,20,22.247,,0
012,012085,Jerago con Orago,2330,0,3,0.0,0.0,0.0,5164.0,0.0,0.0,0.086,0,1,16,4,0,2,1,10.084,,0
012,012086,Lavena Ponte Tresa,52503,0,1,69.0,428.0,0.0,5686.0,0.0,2.798,0.0,0,5,37,3,0,13,20,37.852,,0
012,012087,Laveno-Mombello,32106,0,3,164.0,221.0,51.22,8372.0,0.0,8.517,6.522,3,13,96,7,0,11,49,32.01,,0
012,012088,Leggiuno,6802,0,3,37.0,85.0,0.0,3562.0,0.0,4.922,0.0,0,3,41,3,0,2,6,28.493,,0
012,012089,Lonate Ceppino,2292,0,3,0.0,6.0,0.0,5081.0,0.0,0.0,2.108,0,0,11,0,0,0,0,14.841,,0
012,012090,Lonate Pozzolo,43180,0,5,236.0,37.0,100.0,11330.0,0.0,0.0,29.946,0,1,15,1,0,2,2,4.528,,0
012,012091,Lozza,535,0,3,0.0,0.0,0.0,1186.0,0.0,0.0,0.499,0,0,4,1,0,1,1,19.35,,0
012,012092,Luino,41653,0,1,146.0,265.0,53.42,14176.0,0.0,6.251,0.0,1,11,65,18,1,19,34,41.585,,0
012,012093,Luvinate,604,0,1,0.0,0.0,0.0,1338.0,0.0,0.0,2.482,0,1,14,4,0,0,2,24.406,,0
012,012096,Malnate,5809,0,3,0.0,349.0,0.0,16537.0,0.0,0.0,2.397,1,0,25,7,0,2,7,22.226,,0
012,012097,Marchirolo,1610,0,1,0.0,9.0,0.0,3568.0,0.0,0.0,0.0,1,4,25,3,0,1,2,35.623,,0
012,012098,Marnate,3661,0,5,0.0,4.0,0.0,8114.0,0.0,0.0,1.291,0,0,17,1,0,0,3,14.665,,0
012,012099,Marzio,138,0,1,54.0,0.0,0.0,305.0,0.0,0.0,0.0,0,1,3,1,0,0,4,35.636,,0
012,012100,Masciago Primo,131,0,1,0.0,0.0,0.0,291.0,0.0,0.0,0.0,0,1,5,2,0,0,0,32.544,,0
012,012101,Mercallo,815,0,3,48.0,0.0,0.0,1806.0,0.0,2.749,0.407,0,2,22,3,0,2,0,14.188,,0
012,012102,Mesenzana,782,0,1,0.0,0.0,0.0,1733.0,0.0,0.0,0.05,0,9,3,4,0,1,6,35.029,,0
012,012103,Montegrino Valtravaglia,683,0,1,33.0,8.0,0.0,1514.0,0.0,0.166,0.0,0,23,24,9,0,0,5,37.711,,0
012,012104,Monvalle,8361,0,3,12.0,459.0,0.0,1932.0,0.0,2.156,0.0,1,1,30,0,0,0,4,25.928,,0
012,012105,Morazzone,1940,0,3,0.0,9.0,0.0,4299.0,0.0,0.0,1.725,0,1,24,1,0,1,0,17.028,,0
012,012106,Mornago,2202,0,3,0.0,9.0,0.0,4881.0,0.0,0.0,0.086,0,2,15,2,0,4,5,12.026,,0
012,012107,Oggiona con Santo Stefano,1957,0,3,0.0,7.0,0.0,4338.0,0.0,0.0,0.483,0,0,16,5,0,2,0,10.623,,0
012,012108,Olgiate Olona,125763,0,5,434.0,25.0,100.0,12751.0,0.0,0.0,0.45,0,11,67,0,0,8,26,11.834,,0
012,012109,Origgio,3608,0,5,0.0,6.0,0.0,7997.0,0.0,0.0,2.217,0,17,24,0,0,5,15,22.565,,0
012,012110,Orino,183,0,1,0.0,19.0,0.0,831.0,0.0,0.0,3.254,4,2,8,4,0,1,4,27.749,,0
012,012113,Porto Ceresio,4128,0,1,7.0,71.0,0.0,2860.0,0.0,5.062,0.0,0,1,19,4,0,1,18,33.899,,0
012,012114,Porto Valtravaglia,8977,0,1,47.0,82.0,0.0,2274.0,0.0,3.604,0.084,0,7,42,9,0,3,7,36.68,,0
012,012115,Rancio Valcuvia,414,0,1,0.0,3.0,0.0,918.0,0.0,0.088,1.429,0,12,16,6,0,0,5,31.676,,0
012,012116,Ranco,11601,0,3,124.0,67.0,36.29,1234.0,0.0,4.556,1.738,2,6,58,3,0,0,3,21.998,,0
012,012117,Saltrio,1351,0,1,0.0,0.0,0.0,2994.0,0.0,0.0,0.0,0,0,7,1,0,0,1,31.516,,0
012,012118,Samarate,1501,0,5,0.0,52.0,0.0,16104.0,0.0,0.0,15.331,1,1,54,0,0,2,0,4.484,,0
012,012119,Saronno,231843,0,5,1056.0,88.0,91.76,38556.0,0.0,0.0,0.306,2,4,80,0,0,17,110,24.23,,0
012,012120,Sesto Calende,40313,0,3,113.0,1167.0,0.0,10957.0,0.0,7.075,24.502,1,3,163,6,1,7,15,14.068,,0
012,012121,Solbiate Arno,1809,0,3,0.0,0.0,0.0,4010.0,0.0,0.0,0.0,0,0,18,2,0,1,0,12.059,,0
012,012122,Solbiate Olona,80462,0,5,750.0,6.0,65.6,5407.0,0.0,0.0,0.279,0,0,16,1,0,1,24,11.778,,0
012,012123,Somma Lombardo,422966,0,5,2088.0,339.0,64.75,17794.0,0.0,0.0,34.798,1,21,117,0,0,5,43,4.839,,0
012,012124,Sumirago,2712,0,3,0.0,8.0,0.0,6012.0,0.0,0.0,0.298,1,2,29,2,0,1,15,12.677,,0
012,012125,Taino,590,0,3,0.0,43.0,0.0,3603.0,0.0,0.295,0.195,0,10,35,2,0,1,1,16.93,,0
012,012126,Ternate,17396,0,3,108.0,18.0,50.0,2484.0,0.0,1.803,0.477,0,0,16,0,0,2,11,17.463,,0
012,012127,Tradate,9744,0,3,60.0,33.0,0.0,18955.0,0.0,0.0,0.027,2,0,53,4,0,2,18,17.767,,0
012,012128,Travedona-Monate,2140,0,3,0.0,38.0,0.0,3891.0,0.0,3.43,0.0,0,0,26,2,0,3,6,19.837,,0
012,012129,Tronzano Lago Maggiore,1499,0,1,19.0,26.0,0.0,233.0,0.0,4.01,0.0,0,0,10,11,0,0,0,50.575,,0
012,012130,Uboldo,1396,0,5,0.0,33.0,0.0,10869.0,0.0,0.0,5.753,0,1,16,1,0,4,7,20.899,,0
012,012131,Valganna,26449,0,1,22.0,964.0,0.0,1580.0,0.0,5.708,4.054,2,115,15,8,0,4,8,31.262,,0
012,012132,Varano Borghi,23994,0,3,118.0,107.0,100.0,2490.0,0.0,2.019,0.656,0,1,21,1,0,0,3,15.642,,0
012,012133,Varese,309394,0,3,1570.0,563.0,80.06,78818.0,0.0,7.725,11.257,9,48,782,17,0,63,245,22.601,,0
012,012134,Vedano Olona,3348,0,3,0.0,17.0,0.0,7421.0,0.0,0.0,0.01,0,2,17,1,0,4,3,20.322,,0
012,012136,Venegono Inferiore,2688,0,3,0.0,5.0,0.0,5958.0,0.0,0.0,0.021,1,0,19,1,0,1,6,18.177,,0
012,012137,Venegono Superiore,1445,0,3,0.0,15.0,0.0,7337.0,0.0,0.0,0.0,0,1,15,2,0,1,5,19.469,,0
012,012138,Vergiate,61039,0,3,320.0,56.0,0.0,8587.0,0.0,2.315,20.937,0,6,137,2,0,3,14,11.445,,0
012,012139,Viggiù,1169,0,1,0.0,36.0,0.0,5173.0,0.0,0.562,0.0,2,0,22,5,0,1,6,30.042,Monte San Giorgio,1
012,012140,Vizzola Ticino,100873,0,5,606.0,23.0,100.0,590.0,0.0,0.0,8.297,1,3,13,1,0,1,0,3.118,,0
012,012141,Sangiano,647,0,3,0.0,0.0,0.0,1435.0,0.0,0.0,0.0,0,2,12,0,0,0,2,28.454,,0
012,012142,Maccagno con Pino e Veddasca,88402,0,1,80.0,965.0,0.0,2353.0,0.0,11.674,0.0,2,4,55,42,0,1,17,49.269,,0
012,012143,Cadrezzate con Osmate,9099,0,3,98.0,34.0,0.0,2666.0,0.0,3.297,0.111,0,0,30,1,0,3,4,18.901,,0
012,012144,Bardello con Malgesso e Bregano,1652,0,3,0.0,30.0,0.0,3661.0,0.0,2.989,0.0,0,1,67,0,0,3,1,22.053,,0
013,013003,Albavilla,38266,0,1,200.0,81.0,100.0,6396.0,0.0,0.801,0.886,0,2,12,5,0,1,1,40.995,,0
013,013004,Albese con Cassano,7586,0,1,0.0,73.0,0.0,4250.0,0.0,0.0,0.0,0,3,6,2,0,1,3,39.435,,0
013,013005,Albiolo,1103,0,3,0.0,0.0,0.0,2758.0,0.0,0.0,0.872,0,1,7,0,0,0,3,25.791,,0
013,013006,Alserio,547,0,3,0.0,0.0,0.0,1369.0,0.0,1.874,1.397,0,0,8,0,0,1,2,37.674,,0
013,013007,Alzate Brianza,1928,0,3,0.0,0.0,0.0,4823.0,0.0,0.0,0.535,0,1,14,0,0,6,8,35.901,,0
013,013009,Anzano del Parco,678,0,3,0.0,6.0,0.0,1697.0,0.0,0.0,1.992,0,1,12,1,0,0,3,36.44,,0
013,013010,Appiano Gentile,9131,0,3,165.0,29.0,84.85,7715.0,0.0,0.0,0.072,0,2,42,4,0,2,9,22.216,,0
013,013011,Argegno,29179,0,1,101.0,255.0,0.0,671.0,0.0,2.737,0.0,0,3,5,0,0,1,11,46.534,,0
013,013012,Arosio,2053,0,3,38.0,0.0,100.0,5136.0,0.0,0.0,0.253,0,0,11,1,0,5,7,31.088,,0
013,013013,Asso,1401,0,1,0.0,14.0,0.0,3504.0,0.0,0.0,0.0,0,1,3,4,0,2,17,39.789,,0
013,013015,Barni,235,0,1,0.0,15.0,0.0,588.0,0.0,0.0,0.0,0,0,1,5,0,1,4,42.26,,0
013,013021,Bene Lario,136,0,1,0.0,40.0,0.0,341.0,0.0,0.0,0.293,0,0,2,7,0,0,0,55.882,,0
013,013022,Beregazzo con Figliaro,1129,0,3,0.0,0.0,0.0,2824.0,0.0,0.0,0.066,0,0,7,1,0,1,2,23.707,,0
013,013023,Binago,1936,0,3,0.0,6.0,0.0,4842.0,0.0,0.0,0.0,0,0,8,0,0,0,2,22.187,,0
013,013024,Bizzarone,540,0,3,22.0,22.0,0.0,1767.0,0.0,0.0,1.123,0,0,7,0,0,3,0,28.511,,0
013,013025,Blessagno,121,0,1,0.0,15.0,0.0,303.0,0.0,0.0,0.0,0,1,1,2,0,0,1,47.401,,0
013,013026,Blevio,37748,0,1,51.0,238.0,43.14,1048.0,0.0,3.371,0.0,0,2,21,5,0,2,11,37.525,,0
013,013028,Bregnano,2580,0,5,0.0,8.0,0.0,6453.0,0.0,0.0,2.99,0,0,8,1,0,3,5,26.831,,0
013,013029,Brenna,881,0,3,0.0,0.0,0.0,2203.0,0.0,0.0,0.102,0,0,7,2,0,2,20,33.531,,0
013,013030,Brienno,4538,0,1,0.0,82.0,0.0,317.0,0.0,4.584,0.0,0,6,3,1,0,1,8,44.392,,0
013,013032,Brunate,16954,0,1,105.0,113.0,0.0,1596.0,0.0,0.0,0.0,0,3,8,2,0,1,7,36.024,,0
013,013034,Bulgarograsso,1599,0,5,0.0,10.0,0.0,4000.0,0.0,0.0,2.131,0,0,12,2,0,1,2,25.416,,0
013,013035,Cabiate,2926,0,3,0.0,0.0,0.0,7319.0,0.0,0.0,0.731,0,0,16,2,0,3,8,26.895,,0
013,013036,Cadorago,3179,0,5,0.0,9.0,0.0,7952.0,0.0,0.0,2.907,0,0,22,0,0,3,7,26.679,,0
013,013037,Caglio,718,0,1,15.0,20.0,0.0,488.0,0.0,0.0,0.0,0,15,4,1,0,0,3,43.045,,0
013,013040,Campione d'Italia,702,0,1,79.0,0.0,100.0,1757.0,0.0,2.945,0.0,2,1,15,0,0,4,22,42.456,,0
013,013041,Cantù,31712,0,3,168.0,80.0,90.48,40002.0,0.0,0.0,10.45,0,0,67,3,1,18,62,34.254,,0
013,013042,Canzo,3936,0,1,90.0,28.0,0.0,5129.0,0.0,0.0,0.606,3,2,10,26,0,0,10,37.094,,0
013,013043,Capiago Intimiano,2107,0,3,0.0,24.0,0.0,5440.0,0.0,0.12,0.168,0,0,24,0,0,0,4,34.999,,0
013,013044,Carate Urio,7884,0,1,39.0,98.0,0.0,1117.0,0.0,2.702,0.0,0,5,8,3,0,0,10,40.944,,0
013,013045,Carbonate,1179,0,5,22.0,12.0,0.0,2950.0,0.0,0.0,0.065,0,0,17,0,0,1,2,17.831,,0
013,013046,Carimate,2943,0,3,163.0,18.0,86.5,4407.0,0.0,0.0,2.219,0,1,18,2,0,3,9,31.275,,0
013,013047,Carlazzo,33221,0,1,34.0,813.0,0.0,3215.0,0.0,0.0,1.532,1,0,19,3,0,2,4,57.684,,0
013,013048,Carugo,1512,0,3,17.0,25.0,0.0,6607.0,0.0,0.0,1.593,0,2,11,2,0,4,7,30.915,,0
013,013052,Caslino d'Erba,666,0,1,0.0,4.0,0.0,1667.0,0.0,0.0,0.0,0,3,11,4,0,0,0,41.777,,0
013,013053,Casnate con Bernate,8183,0,3,34.0,15.0,0.0,5042.0,0.0,0.0,0.066,0,0,17,0,0,2,17,30.678,,0
013,013055,Cassina Rizzardi,1318,0,3,0.0,0.0,0.0,3296.0,0.0,0.0,0.745,0,0,7,0,0,3,7,27.064,,0
013,013058,Castelmarte,503,0,3,0.0,14.0,0.0,1259.0,0.0,0.0,0.0,0,1,7,5,0,1,6,39.669,,0
013,013059,Castelnuovo Bozzente,366,0,3,0.0,0.0,0.0,915.0,0.0,0.0,0.0,0,0,2,1,0,0,0,22.102,,0
013,013062,Cavargna,68,0,1,0.0,84.0,0.0,170.0,0.0,0.0,0.0,1,0,0,5,0,0,0,60.469,,0
013,013063,Cerano d'Intelvi,1149,0,1,0.0,63.0,0.0,592.0,0.0,0.0,0.0,0,0,1,7,0,0,3,43.112,,0
013,013064,Cermenate,3754,0,3,0.0,20.0,0.0,9388.0,0.0,0.0,1.857,0,1,16,1,3,6,16,28.849,,0
013,013065,Cernobbio,126092,0,1,648.0,303.0,83.49,6317.0,0.0,3.175,0.0,2,5,37,4,0,9,38,36.724,,0
013,013068,Cirimido,864,0,5,0.0,9.0,0.0,2161.0,0.0,0.0,0.081,0,4,25,0,0,0,4,23.574,,0
013,013071,Claino con Osteno,216,0,1,0.0,264.0,0.0,541.0,0.0,7.134,0.0,0,0,2,2,0,3,2,51.066,,0
013,013074,Colonno,3774,0,1,21.0,22.0,100.0,434.0,0.0,1.908,0.0,0,1,2,3,0,0,9,49.336,,0
013,013075,Como,911856,0,3,2972.0,3518.0,58.55,83586.0,0.0,7.956,6.611,6,9,214,10,0,69,285,33.805,,0
013,013077,Corrido,339,0,1,0.0,8.0,0.0,847.0,0.0,0.0,0.0,0,0,3,2,0,1,0,56.495,,0
013,013083,Cremia,18042,0,1,103.0,214.0,0.0,697.0,0.0,2.264,0.0,0,0,3,5,0,1,2,57.154,,0
013,013084,Cucciago,1365,0,3,0.0,12.0,0.0,3415.0,0.0,0.0,3.665,0,0,11,0,0,2,0,31.422,,0
013,013085,Cusino,94,0,1,13.0,2.0,0.0,235.0,0.0,0.069,0.0,0,1,0,2,0,0,0,61.107,,0
013,013087,Dizzasco,2587,0,1,0.0,164.0,0.0,646.0,0.0,0.0,0.0,0,0,2,3,0,0,5,46.444,,0
013,013089,Domaso,227491,0,1,195.0,3663.0,0.0,1409.0,0.0,3.663,0.0,0,2,55,9,0,1,2,59.99,,0
013,013090,Dongo,63916,0,1,25.0,1154.0,0.0,3168.0,0.0,3.379,0.0,1,1,12,9,0,1,5,59.935,,0
013,013092,Dosso del Liro,2668,0,1,0.0,52.0,0.0,237.0,0.0,0.0,0.0,1,0,1,6,0,0,1,67.986,,0
013,013095,Erba,38967,0,3,249.0,92.0,91.16,16236.0,0.0,1.583,3.762,1,18,93,11,0,12,26,40.427,,0
013,013097,Eupilio,26356,0,3,0.0,892.0,0.0,2541.0,0.0,6.606,2.515,0,1,31,1,0,3,11,37.073,,0
013,013098,Faggeto Lario,13025,0,1,28.0,230.0,0.0,1093.0,0.0,2.338,0.0,0,7,4,8,0,0,50,42.907,,0
013,013099,Faloppio,1943,0,3,0.0,13.0,0.0,4860.0,0.0,0.0,0.645,0,0,5,1,0,0,1,27.425,,0
013,013100,Fenegrò,1302,0,5,0.0,0.0,0.0,3256.0,0.0,0.0,0.01,0,14,35,0,0,4,6,22.489,,0
013,013101,Figino Serenza,1972,0,3,74.0,0.0,67.57,4931.0,0.0,0.0,3.024,0,0,11,1,0,0,8,31.632,,0
013,013102,Fino Mornasco,1306,0,3,0.0,34.0,0.0,10011.0,0.0,0.0,1.118,0,0,20,0,0,3,18,28.519,,0
013,013106,Garzeno,575,0,1,25.0,48.0,0.0,659.0,0.0,0.0,0.0,0,1,2,6,0,0,2,63.719,,0
013,013107,Gera Lario,8704,0,1,59.0,72.0,0.0,1059.0,0.0,4.161,2.595,0,1,26,2,0,0,3,58.824,,0
013,013110,Grandate,40672,0,3,243.0,37.0,0.0,2843.0,0.0,0.0,0.0,0,0,7,0,0,1,5,30.311,,0
013,013111,Grandola ed Uniti,13474,0,1,70.0,51.0,0.0,1287.0,0.0,0.0,0.0,2,2,18,5,0,1,5,56.637,,0
013,013113,Griante,86583,0,1,1054.0,173.0,34.82,578.0,0.0,3.179,0.0,0,7,26,5,0,2,6,50.615,,0
013,013114,Guanzate,2298,0,5,0.0,12.0,0.0,5747.0,0.0,0.0,2.342,0,2,58,0,0,2,6,24.731,,0
013,013118,Inverigo,3697,0,3,52.0,2.0,100.0,9247.0,0.0,0.0,6.347,0,4,44,3,0,12,7,32.778,,0
013,013119,Laglio,17123,0,1,55.0,160.0,0.0,858.0,0.0,3.693,0.0,0,3,15,1,0,0,12,42.741,,0
013,013120,Laino,220,0,1,0.0,3.0,0.0,550.0,0.0,0.0,0.0,0,0,3,1,0,0,0,48.729,,0
013,013121,Lambrugo,1012,0,3,0.0,6.0,0.0,2532.0,0.0,0.917,1.61,0,0,15,0,0,1,2,35.073,,0
013,013123,Lasnigo,257,0,1,0.0,13.0,0.0,457.0,0.0,0.0,0.0,0,3,2,4,0,0,4,41.004,,0
013,013126,Lezzeno,52073,0,1,146.0,371.0,26.03,1923.0,0.0,7.727,0.0,0,5,8,4,0,0,27,49.084,,0
013,013128,Limido Comasco,1551,0,5,0.0,0.0,0.0,3879.0,0.0,0.0,0.0,0,3,20,0,0,2,11,20.653,,0
013,013129,Lipomo,7240,0,3,0.0,61.0,0.0,5908.0,0.0,0.0,0.0,0,0,10,0,0,1,11,35.636,,0
013,013130,Livo,116,0,1,0.0,29.0,0.0,164.0,0.0,0.041,0.0,0,3,0,9,0,0,1,67.092,,0
013,013131,Locate Varesino,1729,0,5,0.0,0.0,0.0,4325.0,0.0,0.0,0.139,0,0,12,2,0,1,3,16.864,,0
013,013133,Lomazzo,97248,0,5,464.0,8.0,90.73,9969.0,0.0,0.8,5.406,0,7,25,0,0,1,16,24.894,,0
013,013134,Longone al Segrino,780,0,3,0.0,8.0,0.0,1952.0,0.0,0.634,0.0,0,0,3,2,0,1,9,38.154,,0
013,013135,Luisago,8045,0,3,48.0,13.0,0.0,2769.0,0.0,0.0,0.004,0,0,6,0,0,1,7,28.66,,0
013,013136,Lurago d'Erba,2197,0,3,15.0,0.0,0.0,5496.0,0.0,0.262,2.574,0,2,13,3,0,3,9,34.826,,0
013,013137,Lurago Marinone,1031,0,5,0.0,8.0,0.0,2578.0,0.0,0.0,0.0,0,2,27,0,0,1,10,21.19,,0
013,013138,Lurate Caccivio,671,0,3,0.0,78.0,0.0,9695.0,0.0,0.0,2.581,0,0,12,1,0,11,1,25.785,,0
013,013139,Magreglio,3240,0,1,22.0,18.0,0.0,687.0,0.0,0.0,0.0,1,3,2,4,0,2,4,44.022,,0
013,013143,Mariano Comense,12372,0,3,65.0,31.0,0.0,25387.0,0.0,0.0,6.227,0,0,41,2,0,8,16,29.076,,0
013,013144,Maslianico,7514,0,1,0.0,93.0,0.0,3132.0,0.0,0.0,0.0,0,0,10,0,0,1,3,34.645,,0
013,013145,Menaggio,142552,0,1,679.0,688.0,53.9,3027.0,0.0,5.042,0.0,0,4,58,10,0,3,18,52.517,,0
013,013147,Merone,16036,0,3,166.0,47.0,44.58,4057.0,0.0,2.086,2.977,1,1,12,0,0,5,10,37.106,,0
013,013152,Moltrasio,63844,0,1,323.0,70.0,89.47,1523.0,0.0,3.087,0.0,0,6,13,7,0,0,27,39.176,,0
013,013153,Monguzzo,4019,0,3,38.0,34.0,0.0,2345.0,0.0,2.078,4.042,0,1,8,1,0,3,6,37.413,,0
013,013154,Montano Lucino,114183,0,3,440.0,26.0,100.0,5410.0,0.0,0.0,1.179,0,0,9,3,0,2,17,29.755,,0
013,013155,Montemezzo,1324,0,1,0.0,35.0,0.0,200.0,0.0,0.0,0.0,0,1,3,6,0,0,0,63.359,,0
013,013157,Montorfano,38218,0,3,23.0,810.0,100.0,2534.0,0.0,2.739,0.0,0,0,10,1,0,2,12,36.834,,0
013,013159,Mozzate,20490,0,5,111.0,23.0,100.0,8734.0,0.0,0.0,0.426,0,1,41,3,0,8,12,18.221,,0
013,013160,Musso,5731,0,1,0.0,90.0,0.0,942.0,0.0,1.155,0.0,0,0,3,1,0,0,2,58.966,,0
013,013161,Nesso,6674,0,1,8.0,120.0,0.0,1138.0,0.0,5.183,0.0,0,6,11,8,0,1,29,45.955,,0
013,013163,Novedrate,1156,0,3,60.0,0.0,100.0,2892.0,0.0,0.0,1.211,0,0,15,0,0,3,5,30.186,,0
013,013165,Olgiate Comasco,2040,0,3,0.0,32.0,0.0,11985.0,0.0,0.0,4.32,0,0,14,0,0,14,4,25.752,,0
013,013169,Oltrona di San Mamette,942,0,3,0.0,8.0,0.0,2355.0,0.0,0.0,0.234,0,0,5,0,0,1,4,23.622,,0
013,013170,Orsenigo,1054,0,3,0.0,35.0,0.0,2637.0,0.0,0.0,0.014,0,2,8,0,0,0,5,37.816,,0
013,013178,Peglio,3067,0,1,19.0,52.0,0.0,199.0,0.0,0.0,0.0,0,0,2,6,0,0,1,65.002,,0
013,013183,Pianello del Lario,12597,0,1,0.0,515.0,0.0,1083.0,0.0,1.878,0.0,1,0,11,3,0,1,5,58.318,,0
013,013184,Pigra,880,0,1,0.0,35.0,0.0,240.0,0.0,0.0,0.0,0,1,2,11,0,0,2,48.321,,0
013,013185,Plesio,8005,0,1,57.0,41.0,0.0,822.0,0.0,0.0,0.0,0,4,4,14,0,0,11,56.888,,0
013,013186,Pognana Lario,3926,0,1,0.0,222.0,0.0,660.0,0.0,2.929,0.0,0,4,9,2,0,0,12,44.033,,0
013,013187,Ponna,95,0,1,0.0,0.0,0.0,238.0,0.0,0.0,0.0,0,0,2,3,0,0,1,50.367,,0
013,013188,Ponte Lambro,1698,0,1,0.0,9.0,0.0,4248.0,0.0,0.0,0.0,1,3,21,3,0,3,10,41.07,,0
013,013189,Porlezza,144860,0,1,950.0,3992.0,0.0,4888.0,0.0,5.736,0.02,0,0,37,15,0,5,10,53.851,,0
013,013192,Proserpio,384,0,3,0.0,0.0,0.0,961.0,0.0,0.0,0.0,0,0,2,4,0,1,2,38.795,,0
013,013193,Pusiano,1864,0,3,13.0,53.0,0.0,1310.0,0.0,3.017,1.382,0,0,7,0,0,1,2,36.076,,0
013,013195,Rezzago,122,0,1,19.0,0.0,0.0,306.0,0.0,0.0,0.0,0,1,3,8,0,1,6,41.162,,0
013,013197,Rodero,516,0,3,0.0,7.0,0.0,1291.0,0.0,0.0,0.072,0,0,9,0,0,0,0,26.441,,0
013,013201,Rovellasca,3197,0,5,0.0,4.0,0.0,7996.0,0.0,0.0,0.438,0,2,14,0,0,10,3,25.585,,0
013,013202,Rovello Porro,2518,0,5,23.0,8.0,0.0,6297.0,0.0,0.0,0.757,0,0,17,2,0,1,3,24.447,,0
013,013203,Sala Comacina,3150,0,1,0.0,79.0,0.0,465.0,0.0,1.687,0.0,0,0,4,2,0,0,3,50.477,,0
013,013204,San Bartolomeo Val Cavargna,382,0,1,0.0,41.0,0.0,956.0,0.0,0.0,0.0,0,0,2,7,0,0,0,61.832,,0
013,013206,San Fermo della Battaglia,6446,0,3,0.0,105.0,0.0,7718.0,0.0,0.0,1.799,0,1,33,3,0,1,10,31.345,,0
013,013207,San Nazzaro Val Cavargna,105,0,1,0.0,0.0,0.0,262.0,0.0,0.0,0.0,0,0,0,8,0,0,0,61.678,,0
013,013211,Schignano,3869,0,1,13.0,70.0,0.0,881.0,0.0,0.0,0.0,0,35,4,5,0,0,0,43.201,,0
013,013212,Senna Comasco,2267,0,3,0.0,20.0,0.0,3165.0,0.0,0.0,0.141,0,0,5,0,0,2,5,32.741,,0
013,013216,Sorico,92595,0,1,108.0,2271.0,0.0,1225.0,0.0,8.984,7.144,0,4,32,12,0,1,1,61.297,,0
013,013217,Sormano,1028,0,1,16.0,245.0,0.0,648.0,0.0,0.0,0.0,0,1,4,6,0,0,5,43.613,,0
013,013218,Stazzona,963,0,1,0.0,30.0,0.0,600.0,0.0,0.0,0.0,0,1,1,2,0,0,5,63.196,,0
013,013222,Tavernerio,7460,0,1,0.0,56.0,0.0,5629.0,0.0,0.0,0.0,0,0,21,2,0,1,6,38.2,,0
013,013223,Torno,28849,0,1,246.0,134.0,73.17,1063.0,0.0,3.606,0.0,0,5,8,4,0,0,14,39.827,,0
013,013226,Trezzone,96,0,1,0.0,12.0,0.0,239.0,0.0,0.0,0.0,0,0,1,2,0,0,0,62.391,,0
013,013227,Turate,28861,0,5,218.0,44.0,100.0,9809.0,0.0,0.0,0.077,0,0,6,0,0,1,13,22.044,,0
013,013229,Valbrona,2369,0,1,23.0,146.0,0.0,2629.0,0.0,1.657,0.001,0,1,6,12,0,4,17,38.023,,0
013,013232,Valmorea,1044,0,3,24.0,6.0,0.0,2611.0,0.0,0.0,1.129,0,0,3,1,0,0,3,26.603,,0
013,013233,Val Rezzo,66,0,1,0.0,0.0,0.0,166.0,0.0,0.0,0.022,0,2,0,1,0,0,1,57.02,,0
013,013234,Valsolda,10410,0,1,62.0,254.0,0.0,1426.0,0.0,7.729,3.386,1,1,10,40,0,1,14,51.624,,0
013,013236,Veleso,2424,0,1,17.0,18.0,0.0,202.0,0.0,0.0,0.0,0,0,3,6,0,0,0,47.811,,0
013,013238,Veniano,1255,0,5,0.0,6.0,0.0,3140.0,0.0,0.0,0.002,0,0,13,0,0,0,6,22.254,,0
013,013239,Vercana,21784,0,1,0.0,208.0,0.0,728.0,0.0,0.681,0.0,0,1,15,1,0,1,0,63.607,,0
013,013242,Vertemate con Minoprio,1662,0,3,0.0,8.0,0.0,4158.0,0.0,0.0,2.819,0,0,5,0,0,3,4,29.549,,0
013,013245,Villa Guardia,11098,0,3,0.0,70.0,0.0,7839.0,0.0,0.0,2.293,0,0,12,1,0,1,18,28.158,,0
013,013246,Zelbio,1431,0,1,48.0,23.0,0.0,185.0,0.0,0.0,0.0,0,0,7,1,0,1,2,46.239,,0
013,013248,San Siro,26145,0,1,79.0,644.0,0.0,1681.0,0.0,5.872,0.0,1,3,16,3,0,0,6,54.797,,0
013,013249,Gravedona ed Uniti,37997,0,1,274.0,684.0,0.0,4074.0,0.0,3.507,0.0,0,5,82,15,0,0,6,64.88,,0
013,013250,Bellagio,259536,0,1,1191.0,1139.0,29.89,3591.0,0.0,9.288,0.0,3,32,50,19,0,8,11,46.755,,0
013,013251,Colverde,2004,0,3,0.0,21.0,0.0,5529.0,0.0,0.0,5.054,0,4,12,1,0,0,6,29.034,,0
013,013252,Tremezzina,205359,0,1,950.0,795.0,33.16,4981.0,0.0,9.495,0.0,3,21,93,23,0,7,11,52.5,<I>Sacri Monti</I> of Piedmont and Lombardy,1
013,013253,Alta Valle Intelvi,19399,0,1,228.0,160.0,15.79,3149.0,0.0,0.138,0.0,4,16,19,15,0,2,21,45.349,,0
013,013254,Centro Valle Intelvi,35353,0,1,222.0,586.0,0.0,3747.0,0.0,0.0,0.0,2,5,11,13,0,1,33,43.826,,0
013,013255,Solbiate con Cagno,1870,0,3,0.0,7.0,0.0,4677.0,0.0,0.0,1.849,0,0,20,2,0,2,10,24.245,,0
013,013256,Uggiate con Ronago,9963,0,3,60.0,92.0,100.0,,0.0,0.255,3.888,0,0,11,0,0,3,8,28.791,,0
014,014001,Albaredo per San Marco,414,0,1,0.0,64.0,0.0,297.0,0.0,0.0,14.559,0,0,2,3,0,0,0,45.268,,0
014,014002,Albosaggia,11607,0,1,62.0,168.0,0.0,2998.0,0.0,0.266,22.279,0,1,9,16,0,0,4,51.5,,0
014,014003,Andalo Valtellino,822,0,1,0.0,4.0,0.0,590.0,0.0,0.0,2.331,0,0,2,3,0,0,2,51.918,,0
014,014004,Aprica,92385,0,1,942.0,283.0,7.22,1468.0,0.0,0.0,14.402,0,1,139,17,0,10,10,61.337,,0
014,014005,Ardenno,6936,0,1,31.0,87.0,0.0,3217.0,0.0,0.0,0.0,0,0,4,3,0,1,6,56.229,,0
014,014006,Bema,159,0,1,0.0,5.0,0.0,114.0,0.0,0.0,10.698,0,0,1,1,0,0,0,45.686,,0
014,014007,Berbenno di Valtellina,8918,0,1,96.0,67.0,0.0,4047.0,0.0,0.0,0.0,0,0,6,20,0,3,3,57.33,,0
014,014008,Bianzone,1140,0,1,24.0,37.0,0.0,1262.0,0.0,0.053,0.0,0,0,1,14,0,0,1,66.015,,0
014,014009,Bormio,538769,0,1,3203.0,1672.0,28.69,3939.0,0.0,1.094,0.0,2,0,55,22,0,10,24,70.684,,0
014,014010,Buglio in Monte,1091,0,1,0.0,56.0,0.0,2017.0,0.0,0.0,0.0,0,0,2,3,0,0,1,59.317,,0
014,014011,Caiolo,2841,0,1,0.0,69.0,0.0,1049.0,0.0,0.094,23.374,0,0,1,5,0,0,0,48.924,,0
014,014012,Campodolcino,32621,0,1,531.0,749.0,0.0,947.0,0.0,5.322,0.033,1,1,84,9,0,2,8,85.152,,0
014,014013,Caspoggio,23171,0,1,211.0,11.0,0.0,1343.0,0.0,0.0,0.0,1,0,13,5,0,3,5,65.542,,0
014,014014,Castello dell'Acqua,845,0,1,0.0,12.0,0.0,606.0,0.0,0.0,4.614,0,0,6,16,0,0,0,56.976,,0
017,017062,Corte Franca,33582,0,3,147.0,165.0,68.03,7176.0,0.0,0.0,0.374,0,2,88,4,1,3,30,23.352,,0
017,017063,Corteno Golgi,71699,0,1,310.0,1059.0,49.68,1908.0,0.0,3.332,2.455,1,0,27,24,0,1,2,65.388,,0
017,017064,Corzano,349,0,5,0.0,10.0,0.0,1440.0,0.0,0.0,0.0,0,1,5,1,0,1,4,24.482,,0
017,017065,Darfo Boario Terme,123300,0,1,989.0,140.0,23.36,15748.0,0.0,0.822,0.0,1,5,37,8,2,8,41,45.08,,0
017,017066,Dello,7375,0,5,23.0,62.0,0.0,5656.0,0.0,0.0,0.0,1,5,63,2,0,6,9,18.023,,0
017,017067,Desenzano del Garda,986287,0,3,2831.0,5873.0,44.15,29255.0,0.0,9.238,0.0,3,3,238,5,1,17,102,18.505,,0
017,017068,Edolo,17527,0,1,81.0,557.0,0.0,4386.0,0.0,1.338,54.546,1,14,14,24,0,12,8,77.165,,0
017,017069,Erbusco,41719,0,3,224.0,142.0,100.0,8770.0,0.0,0.0,0.0,0,1,21,5,0,7,16,22.077,,0
017,017070,Esine,907,0,1,25.0,76.0,0.0,5058.0,0.0,0.0,0.022,0,0,9,10,0,1,3,49.285,,0
017,017071,Fiesse,490,0,5,0.0,0.0,0.0,2022.0,0.0,0.0,0.153,0,0,7,0,0,0,6,22.141,,0
017,017072,Flero,2118,0,5,0.0,13.0,0.0,8744.0,0.0,0.0,2.047,0,0,14,0,0,3,19,13.7,,0
017,017073,Gambara,1106,0,5,24.0,0.0,0.0,4567.0,0.0,0.0,0.0,0,1,6,0,0,6,10,18.991,,0
017,017074,Gardone Riviera,248489,0,1,1703.0,534.0,70.52,2617.0,0.0,2.951,21.591,9,20,95,31,0,6,17,29.616,,0
017,017075,Gardone Val Trompia,3106,0,1,17.0,37.0,0.0,11396.0,0.0,0.0,0.0,1,20,22,7,0,2,12,32.76,,0
017,017076,Gargnano,191567,0,1,1175.0,616.0,35.15,2668.0,0.0,22.973,91.74,0,0,118,43,0,12,27,39.241,,0
017,017077,Gavardo,6363,0,3,25.0,72.0,100.0,12332.0,0.0,0.0,0.038,1,2,53,12,0,3,24,19.967,,0
017,017078,Ghedi,11194,0,5,83.0,62.0,0.0,18473.0,0.0,0.537,0.0,0,0,148,0,0,11,19,5.126,,0
017,017079,Gianico,511,0,1,0.0,21.0,0.0,2110.0,0.0,0.455,0.0,1,1,5,4,0,3,0,44.93,,0
017,017080,Gottolengo,1216,0,5,10.0,22.0,0.0,5020.0,0.0,0.0,0.0,0,0,12,0,0,9,9,14.511,,0
017,017081,Gussago,4520,0,3,13.0,51.0,0.0,16601.0,0.0,0.0,0.284,0,22,78,15,0,0,25,22.87,,0
017,017082,Idro,129534,0,1,191.0,2585.0,0.0,1871.0,0.0,16.62,0.013,0,3,31,13,0,6,13,38.681,,0
017,017083,Incudine,84,0,1,0.0,8.0,0.0,346.0,0.0,0.624,8.693,0,0,1,3,0,0,2,78.3,,0
017,017084,Irma,31,0,1,0.0,0.0,0.0,129.0,0.0,0.0,0.0,0,4,1,2,0,0,3,38.571,,0
017,017085,Iseo,428315,0,1,745.0,6180.0,57.05,8967.0,0.0,27.461,1.948,1,6,54,16,4,19,26,26.092,,0
017,017086,Isorella,986,0,5,14.0,8.0,0.0,4072.0,0.0,0.0,0.0,0,0,36,0,0,12,8,13.456,,0
017,017087,Lavenone,239,0,1,0.0,35.0,0.0,496.0,0.0,0.0,0.0,0,1,3,9,0,1,4,38.236,,0
017,017088,Leno,12504,0,5,76.0,40.0,0.0,14405.0,0.0,0.0,0.0,0,1,45,1,0,27,46,11.583,,0
017,017089,Limone sul Garda,1216414,0,1,6192.0,1216.0,65.2,1108.0,0.0,7.117,22.824,4,0,81,37,0,6,18,47.645,,0
017,017090,Lodrino,396,0,1,25.0,4.0,0.0,1636.0,0.0,0.0,0.0,0,0,8,4,0,0,19,32.14,,0
017,017091,Lograto,920,0,5,0.0,30.0,0.0,3798.0,0.0,0.0,0.0,0,0,7,1,0,2,12,21.514,,0
017,017092,Lonato del Garda,105700,0,3,229.0,793.0,62.88,16974.0,0.0,1.536,0.083,2,2,190,4,6,11,19,13.39,,0
017,017093,Longhena,136,0,5,0.0,0.0,0.0,563.0,0.0,0.0,0.0,0,0,1,0,0,0,2,21.157,,0
017,017094,Losine,152,0,1,0.0,2.0,0.0,626.0,0.0,0.0,0.0,0,0,3,1,0,1,0,57.893,,0
017,017095,Lozio,470,0,1,0.0,187.0,0.0,356.0,0.0,0.0,0.259,1,4,3,11,0,0,2,55.421,,0
017,017096,Lumezzane,5221,0,1,0.0,5.0,0.0,21556.0,0.0,0.0,0.0,2,27,24,29,1,1,41,25.023,,0
017,017097,Maclodio,364,0,5,0.0,0.0,0.0,1503.0,0.0,0.0,0.0,0,0,3,0,0,0,3,23.375,,0
017,017098,Magasa,25,0,1,0.0,33.0,0.0,102.0,0.0,0.0,19.347,1,1,0,11,0,0,1,45.992,,0
018,018076,Gropello Cairoli,14398,0,5,92.0,40.0,0.0,4271.0,0.0,0.0,25.89,0,0,12,0,0,3,4,36.879,,0
018,018077,Inverno e Monteleone,585,0,5,0.0,6.0,0.0,1463.0,0.0,0.0,0.0,0,1,10,0,0,2,0,29.521,,0
018,018078,Landriano,2605,0,5,18.0,8.0,0.0,6521.0,0.0,0.0,0.283,0,1,20,1,0,3,5,14.949,,0
018,018079,Langosco,149,0,5,0.0,14.0,0.0,373.0,0.0,0.0,0.0,0,2,3,0,0,0,0,47.6,,0
018,018080,Lardirago,470,0,5,0.0,0.0,0.0,1177.0,0.0,0.0,0.0,0,2,5,0,0,0,0,22.875,,0
018,018081,Linarolo,1117,0,5,0.0,18.0,0.0,2795.0,0.0,0.0,12.145,0,0,22,1,0,0,7,32.648,,0
018,018082,Lirio,50,0,3,0.0,0.0,0.0,125.0,0.0,0.0,0.0,0,0,2,0,0,0,0,49.568,,0
018,018083,Lomello,649,0,5,24.0,15.0,0.0,2036.0,0.0,0.0,0.341,0,1,6,0,0,2,1,52.284,,0
018,018084,Lungavilla,966,0,5,0.0,19.0,0.0,2419.0,0.0,0.0,0.599,0,1,16,1,0,1,3,47.7,,0
018,018085,Magherno,710,0,5,0.0,0.0,0.0,1778.0,0.0,0.0,0.0,0,0,16,1,0,0,0,25.413,,0
018,018086,Marcignago,970,0,5,0.0,0.0,0.0,2427.0,0.0,0.0,0.251,0,0,14,1,0,0,0,26.261,,0
018,018087,Marzano,680,0,5,0.0,0.0,0.0,1703.0,0.0,0.0,0.0,0,0,9,1,0,0,0,21.806,,0
018,018088,Mede,2424,0,5,0.0,11.0,0.0,6068.0,0.0,0.0,0.387,0,1,13,1,0,12,1,57.033,,0
018,018089,Menconico,135,0,1,72.0,0.0,0.0,339.0,0.0,0.0,3.106,0,0,8,14,0,1,3,55.064,,0
018,018090,Mezzana Bigli,421,0,5,0.0,0.0,0.0,1053.0,0.0,0.0,0.058,0,0,8,0,0,0,3,51.864,,0
018,018091,Mezzana Rabattone,183,0,5,0.0,0.0,0.0,458.0,0.0,0.0,0.0,0,0,6,0,0,0,0,42.551,,0
018,018092,Mezzanino,548,0,5,26.0,0.0,0.0,1372.0,0.0,0.0,12.321,0,0,11,3,0,0,0,35.559,,0
018,018093,Miradolo Terme,1535,0,5,25.0,8.0,0.0,3843.0,0.0,0.0,0.313,0,1,27,0,0,3,2,32.96,,0
018,018094,Montalto Pavese,411,0,3,0.0,35.0,0.0,836.0,0.0,0.0,0.0,1,2,20,1,0,1,7,52.074,,0
018,018095,Montebello della Battaglia,6386,0,3,0.0,120.0,0.0,1443.0,0.0,0.0,0.0,0,1,20,0,0,0,5,50.836,,0
018,018096,Montecalvo Versiggia,1020,0,3,0.0,86.0,0.0,498.0,0.0,0.0,0.0,1,1,18,1,0,0,0,51.834,,0
018,018097,Montescano,165,0,3,0.0,12.0,0.0,412.0,0.0,0.0,0.0,0,0,6,0,0,0,0,46.245,,0
018,018098,Montesegale,100,0,3,0.0,12.0,0.0,251.0,0.0,0.0,0.0,0,1,12,4,0,0,0,59.078,,0
018,018099,Monticelli Pavese,253,0,5,0.0,9.0,0.0,634.0,0.0,0.0,0.0,0,0,9,0,0,0,3,41.718,,0
018,018100,Montù Beccaria,643,0,3,0.0,6.0,0.0,1609.0,0.0,0.0,0.0,0,0,27,1,0,0,0,46.164,,0
018,018101,Mornico Losana,240,0,3,0.0,12.0,0.0,600.0,0.0,0.0,0.0,0,1,19,3,0,0,0,48.795,,0
018,018102,Mortara,5595,0,5,141.0,70.0,22.7,15471.0,0.0,0.0,0.15,0,7,42,1,0,1,12,42.211,,0
018,018103,Nicorvo,110,0,5,0.0,10.0,0.0,275.0,0.0,0.0,0.066,0,0,4,1,0,1,1,38.703,,0
018,018104,Olevano di Lomellina,278,0,5,0.0,21.0,0.0,697.0,0.0,0.0,0.0,1,0,3,0,0,0,1,46.841,,0
018,018105,Oliva Gessi,63,0,3,0.0,10.0,0.0,158.0,0.0,0.0,0.0,0,0,8,0,0,0,0,49.692,,0
018,018106,Ottobiano,428,0,5,0.0,33.0,0.0,1070.0,0.0,0.0,0.0,0,0,5,1,0,0,0,47.376,,0
018,018107,Palestro,730,0,5,0.0,2.0,0.0,1827.0,0.0,0.0,0.0,0,1,9,0,0,0,1,40.2,,0
018,018108,Pancarana,129,0,5,0.0,0.0,0.0,322.0,0.0,0.0,0.0,0,0,5,0,0,0,0,44.595,,0
018,018109,Parona,913,0,5,14.0,28.0,0.0,1849.0,0.0,0.0,0.126,0,0,8,0,0,0,3,38.619,,0
018,018110,Pavia,132570,0,5,241.0,1041.0,71.78,71297.0,0.0,0.0,62.708,9,24,208,11,0,52,372,28.622,,0
019,019093,Scandolara Ripa d'Oglio,287,0,5,0.0,0.0,0.0,502.0,0.0,0.0,3.07,0,1,1,0,0,0,4,26.385,,0
019,019094,Sergnano,1984,0,5,0.0,0.0,0.0,3465.0,0.0,0.0,3.058,0,0,9,0,0,4,12,26.627,,0
019,019095,Sesto ed Uniti,1843,0,5,0.0,15.0,0.0,3219.0,0.0,0.0,0.345,0,0,16,0,0,0,8,41.838,,0
019,019096,Solarolo Rainerio,533,0,5,19.0,4.0,0.0,931.0,0.0,0.0,0.0,0,2,20,1,0,0,3,27.686,,0
019,019097,Soncino,8607,0,5,102.0,14.0,100.0,7532.0,0.0,0.0,11.041,4,12,26,1,0,4,12,31.443,,0
019,019098,Soresina,4104,0,5,45.0,24.0,0.0,9063.0,0.0,0.0,0.244,0,0,10,1,0,0,14,40.516,,0
019,019099,Sospiro,1740,0,5,0.0,18.0,0.0,3039.0,0.0,0.0,0.0,0,0,7,0,0,0,12,32.96,,0
019,019100,Spinadesco,819,0,5,0.0,0.0,0.0,1431.0,0.0,0.0,9.212,0,0,9,1,0,1,0,44.435,,0
019,019101,Spineda,344,0,5,0.0,6.0,0.0,601.0,0.0,0.0,0.0,0,0,1,0,0,0,4,31.234,,0
019,019102,Spino d'Adda,9433,0,5,76.0,64.0,100.0,7003.0,0.0,0.0,9.251,0,1,20,1,0,1,18,17.86,,0
019,019103,Stagno Lombardo,823,0,5,0.0,49.0,0.0,1437.0,0.0,0.0,32.611,0,0,9,3,0,0,2,30.804,,0
019,019104,Ticengo,254,0,5,0.0,0.0,0.0,443.0,0.0,0.0,0.001,0,0,6,0,0,0,2,33.3,,0
019,019105,Torlino Vimercati,270,0,5,0.0,0.0,0.0,472.0,0.0,0.0,0.0,0,2,1,2,0,0,1,25.36,,0
019,019106,Tornata,234,0,5,0.0,0.0,0.0,408.0,0.0,0.0,0.0,0,4,1,1,0,0,0,32.773,,0
019,019107,Torre de' Picenardi,1229,0,5,0.0,0.0,0.0,2146.0,0.0,0.0,0.0,0,5,18,1,0,0,13,33.224,,0
019,019108,Torricella del Pizzo,331,0,5,0.0,0.0,0.0,578.0,0.0,3.499,0.19,0,0,4,0,0,0,10,21.417,,0
019,019109,Trescore Cremasco,1634,0,5,0.0,7.0,0.0,2854.0,0.0,0.0,0.065,0,0,14,0,0,0,0,27.486,,0
019,019110,Trigolo,946,0,5,0.0,0.0,0.0,1652.0,0.0,0.0,0.0,0,0,15,0,0,0,5,39.166,,0
019,019111,Vaiano Cremasco,2017,0,5,0.0,0.0,0.0,3523.0,0.0,0.0,1.33,0,4,19,0,0,0,1,26.394,,0
019,019112,Vailate,2643,0,5,0.0,17.0,0.0,4617.0,0.0,0.0,0.0,0,0,5,0,0,0,10,25.281,,0
019,019113,Vescovato,2250,0,5,0.0,5.0,0.0,3930.0,0.0,0.0,0.0,0,0,15,0,0,4,10,32.141,,0
019,019114,Volongo,260,0,5,0.0,0.0,0.0,454.0,0.0,0.0,4.28,0,0,0,0,0,0,2,24.796,,0
019,019115,Voltido,191,0,5,0.0,0.0,0.0,333.0,0.0,0.0,0.0,0,0,1,1,0,0,4,31.498,,0
019,019116,Piadena Drizzona,5919,0,5,25.0,39.0,0.0,4013.0,0.0,0.0,11.157,1,0,6,0,0,3,11,33.104,,0
020,020001,Acquanegra sul Chiese,1010,0,5,0.0,24.0,0.0,2692.0,0.0,0.0,12.39,0,0,7,0,0,0,7,31.649,,0
020,020002,Asola,3897,0,5,0.0,59.0,0.0,9876.0,0.0,0.0,0.0,1,0,21,0,0,2,28,24.44,,0
020,020003,Bagnolo San Vito,11564,0,5,89.0,114.0,0.0,5929.0,0.0,0.0,12.491,0,0,21,1,1,5,10,35.248,,0
020,020007,Bozzolo,1511,0,5,13.0,0.0,0.0,4029.0,0.0,0.0,2.616,0,1,7,1,0,0,13,34.515,,0
020,020008,Canneto sull'Oglio,441,0,5,0.0,15.0,0.0,4332.0,0.0,0.0,8.916,0,1,3,2,0,2,11,29.322,,0
020,020010,Casalmoro,827,0,5,56.0,25.0,0.0,2206.0,0.0,0.0,0.0,0,0,8,0,0,0,0,18.772,,0
020,020011,Casaloldo,3900,0,5,0.0,43.0,0.0,2587.0,0.0,0.0,0.0,0,0,1,0,0,1,0,22.769,,0
020,020050,Rivarolo Mantovano,888,0,5,0.0,9.0,0.0,2368.0,0.0,0.0,0.0,0,5,5,1,0,0,7,29.437,,0
020,020051,Rodigo,4656,0,5,46.0,90.0,100.0,5171.0,0.0,0.053,5.801,1,2,75,2,0,1,18,29.506,,0
020,020052,Roncoferraro,2583,0,5,0.0,19.0,0.0,6886.0,0.0,0.144,6.077,0,3,57,3,0,3,23,30.789,,0
020,020053,Roverbella,2983,0,5,19.0,42.0,0.0,8751.0,0.0,0.0,0.0,0,1,24,1,0,3,18,16.284,,0
021,021066,Postal/Burgstall,74624,0,1,363.0,187.0,27.55,2021.0,0.0,0.0,0.064,0,1,25,5,0,0,0,19.032,,0
021,021067,Prato allo Stelvio/Prad am Stilfserjoch,203650,0,1,642.0,1397.0,45.17,3869.0,0.0,0.0,0.28,2,2,16,34,1,3,0,60.074,,0
021,021068,Predoi/Prettau,28470,0,1,179.0,207.0,0.0,509.0,0.0,1.407,62.602,2,0,11,37,0,2,0,90.286,,0
021,021069,Proves/Proveis,3009,0,1,24.0,79.0,0.0,249.0,0.0,0.954,0.0,0,0,2,8,0,0,0,23.982,,0
021,021070,Racines/Ratschings,742902,0,1,2971.0,965.0,56.14,4646.0,0.0,1.543,0.482,2,3,79,131,0,7,0,47.701,,0
021,021071,Rasun-Anterselva/Rasen-Antholz,506927,0,1,2258.0,1465.0,27.68,2949.0,0.0,3.446,47.043,0,2,103,63,0,5,0,73.861,,0
021,021072,Renon/Ritten,460902,0,1,2120.0,1625.0,23.82,8147.0,0.0,1.326,0.441,2,20,84,103,0,4,0,13.542,,0
021,021073,Rifiano/Riffian,84663,0,1,434.0,313.0,15.67,1364.0,0.0,0.72,27.546,0,0,43,27,0,1,0,34.881,,0
021,021074,Rio di Pusteria/Mühlbach,972101,0,1,4337.0,1044.0,39.98,3207.0,0.0,0.409,29.666,0,1,75,70,0,1,0,49.795,,0
021,021075,Rodengo/Rodeneck,120988,0,1,1039.0,238.0,5.49,1291.0,0.0,0.0,1.232,1,1,24,34,0,1,0,47.568,,0
021,021076,Salorno sulla strada del vino/Salurn an der Weinstraße,32749,0,1,260.0,153.0,0.0,3802.0,0.0,0.0,18.546,0,2,28,24,0,2,0,24.024,,0
021,021077,San Candido/Innichen,625768,0,1,2495.0,1535.0,33.51,3337.0,0.0,0.18,37.329,3,0,136,42,0,7,0,61.039,,0
021,021079,San Genesio Atesino/Jenesien,104452,0,1,417.0,570.0,58.51,3011.0,0.0,0.0,0.083,0,2,24,66,0,1,0,11.489,,0
021,021080,San Leonardo in Passiria/St. Leonhard in Passeier,334713,0,1,1588.0,442.0,49.75,3647.0,0.0,0.898,0.012,2,1,45,46,0,2,0,37.952,,0
021,021081,San Lorenzo di Sebato/St. Lorenzen,487993,0,1,1277.0,972.0,40.8,3902.0,0.0,0.0,0.402,1,1,28,40,0,4,0,53.996,,0
021,021082,San Martino in Badia/St. Martin in Thurn,161461,0,1,743.0,846.0,0.0,1748.0,0.0,0.152,24.677,3,36,27,34,1,1,0,45.347,,0
021,021083,San Martino in Passiria/St. Martin in Passeier,393890,0,1,1361.0,600.0,61.13,3307.0,0.0,0.0,11.872,1,0,49,14,1,6,0,36.82,,0
021,021084,San Pancrazio/St. Pankraz,21448,0,1,74.0,193.0,0.0,1538.0,0.0,0.451,0.0,0,1,9,33,0,2,0,23.7,,0
021,021085,Santa Cristina Valgardena/St. Christina in Gröden,520815,0,1,2059.0,1227.0,36.81,2022.0,0.0,0.0,20.248,0,17,111,48,0,0,0,33.64,,0
021,021086,Sarentino/Sarntal,153480,0,1,1043.0,608.0,21.28,7215.0,0.0,2.523,0.14,1,2,70,99,0,8,0,28.545,,0
021,021087,Scena/Schenna,1073854,0,1,5772.0,1119.0,41.08,3049.0,0.0,0.0,0.0,3,5,145,55,1,0,0,28.798,,0
021,021088,Selva dei Molini/Mühlwald,111559,0,1,559.0,394.0,0.0,1386.0,0.0,0.241,0.642,0,0,8,45,0,1,0,63.229,,0
021,021089,Selva di Val Gardena/Wolkenstein in Gröden,1435639,0,1,7217.0,2197.0,33.78,2630.0,0.0,0.071,28.148,0,51,256,48,0,19,0,36.525,,0
021,021091,Senales/Schnals,309756,0,1,1891.0,556.0,29.93,1243.0,0.0,0.346,87.951,1,0,86,31,1,2,0,46.021,,0
028,028095,Urbana,1402,0,5,28.0,18.0,0.0,2009.0,0.0,0.955,0.0,1,0,10,2,0,0,0,47.852,,0
028,028096,Veggiano,4418,0,5,0.0,52.0,0.0,4795.0,0.0,0.0,0.0,0,1,22,0,0,2,7,44.165,,0
028,028097,Vescovana,1464,0,5,0.0,28.0,0.0,1683.0,0.0,0.0,0.0,0,1,7,0,0,2,7,65.019,,0
028,028098,Vighizzolo d'Este,299,0,5,0.0,3.0,0.0,872.0,0.0,0.672,0.0,0,0,5,0,0,0,4,62.809,,0
028,028099,Vigodarzere,2385,0,5,0.0,62.0,0.0,13175.0,0.0,0.0,0.0,0,4,38,0,0,3,30,31.094,,0
028,028100,Vigonza,26069,0,5,116.0,272.0,0.0,23288.0,0.0,0.0,0.0,0,3,94,1,0,4,14,28.207,,0
028,028101,Villa del Conte,16632,0,5,62.0,59.0,0.0,5623.0,0.0,0.0,0.0,0,1,13,0,0,6,6,26.813,,0
028,028102,Villa Estense,714,0,5,0.0,35.0,0.0,2079.0,0.0,0.304,0.149,1,1,9,1,0,0,10,64.697,,0
028,028103,Villafranca Padovana,11371,0,5,55.0,47.0,0.0,10561.0,0.0,0.0,0.0,0,0,44,1,0,2,6,36.714,,0
028,028104,Villanova di Camposampiero,2114,0,5,0.0,8.0,0.0,6159.0,0.0,0.0,0.0,0,0,30,0,0,0,0,23.777,,0
028,028105,Vo',11363,0,3,0.0,218.0,0.0,3248.0,0.0,0.0,12.935,0,1,14,6,0,4,10,55.784,,0
028,028106,Due Carrare,5412,0,5,12.0,127.0,0.0,8980.0,0.0,0.0,0.033,1,6,50,1,0,4,12,46.848,,0
028,028107,Borgo Veneto,197,0,5,0.0,23.0,0.0,7048.0,0.0,0.0,0.0,0,9,36,3,0,0,23,55.085,,0
029,029001,Adria,18802,0,5,171.0,221.0,56.14,18556.0,0.0,0.0,2.135,2,2,27,0,0,11,25,55.143,,0
029,029002,Ariano nel Polesine,5837,0,5,0.0,176.0,0.0,3866.0,1.333,0.0,80.019,3,0,9,1,0,3,1,63.916,,0
029,029003,Arquà Polesine,416,0,5,13.0,10.0,0.0,2559.0,0.0,0.0,0.0,0,1,7,0,0,0,3,64.345,,0
029,029004,Badia Polesine,6073,0,5,0.0,127.0,0.0,10225.0,0.0,1.038,0.0,1,0,21,0,0,2,5,58.676,,0
029,029005,Bagnolo di Po,1338,0,5,0.0,22.0,0.0,1209.0,0.0,0.0,0.0,0,2,6,0,0,0,0,54.432,,0
029,029006,Bergantino,1557,0,5,31.0,4.0,0.0,2370.0,0.0,0.0,0.0,2,1,10,0,0,0,0,46.32,,0
029,029007,Bosaro,228,0,5,0.0,0.0,0.0,1406.0,0.0,0.0,0.0,0,1,4,1,0,0,0,64.647,,0
029,029008,Calto,111,0,5,0.0,0.0,0.0,683.0,0.0,0.0,0.0,0,0,5,0,0,0,0,51.511,,0
029,029009,Canaro,412,0,5,0.0,28.0,0.0,2539.0,0.0,0.0,0.0,0,0,9,0,0,1,3,54.53,,0
029,029010,Canda,133,0,5,0.0,13.0,0.0,820.0,0.0,0.0,0.0,0,0,3,0,0,0,0,59.641,,0
029,029011,Castelguglielmo,251,0,5,0.0,4.0,0.0,1543.0,0.0,0.0,0.0,0,0,10,0,1,1,0,56.861,,0
029,029012,Castelmassa,1450,0,5,25.0,10.0,0.0,3985.0,0.0,0.0,0.0,0,0,11,0,0,2,0,53.976,,0
029,029013,Castelnovo Bariano,417,0,5,0.0,7.0,0.0,2566.0,0.0,0.0,0.0,0,1,10,0,0,3,1,50.226,,0
029,029014,Ceneselli,252,0,5,0.0,0.0,0.0,1550.0,0.0,0.0,0.0,0,0,10,0,0,0,0,55.156,,0
029,029015,Ceregnano,552,0,5,0.0,14.0,0.0,3401.0,0.0,0.0,0.0,0,0,2,0,0,1,5,61.459,,0
029,029017,Corbola,347,0,5,0.0,21.0,0.0,2228.0,0.0,0.0,18.599,0,0,1,0,0,0,0,59.379,,0
029,029018,Costa di Rovigo,399,0,5,0.0,0.0,0.0,2457.0,0.0,0.0,0.0,1,0,6,0,0,1,3,66.328,,0
029,029019,Crespino,1596,0,5,0.0,62.0,0.0,1762.0,0.0,0.0,0.0,0,2,6,0,0,1,2,67.251,,0
029,029021,Ficarolo,351,0,5,72.0,0.0,0.0,2163.0,0.0,0.0,0.0,0,0,10,0,0,1,14,48.66,,0
029,029022,Fiesso Umbertiano,460,0,5,70.0,16.0,0.0,3887.0,0.0,0.0,0.0,0,0,8,0,0,0,1,53.852,,0
029,029023,Frassinelle Polesine,215,0,5,0.0,10.0,0.0,1322.0,0.0,0.0,0.0,0,0,12,0,0,0,0,58.789,,0
029,029024,Fratta Polesine,7572,0,5,39.0,38.0,0.0,2444.0,0.0,0.0,0.0,3,1,6,1,0,1,0,60.593,,0
061,061021,Casapulla,15596,0,5,108.0,17.0,63.89,8260.0,0.0,0.0,0.013,0,0,8,2,0,4,1,21.576,,0
061,061022,Caserta,178587,0,3,1468.0,436.0,79.56,72699.0,0.0,0.0,0.823,9,67,138,15,0,31,63,23.434,"18th-Century Royal Palace at Caserta with the Park, the Aqueduct of Vanvitelli, and the San Leucio Complex",1
061,061023,Castel Campagnano,388,0,3,0.0,34.0,0.0,1441.0,0.0,1.449,0.0,1,0,5,0,0,0,0,33.786,,0
061,061024,Castel di Sasso,279,0,3,0.0,18.0,0.0,1034.0,0.0,0.0,0.0,0,1,1,1,0,2,0,33.761,,0
061,061025,Castello del Matese,2626,0,1,0.0,90.0,0.0,1367.0,0.0,0.0,21.984,0,0,3,16,0,0,0,57.524,,0
061,061026,Castel Morrone,966,0,3,0.0,0.0,0.0,3585.0,0.0,0.0,0.045,0,2,9,7,0,2,0,27.263,,0
061,061027,Castel Volturno,284368,0,5,1748.0,43.0,54.92,29524.0,25.707,3.727,0.56,1,0,1282,1,1,3,16,31.123,,0
061,061028,Cervino,1273,0,3,52.0,7.0,0.0,4723.0,0.0,0.0,0.0,0,0,14,0,0,2,0,21.261,,0
061,061029,Cesa,2599,0,5,0.0,0.0,0.0,9644.0,0.0,0.0,0.0,0,0,6,0,1,0,0,9.895,,0
061,061030,Ciorlano,98,0,3,0.0,0.0,0.0,363.0,0.0,0.0,1.102,0,1,1,0,0,2,0,64.11,,0
061,061031,Conca della Campania,310,0,3,0.0,45.0,0.0,1151.0,0.0,0.0,0.0,1,3,5,1,0,1,0,57.323,,0
061,061032,Curti,1791,0,5,0.0,10.0,0.0,6644.0,0.0,0.0,0.0,0,0,4,0,0,2,2,21.256,,0
061,061033,Dragoni,520,0,3,16.0,7.0,0.0,1929.0,0.0,0.0,0.0,0,0,13,1,1,0,4,42.462,,0
061,061034,Fontegreca,202,0,3,0.0,26.0,0.0,749.0,0.0,0.0,5.473,0,0,4,2,0,2,0,64.389,,0
061,061035,Formicola,393,0,3,0.0,156.0,0.0,1459.0,0.0,0.0,0.0,0,0,4,0,0,3,1,37.984,,0
061,061036,Francolise,1244,0,5,0.0,27.0,0.0,4616.0,0.0,0.0,0.0,0,1,8,0,0,2,0,36.102,,0
061,061037,Frignano,2405,0,5,0.0,0.0,0.0,8922.0,0.0,0.0,0.0,0,0,10,0,0,0,0,17.494,,0
061,061038,Gallo Matese,122,0,1,0.0,18.0,0.0,454.0,0.0,0.0,31.054,0,0,3,6,0,4,0,66.394,,0
061,061039,Galluccio,547,0,3,0.0,77.0,0.0,2029.0,0.0,0.0,0.0,0,1,13,3,0,4,0,58.709,,0
061,061040,Giano Vetusto,168,0,3,0.0,39.0,0.0,622.0,0.0,0.0,0.0,0,0,13,0,0,0,0,37.174,,0
061,061041,Gioia Sannitica,874,0,3,0.0,70.0,0.0,3242.0,0.0,0.339,22.98,0,0,5,10,0,1,0,47.978,,0
061,061042,Grazzanise,1814,0,5,0.0,0.0,0.0,6731.0,0.0,0.0,0.0,0,0,3,0,0,0,0,29.133,,0
061,061043,Gricignano di Aversa,3477,0,5,0.0,0.0,0.0,12900.0,0.0,0.0,0.0,0,0,26,0,0,2,4,12.89,,0
061,061044,Letino,169,0,1,0.0,35.0,0.0,628.0,0.0,0.0,31.795,0,0,0,5,0,2,0,62.929,,0
061,061045,Liberi,288,0,3,0.0,9.0,0.0,1068.0,0.0,0.0,0.0,0,0,3,2,0,3,0,38.72,,0
061,061046,Lusciano,4377,0,5,68.0,0.0,0.0,16239.0,0.0,0.0,0.0,0,5,19,0,0,10,8,12.45,,0
061,061047,Macerata Campania,2703,0,5,0.0,6.0,0.0,10029.0,0.0,0.0,0.0,0,0,6,0,0,0,0,19.194,,0
061,061048,Maddaloni,8330,0,5,0.0,31.0,0.0,36768.0,0.0,0.0,0.0,2,9,28,1,0,17,15,18.015,,0
061,061049,Marcianise,10321,0,5,120.0,6.0,100.0,38292.0,0.0,0.373,0.0,0,7,14,0,0,6,5,15.309,,0
061,061050,Marzano Appio,524,0,3,0.0,25.0,0.0,1946.0,0.0,0.0,0.0,0,1,3,2,0,0,0,52.431,,0
061,061051,Mignano Monte Lungo,374,0,3,0.0,52.0,0.0,3004.0,0.0,0.0,0.0,3,1,1,2,0,1,3,64.02,,0
061,061052,Mondragone,17044,0,5,267.0,535.0,0.0,28616.0,8.216,0.059,0.0,1,2,66,1,0,4,12,40.389,,0
061,061053,Orta di Atella,7384,0,5,60.0,0.0,0.0,27397.0,0.0,0.0,0.0,0,1,5,0,0,2,0,10.938,,0
061,061054,Parete,3421,0,5,0.0,0.0,0.0,12691.0,0.0,0.0,0.0,2,0,12,0,0,0,2,13.945,,0
061,061055,Pastorano,149302,0,5,186.0,0.0,68.82,2871.0,0.0,0.0,0.0,0,0,5,0,0,0,0,32.779,,0
088,088004,Giarratana,53,0,3,0.0,24.0,0.0,2908.0,0.0,0.0,0.0,0,1,12,1,0,0,0,19.181,,0
088,088005,Ispica,63869,0,4,920.0,698.0,5.22,16350.0,9.533,0.0,5.958,0,8,78,1,0,2,3,39.164,,0
088,088006,Modica,227191,0,4,1943.0,1423.0,69.27,53485.0,5.653,0.0,12.758,6,26,271,9,0,2,191,24.84,,0
088,088007,Monterosso Almo,50,0,3,0.0,16.0,0.0,2750.0,0.0,0.0,0.0,0,0,8,8,0,0,0,15.068,,0
088,088008,Pozzallo,35604,0,4,224.0,431.0,33.04,18903.0,8.736,0.0,0.0,0,3,58,3,0,9,6,36.281,,0
088,088009,Ragusa,497017,0,4,3506.0,3939.0,65.35,73736.0,11.714,0.0,8.917,8,32,839,18,1,17,185,11.057,,0
088,088010,Santa Croce Camerina,86372,0,4,44.0,1342.0,0.0,11175.0,5.219,0.0,0.0,1,3,124,5,0,5,3,20.817,,0
088,088011,Scicli,194066,0,4,1637.0,717.0,90.71,26813.0,16.445,0.0,2.116,5,9,181,6,0,5,45,25.633,,0
088,088012,Vittoria,15443,0,5,546.0,254.0,39.93,64649.0,5.738,0.0,19.221,1,3,144,2,0,5,5,10.77,,0
089,089001,Augusta,102731,0,5,1299.0,357.0,84.83,34703.0,42.474,0.0,0.274,1,3,559,1,0,8,103,24.028,,0
089,089002,Avola,37842,0,4,177.0,897.0,48.02,30563.0,7.15,0.0,9.833,0,0,277,5,0,6,18,46.312,,0
089,089003,Buccheri,765,0,3,0.0,89.0,0.0,1720.0,0.0,0.0,0.0,0,4,10,8,1,1,2,29.462,,0
089,089004,Buscemi,0,0,3,0.0,30.0,0.0,944.0,0.0,0.0,1.36,1,1,4,2,0,0,0,25.61,,0
089,089005,Canicattini Bagni,203,0,5,0.0,49.0,0.0,6513.0,0.0,0.0,0.0,0,0,46,0,0,0,2,42.559,,0
089,089006,Carlentini,26758,0,4,0.0,356.0,0.0,17065.0,0.886,0.0,0.0,0,0,65,1,0,1,14,24.789,,0
089,089007,Cassaro,0,0,3,0.0,0.0,0.0,720.0,0.0,0.0,9.125,0,0,8,5,0,0,0,33.322,,0
089,089008,Ferla,1,0,3,0.0,66.0,0.0,2259.0,0.0,0.0,2.713,0,1,20,0,0,0,0,32.817,,0
089,089009,Floridia,3178,0,5,16.0,97.0,0.0,21243.0,0.0,0.0,0.0,4,0,127,0,0,3,3,43.261,,0
089,089010,Francofonte,263,0,4,19.0,17.0,0.0,11661.0,0.0,0.0,0.0,0,1,33,0,0,0,4,32.101,,0
089,089011,Lentini,2388,0,5,0.0,30.0,0.0,21450.0,0.0,0.0,0.0,1,4,40,3,0,2,52,20.065,,0
089,089012,Melilli,30435,0,5,195.0,58.0,0.0,13183.0,4.543,0.0,0.898,0,1,210,1,1,3,39,28.746,,0
089,089013,Noto,209873,0,4,1127.0,3335.0,81.01,24412.0,17.201,0.0,28.929,4,13,574,21,0,7,6,37.99,Late Baroque Towns of the Val di Noto (South-Eastern Sicily),1
089,089014,Pachino,23898,0,4,72.0,514.0,0.0,21840.0,14.222,0.0,0.0,0,0,53,0,0,1,3,52.982,,0
089,089015,Palazzolo Acreide,3996,0,3,48.0,172.0,0.0,8053.0,0.0,0.0,0.626,4,2,48,2,0,0,0,32.539,,0
089,089016,Rosolini,15379,0,4,10.0,108.0,0.0,20562.0,0.0,0.0,5.2,0,0,63,2,0,4,5,30.712,,0
089,089017,Siracusa,986982,0,5,6650.0,3988.0,79.22,116247.0,55.132,0.0,8.254,10,21,1833,9,1,41,375,49.456,Syracuse and the Rocky Necropolis of Pantalica,1
089,089018,Solarino,3,0,5,0.0,4.0,0.0,7528.0,0.0,0.0,0.0,2,1,76,0,0,1,2,40.802,,0
089,089019,Sortino,150,0,3,0.0,80.0,0.0,8142.0,0.0,0.0,26.449,0,1,33,10,0,1,33,36.525,,0
089,089020,Portopalo di Capo Passero,29134,0,4,163.0,345.0,0.0,3817.0,14.821,0.0,0.59,0,0,17,5,0,2,2,56.981,,0
089,089021,Priolo Gargallo,4,0,5,21.0,0.0,0.0,11233.0,11.824,0.0,0.832,0,0,71,3,0,0,30,37.794,,0
090,090001,Aggius,619,0,4,0.0,101.0,0.0,1411.0,0.0,0.0,0.0,3,1,6,0,0,0,0,42.006,,0
090,090002,Alà dei Sardi,216,0,1,0.0,6.0,0.0,1776.0,0.0,1.255,2.198,0,2,7,4,0,1,0,28.624,,0
090,090003,Alghero,1314529,0,5,6715.0,9399.0,69.87,42281.0,52.948,0.0,52.124,7,12,379,22,0,16,0,3.681,,0
090,090004,Anela,68,0,1,0.0,6.0,0.0,560.0,0.0,0.0,0.0,0,2,3,0,0,0,0,64.398,,0
090,090005,Ardara,87,0,3,0.0,4.0,0.0,716.0,0.0,0.0,0.0,1,3,7,1,0,1,0,44.843,,0
090,090006,Arzachena,1128028,0,4,10870.0,7289.0,67.92,13436.0,58.246,0.0,1.623,3,2,713,1,1,2,0,23.102,,0
090,090007,Banari,63,0,3,0.0,6.0,0.0,515.0,0.0,0.0,0.0,2,5,5,0,0,0,0,33.058,,0
014,014015,Castione Andevenno,2502,0,1,0.0,68.0,0.0,1575.0,0.0,0.0,0.119,0,0,2,4,0,0,9,57.069,,0
014,014016,Cedrasco,587,0,1,0.0,13.0,0.0,421.0,0.0,0.0,11.164,0,1,0,2,0,0,0,48.833,,0
014,014017,Cercino,1112,0,1,0.0,0.0,0.0,798.0,0.0,0.0,0.0,0,1,1,1,0,0,0,56.366,,0
014,014018,Chiavenna,58689,0,1,338.0,195.0,0.0,7249.0,0.0,0.0,0.251,5,10,22,1,0,10,11,75.808,,0
014,014019,Chiesa in Valmalenco,74961,0,1,787.0,515.0,10.04,2281.0,0.0,2.785,0.061,0,1,179,63,0,7,17,69.795,,0
014,014020,Chiuro,6921,0,1,72.0,22.0,33.33,2434.0,0.0,1.342,0.0,0,0,9,17,0,0,4,66.542,,0
014,014021,Cino,488,0,1,0.0,0.0,0.0,350.0,0.0,0.0,0.0,0,0,2,0,0,0,1,57.155,,0
014,014022,Civo,975,0,1,27.0,27.0,0.0,1108.0,0.0,0.0,0.0,1,0,4,2,0,0,2,56.635,,0
014,014023,Colorina,1806,0,1,0.0,90.0,0.0,1296.0,0.0,0.222,8.365,0,0,4,9,0,0,1,51.727,,0
014,014024,Cosio Valtellino,7052,0,1,25.0,51.0,0.0,5541.0,0.0,0.0,6.088,1,3,12,4,0,4,15,51.246,,0
014,014025,Dazio,716,0,1,20.0,36.0,0.0,514.0,0.0,0.0,0.0,0,0,2,0,0,1,2,54.088,,0
014,014026,Delebio,9883,0,1,65.0,23.0,0.0,3315.0,0.0,0.0,10.569,0,0,10,6,0,0,8,52.277,,0
014,014027,Dubino,4849,0,1,40.0,14.0,40.0,3793.0,0.0,1.56,2.027,0,0,6,0,0,2,3,57.926,,0
014,014028,Faedo Valtellino,702,0,1,0.0,0.0,0.0,504.0,0.0,0.0,1.332,0,0,0,4,0,0,0,54.352,,0
014,014029,Forcola,14124,0,1,93.0,26.0,76.34,764.0,0.0,0.0,7.919,0,1,3,5,0,1,2,51.427,,0
014,014030,Fusine,768,0,1,0.0,22.0,0.0,551.0,0.0,0.191,33.352,0,1,2,8,0,0,0,47.383,,0
014,014031,Gerola Alta,2140,0,1,103.0,89.0,0.0,165.0,0.0,1.33,34.3,0,0,24,14,0,0,2,42.714,,0
014,014032,Gordona,3032,0,1,0.0,61.0,0.0,1974.0,0.0,0.84,0.0,0,2,6,5,0,1,1,73.447,,0
014,014033,Grosio,12601,0,1,94.0,186.0,0.0,4294.0,0.0,6.823,0.192,1,3,6,63,0,1,1,84.88,,0
014,014034,Grosotto,7083,0,1,66.0,48.0,0.0,1630.0,0.0,2.536,0.078,0,1,6,17,0,0,0,79.635,,0
014,014035,Madesimo,68882,0,1,926.0,237.0,10.8,516.0,0.0,6.089,0.424,0,0,67,18,0,0,9,91.596,,0
014,014036,Lanzada,21400,0,1,148.0,1040.0,0.0,1256.0,0.0,9.701,0.0,2,3,51,57,0,1,13,73.499,,0
014,014037,Livigno,1664753,0,1,6114.0,7733.0,37.96,6807.0,0.0,4.57,0.0,1,1,345,80,1,10,187,91.601,,0
014,014038,Lovero,860,0,1,0.0,14.0,0.0,617.0,0.0,2.797,0.0,0,0,2,8,0,0,0,73.909,,0
014,014039,Mantello,1050,0,1,0.0,109.0,0.0,753.0,0.0,0.0,0.0,0,0,2,0,0,2,0,56.034,,0
014,014040,Mazzo di Valtellina,951,0,1,0.0,43.0,0.0,1024.0,0.0,0.116,0.0,0,1,2,11,0,0,0,77.977,,0
014,014041,Mello,709,0,1,22.0,16.0,0.0,933.0,0.0,0.0,0.0,0,0,2,3,0,0,0,56.225,,0
014,014043,Mese,2152,0,1,0.0,26.0,0.0,1849.0,0.0,0.0,0.0,1,1,5,2,0,2,0,74.54,,0
014,014044,Montagna in Valtellina,2598,0,1,0.0,50.0,0.0,2948.0,0.0,0.169,0.121,0,2,2,14,0,1,7,63.113,,0
014,014045,Morbegno,17974,0,1,113.0,132.0,0.0,12279.0,0.0,0.134,1.516,2,1,23,0,0,10,8,51.51,,0
014,014046,Novate Mezzola,1848,0,1,0.0,497.0,0.0,1898.0,0.0,3.62,1.884,2,2,2,19,0,4,3,64.634,,0
014,014047,Pedesina,49,0,1,0.0,8.0,0.0,35.0,0.0,0.0,4.985,0,0,0,1,0,0,1,46.825,,0
014,014048,Piantedo,1577,0,1,0.0,42.0,0.0,1442.0,0.0,0.0,1.363,0,0,6,3,0,0,5,54.495,,0
014,014049,Piateda,1889,0,1,0.0,93.0,0.0,2054.0,0.0,0.897,60.471,0,1,7,20,0,1,1,49.375,,0
014,014050,Piuro,20371,0,1,47.0,398.0,0.0,1901.0,0.0,10.261,0.374,1,4,21,6,0,8,5,82.462,,0
014,014051,Poggiridenti,9680,0,1,87.0,51.0,25.29,1820.0,0.0,0.0,0.0,0,2,7,1,0,0,3,57.896,,0
014,014052,Ponte in Valtellina,3287,0,1,44.0,66.0,0.0,2193.0,0.0,1.364,42.666,0,1,4,33,0,0,5,56.017,,0
014,014053,Postalesio,928,0,1,0.0,4.0,0.0,666.0,0.0,0.0,0.257,0,0,0,7,0,0,0,57.252,,0
014,014054,Prata Camportaccio,4776,0,1,0.0,80.0,0.0,2923.0,0.0,0.0,0.0,0,1,15,1,0,4,9,70.896,,0
014,014055,Rasura,400,0,1,0.0,20.0,0.0,287.0,0.0,0.0,4.193,1,0,2,1,0,0,1,48.125,,0
014,014056,Rogolo,797,0,1,0.0,0.0,0.0,572.0,0.0,0.0,9.162,0,1,2,4,0,0,2,50.049,,0
014,014057,Samolaco,1335,0,1,0.0,45.0,0.0,2887.0,0.0,2.397,0.007,1,0,11,1,0,1,4,67.532,,0
014,014058,San Giacomo Filippo,1119,0,1,0.0,74.0,0.0,368.0,0.0,2.192,0.0,0,0,4,2,0,1,6,80.071,,0
014,014059,Sernio,4011,0,1,35.0,31.0,100.0,484.0,0.0,1.258,0.0,0,0,1,9,0,0,3,72.635,,0
014,014060,Sondalo,20178,0,1,205.0,301.0,0.0,3863.0,0.0,0.152,0.0,1,0,15,38,0,3,2,74.912,,0
014,014061,Sondrio,35552,0,1,338.0,263.0,40.53,21297.0,0.0,0.0,0.595,5,26,34,13,0,17,41,57.331,,0
014,014062,Spriana,116,0,1,0.0,12.0,0.0,83.0,0.0,0.0,0.0,0,0,1,8,0,0,0,61.77,,0
014,014063,Talamona,6410,0,1,0.0,34.0,0.0,4599.0,0.0,0.0,6.503,0,0,5,1,0,0,2,49.956,,0
014,014064,Tartano,5068,0,1,110.0,12.0,0.0,207.0,0.0,0.122,41.27,1,0,2,12,0,1,16,46.025,,0
014,014065,Teglio,31674,0,1,261.0,162.0,0.0,4541.0,0.0,2.548,65.671,1,0,52,62,0,5,7,58.733,,0
014,014066,Tirano,142962,0,1,435.0,475.0,23.68,8821.0,0.0,0.0,0.0,2,5,13,27,0,8,8,70.199,,0
014,014067,Torre di Santa Maria,972,0,1,0.0,86.0,0.0,729.0,0.0,0.226,0.0,0,0,2,14,0,0,3,62.433,,0
014,014068,Tovo di Sant'Agata,5664,0,1,34.0,42.0,0.0,609.0,0.0,0.0,0.0,0,1,5,1,0,0,7,75.804,,0
014,014069,Traona,3996,0,1,0.0,0.0,0.0,2867.0,0.0,0.0,0.0,0,0,9,0,0,0,0,54.458,,0
014,014070,Tresivio,134,0,1,0.0,34.0,0.0,2037.0,0.0,0.078,0.0,0,0,7,7,0,0,9,61.268,,0
014,014071,Valdidentro,227835,0,1,1114.0,1140.0,28.28,4177.0,0.0,7.561,0.0,0,2,37,75,0,10,81,81.618,,0
014,014072,Valdisotto,117397,0,1,710.0,985.0,10.14,3565.0,0.0,3.555,0.291,0,0,191,34,0,2,8,75.251,,0
014,014073,Valfurva,217197,0,1,1698.0,1098.0,6.54,2459.0,0.0,5.899,0.0,3,0,126,94,0,4,8,62.928,,0
014,014074,Val Masino,36791,0,1,430.0,688.0,0.0,827.0,0.0,0.0,47.319,1,2,6,18,0,1,2,64.045,,0
014,014075,Verceia,5262,0,1,84.0,29.0,0.0,1079.0,0.0,4.777,2.468,0,0,4,2,0,1,2,60.588,,0
014,014076,Vervio,2152,0,1,0.0,70.0,0.0,201.0,0.0,0.844,0.0,0,0,2,13,0,0,0,76.083,,0
014,014077,Villa di Chiavenna,870,0,1,0.0,28.0,0.0,955.0,0.0,0.163,0.0,0,0,4,3,0,0,5,73.425,,0
014,014078,Villa di Tirano,7414,0,1,11.0,169.0,0.0,2994.0,0.0,0.0,0.822,0,1,4,15,0,0,2,66.315,,0
015,015002,Abbiategrasso,14322,0,5,77.0,53.0,0.0,32602.0,0.0,0.0,47.75,0,1,49,1,1,16,10,30.181,,0
015,015005,Albairate,2371,0,5,0.0,58.0,0.0,4715.0,0.0,0.0,13.784,1,0,3,0,0,2,9,25.546,,0
015,015007,Arconate,5228,0,5,0.0,7.0,0.0,6808.0,0.0,0.0,0.87,0,0,8,1,0,0,1,13.467,,0
015,015009,Arese,20207,0,5,78.0,100.0,100.0,19515.0,0.0,0.282,1.093,1,13,82,0,1,15,99,19.417,,0
015,015010,Arluno,727,0,5,24.0,41.0,0.0,12431.0,0.0,0.0,4.612,0,0,19,0,0,5,9,21.609,,0
015,015011,Assago,256285,0,5,1549.0,36.0,98.71,9224.0,0.0,0.0,3.855,0,0,35,1,0,6,71,11.581,,0
015,015012,Bareggio,2731,0,5,131.0,45.0,0.0,17161.0,0.0,1.957,6.804,0,0,17,1,0,2,25,21.472,,0
015,015014,Basiano,2824,0,5,114.0,0.0,100.0,3678.0,0.0,0.0,0.838,0,0,18,1,0,2,9,21.193,,0
015,015015,Basiglio,5997,0,5,170.0,110.0,100.0,7931.0,0.0,0.0,6.238,0,1,42,2,0,3,34,13.383,,0
015,015016,Bellinzago Lombardo,2942,0,5,0.0,0.0,0.0,3831.0,0.0,0.0,0.25,0,0,14,0,0,2,8,16.909,,0
015,015019,Bernate Ticino,13997,0,5,41.0,17.0,0.0,2939.0,0.0,0.0,12.208,0,1,9,1,0,2,0,18.25,,0
015,015022,Besate,1581,0,5,0.0,36.0,0.0,2059.0,0.0,0.0,12.783,0,3,8,1,0,1,2,28.396,,0
015,015024,Binasco,74117,0,5,412.0,1.0,57.77,7087.0,0.0,0.0,1.563,1,1,7,2,0,4,1,18.242,,0
015,015026,Boffalora sopra Ticino,730,0,5,0.0,18.0,0.0,4079.0,0.0,0.0,8.075,0,0,11,0,0,3,0,20.573,,0
015,015027,Bollate,27410,0,5,187.0,78.0,22.46,36323.0,0.0,0.0,4.849,0,6,69,1,0,10,110,16.936,,0
015,015032,Bresso,50019,0,5,202.0,15.0,100.0,26282.0,0.0,0.0,1.557,1,0,32,0,0,23,73,11.807,,0
015,015035,Bubbiano,1884,0,5,0.0,0.0,0.0,2454.0,0.0,0.0,2.381,0,0,19,1,0,0,1,24.535,,0
015,015036,Buccinasco,14708,0,5,23.0,132.0,0.0,26618.0,0.0,0.817,6.483,0,2,47,1,0,10,111,13.286,,0
015,015038,Buscate,10670,0,5,82.0,24.0,100.0,4680.0,0.0,0.0,0.3,0,0,10,1,0,0,0,11.581,,0
015,015040,Bussero,676,0,5,0.0,20.0,0.0,8329.0,0.0,0.0,3.516,0,37,22,1,1,12,36,12.878,,0
015,015041,Busto Garolfo,10779,0,5,0.0,11.0,0.0,14037.0,0.0,0.0,3.878,0,1,22,1,0,2,1,15.629,,0
015,015042,Calvignasco,927,0,5,0.0,0.0,0.0,1207.0,0.0,0.0,1.253,0,0,15,0,0,0,0,23.166,,0
015,015044,Cambiago,11779,0,5,276.0,36.0,100.0,7210.0,0.0,0.159,0.095,1,0,17,1,0,4,8,18.488,,0
015,015046,Canegrate,425,0,5,0.0,27.0,0.0,12574.0,0.0,0.0,1.627,1,1,19,0,1,7,12,17.086,,0
015,015050,Carpiano,3178,0,5,256.0,18.0,100.0,4138.0,0.0,0.0,16.015,0,1,12,1,0,0,3,11.119,,0
015,015051,Carugate,19480,0,5,91.0,24.0,0.0,15740.0,0.0,0.0,1.446,0,4,34,1,0,1,17,13.073,,0
015,015055,Casarile,2476,0,5,169.0,38.0,100.0,3952.0,0.0,0.0,6.246,0,0,3,1,0,0,0,19.584,,0
015,015058,Casorezzo,4333,0,5,0.0,8.0,0.0,5642.0,0.0,0.0,3.401,0,0,12,1,0,4,0,18.267,,0
015,015059,Cassano d'Adda,81490,0,5,272.0,10.0,82.35,19459.0,0.0,0.0,10.331,1,2,50,7,1,5,22,21.328,,0
015,015060,Cassina de' Pecchi,1435,0,5,0.0,42.0,0.0,13909.0,0.0,0.0,3.138,1,1,82,1,0,3,26,11.391,,0
015,015061,Cassinetta di Lugagnano,1470,0,5,0.0,7.0,0.0,1914.0,0.0,0.0,3.624,0,1,1,0,0,2,1,26.679,,0
015,015062,Castano Primo,543,0,5,12.0,24.0,0.0,10811.0,0.0,0.0,19.261,2,0,10,0,0,2,3,9.498,,0
015,015070,Cernusco sul Naviglio,46487,0,5,279.0,62.0,66.67,34863.0,0.0,0.0,0.228,0,6,130,0,0,12,124,10.272,,0
015,015071,Cerro al Lambro,3981,0,5,0.0,0.0,0.0,5184.0,0.0,0.0,8.146,0,0,16,0,0,2,4,13.21,,0
015,015072,Cerro Maggiore,11535,0,5,320.0,7.0,100.0,15021.0,0.0,0.0,2.577,0,0,13,0,0,10,9,19.198,,0
015,015074,Cesano Boscone,12816,0,5,93.0,121.0,58.06,23350.0,0.0,0.0,0.79,0,1,26,0,0,0,105,14.315,,0
015,015076,Cesate,2142,0,5,0.0,100.0,0.0,14300.0,0.0,0.0,2.943,0,0,14,1,0,2,13,22.577,,0
015,015077,Cinisello Balsamo,199202,0,5,992.0,185.0,90.42,74741.0,0.0,0.042,3.174,1,6,80,1,0,9,200,13.202,,0
015,015078,Cisliano,1930,0,5,0.0,56.0,0.0,5112.0,0.0,0.0,12.932,0,0,18,0,0,2,4,22.236,,0
015,015081,Cologno Monzese,45045,0,5,280.0,53.0,70.71,47006.0,0.0,0.0,0.0,0,4,59,0,0,9,191,9.922,,0
015,015082,Colturano,1566,0,5,0.0,0.0,0.0,2039.0,0.0,0.0,3.527,0,0,8,1,0,0,9,8.926,,0
015,015085,Corbetta,24894,0,5,71.0,81.0,100.0,18911.0,0.0,0.0,10.773,2,2,24,1,1,10,15,24.673,,0
015,015086,Cormano,2844,0,5,0.0,93.0,0.0,20556.0,0.0,0.0,1.428,1,5,29,1,0,3,101,13.838,,0
015,015087,Cornaredo,58531,0,5,390.0,102.0,100.0,20693.0,0.0,0.0,5.197,0,0,22,0,0,5,45,19.975,,0
015,015093,Corsico,12588,0,5,66.0,74.0,0.0,34542.0,0.0,0.382,0.239,0,1,40,1,0,9,130,13.296,,0
015,015096,Cuggiono,3771,0,5,0.0,43.0,0.0,8079.0,0.0,0.0,14.986,1,1,12,0,0,6,1,15.091,,0
015,015097,Cusago,36893,0,5,323.0,19.0,100.0,4689.0,0.0,3.966,9.392,0,1,44,0,0,1,23,18.837,,0
015,015098,Cusano Milanino,2365,0,5,25.0,24.0,0.0,18919.0,0.0,0.0,0.407,0,3,31,1,0,5,59,13.779,,0
015,015099,Dairago,4899,0,5,0.0,0.0,0.0,6380.0,0.0,0.0,1.641,0,0,14,0,0,0,0,12.461,,0
015,015101,Dresano,2378,0,5,72.0,0.0,0.0,3097.0,0.0,0.0,2.125,0,0,11,0,0,0,4,10.657,,0
015,015103,Gaggiano,2526,0,5,65.0,31.0,0.0,9347.0,0.0,3.908,23.157,1,2,45,3,0,2,6,19.775,,0
015,015105,Garbagnate Milanese,53003,0,5,138.0,72.0,86.96,26913.0,0.0,0.0,3.691,1,3,60,0,0,8,74,20.936,,0
015,015106,Gessate,6749,0,5,22.0,0.0,0.0,8788.0,0.0,1.071,0.083,0,0,22,0,0,8,23,17.784,,0
015,015108,Gorgonzola,16627,0,5,164.0,33.0,51.22,21214.0,0.0,0.0,3.698,0,4,45,0,2,7,44,14.384,,0
015,015110,Grezzago,239,0,5,0.0,19.0,0.0,3171.0,0.0,0.0,0.073,0,0,12,0,0,5,6,18.562,,0
015,015112,Gudo Visconti,1255,0,5,0.0,0.0,0.0,1634.0,0.0,0.0,5.548,0,0,27,1,0,0,0,22.733,,0
015,015113,Inveruno,3009,0,5,18.0,27.0,0.0,8446.0,0.0,0.0,0.276,0,1,12,0,0,1,0,16.017,,0
015,015114,Inzago,8688,0,5,0.0,4.0,0.0,11314.0,0.0,0.0,8.05,0,0,27,1,1,1,11,19.597,,0
015,015115,Lacchiarella,197,0,5,0.0,23.0,0.0,9133.0,0.0,0.0,17.238,0,0,21,3,0,5,13,16.212,,0
015,015116,Lainate,100859,0,5,541.0,61.0,84.29,26327.0,0.0,0.0,1.813,1,0,74,0,0,9,59,23.428,,0
015,015118,Legnano,98513,0,5,711.0,130.0,46.69,60397.0,0.0,0.0,1.998,2,9,64,1,0,32,72,14.762,,0
015,015122,Liscate,3121,0,5,36.0,10.0,0.0,4064.0,0.0,1.055,6.581,0,0,18,0,0,1,13,11.519,,0
015,015125,Locate di Triulzi,1316,0,5,24.0,35.0,0.0,10332.0,0.0,0.0,10.74,0,2,14,1,0,8,21,10.151,,0
015,015130,Magenta,8180,0,5,104.0,93.0,100.0,24597.0,0.0,0.0,21.486,2,3,49,4,0,25,40,22.38,,0
015,015131,Magnago,7309,0,5,0.0,23.0,0.0,9518.0,0.0,0.0,2.553,0,0,20,0,0,0,10,8.866,,0
015,015134,Marcallo con Casone,4840,0,5,0.0,0.0,0.0,6303.0,0.0,0.0,4.27,0,0,5,1,0,1,5,19.509,,0
015,015136,Masate,2936,0,5,25.0,0.0,100.0,3823.0,0.0,0.0,0.863,0,0,11,1,0,2,6,20.064,,0
015,015139,Mediglia,6081,0,5,46.0,90.0,100.0,12220.0,0.0,1.894,18.241,0,1,29,0,0,1,33,6.483,,0
015,015140,Melegnano,13062,0,5,91.0,58.0,0.0,17940.0,0.0,0.0,1.182,0,2,30,0,0,5,26,10.604,,0
015,015142,Melzo,21831,0,5,166.0,39.0,0.0,18386.0,0.0,0.0,5.086,0,1,36,0,0,2,51,13.514,,0
015,015144,Mesero,3250,0,5,0.0,0.0,0.0,4232.0,0.0,0.0,2.825,0,0,6,0,0,1,2,17.836,,0
015,015146,Milano,14054184,0,5,59169.0,47493.0,68.28,1371499.0,0.0,3.408,44.139,80,289,1764,13,4,903,6589,8.068,Church and Dominican Convent of Santa Maria delle Grazie with “The Last Supper” by Leonardo da Vinci,1
015,015150,Morimondo,776,0,5,25.0,0.0,0.0,1010.0,0.0,0.0,25.817,2,3,7,3,0,2,9,27.107,,0
015,015151,Motta Visconti,6289,0,5,0.0,0.0,0.0,8190.0,0.0,0.0,10.33,1,0,8,1,0,8,5,28.315,,0
015,015154,Nerviano,3791,0,5,77.0,50.0,61.04,16891.0,0.0,1.08,4.45,1,0,44,1,0,4,3,21.662,,0
015,015155,Nosate,494,0,5,0.0,4.0,0.0,643.0,0.0,0.0,4.708,0,0,4,1,0,2,0,8.444,,0
015,015157,Novate Milanese,62923,0,5,400.0,163.0,100.0,20096.0,0.0,0.0,0.691,1,8,59,4,0,6,45,14.12,,0
015,015158,Noviglio,3487,0,5,0.0,10.0,0.0,4541.0,0.0,0.0,14.664,1,1,12,7,0,2,6,18.324,,0
015,015159,Opera,6620,0,5,613.0,61.0,57.26,14340.0,0.0,0.0,4.018,0,0,25,1,0,7,35,8.663,,0
015,015164,Ossona,24732,0,5,283.0,10.0,61.84,4318.0,0.0,0.0,0.078,0,0,9,0,0,3,7,19.394,,0
015,015165,Ozzero,1928,0,5,21.0,28.0,0.0,1418.0,0.0,0.0,11.257,0,1,12,0,0,3,3,28.742,,0
015,015166,Paderno Dugnano,73364,0,5,399.0,62.0,86.72,47435.0,0.0,0.0,2.651,0,3,87,0,0,18,169,16.362,,0
015,015167,Pantigliate,4448,0,5,0.0,0.0,0.0,5792.0,0.0,0.0,4.35,0,1,10,0,1,2,18,7.017,,0
015,015168,Parabiago,19759,0,5,190.0,38.0,33.16,28142.0,0.0,0.0,3.641,4,1,59,0,0,8,9,19.202,,0
015,015169,Paullo,1123,0,5,0.0,19.0,0.0,11116.0,0.0,0.0,6.716,0,0,21,0,0,0,23,10.907,,0
015,015170,Pero,112321,0,5,1201.0,236.0,89.34,11734.0,0.0,0.169,0.676,0,1,21,0,0,0,35,16.872,,0
015,015171,Peschiera Borromeo,161231,0,5,788.0,60.0,78.93,24393.0,0.0,3.033,14.061,0,5,98,1,0,4,122,2.565,,0
015,015172,Pessano con Bornago,6890,0,5,0.0,15.0,0.0,8972.0,0.0,0.0,1.12,0,0,29,1,0,3,15,15.079,,0
015,015173,Pieve Emanuele,560820,0,5,1880.0,460.0,0.0,15713.0,0.0,0.0,8.022,0,1,36,1,0,6,122,11.809,,0
015,015175,Pioltello,9631,0,5,117.0,23.0,100.0,36677.0,0.0,0.021,5.246,0,1,61,2,1,7,70,6.598,,0
015,015176,Pogliano Milanese,258,0,5,0.0,27.0,0.0,8357.0,0.0,0.0,1.156,0,0,18,0,0,3,3,23.132,,0
015,015177,Pozzo d'Adda,5136,0,5,0.0,6.0,0.0,6688.0,0.0,0.0,0.091,0,1,14,0,0,4,3,19.576,,0
015,015178,Pozzuolo Martesana,6622,0,5,0.0,0.0,0.0,8623.0,0.0,0.0,2.755,0,1,14,0,0,2,16,16.671,,0
015,015179,Pregnana Milanese,26699,0,5,159.0,46.0,84.28,7300.0,0.0,0.0,1.835,0,0,13,0,0,1,3,22.219,,0
015,015181,Rescaldina,720,0,5,0.0,26.0,0.0,14230.0,0.0,0.0,1.976,0,0,49,2,0,2,19,17.636,,0
015,015182,Rho,217163,0,5,1239.0,923.0,89.18,50848.0,0.0,1.182,2.511,1,10,125,0,0,16,256,19.759,,0
015,015183,Robecchetto con Induno,8097,0,5,107.0,9.0,0.0,4781.0,0.0,0.0,13.511,0,0,13,1,0,3,0,13.117,,0
015,015184,Robecco sul Naviglio,1431,0,5,0.0,35.0,0.0,6810.0,0.0,0.0,19.084,1,8,15,0,0,5,3,25.19,,0
015,015185,Rodano,3568,0,5,0.0,0.0,0.0,4646.0,0.0,0.0,13.584,1,3,20,1,0,2,18,6.92,,0
015,015188,Rosate,19836,0,5,96.0,41.0,0.0,5704.0,0.0,0.0,17.159,0,1,20,3,0,1,7,22.271,,0
015,015189,Rozzano,56976,0,5,67.0,385.0,0.0,41336.0,0.0,0.0,4.401,1,3,58,1,0,2,187,10.947,,0
015,015191,San Colombano al Lambro,591,0,5,13.0,10.0,0.0,7344.0,0.0,0.0,6.818,1,3,18,2,0,0,20,34.091,,0
015,015192,San Donato Milanese,166706,0,5,1585.0,158.0,78.04,32221.0,0.0,0.649,5.735,0,6,80,1,0,6,238,3.713,,0
015,015194,San Giorgio su Legnano,5170,0,5,0.0,0.0,0.0,6732.0,0.0,0.0,0.0,0,1,8,1,0,0,1,15.753,,0
015,015195,San Giuliano Milanese,13628,0,5,65.0,52.0,0.0,39690.0,0.0,0.764,22.679,0,3,56,0,0,2,158,6.942,,0
015,015200,Santo Stefano Ticino,3848,0,5,0.0,12.0,0.0,5011.0,0.0,0.0,2.355,1,0,8,0,0,1,8,21.524,,0
015,015201,San Vittore Olona,55316,0,5,287.0,12.0,100.0,8321.0,0.0,0.0,1.018,0,0,12,0,0,6,2,17.769,,0
015,015202,San Zenone al Lambro,3413,0,5,0.0,8.0,0.0,4444.0,0.0,0.0,0.439,0,3,11,1,0,0,5,15.206,,0
015,015204,Sedriano,1690,0,5,16.0,58.0,0.0,12820.0,0.0,0.0,4.746,0,0,10,0,0,1,6,23.615,,0
015,015205,Segrate,228071,0,5,1540.0,172.0,37.21,37051.0,0.0,4.809,2.77,0,40,166,8,2,16,193,4.511,,0
015,015206,Senago,16488,0,5,100.0,0.0,100.0,21471.0,0.0,0.0,4.186,0,2,37,2,0,2,38,18.561,,0
015,015209,Sesto San Giovanni,259453,0,5,2376.0,554.0,65.78,78495.0,0.0,0.191,0.691,3,7,90,0,0,44,352,10.319,,0
015,015210,Settala,5685,0,5,392.0,0.0,100.0,7403.0,0.0,0.0,14.175,1,2,30,0,0,5,32,9.369,,0
015,015211,Settimo Milanese,9882,0,5,54.0,38.0,0.0,19901.0,0.0,2.785,5.241,0,0,54,1,0,9,101,17.423,,0
015,015213,Solaro,10805,0,5,0.0,10.0,0.0,14071.0,0.0,0.0,2.251,0,0,30,0,0,5,25,24.032,,0
015,015219,Trezzano Rosa,4134,0,5,0.0,0.0,0.0,5383.0,0.0,0.0,0.002,0,0,12,0,0,1,9,19.837,,0
015,015220,Trezzano sul Naviglio,109146,0,5,666.0,41.0,64.86,21585.0,0.0,0.468,5.288,0,1,61,1,0,13,73,16.798,,0
015,015221,Trezzo sull'Adda,17296,0,5,157.0,14.0,90.45,12107.0,0.0,0.522,9.264,2,13,67,2,0,21,23,16.837,,0
015,015222,Tribiano,2901,0,5,98.0,0.0,0.0,3778.0,0.0,0.0,5.18,0,2,12,0,0,0,5,9.201,,0
015,015224,Truccazzano,2609,0,5,0.0,47.0,0.0,5830.0,0.0,0.875,16.447,0,2,22,0,0,2,10,16.307,,0
015,015226,Turbigo,5481,0,5,21.0,0.0,0.0,7138.0,0.0,0.0,8.741,0,6,22,2,0,3,3,11.435,,0
015,015229,Vanzago,3726,0,5,0.0,55.0,0.0,9364.0,0.0,0.0,3.267,0,2,21,1,0,2,8,23.597,,0
015,015230,Vaprio d'Adda,18765,0,5,78.0,16.0,100.0,9581.0,0.0,0.0,3.629,0,4,11,2,0,4,12,18.01,,0
015,015236,Vernate,788,0,5,0.0,12.0,0.0,3413.0,0.0,0.0,12.564,0,1,17,1,0,1,5,21.724,,0
015,015237,Vignate,7096,0,5,25.0,3.0,0.0,9240.0,0.0,0.0,6.677,0,8,32,2,0,7,27,10.396,,0
015,015242,Vimodrone,20595,0,5,117.0,16.0,0.0,16793.0,0.0,0.0,0.009,0,0,38,0,0,2,29,8.017,,0
015,015243,Vittuone,21928,0,5,90.0,23.0,0.0,9244.0,0.0,0.0,2.726,0,0,15,0,0,1,8,24.573,,0
015,015244,Vizzolo Predabissi,2964,0,5,0.0,0.0,0.0,3860.0,0.0,0.0,4.448,0,1,22,1,0,1,23,11.429,,0
015,015247,Zibido San Giacomo,2916,0,5,13.0,25.0,0.0,6709.0,0.0,2.703,21.686,0,0,17,3,0,2,12,15.394,,0
015,015248,Villa Cortese,4780,0,5,140.0,0.0,100.0,6225.0,0.0,0.0,0.0,0,0,12,0,0,3,2,14.387,,0
015,015249,Vanzaghello,4115,0,5,0.0,12.0,0.0,5358.0,0.0,0.0,5.567,0,0,13,0,0,3,1,6.834,,0
015,015250,Baranzate,37870,0,5,223.0,14.0,56.05,11803.0,0.0,0.0,0.0,0,1,17,0,0,2,15,15.537,,0
015,015251,Vermezzo con Zelo,17304,0,5,116.0,34.0,100.0,5910.0,0.0,0.0,8.816,0,0,46,0,0,4,2,23.45,,0
016,016001,Adrara San Martino,3276,0,1,0.0,46.0,0.0,2161.0,0.0,0.0,0.0,0,1,1,9,0,2,6,19.766,,0
016,016002,Adrara San Rocco,377,0,1,0.0,3.0,0.0,807.0,0.0,0.0,0.0,0,0,4,4,0,1,2,21.547,,0
016,016003,Albano Sant'Alessandro,3856,0,3,0.0,33.0,0.0,8247.0,0.0,0.0,0.0,0,0,23,1,0,0,20,5.626,,0
016,016004,Albino,12654,0,1,53.0,62.0,0.0,17492.0,0.0,0.0,0.0,3,1,73,17,0,21,116,13.188,,0
016,016005,Almè,2568,0,3,0.0,9.0,0.0,5491.0,0.0,0.0,0.195,0,1,16,0,1,3,31,9.617,,0
016,016006,Almenno San Bartolomeo,1979,0,3,62.0,32.0,0.0,6543.0,0.0,0.0,0.0,1,0,22,2,0,2,11,13.217,,0
016,016007,Almenno San Salvatore,3601,0,3,42.0,36.0,0.0,5500.0,0.0,0.0,0.0,0,1,6,1,0,1,28,11.886,,0
016,016008,Alzano Lombardo,7209,0,3,0.0,146.0,0.0,13495.0,0.0,0.0,0.059,2,1,24,7,0,7,108,8.492,,0
016,016009,Ambivere,1098,0,3,0.0,0.0,0.0,2349.0,0.0,0.0,0.0,0,1,3,1,0,1,7,13.462,,0
016,016010,Antegnate,1526,0,5,0.0,0.0,0.0,3264.0,0.0,0.0,0.0,0,2,11,0,1,0,6,21.544,,0
016,016011,Arcene,2314,0,5,0.0,0.0,0.0,4949.0,0.0,0.423,0.093,0,0,9,0,0,3,10,13.007,,0
016,016012,Ardesio,7852,0,1,42.0,58.0,0.0,3308.0,0.0,0.0,36.608,0,0,20,21,0,4,19,33.332,,0
016,016013,Arzago d'Adda,1282,0,5,106.0,0.0,0.0,2741.0,0.0,0.525,1.794,0,0,6,0,0,0,1,23.241,,0
016,016014,Averara,83,0,1,0.0,11.0,0.0,178.0,0.0,0.0,8.865,0,0,0,10,0,1,2,37.608,,0
016,016015,Aviatico,1607,0,1,40.0,45.0,0.0,580.0,0.0,0.0,0.0,0,0,11,5,0,0,12,14.377,,0
016,016055,Carobbio degli Angeli,2287,0,3,0.0,20.0,0.0,4891.0,0.0,0.0,0.0,0,1,46,8,0,1,3,10.179,,0
016,016056,Carona,7107,0,1,51.0,130.0,64.71,282.0,0.0,1.982,42.617,0,0,28,28,0,2,1,40.386,,0
016,016057,Carvico,2179,0,3,59.0,4.0,0.0,4661.0,0.0,0.0,0.0,0,0,6,1,0,1,20,16.78,,0
016,016058,Casazza,1773,0,1,0.0,0.0,0.0,3791.0,0.0,0.0,0.0,1,0,9,4,0,3,7,17.636,,0
016,016059,Casirate d'Adda,1903,0,5,0.0,0.0,0.0,4069.0,0.0,0.0,1.243,0,0,8,0,0,0,1,22.532,,0
016,016060,Casnigo,1420,0,1,0.0,0.0,0.0,3036.0,0.0,0.0,0.0,0,0,16,2,0,4,6,21.317,,0
016,016061,Cassiglio,49,0,1,0.0,19.0,0.0,104.0,0.0,0.0,12.463,0,1,2,0,0,0,1,31.526,,0
016,016062,Castelli Calepio,4858,0,3,0.0,12.0,0.0,10389.0,0.0,0.0,1.532,0,3,18,0,0,0,7,15.448,,0
016,016063,Castel Rozzone,1303,0,5,0.0,0.0,0.0,2786.0,0.0,0.0,0.0,0,1,6,0,0,0,3,14.643,,0
016,016064,Castione della Presolana,83464,0,1,839.0,875.0,45.05,3284.0,0.0,0.0,16.902,1,2,93,26,0,6,16,38.758,,0
016,016065,Castro,10889,0,1,180.0,23.0,0.0,1207.0,0.0,3.172,0.0,0,0,2,0,0,2,8,31.2,,0
016,016066,Cavernago,1342,0,5,0.0,14.0,0.0,2869.0,0.0,0.0,3.855,0,3,14,0,0,0,3,6.795,,0
016,016067,Cazzano Sant'Andrea,790,0,1,0.0,0.0,0.0,1690.0,0.0,0.0,0.0,0,1,4,1,0,0,2,20.694,,0
016,016068,Cenate Sopra,1182,0,3,0.0,4.0,0.0,2527.0,0.0,0.0,0.0,0,0,12,5,0,3,4,10.456,,0
016,016069,Cenate Sotto,1825,0,3,0.0,0.0,0.0,3904.0,0.0,0.0,0.0,0,0,103,1,1,0,4,8.995,,0
016,016070,Cene,1717,0,1,0.0,29.0,0.0,4073.0,0.0,0.0,0.0,0,0,6,2,0,2,11,16.187,,0
016,016071,Cerete,771,0,1,0.0,4.0,0.0,1648.0,0.0,0.0,0.0,0,0,6,4,0,1,4,30.596,,0
016,016072,Chignolo d'Isola,1593,0,5,0.0,0.0,0.0,3407.0,0.0,0.0,0.0,0,0,6,0,0,0,0,13.327,,0
016,016073,Chiuduno,2884,0,3,0.0,0.0,0.0,6168.0,0.0,0.0,0.0,0,1,86,1,0,4,3,11.368,,0
016,016074,Cisano Bergamasco,1273,0,3,45.0,14.0,0.0,6215.0,0.0,0.0,4.183,0,0,13,1,1,2,12,19.764,,0
016,016075,Ciserano,2655,0,5,0.0,12.0,0.0,5678.0,0.0,1.061,0.0,0,0,7,0,0,2,5,12.868,,0
016,016076,Cividate al Piano,2350,0,5,0.0,0.0,0.0,5025.0,0.0,0.0,1.663,0,0,10,0,0,0,5,16.905,,0
016,016077,Clusone,23629,0,1,145.0,889.0,9.66,8600.0,0.0,0.223,0.0,1,5,34,6,0,12,24,28.717,,0
016,016078,Colere,16029,0,1,36.0,329.0,0.0,1093.0,0.0,0.0,18.691,1,0,47,9,0,4,15,43.53,,0
016,016079,Cologno al Serio,14254,0,5,121.0,28.0,85.12,11105.0,0.0,0.0,4.477,0,7,90,2,0,2,17,10.976,,0
016,016080,Colzate,757,0,1,0.0,0.0,0.0,1619.0,0.0,0.0,0.0,0,0,4,2,0,2,4,20.721,,0
016,016081,Comun Nuovo,1568,0,5,0.0,24.0,0.0,4438.0,0.0,0.0,1.884,1,1,30,0,0,3,9,7.148,,0
016,016082,Corna Imagna,428,0,1,0.0,56.0,0.0,916.0,0.0,0.0,0.0,0,0,3,6,0,0,3,21.049,,0
016,016083,Cortenuova,925,0,5,0.0,0.0,0.0,1978.0,0.0,0.0,0.0,0,0,4,0,0,3,4,17.007,,0
016,016084,Costa di Mezzate,1604,0,5,0.0,6.0,0.0,3431.0,0.0,0.0,0.0,0,1,32,0,0,1,7,7.236,,0
016,016085,Costa Valle Imagna,263,0,1,92.0,0.0,0.0,562.0,0.0,0.0,0.0,0,1,6,1,0,0,7,20.785,,0
016,016086,Costa Volpino,5203,0,1,15.0,96.0,0.0,8788.0,0.0,3.187,0.0,0,0,19,5,0,2,35,35.187,,0
016,016087,Covo,2031,0,5,0.0,0.0,0.0,4344.0,0.0,0.0,0.0,0,1,4,0,0,1,2,19.428,,0
016,016088,Credaro,741,0,3,0.0,18.0,0.0,3530.0,0.0,0.0,0.759,0,1,3,0,0,1,3,16.49,,0
016,016089,Curno,1458,0,5,0.0,38.0,0.0,7525.0,0.0,0.0,0.005,0,1,23,0,0,5,70,7.335,,0
016,016090,Cusio,139,0,1,32.0,4.0,0.0,204.0,0.0,0.8,6.095,0,0,5,8,0,0,3,36.971,,0
016,016091,Dalmine,30021,0,5,192.0,71.0,41.67,23614.0,0.0,0.0,0.037,1,0,46,1,0,3,106,8.455,,0
016,016092,Dossena,196,0,1,0.0,18.0,0.0,882.0,0.0,0.0,5.077,0,0,2,16,0,0,11,24.327,,0
016,016093,Endine Gaiano,1082,0,1,38.0,62.0,0.0,3435.0,0.0,0.0,0.023,0,0,21,10,0,4,7,24.693,,0
016,016094,Entratico,926,0,3,0.0,18.0,0.0,1980.0,0.0,0.0,0.0,0,0,5,1,0,0,1,14.113,,0
016,016096,Fara Gera d'Adda,4168,0,5,46.0,25.0,54.35,8012.0,0.0,0.0,2.42,0,0,30,2,0,1,8,18.802,,0
016,016097,Fara Olivana con Sola,633,0,5,24.0,0.0,0.0,1353.0,0.0,0.266,1.336,0,1,3,0,0,0,2,20.187,,0
016,016098,Filago,1735,0,5,0.0,37.0,0.0,3052.0,0.0,0.0,0.0,0,2,5,0,0,0,0,12.531,,0
016,016099,Fino del Monte,6132,0,1,118.0,13.0,0.0,1141.0,0.0,0.0,1.235,0,1,4,3,0,0,3,34.558,,0
016,016100,Fiorano al Serio,1371,0,1,0.0,0.0,0.0,2933.0,0.0,0.0,0.0,0,1,7,0,0,2,4,17.797,,0
016,016101,Fontanella,2278,0,5,0.0,10.0,0.0,4872.0,0.0,0.0,0.0,0,0,8,0,0,0,4,25.129,,0
016,016102,Fonteno,3701,0,1,24.0,24.0,0.0,565.0,0.0,0.0,0.0,0,1,2,3,0,2,5,24.741,,0
016,016103,Foppolo,11310,0,1,281.0,143.0,0.0,152.0,0.0,0.767,13.286,0,0,41,11,0,1,2,41.619,,0
016,016104,Foresto Sparso,1449,0,3,0.0,51.0,0.0,3098.0,0.0,0.0,0.0,0,0,2,3,0,0,4,16.233,,0
016,016105,Fornovo San Giovanni,1593,0,5,0.0,0.0,0.0,3406.0,0.0,0.0,1.287,0,0,7,0,0,0,8,19.69,,0
016,016106,Fuipiano Valle Imagna,2824,0,1,40.0,12.0,0.0,209.0,0.0,0.0,0.0,1,1,2,3,0,0,4,23.838,,0
016,016107,Gandellino,451,0,1,0.0,12.0,0.0,964.0,0.0,0.0,20.293,0,0,3,8,0,2,5,41.052,,0
016,016108,Gandino,2411,0,1,0.0,26.0,0.0,5156.0,0.0,0.162,0.0,1,13,13,18,0,0,3,24.299,,0
016,016109,Gandosso,677,0,3,0.0,6.0,0.0,1447.0,0.0,0.0,0.0,0,0,1,0,0,0,4,14.698,,0
016,016110,Gaverina Terme,413,0,1,25.0,4.0,0.0,884.0,0.0,0.0,0.0,0,3,2,4,0,0,12,16.757,,0
016,016111,Gazzaniga,2302,0,1,47.0,4.0,0.0,4923.0,0.0,0.0,0.0,0,4,9,10,0,1,17,16.872,,0
016,016113,Ghisalba,2883,0,5,0.0,0.0,0.0,6165.0,0.0,0.0,3.165,0,1,18,0,0,0,6,9.518,,0
016,016114,Gorlago,2413,0,3,0.0,0.0,0.0,5161.0,0.0,0.0,0.0,0,0,47,4,0,1,2,9.965,,0
016,016115,Gorle,3066,0,5,0.0,0.0,0.0,6557.0,0.0,0.0,0.0,0,0,59,0,0,3,30,3.169,,0
016,016116,Gorno,690,0,1,0.0,6.0,0.0,1476.0,0.0,0.0,1.704,1,2,4,2,0,0,10,23.893,,0
016,016117,Grassobbio,63345,0,5,298.0,115.0,100.0,6528.0,0.0,0.0,2.582,0,0,9,1,0,2,24,2.862,,0
016,016118,Gromo,8694,0,1,189.0,15.0,0.0,1138.0,0.0,0.0,14.139,1,0,42,4,0,2,11,38.798,,0
016,016119,Grone,1880,0,1,31.0,12.0,0.0,913.0,0.0,0.0,0.0,0,2,2,3,0,0,6,18.635,,0
016,016120,Grumello del Monte,23370,0,3,175.0,4.0,70.86,7546.0,0.0,0.0,0.0,0,1,25,1,1,1,11,13.542,,0
016,016121,Isola di Fondra,80,0,1,0.0,1076.0,0.0,172.0,0.0,0.0,9.462,0,0,4,2,0,0,3,33.507,,0
016,016122,Isso,275,0,5,0.0,0.0,0.0,588.0,0.0,0.0,0.0,0,1,3,0,0,0,2,22.217,,0
016,016123,Lallio,14381,0,5,60.0,9.0,100.0,4144.0,0.0,0.0,0.0,0,0,8,0,0,2,24,5.785,,0
016,016124,Leffe,2025,0,1,0.0,4.0,0.0,4330.0,0.0,0.0,0.0,0,0,13,0,0,2,5,19.019,,0
016,016125,Lenna,5195,0,1,0.0,54.0,0.0,555.0,0.0,0.0,8.399,0,0,5,2,0,4,6,28.561,,0
016,016126,Levate,1739,0,5,0.0,7.0,0.0,3718.0,0.0,0.0,3.046,0,1,11,0,0,0,6,7.822,,0
016,016127,Locatello,386,0,1,0.0,8.0,0.0,825.0,0.0,0.0,0.0,0,0,4,2,0,0,8,22.741,,0
016,016128,Lovere,49896,0,1,315.0,164.0,33.97,5006.0,0.0,3.302,0.0,2,2,25,6,0,9,41,32.716,,0
016,016129,Lurano,1353,0,5,0.0,0.0,0.0,2893.0,0.0,0.0,0.347,0,1,9,0,0,0,4,12.613,,0
016,016130,Luzzana,421,0,1,0.0,0.0,0.0,901.0,0.0,0.0,0.0,1,5,6,3,0,1,2,13.736,,0
016,016131,Madone,1950,0,5,0.0,0.0,0.0,4171.0,0.0,0.0,0.0,0,0,6,0,0,5,2,12.249,,0
016,016132,Mapello,10752,0,3,104.0,15.0,82.69,6946.0,0.0,0.0,0.0,0,0,16,2,0,1,17,12.81,,0
016,016133,Martinengo,5127,0,5,0.0,2.0,0.0,10964.0,0.0,0.0,3.36,0,1,9,0,0,0,4,13.302,,0
016,016134,Mezzoldo,7801,0,1,34.0,176.0,0.0,163.0,0.0,0.074,17.63,0,0,2,15,0,1,5,39.744,,0
016,016135,Misano di Gera d'Adda,12060,0,5,132.0,2.0,0.0,2976.0,0.0,0.0,0.0,0,0,10,0,0,0,3,23.438,,0
016,016136,Moio de' Calvi,97,0,1,0.0,12.0,0.0,207.0,0.0,0.0,2.991,0,0,1,3,0,0,5,31.77,,0
016,016137,Monasterolo del Castello,3719,0,1,20.0,34.0,0.0,1146.0,0.0,0.0,0.0,0,1,7,6,0,4,9,20.721,,0
016,016139,Montello,1502,0,5,0.0,4.0,0.0,3213.0,0.0,0.0,0.0,0,0,6,0,0,5,4,7.272,,0
016,016140,Morengo,1163,0,5,0.0,0.0,0.0,2488.0,0.0,0.0,1.764,0,0,38,0,0,0,2,14.472,,0
016,016141,Mornico al Serio,1387,0,5,0.0,0.0,0.0,2966.0,0.0,0.0,0.0,0,0,20,0,0,0,2,12.003,,0
016,016142,Mozzanica,2051,0,5,17.0,0.0,0.0,4386.0,0.0,0.0,2.2,0,0,11,0,0,0,13,22.205,,0
016,016143,Mozzo,36836,0,5,227.0,31.0,86.34,7262.0,0.0,0.0,1.82,0,0,33,3,0,4,38,7.604,,0
016,016144,Nembro,5241,0,3,107.0,0.0,84.11,11209.0,0.0,0.0,0.0,1,0,21,6,0,5,56,9.465,,0
016,016145,Olmo al Brembo,221,0,1,0.0,4.0,0.0,473.0,0.0,0.0,2.363,0,0,2,2,0,1,11,32.949,,0
016,016146,Oltre il Colle,6616,0,1,18.0,388.0,0.0,952.0,0.0,0.0,24.815,0,2,11,23,1,0,29,27.087,,0
016,016147,Oltressenda Alta,64,0,1,0.0,19.0,0.0,136.0,0.0,1.006,14.408,0,0,1,4,0,0,3,36.942,,0
016,016148,Oneta,260,0,1,0.0,0.0,0.0,557.0,0.0,0.0,2.327,0,1,5,11,0,0,9,23.024,,0
016,016149,Onore,8971,0,1,17.0,467.0,0.0,938.0,0.0,0.0,0.0,0,0,14,2,0,2,3,34.66,,0
016,016150,Orio al Serio,82153,0,5,260.0,221.0,90.77,1634.0,0.0,0.0,0.0,0,1,1,0,0,6,21,0.695,,0
016,016151,Ornica,1616,0,1,29.0,34.0,0.0,133.0,0.0,0.366,10.811,0,0,1,6,0,0,2,37.3,,0
016,016152,Osio Sopra,2422,0,5,0.0,10.0,0.0,5180.0,0.0,0.0,0.0,0,0,10,0,0,3,22,10.268,,0
016,016153,Osio Sotto,11907,0,5,216.0,17.0,41.2,12702.0,0.0,0.0,0.0,0,0,9,0,0,4,3,11.267,,0
016,016154,Pagazzano,996,0,5,0.0,0.0,0.0,2131.0,0.0,0.0,0.024,0,1,14,0,0,0,4,15.373,,0
016,016155,Paladina,1843,0,3,0.0,14.0,0.0,3941.0,0.0,0.0,1.08,0,0,12,0,0,0,52,9.043,,0
016,016156,Palazzago,7689,0,3,46.0,80.0,30.43,4555.0,0.0,0.0,0.0,0,0,11,6,0,1,5,15.383,,0
016,016157,Palosco,2672,0,5,28.0,8.0,0.0,5714.0,0.0,0.0,1.317,0,0,21,0,0,3,15,13.642,,0
016,016158,Parre,561,0,1,13.0,30.0,0.0,2680.0,0.0,0.0,12.574,1,0,6,9,0,2,8,28.979,,0
016,016159,Parzanica,6000,0,1,0.0,109.0,0.0,340.0,0.0,3.468,0.0,0,0,1,6,0,0,6,27.125,,0
016,016160,Pedrengo,3171,0,5,0.0,20.0,0.0,5909.0,0.0,0.0,0.0,0,0,14,0,0,3,31,3.801,,0
016,016161,Peia,794,0,1,0.0,0.0,0.0,1699.0,0.0,0.0,0.0,0,0,1,1,0,0,3,21.042,,0
016,016162,Pianico,673,0,1,0.0,14.0,0.0,1440.0,0.0,0.0,0.008,0,0,3,1,0,1,5,29.961,,0
016,016163,Piario,464,0,1,0.0,12.0,0.0,993.0,0.0,0.0,0.0,0,0,3,0,0,2,7,29.713,,0
016,016164,Piazza Brembana,554,0,1,18.0,2.0,0.0,1185.0,0.0,0.0,4.386,0,0,5,1,0,1,2,30.486,,0
016,016165,Piazzatorre,10112,0,1,165.0,207.0,0.0,392.0,0.0,0.0,21.594,0,1,34,5,0,5,12,36.685,,0
016,016166,Piazzolo,40,0,1,18.0,0.0,0.0,85.0,0.0,0.0,1.168,0,0,0,2,0,0,4,33.125,,0
016,016167,Pognano,723,0,5,0.0,0.0,0.0,1547.0,0.0,0.0,1.115,0,0,9,1,0,0,5,10.974,,0
016,016168,Ponte Nossa,793,0,1,0.0,0.0,0.0,1695.0,0.0,0.0,0.0,1,0,8,0,0,7,8,25.085,,0
016,016169,Ponteranica,3239,0,3,0.0,74.0,0.0,6701.0,0.0,0.0,8.033,0,0,31,3,0,3,55,7.337,,0
016,016170,Ponte San Pietro,30072,0,5,193.0,106.0,48.7,11877.0,0.0,0.0,0.0,0,1,19,1,0,13,70,9.808,,0
016,016171,Pontida,3252,0,3,0.0,61.0,0.0,3255.0,0.0,0.0,0.308,0,3,8,6,0,4,6,16.66,,0
016,016172,Pontirolo Nuovo,2298,0,5,0.0,28.0,0.0,4914.0,0.0,0.705,0.005,0,0,8,0,0,0,4,15.388,,0
016,016173,Pradalunga,2116,0,1,0.0,0.0,0.0,4526.0,0.0,0.0,0.0,0,1,5,4,0,0,5,10.022,,0
016,016174,Predore,73942,0,1,111.0,670.0,54.95,1868.0,0.0,5.739,0.0,0,1,6,9,0,0,4,24.298,,0
016,016175,Premolo,493,0,1,0.0,29.0,0.0,1054.0,0.0,0.0,13.573,0,0,1,11,0,0,5,27.215,,0
016,016176,Presezzo,2230,0,5,97.0,0.0,100.0,4770.0,0.0,0.0,0.0,0,1,19,0,0,0,7,10.273,,0
016,016177,Pumenengo,798,0,5,0.0,0.0,0.0,1706.0,0.0,0.0,2.964,0,1,5,1,0,0,0,25.436,,0
016,016178,Ranica,4736,0,3,0.0,91.0,0.0,5885.0,0.0,0.0,1.755,0,0,14,4,0,4,30,5.796,,0
016,016179,Ranzanico,7027,0,1,16.0,367.0,0.0,1259.0,0.0,0.0,0.0,0,0,23,4,0,0,4,22.509,,0
016,016180,Riva di Solto,27968,0,1,60.0,368.0,0.0,851.0,0.0,5.717,0.0,0,0,10,2,0,1,6,28.075,,0
016,016182,Rogno,1783,0,1,0.0,20.0,0.0,3813.0,0.0,1.076,0.0,0,1,26,5,0,5,10,38.313,,0
016,016183,Romano di Lombardia,8453,0,5,105.0,67.0,0.0,20739.0,0.0,0.0,6.136,2,2,38,0,0,3,15,16.82,,0
016,016184,Roncobello,1910,0,1,22.0,39.0,0.0,432.0,0.0,0.0,19.979,0,0,30,7,0,1,12,31.157,,0
016,016185,Roncola,2948,0,1,62.0,42.0,38.71,922.0,0.0,0.0,0.0,0,1,1,3,1,2,6,16.523,,0
016,016186,Rota d'Imagna,24969,0,1,128.0,86.0,53.12,907.0,0.0,0.0,0.0,0,2,10,0,0,2,8,22.871,,0
016,016187,Rovetta,1927,0,1,0.0,42.0,0.0,4121.0,0.0,0.0,12.522,1,0,14,6,0,1,10,34.322,,0
016,016188,San Giovanni Bianco,2874,0,1,0.0,92.0,0.0,4578.0,0.0,0.0,4.902,0,3,8,4,0,2,25,23.098,,0
016,016189,San Paolo d'Argon,10901,0,3,76.0,28.0,100.0,5882.0,0.0,0.0,0.006,0,0,65,1,0,0,9,7.687,,0
016,016190,San Pellegrino Terme,71642,0,1,429.0,88.0,0.0,4645.0,0.0,0.0,0.0,0,2,18,7,0,8,32,18.451,,0
016,016191,Santa Brigida,1077,0,1,20.0,14.0,0.0,516.0,0.0,0.124,9.189,0,0,5,5,0,2,5,36.536,,0
016,016193,Sarnico,31197,0,3,176.0,134.0,75.0,6848.0,0.0,3.97,0.133,0,0,20,1,0,8,13,20.375,,0
016,016194,Scanzorosciate,15457,0,3,70.0,81.0,0.0,9930.0,0.0,0.0,0.0,0,1,28,0,0,5,66,6.551,,0
016,016195,Schilpario,15513,0,1,155.0,356.0,0.0,1112.0,0.0,0.0,63.237,2,1,65,29,0,1,7,53.355,,0
016,016196,Sedrina,1104,0,1,0.0,44.0,0.0,2360.0,0.0,0.0,0.117,0,0,3,1,0,1,13,12.23,,0
016,016197,Selvino,25380,0,1,199.0,58.0,30.65,1995.0,0.0,0.0,0.0,0,1,17,4,0,1,27,12.569,,0
016,016198,Seriate,9701,0,5,25.0,157.0,0.0,25566.0,0.0,0.0,2.911,0,1,37,0,0,10,86,1.967,,0
016,016199,Serina,9377,0,1,227.0,196.0,0.0,2057.0,0.0,0.0,7.513,0,0,17,25,0,3,40,23.41,,0
016,016200,Solto Collina,1506,0,1,20.0,24.0,0.0,1790.0,0.0,1.024,0.685,0,1,9,9,0,0,4,27.743,,0
016,016201,Songavazzo,335,0,1,0.0,18.0,0.0,717.0,0.0,0.0,0.0,0,0,3,2,0,2,0,34.266,,0
016,016202,Sorisole,3389,0,3,18.0,23.0,0.0,8847.0,0.0,0.0,12.27,0,1,18,11,0,9,65,9.055,,0
016,016203,Sotto il Monte Giovanni XXIII,3407,0,3,0.0,64.0,0.0,4372.0,0.0,0.0,0.0,1,4,10,3,0,2,27,15.323,,0
016,016204,Sovere,248,0,1,0.0,30.0,0.0,5309.0,0.0,0.0,0.008,1,0,5,8,0,2,22,29.235,,0
016,016205,Spinone al Lago,463,0,1,16.0,6.0,0.0,991.0,0.0,0.0,0.0,0,2,7,0,0,1,4,19.448,,0
016,016206,Spirano,2645,0,5,0.0,4.0,0.0,5656.0,0.0,0.0,0.0,0,2,94,0,0,4,8,10.381,,0
016,016207,Stezzano,69238,0,5,391.0,91.0,94.37,13663.0,0.0,0.0,3.163,0,4,16,1,0,6,64,5.196,,0
016,016208,Strozza,524,0,1,0.0,0.0,0.0,1121.0,0.0,0.0,0.0,1,0,6,2,0,0,7,14.037,,0
016,016209,Suisio,1765,0,5,0.0,0.0,0.0,3775.0,0.0,0.0,1.114,0,0,4,0,2,0,0,15.376,,0
016,016210,Taleggio,5195,0,1,70.0,85.0,0.0,521.0,0.0,0.0,20.468,0,19,8,31,0,4,15,26.778,,0
016,016211,Tavernola Bergamasca,3319,0,1,0.0,58.0,0.0,1935.0,0.0,5.618,0.0,0,0,6,3,0,1,12,26.589,,0
016,016212,Telgate,2356,0,5,16.0,0.0,0.0,5038.0,0.0,0.0,0.0,0,0,11,0,0,3,3,12.419,,0
016,016213,Terno d'Isola,3747,0,5,0.0,0.0,0.0,8014.0,0.0,0.0,0.0,0,0,10,0,0,2,17,13.434,,0
016,016214,Torre Boldone,4082,0,3,0.0,8.0,0.0,8729.0,0.0,0.0,1.828,0,0,19,7,1,6,40,5.121,,0
016,016215,Torre de' Busi,1054,0,1,0.0,9.0,0.0,2255.0,0.0,0.0,0.043,0,8,5,6,0,1,2,20.317,,0
016,016216,Torre de' Roveri,3453,0,3,0.0,29.0,0.0,2568.0,0.0,0.0,0.0,0,0,3,1,0,1,20,6.269,,0
016,016217,Torre Pallavicina,523,0,5,0.0,59.0,0.0,1118.0,0.0,0.0,2.314,0,0,0,1,0,0,1,27.578,,0
016,016218,Trescore Balneario,16707,0,3,179.0,78.0,0.0,9902.0,0.0,0.0,0.0,0,9,57,5,1,2,11,11.649,,0
016,016219,Treviglio,25747,0,5,152.0,81.0,31.58,31074.0,0.0,0.823,0.074,5,7,54,5,0,10,76,17.941,,0
016,016220,Treviolo,22325,0,5,101.0,36.0,0.0,10823.0,0.0,0.0,0.0,0,0,25,0,0,6,66,7.272,,0
016,016221,Ubiale Clanezzo,2872,0,1,23.0,12.0,0.0,1304.0,0.0,0.0,0.0,0,1,4,3,0,0,3,13.765,,0
016,016222,Urgnano,7065,0,5,46.0,37.0,0.0,10058.0,0.0,0.0,2.51,0,1,120,0,0,3,10,7.424,,0
016,016223,Valbondione,51409,0,1,171.0,1152.0,0.0,945.0,0.0,4.076,89.489,0,3,57,45,0,2,12,47.512,,0
016,016224,Valbrembo,1612,0,5,19.0,6.0,0.0,4349.0,0.0,0.0,1.253,0,1,16,3,0,2,54,8.596,,0
016,016225,Valgoglio,1621,0,1,0.0,44.0,0.0,568.0,0.0,0.708,28.291,0,0,5,13,0,0,10,36.903,,0
016,016226,Valleve,524,0,1,68.0,12.0,0.0,126.0,0.0,0.0,11.896,0,0,20,4,0,1,3,40.064,,0
016,016227,Valnegra,94,0,1,0.0,0.0,0.0,202.0,0.0,0.0,0.563,0,0,1,1,0,1,1,31.258,,0
016,016229,Valtorta,1542,0,1,13.0,115.0,0.0,236.0,0.0,0.0,23.811,2,0,16,11,0,2,3,36.29,,0
016,016230,Vedeseta,94,0,1,24.0,42.0,0.0,200.0,0.0,0.0,5.768,0,4,1,12,0,1,2,28.601,,0
016,016232,Verdellino,52953,0,5,228.0,56.0,89.47,7662.0,0.0,0.0,0.024,0,0,37,0,0,1,8,10.63,,0
016,016233,Verdello,3804,0,5,110.0,12.0,100.0,8136.0,0.0,0.0,0.002,1,0,16,0,0,4,2,9.418,,0
016,016234,Vertova,2033,0,1,0.0,0.0,0.0,4347.0,0.0,0.0,0.0,0,2,3,7,0,2,4,19.15,,0
016,016235,Viadanica,518,0,1,0.0,14.0,0.0,1107.0,0.0,0.0,0.0,0,0,1,2,0,0,2,20.893,,0
016,016236,Vigano San Martino,507,0,1,0.0,23.0,0.0,1329.0,0.0,0.0,0.0,0,1,1,1,0,0,1,15.656,,0
016,016237,Vigolo,149,0,1,0.0,14.0,0.0,571.0,0.0,0.0,0.0,0,0,2,9,0,0,2,24.003,,0
016,016238,Villa d'Adda,2154,0,3,0.0,8.0,0.0,4607.0,0.0,0.0,3.07,0,0,11,0,0,3,14,18.889,,0
016,016239,Villa d'Almè,20490,0,3,83.0,79.0,0.0,6471.0,0.0,0.0,5.357,1,2,35,2,0,3,36,10.406,,0
016,016240,Villa di Serio,5200,0,3,25.0,24.0,0.0,6579.0,0.0,0.0,0.0,0,0,13,1,0,8,45,6.394,,0
016,016241,Villa d'Ogna,829,0,1,0.0,0.0,0.0,1772.0,0.0,0.168,0.033,0,0,3,0,0,1,4,31.553,,0
016,016242,Villongo,9882,0,3,22.0,76.0,0.0,8143.0,0.0,0.0,0.075,0,1,16,1,0,3,10,17.158,,0
016,016243,Vilminore di Scalve,2749,0,1,35.0,44.0,0.0,1436.0,0.0,0.697,40.78,0,0,16,19,0,5,11,46.886,,0
016,016244,Zandobbio,1258,0,3,0.0,8.0,0.0,2690.0,0.0,0.0,0.0,0,0,3,2,0,0,3,13.262,,0
016,016245,Zanica,6264,0,5,0.0,96.0,0.0,8668.0,0.0,0.0,9.434,0,3,59,2,0,3,16,4.3,,0
016,016246,Zogno,7750,0,1,16.0,75.0,0.0,8582.0,0.0,0.0,0.155,1,2,26,18,0,7,77,13.178,,0
016,016247,Costa Serina,418,0,1,0.0,11.0,0.0,894.0,0.0,0.0,0.0,0,0,5,16,0,0,15,16.937,,0
016,016248,Algua,320,0,1,17.0,0.0,0.0,685.0,0.0,0.0,0.0,0,0,3,10,0,0,15,15.927,,0
016,016249,Cornalba,139,0,1,0.0,42.0,0.0,297.0,0.0,0.0,0.0,0,0,3,10,0,1,2,20.416,,0
016,016250,Medolago,1099,0,5,152.0,0.0,34.87,2350.0,0.0,0.0,0.982,0,0,8,0,0,0,3,15.6,,0
016,016251,Solza,923,0,5,0.0,0.0,0.0,1975.0,0.0,0.0,0.401,0,1,4,0,0,0,1,16.487,,0
016,016252,Sant'Omobono Terme,1421,0,1,124.0,46.0,53.23,3899.0,0.0,0.192,0.0,1,6,21,11,0,1,21,21.29,,0
016,016253,Val Brembilla,205,0,1,18.0,17.0,0.0,4119.0,0.0,0.142,0.0,2,1,26,20,0,8,51,18.703,,0
017,017001,Acquafredda,375,0,5,0.0,0.0,0.0,1550.0,0.0,0.0,0.0,0,0,2,0,0,0,0,14.845,,0
017,017002,Adro,19509,0,3,0.0,146.0,0.0,7151.0,0.0,0.0,0.0,0,1,17,1,0,3,13,20.887,,0
017,017003,Agnosine,397,0,1,0.0,0.0,0.0,1638.0,0.0,0.0,0.0,0,5,7,2,0,0,13,23.919,,0
017,017004,Alfianello,553,0,5,0.0,0.0,0.0,2281.0,0.0,0.0,3.763,0,1,6,0,0,0,6,22.882,,0
017,017005,Anfo,67334,0,1,8.0,954.0,0.0,438.0,0.0,6.981,0.0,4,1,14,16,0,1,4,41.328,,0
017,017006,Angolo Terme,4935,0,1,172.0,169.0,0.0,2295.0,0.0,1.502,0.003,1,3,33,16,0,1,4,42.159,,0
017,017007,Artogne,2389,0,1,21.0,60.0,0.0,3621.0,0.0,0.13,0.0,0,3,58,3,0,5,7,42.403,,0
017,017008,Azzano Mella,847,0,5,0.0,0.0,0.0,3498.0,0.0,0.0,0.033,0,0,2,0,0,1,11,17.512,,0
017,017009,Bagnolo Mella,3013,0,5,0.0,26.0,0.0,12437.0,0.0,0.0,0.087,0,3,93,2,0,5,21,11.515,,0
017,017010,Bagolino,33008,0,1,65.0,1400.0,0.0,3781.0,0.0,4.053,0.309,0,4,46,52,0,16,20,48.459,,0
017,017011,Barbariga,563,0,5,0.0,47.0,0.0,2323.0,0.0,0.0,0.0,0,0,12,0,0,1,4,22.306,,0
017,017012,Barghe,2901,0,1,24.0,18.0,0.0,1141.0,0.0,0.0,0.0,0,0,6,0,0,0,9,28.757,,0
017,017013,Bassano Bresciano,562,0,5,0.0,22.0,0.0,2319.0,0.0,0.0,0.0,0,0,2,0,0,0,3,19.549,,0
017,017014,Bedizzole,18347,0,5,30.0,223.0,0.0,12207.0,0.0,0.0,0.0,0,1,26,1,0,4,11,10.704,,0
017,017015,Berlingo,663,0,5,0.0,0.0,0.0,2738.0,0.0,0.0,0.0,0,0,3,0,0,0,7,24.73,,0
017,017016,Berzo Demo,359,0,1,0.0,17.0,0.0,1482.0,0.0,0.0,13.174,0,5,4,6,0,3,5,68.853,,0
017,017017,Berzo Inferiore,596,0,1,0.0,24.0,0.0,2460.0,0.0,0.0,0.03,2,3,5,12,0,2,2,52.198,,0
017,017018,Bienno,2968,0,1,49.0,68.0,0.0,3756.0,0.0,0.516,12.648,5,18,13,18,0,3,6,52.803,,0
017,017019,Bione,315,0,1,0.0,0.0,0.0,1299.0,0.0,0.0,0.0,0,1,3,2,0,0,5,27.487,,0
017,017020,Borgo San Giacomo,1765,0,5,0.0,40.0,0.0,5520.0,0.0,0.0,5.782,0,4,29,0,0,1,15,28.996,,0
017,017021,Borgosatollo,2199,0,5,0.0,0.0,0.0,9079.0,0.0,0.0,0.109,0,1,21,0,0,8,28,9.08,,0
017,017022,Borno,36554,0,1,387.0,1332.0,10.34,2440.0,0.0,0.0,3.032,1,13,19,35,1,4,2,48.405,,0
017,017023,Botticino,2597,0,3,0.0,7.0,0.0,10722.0,0.0,0.0,0.121,1,14,70,11,0,0,61,13.702,,0
017,017024,Bovegno,1358,0,1,13.0,90.0,0.0,2003.0,0.0,0.0,0.0,0,11,15,20,0,1,17,43.052,,0
017,017025,Bovezzo,1773,0,1,0.0,0.0,0.0,7319.0,0.0,0.0,4.354,0,4,27,14,0,1,15,20.285,,0
017,017026,Brandico,419,0,5,0.0,0.0,0.0,1731.0,0.0,0.0,0.0,0,1,7,0,0,0,2,22.616,,0
017,017027,Braone,167,0,1,0.0,0.0,0.0,690.0,0.0,0.0,12.076,0,0,2,4,0,2,3,60.726,,0
017,017028,Breno,15947,0,1,170.0,264.0,26.47,4627.0,0.0,0.181,50.973,1,2,23,32,0,3,12,57.159,Rock Drawings in Valcamonica,1
017,017029,Brescia,818460,0,3,2774.0,2127.0,52.05,198259.0,0.0,0.0,30.346,22,55,496,44,0,197,1028,14.21,,0
017,017030,Brione,182,0,1,0.0,7.0,0.0,750.0,0.0,0.0,0.065,0,5,8,2,0,0,5,27.695,,0
017,017031,Caino,530,0,1,0.0,0.0,0.0,2190.0,0.0,0.0,0.013,1,3,16,16,0,0,15,21.049,,0
017,017032,Calcinato,16918,0,5,130.0,36.0,81.54,13017.0,0.0,0.0,0.0,0,0,36,1,0,2,24,6.607,,0
017,017033,Calvagese della Riviera,26200,0,3,165.0,39.0,100.0,3689.0,0.0,0.0,0.0,1,1,31,1,0,1,12,14.982,,0
017,017034,Calvisano,1815,0,5,14.0,20.0,0.0,8380.0,0.0,0.0,0.0,0,0,36,0,0,2,18,8.551,,0
017,017035,Capo di Ponte,4437,0,1,82.0,59.0,0.0,2303.0,0.0,0.0,0.063,2,2,6,3,0,1,7,62.722,,0
017,017036,Capovalle,81,0,1,11.0,10.0,0.0,336.0,0.0,0.0,0.319,1,0,2,17,0,1,4,38.811,,0
017,017037,Capriano del Colle,1166,0,5,0.0,10.0,0.0,4814.0,0.0,0.0,9.602,0,0,6,1,0,1,18,15.33,,0
017,017038,Capriolo,20347,0,3,70.0,106.0,0.0,9379.0,0.0,0.0,2.272,0,1,50,2,0,4,10,18.005,,0
017,017039,Carpenedolo,3146,0,5,0.0,4.0,0.0,12986.0,0.0,0.0,0.0,0,1,38,0,0,1,12,11.985,,0
017,017040,Castegnato,2028,0,5,49.0,0.0,0.0,8372.0,0.0,0.0,0.0,0,3,43,0,0,2,12,22.261,,0
017,017041,Castelcovati,1678,0,5,0.0,0.0,0.0,6929.0,0.0,0.0,0.0,0,0,8,0,0,8,8,26.819,,0
017,017042,Castel Mella,2637,0,3,0.0,10.0,0.0,10886.0,0.0,0.0,0.03,0,0,22,0,0,1,34,16.696,,0
017,017043,Castenedolo,68559,0,5,442.0,16.0,85.97,11709.0,0.0,0.0,0.03,0,0,22,0,0,3,11,5.195,,0
017,017044,Casto,397,0,1,24.0,10.0,0.0,1638.0,0.0,0.0,0.0,0,17,7,6,0,2,14,29.205,,0
017,017045,Castrezzato,7608,0,5,39.0,42.0,0.0,7713.0,0.0,0.0,0.0,0,0,16,0,0,6,7,27.996,,0
017,017046,Cazzago San Martino,34878,0,5,113.0,165.0,21.24,10796.0,0.0,0.0,0.0,0,3,72,0,0,1,32,27.724,,0
017,017047,Cedegolo,269,0,1,0.0,14.0,0.0,1109.0,0.0,0.0,10.348,0,0,4,3,0,0,2,68.158,,0
017,017048,Cellatica,1174,0,3,0.0,6.0,0.0,4845.0,0.0,0.0,2.726,1,3,39,11,0,1,15,20.511,,0
017,017049,Cerveno,419,0,1,0.0,28.0,0.0,693.0,0.0,0.0,0.137,4,0,2,6,0,1,2,58.903,,0
017,017050,Ceto,8684,0,1,0.0,187.0,0.0,1768.0,0.0,0.616,29.748,0,0,6,7,0,0,5,63.201,,0
017,017051,Cevo,3948,0,1,44.0,191.0,0.0,802.0,0.0,0.0,34.757,2,6,5,13,0,1,3,71.364,,0
017,017052,Chiari,4661,0,5,34.0,59.0,0.0,19347.0,0.0,0.0,0.0,2,2,323,0,0,29,28,22.502,,0
017,017053,Cigole,1639,0,5,0.0,23.0,0.0,1485.0,0.0,0.0,0.0,0,1,1,0,0,3,11,17.284,,0
017,017054,Cimbergo,2091,0,1,0.0,94.0,0.0,535.0,0.0,0.171,24.688,0,3,5,8,0,0,0,66.365,,0
017,017055,Cividate Camuno,1392,0,1,0.0,30.0,0.0,2677.0,0.0,0.0,1.064,2,0,8,0,0,0,6,52.662,,0
017,017056,Coccaglio,2138,0,5,173.0,0.0,100.0,8827.0,0.0,0.0,0.0,0,1,72,1,0,1,10,24.071,,0
017,017057,Collebeato,1075,0,3,0.0,6.0,0.0,4436.0,0.0,0.0,3.602,0,4,25,13,0,0,13,19.861,,0
017,017058,Collio,10754,0,1,247.0,14.0,0.0,1994.0,0.0,1.431,0.0,2,11,9,28,1,1,15,44.097,,0
017,017059,Cologne,2409,0,5,23.0,25.0,100.0,7607.0,0.0,0.0,0.0,0,3,48,2,0,3,22,20.377,,0
017,017060,Comezzano-Cizzago,1005,0,5,0.0,0.0,0.0,4150.0,0.0,0.0,0.0,0,0,5,1,0,0,12,29.565,,0
017,017061,Concesio,1340,0,3,0.0,29.0,0.0,15661.0,0.0,0.0,0.117,1,14,56,25,1,4,35,22.315,,0
017,017099,Mairano,842,0,5,0.0,0.0,0.0,3477.0,0.0,0.0,0.0,1,0,4,0,0,4,10,19.553,,0
017,017100,Malegno,467,0,1,0.0,9.0,0.0,1926.0,0.0,0.0,0.021,2,0,3,1,0,2,5,54.255,,0
017,017101,Malonno,565,0,1,30.0,37.0,0.0,2978.0,0.0,0.057,2.639,0,9,6,2,0,4,12,67.892,,0
017,017102,Manerba del Garda,744843,0,3,1725.0,9294.0,13.74,5368.0,0.0,10.558,1.003,2,1,278,24,0,12,14,24.072,,0
017,017103,Manerbio,4802,0,5,0.0,59.0,0.0,13448.0,0.0,0.0,0.0,1,0,36,3,1,8,17,16.667,,0
017,017104,Marcheno,3147,0,1,52.0,15.0,0.0,4163.0,0.0,0.0,0.0,0,6,6,12,0,3,15,32.494,,0
017,017105,Marmentino,159,0,1,0.0,10.0,0.0,655.0,0.0,0.0,0.0,0,1,5,7,0,0,16,36.072,,0
017,017106,Marone,44353,0,1,0.0,891.0,0.0,3099.0,0.0,7.572,0.0,0,2,12,9,0,3,11,31.489,,0
017,017107,Mazzano,3072,0,5,78.0,0.0,0.0,12682.0,0.0,0.0,0.002,2,0,16,1,0,3,11,8.144,,0
017,017108,Milzano,418,0,5,0.0,0.0,0.0,1726.0,0.0,0.0,0.0,0,0,1,0,0,0,9,20.15,,0
017,017109,Moniga del Garda,595784,0,3,742.0,7800.0,64.96,2646.0,0.0,2.838,0.0,0,2,180,8,0,2,4,21.958,,0
017,017110,Monno,4619,0,1,96.0,45.0,0.0,516.0,0.0,0.0,0.028,1,2,1,10,0,0,2,78.615,,0
017,017111,Monte Isola,17355,1,1,67.0,228.0,0.0,1611.0,0.0,9.839,0.0,0,5,20,3,0,3,34,29.33,,0
017,017112,Monticelli Brusati,4725,0,3,0.0,99.0,0.0,4598.0,0.0,0.0,0.008,0,1,11,7,0,0,10,29.332,,0
017,017113,Montichiari,52250,0,5,338.0,186.0,44.38,26170.0,0.0,0.0,0.0,4,3,58,0,3,24,34,4.416,,0
017,017114,Montirone,1553,0,5,0.0,38.0,0.0,5063.0,0.0,0.0,0.0,0,1,10,0,0,6,8,7.885,,0
017,017115,Mura,189,0,1,0.0,0.0,0.0,779.0,0.0,0.0,0.0,0,0,5,2,0,1,7,31.929,,0
017,017116,Muscoline,2592,0,3,0.0,48.0,0.0,2692.0,0.0,0.0,0.0,0,0,29,5,0,2,13,17.977,,0
017,017117,Nave,2571,0,1,0.0,0.0,0.0,10615.0,0.0,0.0,0.345,1,12,38,24,0,0,31,18.324,,0
017,017118,Niardo,476,0,1,9.0,6.0,0.0,1964.0,0.0,0.0,20.464,0,0,13,5,0,0,6,59.057,,0
017,017119,Nuvolento,358,0,3,0.0,17.0,0.0,3900.0,0.0,0.0,0.004,0,0,14,0,0,0,4,13.39,,0
017,017120,Nuvolera,1153,0,3,45.0,0.0,0.0,4759.0,0.0,0.0,3.089,0,6,24,3,0,0,4,12.144,,0
017,017121,Odolo,457,0,1,45.0,0.0,0.0,1888.0,0.0,0.0,0.0,0,0,2,5,0,0,9,23.879,,0
017,017122,Offlaga,997,0,5,0.0,0.0,0.0,4117.0,0.0,0.374,0.0,0,0,4,2,0,0,1,17.917,,0
017,017123,Ome,21562,0,3,141.0,128.0,88.65,3151.0,0.0,0.0,0.025,2,0,9,1,0,0,8,27.613,,0
017,017124,Ono San Pietro,2225,0,1,0.0,68.0,0.0,953.0,0.0,0.073,0.0,0,0,2,4,0,0,0,60.745,,0
017,017125,Orzinuovi,1830,0,5,36.0,9.0,0.0,12425.0,0.0,0.0,10.574,0,2,44,0,0,19,21,31.011,,0
017,017126,Orzivecchi,30500,0,5,135.0,8.0,0.0,2506.0,0.0,0.0,0.0,0,0,3,0,0,0,4,28.692,,0
017,017127,Ospitaletto,3598,0,5,0.0,0.0,0.0,14854.0,0.0,0.0,0.0,0,1,22,0,0,3,12,24.233,,0
017,017128,Ossimo,349,0,1,0.0,12.0,0.0,1442.0,0.0,0.0,0.024,2,1,6,6,0,1,2,52.191,,0
017,017129,Padenghe sul Garda,282488,0,3,1021.0,3588.0,44.07,4871.0,0.0,4.008,0.0,0,1,173,8,0,1,12,19.087,,0
017,017130,Paderno Franciacorta,890,0,5,46.0,10.0,100.0,3673.0,0.0,0.0,0.0,0,1,72,0,0,2,2,25.846,,0
017,017131,Paisco Loveno,346,0,1,0.0,54.0,0.0,167.0,0.0,0.35,0.405,0,0,2,11,0,1,0,60.684,,0
017,017132,Paitone,531,0,3,0.0,0.0,0.0,2192.0,0.0,0.039,0.0,0,2,13,1,0,0,2,16.43,,0
017,017133,Palazzolo sull'Oglio,12313,0,5,108.0,22.0,60.19,20219.0,0.0,0.0,3.191,2,3,60,0,1,18,27,16.737,,0
017,017134,Paratico,26679,0,3,106.0,51.0,37.74,4987.0,0.0,3.708,1.459,0,11,17,0,1,5,12,19.554,,0
017,017135,Paspardo,138,0,1,0.0,62.0,0.0,571.0,0.0,0.0,11.274,1,0,3,6,0,0,0,66.729,,0
017,017136,Passirano,5645,0,3,0.0,111.0,0.0,6876.0,0.0,0.0,0.0,0,3,96,1,0,1,3,28.333,,0
017,017137,Pavone del Mella,660,0,5,0.0,0.0,0.0,2723.0,0.0,0.0,0.0,0,0,14,0,0,3,7,16.448,,0
017,017138,San Paolo,1070,0,5,92.0,0.0,100.0,4418.0,0.0,0.506,0.719,0,0,20,0,0,2,6,24.35,,0
017,017139,Pertica Alta,134,0,1,0.0,16.0,0.0,553.0,0.0,0.0,0.0,0,1,2,4,0,0,11,34.912,,0
017,017140,Pertica Bassa,587,0,1,0.0,55.0,0.0,571.0,0.0,0.0,0.0,1,1,1,12,0,0,8,37.117,,0
017,017141,Pezzaze,430,0,1,0.0,44.0,0.0,1452.0,0.0,0.0,0.0,2,8,3,8,0,0,17,40.073,,0
017,017142,Pian Camuno,960,0,1,31.0,15.0,0.0,4766.0,0.0,0.0,0.0,0,0,43,1,0,2,9,39.551,,0
017,017143,Pisogne,42498,0,1,73.0,403.0,67.12,7894.0,0.0,6.393,0.0,0,7,34,26,0,6,10,36.297,,0
017,017144,Polaveno,600,0,1,0.0,6.0,0.0,2477.0,0.0,0.0,0.0,0,3,6,6,0,0,19,30.256,,0
017,017145,Polpenazze del Garda,10818,0,3,0.0,226.0,0.0,2736.0,0.0,0.0,0.0,0,0,40,5,0,1,0,18.693,,0
017,017146,Pompiano,897,0,5,0.0,0.0,0.0,3703.0,0.0,0.0,0.0,0,0,8,0,0,0,5,26.377,,0
017,017147,Poncarale,153,0,5,13.0,10.0,0.0,5184.0,0.0,0.0,3.573,0,0,18,0,0,1,24,11.995,,0
017,017148,Ponte di Legno,356925,0,1,2312.0,1196.0,44.25,1751.0,0.0,4.357,43.536,2,13,120,41,0,7,10,64.882,,0
017,017149,Pontevico,17780,0,5,123.0,14.0,0.0,7019.0,0.0,0.0,10.213,0,1,39,2,0,2,8,24.336,,0
017,017150,Pontoglio,1695,0,5,0.0,0.0,0.0,6999.0,0.0,0.0,5.542,0,0,81,0,0,1,8,16.778,,0
017,017151,Pozzolengo,88790,0,3,291.0,630.0,40.21,3579.0,0.0,0.347,0.0,0,2,36,0,0,3,2,20.762,,0
017,017152,Pralboino,681,0,5,0.0,14.0,0.0,2813.0,0.0,0.0,0.033,0,2,12,0,0,0,5,19.763,,0
017,017153,Preseglie,354,0,1,0.0,0.0,0.0,1460.0,0.0,0.0,0.0,0,1,8,3,0,1,5,27.068,,0
017,017155,Prevalle,120,0,3,0.0,23.0,0.0,6872.0,0.0,0.0,0.0,0,0,8,1,0,1,8,14.656,,0
017,017156,Provaglio d'Iseo,6571,0,3,30.0,70.0,0.0,7088.0,0.0,0.0,1.272,0,5,38,3,0,7,12,27.324,,0
017,017157,Provaglio Val Sabbia,208,0,1,0.0,6.0,0.0,860.0,0.0,0.0,0.0,0,0,2,6,0,0,7,30.104,,0
017,017158,Puegnago del Garda,29824,0,3,0.0,527.0,0.0,3465.0,0.0,2.429,0.091,0,1,38,12,0,1,7,21.23,,0
017,017159,Quinzano d'Oglio,1512,0,5,0.0,18.0,0.0,6240.0,0.0,0.251,8.055,0,0,10,0,0,1,5,28.56,,0
017,017160,Remedello,830,0,5,0.0,0.0,0.0,3425.0,0.0,0.0,0.0,1,0,8,0,0,3,15,17.331,,0
017,017161,Rezzato,35366,0,3,239.0,0.0,69.46,13472.0,0.0,0.0,4.12,1,8,50,8,1,6,38,8.964,,0
017,017162,Roccafranca,1188,0,5,0.0,0.0,0.0,4905.0,0.0,0.0,4.192,0,1,5,0,0,5,10,29.065,,0
017,017163,Rodengo Saiano,17436,0,3,193.0,27.0,75.13,9917.0,0.0,0.0,3.249,1,11,89,11,0,6,15,25.145,,0
017,017164,Roè Volciano,9934,0,3,25.0,80.0,0.0,4327.0,0.0,0.0,0.119,0,1,20,7,0,3,6,24.734,,0
017,017165,Roncadelle,2252,0,5,147.0,0.0,100.0,9296.0,0.0,0.0,0.0,0,1,29,0,0,16,25,18.861,,0
017,017166,Rovato,7293,0,5,0.0,99.0,0.0,19417.0,0.0,0.0,0.0,0,2,93,2,0,3,19,27.427,,0
017,017167,Rudiano,1434,0,5,0.0,12.0,0.0,5921.0,0.0,0.0,3.074,0,1,6,0,0,0,6,24.956,,0
017,017168,Sabbio Chiese,214,0,1,0.0,17.0,0.0,4043.0,0.0,0.03,0.0,0,1,6,6,0,1,9,25.239,,0
017,017169,Sale Marasino,13701,0,1,160.0,169.0,20.62,3278.0,0.0,3.938,0.0,0,3,9,12,0,3,5,33.058,,0
017,017170,Salò,207356,0,3,1179.0,1079.0,59.63,10385.0,0.0,8.287,25.121,1,4,117,17,0,10,23,25.88,,0
017,017171,San Felice del Benaco,788637,0,3,1000.0,7059.0,77.8,3447.0,0.0,10.995,0.018,0,0,316,9,2,1,7,26.294,,0
017,017172,San Gervasio Bresciano,644,0,5,0.0,0.0,0.0,2659.0,0.0,0.533,0.0,0,0,16,0,1,0,4,19.948,,0
017,017173,San Zeno Naviglio,1137,0,3,0.0,0.0,0.0,4694.0,0.0,0.0,0.015,0,0,25,0,0,6,23,11.141,,0
017,017174,Sarezzo,932,0,1,0.0,18.0,0.0,13224.0,0.0,0.0,0.0,1,7,25,28,0,4,22,28.14,,0
017,017175,Saviore dell'Adamello,1447,0,1,0.0,149.0,0.0,784.0,0.0,0.609,84.983,0,0,5,24,0,0,5,75.054,,0
017,017176,Sellero,332,0,1,0.0,16.0,0.0,1370.0,0.0,0.0,0.022,1,0,4,2,0,0,8,65.046,,0
017,017177,Seniga,345,0,5,38.0,0.0,0.0,1425.0,0.0,0.0,7.842,0,1,1,0,0,1,6,23.133,,0
017,017178,Serle,747,0,1,25.0,10.0,0.0,3085.0,0.0,0.0,5.219,0,2,5,17,0,0,17,16.885,,0
017,017179,Sirmione,1273116,0,3,4733.0,6050.0,29.52,8290.0,0.0,16.494,0.015,2,3,361,2,0,22,31,23.018,,0
017,017180,Soiano del Lago,37379,0,3,103.0,424.0,76.7,1929.0,0.0,0.0,0.0,0,1,104,0,0,1,0,17.943,,0
017,017181,Sonico,8833,0,1,31.0,288.0,0.0,1189.0,0.0,0.0,55.858,0,1,2,20,0,0,6,75.396,,0
017,017182,Sulzano,18024,0,1,107.0,172.0,68.22,1936.0,0.0,3.647,0.0,0,1,20,2,0,6,7,31.311,,0
017,017183,Tavernole sul Mella,292,0,1,0.0,56.0,0.0,1204.0,0.0,0.0,0.0,1,5,2,9,0,1,17,37.045,,0
017,017184,Temù,58636,0,1,370.0,545.0,9.19,1141.0,0.0,0.44,20.676,1,1,22,15,0,4,6,68.943,,0
017,017185,Tignale,309398,0,1,695.0,2048.0,17.55,1158.0,0.0,5.536,45.599,2,0,91,26,1,5,18,41.438,,0
017,017186,Torbole Casaglia,1562,0,5,0.0,37.0,0.0,6449.0,0.0,0.0,0.0,0,0,16,0,0,8,14,19.105,,0
017,017187,Toscolano-Maderno,534404,0,1,1831.0,6255.0,43.91,7661.0,0.0,9.904,58.252,1,1,117,80,0,7,14,33.429,,0
017,017188,Travagliato,4676,0,5,25.0,88.0,0.0,13840.0,0.0,0.0,0.0,0,9,40,1,0,7,15,22.338,,0
017,017189,Tremosine sul Garda,292558,0,1,1521.0,1404.0,25.05,2088.0,0.0,7.51,72.551,1,3,147,53,0,5,44,46.407,,0
017,017190,Trenzano,433,0,5,0.0,53.0,0.0,5512.0,0.0,0.0,0.0,0,1,6,0,0,1,15,26.224,,0
017,017191,Treviso Bresciano,1305,0,1,14.0,28.0,0.0,524.0,0.0,0.0,0.0,0,0,1,7,0,0,6,33.434,,0
017,017192,Urago d'Oglio,916,0,5,0.0,0.0,0.0,3782.0,0.0,0.0,3.495,0,1,6,0,0,1,4,21.241,,0
017,017193,Vallio Terme,1009,0,1,20.0,56.0,0.0,1408.0,0.0,0.0,0.063,0,0,13,5,0,0,7,20.887,,0
017,017194,Valvestino,39,0,1,15.0,6.0,0.0,162.0,0.0,1.832,30.836,1,1,3,27,0,2,6,42.389,,0
017,017195,Verolanuova,2568,0,5,0.0,22.0,0.0,8074.0,0.0,0.0,2.245,0,2,20,1,0,5,14,22.096,,0
017,017196,Verolavecchia,922,0,5,0.0,50.0,0.0,3808.0,0.0,0.0,5.191,0,1,4,1,0,0,2,25.433,,0
017,017197,Vestone,997,0,1,25.0,0.0,0.0,4116.0,0.0,0.0,0.0,1,2,5,9,0,7,12,31.788,,0
017,017198,Vezza d'Oglio,17116,0,1,36.0,301.0,0.0,1480.0,0.0,1.661,10.839,2,1,5,9,0,5,3,74.633,,0
017,017199,Villa Carcina,2592,0,1,0.0,0.0,0.0,10700.0,0.0,0.0,0.0,0,6,16,37,0,2,10,25.586,,0
017,017200,Villachiara,332,0,5,0.0,0.0,0.0,1369.0,0.0,0.0,8.974,0,3,2,0,0,0,9,33.347,,0
017,017201,Villanuova sul Clisi,2539,0,3,0.0,45.0,0.0,5856.0,0.0,0.0,0.0,0,1,62,6,0,3,3,22.766,,0
017,017202,Vione,4295,0,1,39.0,61.0,0.0,628.0,0.0,0.0,9.445,1,3,4,21,0,1,3,71.575,,0
017,017203,Visano,479,0,5,0.0,48.0,0.0,1976.0,0.0,0.0,0.0,0,0,53,0,0,0,12,13.126,,0
017,017204,Vobarno,4668,0,1,0.0,82.0,0.0,8369.0,0.0,0.0,1.734,0,0,14,32,0,2,17,30.138,,0
017,017205,Zone,15882,0,1,155.0,282.0,0.0,1025.0,0.0,0.0,0.263,0,2,10,33,0,3,3,34.42,,0
017,017206,Piancogno,10745,0,1,65.0,20.0,0.0,4774.0,0.0,0.0,0.0,0,6,35,10,0,2,13,47.746,,0
018,018001,Alagna,321,0,5,0.0,0.0,0.0,803.0,0.0,0.0,0.124,0,3,17,0,0,0,0,42.872,,0
018,018003,Albonese,218,0,5,0.0,0.0,0.0,545.0,0.0,0.0,0.0,0,2,8,0,0,0,1,37.82,,0
018,018004,Albuzzano,1448,0,5,0.0,0.0,0.0,3624.0,0.0,0.0,0.092,0,0,23,0,0,5,1,28.397,,0
018,018005,Arena Po,600,0,5,0.0,10.0,0.0,1501.0,0.0,0.0,0.0,0,1,21,1,0,0,3,40.887,,0
018,018006,Badia Pavese,163,0,5,0.0,11.0,0.0,409.0,0.0,0.0,0.0,0,0,4,0,0,0,1,38.569,,0
018,018007,Bagnaria,250,0,1,0.0,14.0,0.0,626.0,0.0,0.0,0.0,0,1,8,7,0,2,3,51.244,,0
018,018008,Barbianello,353,0,5,0.0,0.0,0.0,883.0,0.0,0.0,0.0,0,0,18,0,0,1,2,41.255,,0
018,018009,Bascapè,718,0,5,0.0,35.0,0.0,1797.0,0.0,0.0,0.095,0,0,17,1,0,0,1,16.178,,0
018,018011,Bastida Pancarana,377,0,5,0.0,17.0,0.0,943.0,0.0,0.0,0.0,0,0,8,0,0,0,1,41.163,,0
018,018012,Battuda,267,0,5,0.0,0.0,0.0,669.0,0.0,0.0,0.0,0,0,19,0,0,0,0,24.831,,0
018,018013,Belgioioso,264,0,5,18.0,8.0,0.0,6400.0,0.0,0.0,0.492,0,4,27,0,0,4,1,33.123,,0
018,018014,Bereguardo,7440,0,5,33.0,64.0,0.0,2880.0,0.0,0.0,17.567,0,5,31,2,0,4,0,29.265,,0
018,018015,Borgarello,1083,0,5,0.0,23.0,0.0,2710.0,0.0,0.0,0.018,0,0,26,1,0,0,1,24.545,,0
018,018016,Borgo Priolo,9479,0,3,36.0,116.0,0.0,1253.0,0.0,0.854,0.0,0,1,36,1,0,1,6,55.263,,0
018,018017,Borgoratto Mormorolo,159,0,3,0.0,20.0,0.0,398.0,0.0,0.0,0.0,0,0,6,10,0,0,8,56.105,,0
018,018018,Borgo San Siro,383,0,5,0.0,14.0,0.0,958.0,0.0,0.0,18.027,0,0,8,1,0,0,0,34.983,,0
018,018019,Bornasco,1068,0,5,0.0,0.0,0.0,2672.0,0.0,0.0,0.029,0,0,9,2,0,1,3,20.212,,0
018,018020,Bosnasco,255,0,3,0.0,0.0,0.0,638.0,0.0,0.0,0.0,0,0,11,1,0,0,0,43.602,,0
018,018021,Brallo di Pregola,22592,0,1,167.0,261.0,44.31,476.0,0.0,0.0,0.0,0,1,38,32,0,1,0,48.739,,0
018,018022,Breme,282,0,5,0.0,8.0,0.0,706.0,0.0,0.0,0.668,1,1,8,1,0,1,1,55.817,,0
018,018023,Bressana Bottarone,1372,0,5,0.0,6.0,0.0,3434.0,0.0,0.0,0.128,0,2,38,1,0,0,4,41.736,,0
018,018024,Broni,8299,0,5,104.0,4.0,76.92,9772.0,0.0,0.0,0.0,0,0,60,1,0,2,7,41.559,,0
018,018025,Calvignano,43,0,3,0.0,10.0,0.0,108.0,0.0,0.0,0.0,0,1,9,0,0,0,0,51.836,,0
018,018026,Campospinoso Albaredo,539,0,5,0.0,0.0,0.0,1349.0,0.0,0.0,0.092,0,0,13,1,0,0,1,37.383,,0
018,018027,Candia Lomellina,591,0,5,0.0,0.0,0.0,1480.0,0.0,0.0,0.383,0,0,15,1,0,1,2,51.652,,0
018,018029,Canneto Pavese,1919,0,3,0.0,61.0,0.0,1288.0,0.0,0.0,0.0,0,1,25,0,0,0,0,44.126,,0
018,018030,Carbonara al Ticino,573,0,5,23.0,0.0,0.0,1433.0,0.0,0.0,14.355,0,0,9,1,0,1,0,33.21,,0
018,018031,Casanova Lonati,185,0,5,0.0,4.0,0.0,463.0,0.0,0.0,0.0,0,0,6,0,0,0,0,39.14,,0
018,018032,Casatisma,340,0,5,24.0,0.0,0.0,852.0,0.0,0.0,0.0,0,0,6,0,0,0,0,44.94,,0
018,018033,Casei Gerola,917,0,5,148.0,0.0,0.0,2295.0,0.0,0.0,0.808,1,2,16,1,0,2,1,54.883,,0
018,018034,Casorate Primo,2326,0,5,0.0,38.0,0.0,9039.0,0.0,0.0,0.524,0,0,53,1,0,0,0,25.29,,0
018,018035,Cassolnovo,2697,0,5,0.0,5.0,0.0,6750.0,0.0,0.0,31.284,0,9,28,0,0,0,10,29.714,,0
018,018036,Castana,286,0,3,0.0,28.0,0.0,717.0,0.0,0.0,0.0,0,0,17,0,0,0,1,46.728,,0
018,018037,Casteggio,3474,0,3,14.0,84.0,0.0,6461.0,0.0,0.0,0.0,1,3,63,0,0,3,4,49.528,,0
018,018038,Castelletto di Branduzzo,8271,0,5,116.0,14.0,0.0,989.0,0.0,2.878,0.001,0,2,14,0,0,0,1,44.286,,0
018,018039,Castello d'Agogna,6879,0,5,44.0,12.0,0.0,1056.0,0.0,0.0,0.0,0,0,19,0,0,0,0,44.491,,0
018,018040,Castelnovetto,201,0,5,0.0,0.0,0.0,504.0,0.0,0.0,0.0,0,0,9,1,0,0,0,42.1,,0
018,018041,Cava Manara,18010,0,5,126.0,16.0,39.68,6677.0,0.0,0.0,0.392,0,0,81,0,0,0,18,37.181,,0
018,018042,Cecima,2034,0,3,0.0,44.0,0.0,249.0,0.0,0.0,0.0,0,0,5,5,0,0,1,51.426,,0
018,018043,Ceranova,917,0,5,0.0,0.0,0.0,2295.0,0.0,0.0,0.0,0,0,14,0,0,0,0,20.979,,0
018,018044,Ceretto Lomellina,76,0,5,0.0,0.0,0.0,191.0,0.0,0.0,0.0,0,0,2,0,0,0,0,42.397,,0
018,018045,Cergnago,268,0,5,0.0,12.0,0.0,672.0,0.0,0.0,0.0,0,1,6,0,0,1,0,47.993,,0
018,018046,Certosa di Pavia,19133,0,5,99.0,79.0,0.0,5517.0,0.0,0.0,0.106,1,0,26,1,0,2,1,24.466,,0
018,018047,Cervesina,448,0,5,83.0,0.0,100.0,1122.0,0.0,0.0,0.0,0,2,7,0,0,0,1,46.805,,0
018,018048,Chignolo Po,1595,0,5,22.0,0.0,0.0,3992.0,0.0,0.0,0.0,1,1,40,0,0,3,9,37.609,,0
018,018049,Cigognola,517,0,3,0.0,4.0,0.0,1294.0,0.0,0.0,0.0,0,1,24,0,0,1,1,45.194,,0
018,018050,Cilavegna,2134,0,5,0.0,0.0,0.0,5341.0,0.0,0.0,0.03,0,1,16,0,1,1,4,36.013,,0
018,018051,Codevilla,2700,0,3,0.0,72.0,0.0,921.0,0.0,0.0,0.0,0,2,19,0,0,1,0,55.838,,0
018,018052,Confienza,623,0,5,0.0,8.0,0.0,1560.0,0.0,0.0,0.0,0,4,6,0,0,0,0,34.855,,0
018,018053,Copiano,690,0,5,0.0,0.0,0.0,1727.0,0.0,0.0,0.0,0,0,12,0,0,1,0,28.045,,0
018,018054,Corana,301,0,5,0.0,0.0,0.0,754.0,0.0,0.0,0.0,0,0,6,0,0,0,2,48.03,,0
018,018057,Corvino San Quirico,382,0,3,50.0,26.0,0.0,955.0,0.0,0.0,0.0,0,0,19,0,0,0,10,48.393,,0
018,018058,Costa de' Nobili,142,0,5,0.0,0.0,0.0,356.0,0.0,0.0,0.0,0,0,3,0,0,0,0,35.743,,0
018,018059,Cozzo,137,0,5,0.0,0.0,0.0,344.0,0.0,0.0,0.0,0,2,0,0,0,0,0,47.751,,0
018,018060,Cura Carpignano,2013,0,5,0.0,0.0,0.0,5038.0,0.0,0.0,0.21,0,1,25,1,0,0,10,26.562,,0
018,018061,Dorno,1831,0,5,0.0,20.0,0.0,4582.0,0.0,0.0,0.521,0,1,15,0,0,0,0,41.184,,0
018,018062,Ferrera Erbognone,425,0,5,0.0,5.0,0.0,1064.0,0.0,0.0,0.0,0,0,8,0,0,1,2,49.837,,0
018,018063,Filighera,329,0,5,0.0,0.0,0.0,823.0,0.0,0.0,0.0,0,3,6,0,0,1,0,29.783,,0
018,018064,Fortunago,594,0,3,16.0,64.0,0.0,359.0,0.0,0.0,0.0,0,0,19,0,0,0,1,59.497,,0
018,018065,Frascarolo,439,0,5,0.0,0.0,0.0,1098.0,0.0,0.0,1.133,1,1,6,2,0,2,0,63.709,,0
018,018066,Galliavola,65,0,5,0.0,0.0,0.0,162.0,0.0,0.0,0.0,0,0,2,0,0,0,0,52.542,,0
018,018067,Gambarana,77,0,5,0.0,0.0,0.0,193.0,0.0,0.0,0.0,0,0,0,0,0,0,0,59.888,,0
018,018068,Gambolò,3972,0,5,98.0,32.0,48.98,9730.0,0.0,0.0,50.814,0,2,40,2,0,1,13,38.103,,0
018,018069,Garlasco,4945,0,5,120.0,35.0,65.0,9574.0,0.0,0.0,37.736,0,2,49,1,0,3,5,37.676,,0
018,018071,Gerenzago,573,0,5,0.0,0.0,0.0,1434.0,0.0,0.0,0.0,0,1,11,0,0,0,0,28.157,,0
018,018072,Giussago,2135,0,5,26.0,7.0,0.0,5343.0,0.0,0.0,0.608,0,0,30,3,0,0,4,20.42,,0
018,018073,Godiasco Salice Terme,12854,0,3,173.0,33.0,0.0,3272.0,0.0,0.0,0.0,0,3,87,7,0,4,2,55.77,,0
018,018074,Golferenzo,67,0,3,22.0,5.0,0.0,167.0,0.0,0.0,0.0,0,0,13,0,0,0,2,53.845,,0
018,018075,Gravellona Lomellina,1083,0,5,0.0,9.0,0.0,2711.0,0.0,0.0,0.452,0,33,16,1,0,0,4,32.847,,0
018,018111,Pietra de' Giorgi,304,0,3,0.0,22.0,0.0,760.0,0.0,0.0,0.0,0,1,7,2,0,3,2,47.567,,0
018,018112,Pieve Albignola,328,0,5,0.0,0.0,0.0,820.0,0.0,0.0,0.0,0,0,4,0,0,0,1,44.704,,0
018,018113,Pieve del Cairo,693,0,5,13.0,32.0,0.0,1748.0,0.0,0.0,0.14,0,1,7,0,0,0,1,56.088,,0
018,018114,Pieve Porto Morone,472,0,5,0.0,31.0,0.0,2601.0,0.0,0.0,0.0,0,0,20,0,0,1,1,39.942,,0
018,018115,Pinarolo Po,666,0,5,0.0,0.0,0.0,1667.0,0.0,0.0,0.0,0,1,26,0,0,0,3,41.231,,0
018,018116,Pizzale,274,0,5,0.0,8.0,0.0,686.0,0.0,0.0,0.009,0,0,9,0,0,0,3,47.629,,0
018,018117,Ponte Nizza,1397,0,3,0.0,29.0,0.0,754.0,0.0,0.0,0.0,0,0,15,12,0,1,0,53.635,,0
018,018118,Portalbera,587,0,5,0.0,0.0,0.0,1469.0,0.0,0.0,0.0,0,0,8,0,0,0,0,38.825,,0
018,018119,Rea,157,0,5,0.0,9.0,0.0,394.0,0.0,0.0,0.089,0,0,9,0,0,0,0,37.585,,0
018,018120,Redavalle,399,0,3,0.0,0.0,0.0,999.0,0.0,0.0,0.0,0,0,6,0,0,3,1,44.491,,0
018,018121,Retorbido,602,0,3,0.0,5.0,0.0,1507.0,0.0,0.0,0.0,0,4,15,0,0,1,3,57.983,,0
018,018122,Rivanazzano Terme,13085,0,3,106.0,64.0,0.0,5094.0,0.0,0.0,0.0,0,1,102,1,1,5,6,59.227,,0
018,018123,Robbio,2342,0,5,0.0,4.0,0.0,5861.0,0.0,0.0,3.168,0,8,21,4,0,4,9,37.619,,0
018,018124,Robecco Pavese,204,0,5,0.0,0.0,0.0,511.0,0.0,0.0,0.0,0,0,6,0,0,0,0,45.068,,0
018,018125,Rocca de' Giorgi,18,0,3,0.0,20.0,0.0,45.0,0.0,0.0,0.0,0,1,3,2,0,0,2,54.324,,0
018,018126,Rocca Susella,93,0,3,0.0,12.0,0.0,232.0,0.0,0.0,0.0,0,0,11,1,0,0,0,59.482,,0
018,018127,Rognano,281,0,5,0.0,22.0,0.0,704.0,0.0,0.0,0.583,0,0,5,2,0,0,0,21.947,,0
018,018128,Romagnese,752,0,1,25.0,71.0,0.0,541.0,0.0,0.0,0.037,0,1,9,6,0,2,0,60.402,,0
018,018129,Roncaro,632,0,5,0.0,11.0,0.0,1583.0,0.0,0.0,0.0,0,0,27,0,0,0,0,23.961,,0
018,018130,Rosasco,216,0,5,0.0,0.0,0.0,541.0,0.0,0.0,0.0,0,1,12,0,0,0,0,43.654,,0
018,018131,Rovescala,323,0,3,0.0,16.0,0.0,809.0,0.0,0.0,0.0,0,2,11,0,0,0,0,48.74,,0
018,018133,San Cipriano Po,175,0,5,0.0,0.0,0.0,437.0,0.0,0.0,0.0,0,0,9,0,0,1,0,36.779,,0
018,018134,San Damiano al Colle,243,0,3,0.0,6.0,0.0,607.0,0.0,0.0,0.0,0,0,2,0,0,0,2,46.295,,0
018,018135,San Genesio ed Uniti,1588,0,5,212.0,0.0,0.0,3975.0,0.0,0.0,0.252,0,1,101,2,0,3,13,23.806,,0
018,018136,San Giorgio di Lomellina,394,0,5,0.0,10.0,0.0,987.0,0.0,0.0,0.0,0,0,2,0,0,0,0,48.542,,0
018,018137,San Martino Siccomario,2019,0,5,80.0,18.0,100.0,6388.0,0.0,0.0,14.191,0,0,29,0,0,4,23,33.919,,0
018,018138,Sannazzaro de' Burgondi,17762,0,5,151.0,7.0,83.44,5122.0,0.0,0.0,0.0,0,0,14,0,0,1,3,47.705,,0
018,018139,Santa Cristina e Bissone,729,0,5,0.0,8.0,0.0,1824.0,0.0,0.0,0.0,0,1,9,0,0,2,1,34.144,,0
018,018140,Santa Giuletta,3173,0,3,0.0,61.0,0.0,1563.0,0.0,0.0,0.0,1,2,15,4,0,0,9,45.692,,0
018,018141,Sant'Alessio con Vialone,417,0,5,0.0,0.0,0.0,1043.0,0.0,0.0,0.077,0,1,29,1,0,0,0,24.686,,0
018,018142,Santa Margherita di Staffora,12806,0,1,37.0,851.0,0.0,436.0,0.0,0.082,0.0,0,0,13,16,0,0,8,48.07,,0
018,018178,Villa Biscossi,25,0,5,0.0,0.0,0.0,62.0,0.0,0.0,0.0,0,0,1,0,0,0,0,54.943,,0
018,018179,Villanova d'Ardenghi,302,0,5,0.0,0.0,0.0,755.0,0.0,0.0,6.641,0,0,4,0,0,0,1,35.892,,0
018,018180,Villanterio,1345,0,5,0.0,31.0,0.0,3367.0,0.0,0.0,0.0,0,0,21,0,0,4,0,25.38,,0
018,018181,Vistarino,631,0,5,0.0,0.0,0.0,1579.0,0.0,0.0,0.0,0,0,8,0,0,1,0,26.145,,0
018,018182,Voghera,13139,0,5,104.0,180.0,0.0,38976.0,0.0,0.0,0.0,3,5,170,0,1,34,21,52.477,,0
018,018183,Volpara,49,0,3,0.0,12.0,0.0,122.0,0.0,0.0,0.0,0,0,8,0,0,0,1,55.34,,0
018,018184,Zavattarello,835,0,1,41.0,36.0,0.0,891.0,0.0,0.86,0.858,1,3,14,4,0,2,3,61.031,,0
018,018185,Zeccone,674,0,5,0.0,0.0,0.0,1686.0,0.0,0.0,0.0,0,0,15,1,0,0,3,21.461,,0
018,018186,Zeme,393,0,5,0.0,0.0,0.0,983.0,0.0,0.0,0.173,0,1,10,2,0,0,0,48.705,,0
018,018187,Zenevredo,196,0,3,0.0,10.0,0.0,491.0,0.0,0.0,0.0,0,0,8,0,0,0,1,43.451,,0
018,018188,Zerbo,154,0,5,0.0,0.0,0.0,386.0,0.0,0.0,0.0,0,0,1,0,0,0,0,38.913,,0
018,018189,Zerbolò,662,0,5,0.0,0.0,0.0,1657.0,0.0,0.0,37.623,0,2,15,2,1,0,0,32.38,,0
018,018190,Zinasco,1239,0,5,0.0,6.0,0.0,3100.0,0.0,0.0,0.326,0,1,29,0,0,0,5,40.866,,0
018,018191,Cornale e Bastida,324,0,5,0.0,13.0,0.0,810.0,0.0,0.0,0.001,0,0,10,0,0,0,0,52.489,,0
018,018192,Corteolona e Genzone,1015,0,5,0.0,4.0,0.0,2540.0,0.0,0.0,0.0,0,0,18,1,0,3,1,31.688,,0
018,018193,Colli Verdi,2653,0,3,13.0,196.0,0.0,1015.0,0.0,1.0,0.003,0,2,28,11,0,0,2,59.951,,0
019,019001,Acquanegra Cremonese,655,0,5,0.0,0.0,0.0,1144.0,0.0,0.0,0.118,0,0,6,0,0,1,5,44.502,,0
019,019002,Agnadello,2229,0,5,32.0,0.0,100.0,3894.0,0.0,0.0,6.379,0,1,11,0,0,2,4,22.611,,0
019,019003,Annicco,1127,0,5,0.0,0.0,0.0,1969.0,0.0,0.0,0.0,0,0,22,1,0,0,4,40.202,,0
019,019004,Azzanello,355,0,5,0.0,0.0,0.0,620.0,0.0,0.0,6.351,1,0,12,0,0,1,2,34.718,,0
019,019005,Bagnolo Cremasco,2850,0,5,0.0,9.0,0.0,4977.0,0.0,0.0,2.801,0,0,20,0,0,7,3,28.234,,0
019,019006,Bonemerse,836,0,5,0.0,21.0,0.0,1460.0,0.0,0.0,0.414,0,0,4,0,0,0,3,35.248,,0
019,019007,Bordolano,336,0,5,0.0,48.0,0.0,586.0,0.0,0.0,3.008,0,2,1,0,0,0,4,31.64,,0
019,019009,Calvatone,462,0,5,0.0,24.0,0.0,1159.0,0.0,0.0,8.559,0,0,5,1,0,2,3,34.389,,0
019,019010,Camisano,717,0,5,0.0,14.0,0.0,1253.0,0.0,0.0,0.0,0,0,5,0,0,0,0,25.277,,0
019,019011,Campagnola Cremasca,373,0,5,0.0,0.0,0.0,652.0,0.0,0.0,0.0,0,0,1,0,0,0,2,30.115,,0
019,019012,Capergnanica,1225,0,5,0.0,0.0,0.0,2139.0,0.0,0.0,0.0,0,4,15,1,0,2,2,31.643,,0
019,019013,Cappella Cantone,310,0,5,0.0,0.0,0.0,541.0,0.0,0.0,0.0,0,0,7,0,0,1,5,43.854,,0
019,019014,Cappella de' Picenardi,231,0,5,0.0,0.0,0.0,404.0,0.0,0.0,0.0,0,1,0,0,0,0,1,32.414,,0
019,019015,Capralba,1314,0,5,0.0,0.0,0.0,2295.0,0.0,0.111,0.0,0,0,7,2,0,0,2,26.686,,0
019,019016,Casalbuttano ed Uniti,2134,0,5,0.0,17.0,0.0,3727.0,0.0,0.0,0.002,0,0,9,0,0,0,17,34.832,,0
019,019017,Casale Cremasco-Vidolasco,1040,0,5,21.0,0.0,0.0,1817.0,0.0,0.0,2.712,0,0,3,0,0,1,0,25.64,,0
019,019018,Casaletto Ceredano,650,0,5,0.0,0.0,0.0,1135.0,0.0,0.0,3.526,0,0,7,0,0,0,0,31.098,,0
019,019019,Casaletto di Sopra,293,0,5,0.0,0.0,0.0,511.0,0.0,0.0,0.056,0,0,8,0,0,0,0,29.116,,0
019,019020,Casaletto Vaprio,1026,0,5,0.0,0.0,0.0,1792.0,0.0,0.0,0.0,0,0,7,0,0,0,4,29.324,,0
019,019021,Casalmaggiore,33729,0,5,247.0,74.0,61.13,15145.0,0.0,0.0,3.132,2,2,51,3,1,3,29,21.746,,0
019,019022,Casalmorano,961,0,5,0.0,0.0,0.0,1678.0,0.0,0.0,0.049,0,1,0,0,0,2,0,36.751,,0
019,019023,Casteldidone,311,0,5,0.0,43.0,0.0,544.0,0.0,0.0,0.0,0,1,0,0,0,0,4,27.812,,0
019,019024,Castel Gabbiano,286,0,5,0.0,0.0,0.0,499.0,0.0,0.0,2.238,0,0,1,3,0,0,0,22.43,,0
019,019025,Castelleone,20099,0,5,110.0,41.0,87.27,9298.0,0.0,0.0,0.007,2,6,26,0,0,11,7,42.438,,0
019,019026,Castelverde,3217,0,5,147.0,4.0,100.0,5619.0,0.0,0.0,2.834,0,1,14,0,0,3,19,36.821,,0
019,019027,Castelvisconti,178,0,5,0.0,0.0,0.0,311.0,0.0,0.0,4.199,0,0,0,0,0,0,0,33.135,,0
019,019028,Cella Dati,273,0,5,0.0,0.0,0.0,476.0,0.0,0.0,0.0,0,0,1,0,0,0,4,29.527,,0
019,019029,Chieve,1305,0,5,0.0,0.0,0.0,2280.0,0.0,0.0,0.068,0,0,9,0,0,1,2,29.266,,0
019,019030,Cicognolo,524,0,5,62.0,0.0,0.0,916.0,0.0,0.0,0.0,0,2,14,0,0,1,4,30.956,,0
019,019031,Cingia de' Botti,2754,0,5,36.0,10.0,0.0,1134.0,0.0,0.0,0.0,0,0,3,0,0,0,12,28.268,,0
019,019032,Corte de' Cortesi con Cignone,3003,0,5,43.0,14.0,100.0,1055.0,0.0,0.0,1.832,0,2,5,0,0,0,10,31.162,,0
019,019033,Corte de' Frati,762,0,5,0.0,20.0,0.0,1331.0,0.0,0.0,5.26,0,1,2,1,0,0,8,28.454,,0
019,019034,Credera Rubbiano,877,0,5,0.0,0.0,0.0,1532.0,0.0,0.0,8.454,0,3,18,3,0,0,4,34.035,,0
019,019035,Crema,39108,0,5,179.0,240.0,87.15,33933.0,0.0,0.0,13.987,1,8,151,7,1,58,61,33.436,,0
019,019036,Cremona,169940,0,5,665.0,811.0,38.65,70675.0,0.0,1.203,18.261,8,13,216,17,0,41,88,39.665,,0
019,019037,Cremosano,985,0,5,0.0,0.0,0.0,1720.0,0.0,0.0,1.557,0,0,10,0,0,1,0,29.964,,0
019,019038,Crotta d'Adda,354,0,5,0.0,9.0,0.0,618.0,0.0,0.0,8.843,0,1,5,0,0,0,4,47.42,,0
019,019039,Cumignano sul Naviglio,230,0,5,0.0,0.0,0.0,402.0,0.0,0.0,0.0,0,0,2,0,0,0,1,37.144,,0
019,019040,Derovere,161,0,5,0.0,0.0,0.0,281.0,0.0,0.0,0.0,0,0,2,1,0,0,3,31.932,,0
019,019041,Dovera,2147,0,5,12.0,0.0,0.0,3750.0,0.0,0.0,11.576,1,1,22,3,0,5,18,22.675,,0
019,019043,Fiesco,685,0,5,0.0,0.0,0.0,1196.0,0.0,0.0,0.0,0,0,5,0,0,0,6,37.786,,0
019,019044,Formigara,569,0,5,0.0,6.0,0.0,994.0,0.0,0.0,10.014,0,0,13,0,0,3,5,44.775,,0
019,019045,Gabbioneta-Binanuova,490,0,5,0.0,0.0,0.0,855.0,0.0,0.0,7.869,0,0,4,2,0,0,10,25.391,,0
019,019046,Gadesco-Pieve Delmona,1082,0,5,80.0,0.0,0.0,1889.0,0.0,0.0,0.0,0,0,1,1,0,3,7,33.717,,0
019,019047,Genivolta,638,0,5,0.0,0.0,0.0,1115.0,0.0,0.0,10.217,0,0,3,0,0,1,0,36.999,,0
019,019048,Gerre de' Caprioli,757,0,5,0.0,0.0,0.0,1323.0,0.0,1.032,4.329,0,1,6,0,0,0,0,35.573,,0
019,019049,Gombito,356,0,5,0.0,0.0,0.0,622.0,0.0,0.0,7.153,0,0,9,0,0,1,1,42.169,,0
019,019050,Grontardo,853,0,5,0.0,0.0,0.0,1489.0,0.0,0.0,0.0,0,0,7,0,0,0,10,29.127,,0
019,019051,Grumello Cremonese ed Uniti,968,0,5,0.0,0.0,0.0,1691.0,0.0,0.0,0.0,0,1,7,0,0,2,6,44.43,,0
019,019052,Gussola,1522,0,5,12.0,5.0,0.0,2658.0,0.0,0.0,2.022,0,1,4,2,0,1,8,20.567,,0
019,019053,Isola Dovarese,614,0,5,15.0,0.0,0.0,1073.0,0.0,0.0,5.082,0,0,2,1,0,0,5,28.709,,0
019,019054,Izano,1123,0,5,0.0,0.0,0.0,1962.0,0.0,0.058,0.0,0,4,11,0,0,1,6,35.37,,0
019,019055,Madignano,1589,0,5,0.0,0.0,0.0,2776.0,0.0,0.0,3.183,1,3,9,1,0,0,3,37.112,,0
019,019056,Malagnino,1005,0,5,0.0,0.0,0.0,1756.0,0.0,0.0,0.0,0,0,5,0,0,0,10,36.504,,0
019,019057,Martignana di Po,1148,0,5,0.0,24.0,0.0,2005.0,0.0,0.0,1.644,0,1,4,0,0,0,4,20.871,,0
019,019058,Monte Cremasco,1294,0,5,120.0,0.0,100.0,2260.0,0.0,0.0,0.295,0,0,3,0,0,1,2,24.674,,0
019,019059,Montodine,1398,0,5,0.0,0.0,0.0,2441.0,0.0,0.0,9.46,0,5,13,0,0,3,3,38.379,,0
019,019060,Moscazzano,397,0,5,24.0,18.0,0.0,694.0,0.0,0.0,4.338,0,4,16,0,0,0,0,36.249,,0
019,019061,Motta Baluffi,453,0,5,0.0,35.0,0.0,792.0,0.0,0.0,0.007,0,0,5,2,0,0,8,25.131,,0
019,019062,Offanengo,3405,0,5,0.0,6.0,0.0,5948.0,0.0,0.0,0.131,0,0,16,0,0,4,1,31.816,,0
019,019063,Olmeneta,515,0,5,0.0,0.0,0.0,900.0,0.0,0.0,0.0,0,0,1,0,0,0,0,31.656,,0
019,019064,Ostiano,1587,0,5,0.0,6.0,0.0,2772.0,0.0,0.0,7.887,0,3,12,0,1,0,13,23.254,,0
019,019065,Paderno Ponchielli,748,0,5,0.0,5.0,0.0,1307.0,0.0,0.0,0.014,0,0,2,2,0,0,12,38.532,,0
019,019066,Palazzo Pignano,2178,0,5,0.0,0.0,0.0,3804.0,0.0,0.0,3.19,0,1,18,4,0,0,3,24.902,,0
019,019067,Pandino,5099,0,5,0.0,14.0,0.0,8905.0,0.0,0.0,11.653,0,1,29,2,0,5,6,21.303,,0
019,019068,Persico Dosimo,1871,0,5,0.0,5.0,0.0,3267.0,0.0,0.0,0.0,0,0,11,0,0,2,17,33.397,,0
019,019069,Pescarolo ed Uniti,873,0,5,0.0,0.0,0.0,1524.0,0.0,0.0,0.0,1,1,5,0,0,2,10,28.049,,0
019,019070,Pessina Cremonese,318,0,5,0.0,13.0,0.0,555.0,0.0,0.0,4.345,0,0,4,1,0,0,18,27.925,,0
019,019072,Pianengo,1451,0,5,0.0,0.0,0.0,2535.0,0.0,0.0,3.092,0,0,14,1,0,2,10,29.699,,0
019,019073,Pieranica,634,0,5,0.0,0.0,0.0,1107.0,0.0,0.0,0.0,0,0,2,0,0,3,2,26.573,,0
019,019074,Pieve d'Olmi,703,0,5,0.0,0.0,0.0,1227.0,0.0,0.0,7.954,0,0,14,2,1,0,5,30.84,,0
019,019075,Pieve San Giacomo,935,0,5,0.0,0.0,0.0,1633.0,0.0,0.0,0.0,0,0,6,0,0,1,4,34.328,,0
019,019076,Pizzighettone,5477,0,5,24.0,33.0,0.0,6235.0,0.0,0.0,13.47,4,11,22,1,0,1,3,48.901,,0
019,019077,Pozzaglio ed Uniti,818,0,5,0.0,0.0,0.0,1429.0,0.0,0.0,0.0,0,0,12,1,0,0,15,32.655,,0
019,019078,Quintano,527,0,5,0.0,0.0,0.0,921.0,0.0,0.0,0.0,0,0,3,0,0,0,2,27.539,,0
019,019079,Ricengo,992,0,5,0.0,0.0,0.0,1733.0,0.0,0.908,2.932,0,2,9,1,0,0,5,29.064,,0
019,019080,Ripalta Arpina,603,0,5,0.0,31.0,0.0,1054.0,0.0,0.0,5.32,0,0,3,0,0,0,0,39.404,,0
019,019081,Ripalta Cremasca,1213,0,5,0.0,35.0,0.0,3443.0,0.0,0.0,2.254,1,8,15,0,0,2,1,34.673,,0
019,019082,Ripalta Guerina,313,0,5,101.0,0.0,100.0,547.0,0.0,0.0,2.041,0,1,2,0,0,0,2,37.336,,0
019,019083,Rivarolo del Re ed Uniti,4266,0,5,0.0,91.0,0.0,1833.0,0.0,0.0,0.0,0,0,3,1,0,0,7,27.024,,0
019,019084,Rivolta d'Adda,4724,0,5,0.0,16.0,0.0,8251.0,0.0,1.198,15.853,1,0,12,0,1,2,20,19.025,,0
019,019085,Robecco d'Oglio,1296,0,5,0.0,14.0,0.0,2264.0,0.0,0.0,5.036,0,1,7,0,0,0,10,28.478,,0
019,019086,Romanengo,1844,0,5,0.0,0.0,0.0,3220.0,0.0,0.0,0.4,0,2,11,1,0,3,4,32.516,,0
019,019087,Salvirola,648,0,5,0.0,32.0,0.0,1132.0,0.0,0.0,0.0,0,0,9,2,0,0,4,35.454,,0
019,019088,San Bassano,1188,0,5,0.0,10.0,0.0,2075.0,0.0,0.028,0.015,0,0,24,0,0,4,7,46.528,,0
019,019089,San Daniele Po,719,0,5,0.0,0.0,0.0,1256.0,0.0,2.159,11.626,1,0,5,1,0,1,9,27.01,,0
019,019090,San Giovanni in Croce,7699,0,5,63.0,4.0,0.0,1912.0,0.0,0.38,0.0,0,0,6,0,0,1,5,28.5,,0
019,019091,San Martino del Lago,132,0,5,0.0,19.0,0.0,381.0,0.0,0.0,0.0,0,0,2,0,0,0,6,28.137,,0
019,019092,Scandolara Ravara,736,0,5,0.0,8.0,0.0,1286.0,0.0,0.0,0.0,0,0,1,2,0,1,12,24.68,,0
020,020054,Sabbioneta,6266,0,5,45.0,70.0,0.0,4097.0,0.0,0.0,0.0,1,6,11,0,0,0,15,26.475,,0
020,020055,San Benedetto Po,2346,0,5,0.0,116.0,0.0,6683.0,0.0,0.0,0.002,1,1,18,0,0,5,5,40.377,,0
020,020056,San Giacomo delle Segnate,568,0,5,0.0,5.0,0.0,1514.0,0.0,0.0,0.0,0,0,1,1,0,3,1,48.721,,0
020,020057,San Giorgio Bigarello,40255,0,5,155.0,220.0,0.0,11836.0,0.0,0.0,0.0,0,2,30,1,0,4,29,23.688,,0
020,020058,San Giovanni del Dosso,231,0,5,0.0,16.0,0.0,1254.0,0.0,0.0,0.0,0,0,3,0,0,0,0,49.269,,0
020,020059,San Martino dall'Argine,594,0,5,0.0,14.0,0.0,1583.0,0.0,0.0,6.755,0,0,5,0,0,0,1,35.085,,0
020,020060,Schivenoglia,1477,0,5,0.0,15.0,0.0,1090.0,0.0,0.0,0.0,0,0,3,0,0,0,3,46.168,,0
020,020061,Sermide e Felonica,5002,0,5,37.0,88.0,0.0,7087.0,0.0,0.0,0.16,1,2,20,1,0,5,15,49.33,,0
020,020062,Serravalle a Po,1799,0,5,0.0,35.0,0.0,1422.0,0.0,0.0,6.645,0,1,1,1,0,0,7,38.795,,0
020,020063,Solferino,21728,0,3,80.0,302.0,0.0,2579.0,0.0,0.0,0.04,2,1,14,4,0,1,2,18.86,,0
020,020064,Sustinente,763,0,5,0.0,31.0,0.0,2034.0,0.0,0.0,4.244,0,2,10,1,0,2,8,36.763,,0
020,020065,Suzzara,15156,0,5,102.0,56.0,0.0,21146.0,0.0,0.0,1.831,1,3,40,1,1,0,8,40.46,,0
020,020066,Viadana,22048,0,5,107.0,95.0,0.0,19841.0,0.0,0.0,11.946,1,1,81,3,0,1,12,28.066,,0
020,020068,Villimpenta,799,0,5,0.0,0.0,0.0,2130.0,0.0,0.0,0.0,0,1,3,0,0,2,0,30.449,,0
020,020070,Volta Mantovana,33272,0,3,94.0,423.0,0.0,7221.0,0.0,0.0,13.429,0,0,86,6,1,11,7,19.682,,0
020,020071,Borgo Virgilio,27302,0,5,135.0,200.0,100.0,15074.0,0.0,0.0,13.396,0,1,35,1,0,3,5,35.887,,0
020,020072,Borgo Mantovano,422,0,5,0.0,57.0,0.0,5351.0,0.0,0.0,2.115,1,2,14,0,0,2,11,44.805,,0
020,020073,Borgocarbonara,8783,0,5,64.0,16.0,0.0,1868.0,0.0,0.0,0.0,0,1,6,0,0,1,1,48.08,,0
021,021001,Aldino/Aldein,92550,0,1,585.0,375.0,7.52,1620.0,0.0,0.677,11.054,3,4,55,59,1,2,0,12.112,,0
021,021002,Andriano/Andrian,66194,0,1,428.0,130.0,0.0,1053.0,0.0,0.0,0.0,0,2,23,1,0,1,0,9.843,,0
021,021003,Anterivo/Altrei,21206,0,1,185.0,17.0,0.0,391.0,0.0,0.0,8.98,0,0,6,20,0,1,0,20.139,,0
021,021004,Appiano sulla strada del vino/Eppan an der Weinstraße,592159,0,1,2505.0,2114.0,44.87,15002.0,0.0,7.032,0.635,2,28,292,51,2,10,0,5.489,,0
021,021005,Avelengo/Hafling,348797,0,1,965.0,512.0,84.77,798.0,0.0,0.0,0.004,0,3,32,39,0,0,0,23.067,,0
021,021006,Badia/Abtei,1303575,0,1,5815.0,3579.0,26.48,3568.0,0.0,0.268,29.421,2,2,194,65,0,4,0,47.624,,0
021,021007,Barbiano/Barbian,133505,0,1,765.0,243.0,0.0,1745.0,0.0,0.019,0.026,0,3,34,30,0,1,0,20.83,,0
021,021008,Bolzano/Bozen,945745,0,1,3121.0,2329.0,44.5,106357.0,0.0,0.128,0.089,15,49,253,40,1,135,0,3.474,,0
021,021009,Braies/Prags,173134,0,1,906.0,574.0,19.21,696.0,0.0,3.331,69.788,0,1,79,25,0,1,0,58.767,,0
021,021010,Brennero/Brenner,267961,0,1,1167.0,980.0,31.19,2368.0,0.0,0.164,16.644,1,3,35,64,0,0,0,56.355,,0
021,021011,Bressanone/Brixen,840642,0,1,3681.0,2279.0,43.55,23002.0,0.0,0.156,1.742,2,25,153,66,1,42,0,38.376,,0
021,021012,Bronzolo/Branzoll,7466,0,1,65.0,10.0,0.0,2757.0,0.0,0.0,0.007,0,0,15,0,0,3,0,6.742,,0
021,021013,Brunico/Bruneck,743772,0,1,3063.0,1353.0,35.78,17124.0,0.0,0.0,0.381,4,18,91,68,0,12,0,60.357,,0
021,021014,Caines/Kuens,29407,0,1,89.0,126.0,56.18,389.0,0.0,0.0,0.0,1,0,10,1,0,0,0,29.55,,0
021,021015,Caldaro sulla strada del vino/Kaltern an der Weinstraße,692833,0,1,2550.0,2866.0,42.67,8181.0,0.0,5.449,3.174,1,7,133,60,0,5,0,9.491,,0
021,021016,Campo di Trens/Freienfeld,142018,0,1,857.0,404.0,26.25,2726.0,0.0,0.252,1.101,0,4,14,46,0,0,0,46.689,,0
021,021017,Campo Tures/Sand in Taufers,519338,0,1,2368.0,1301.0,14.27,5740.0,0.0,1.693,119.114,2,14,113,74,2,7,0,75.628,,0
021,021018,Castelbello-Ciardes/Kastelbell-Tschars,84690,0,1,468.0,228.0,35.68,2382.0,0.0,0.0,1.082,1,3,29,17,0,1,0,35.698,,0
021,021019,Castelrotto/Kastelruth,1780424,0,1,6868.0,3102.0,47.55,7019.0,0.0,0.054,76.547,2,23,263,111,1,8,0,24.064,,0
021,021020,Cermes/Tscherms,106408,0,1,479.0,244.0,29.23,1547.0,0.0,0.0,0.0,0,1,37,12,0,0,0,24.341,,0
021,021021,Chienes/Kiens,394677,0,1,2062.0,388.0,44.13,3037.0,0.0,0.0,0.157,0,1,17,30,0,2,0,54.905,,0
021,021022,Chiusa/Klausen,215924,0,1,939.0,829.0,16.19,5200.0,0.0,0.274,0.0,2,11,34,39,1,5,0,28.769,,0
021,021023,Cornedo all'Isarco/Karneid,95777,0,1,517.0,213.0,0.0,3444.0,0.0,0.0,0.148,1,3,18,31,0,1,0,10.485,,0
021,021024,Cortaccia sulla strada del vino/Kurtatsch an der Weinstraße,50820,0,1,224.0,356.0,0.0,2229.0,0.0,0.0,0.557,1,2,18,36,0,1,0,19.584,,0
021,021025,Cortina sulla strada del vino/Kurtinig an der Weinstraße,34322,0,1,190.0,30.0,0.0,681.0,0.0,0.0,0.002,0,0,24,3,0,0,0,22.8,,0
021,021026,Corvara in Badia/Corvara,1071811,0,1,6102.0,1943.0,26.11,1441.0,0.0,0.948,7.531,0,0,149,63,0,5,0,41.832,,0
021,021027,Curon Venosta/Graun im Vinschgau,434871,0,1,2037.0,1025.0,7.81,2379.0,0.0,1.486,7.198,1,3,139,107,1,7,0,69.185,,0
021,021028,Dobbiaco/Toblach,665490,0,1,2704.0,3068.0,19.49,3428.0,0.0,4.155,70.152,4,5,245,61,0,1,0,59.05,,0
021,021029,Egna/Neumarkt,23305,0,1,193.0,53.0,0.0,5527.0,0.0,0.0,14.04,1,1,38,17,1,7,0,18.605,,0
021,021030,Falzes/Pfalzen,156734,0,1,779.0,445.0,36.84,3144.0,0.0,0.0,0.014,1,2,9,31,0,0,0,59.212,,0
021,021031,Fiè allo Sciliar/Völs am Schlern,465496,0,1,1405.0,1902.0,32.31,3676.0,0.0,0.664,19.032,1,7,43,51,0,2,0,15.842,,0
021,021032,Fortezza/Franzensfeste,17009,0,1,131.0,14.0,0.0,1101.0,0.0,0.0,0.0,1,3,5,13,0,0,0,41.838,,0
021,021033,Funes/Villnöß,209228,0,1,714.0,1036.0,11.76,2555.0,0.0,0.0,22.233,3,0,51,78,0,3,0,35.87,,0
021,021034,Gais/Gais,209893,0,1,1148.0,271.0,13.5,3225.0,0.0,0.0,29.446,1,7,11,38,0,2,0,66.806,,0
021,021035,Gargazzone/Gargazon,53680,0,1,235.0,261.0,52.77,1778.0,0.0,0.0,0.013,1,0,23,11,1,2,0,16.279,,0
021,021036,Glorenza/Glurns,65827,0,1,148.0,609.0,0.0,932.0,0.0,0.237,0.23,2,3,7,10,0,0,0,63.765,,0
021,021037,Laces/Latsch,276556,0,1,1224.0,1016.0,24.51,5263.0,0.0,0.399,0.165,1,6,40,33,1,1,0,39.3,,0
021,021038,Lagundo/Algund,611625,0,1,2866.0,1130.0,19.64,4984.0,0.0,0.148,5.569,1,1,102,26,0,2,0,29.978,,0
021,021039,Laion/Lajen,177388,0,1,646.0,686.0,0.0,2808.0,0.0,0.196,0.089,0,6,8,34,0,1,0,26.91,,0
021,021040,Laives/Leifers,267261,0,1,976.0,603.0,0.0,18468.0,0.0,0.0,0.049,0,0,80,10,0,15,0,2.639,,0
021,021041,Lana/Lana,649515,0,1,2155.0,2517.0,34.48,12595.0,0.0,0.0,0.253,3,17,167,36,1,10,0,21.36,,0
021,021042,Lasa/Laas,36870,0,1,99.0,310.0,0.0,4118.0,0.0,0.0,0.92,1,8,18,34,0,2,0,53.022,,0
021,021043,Lauregno/Laurein,2058,0,1,0.0,53.0,0.0,318.0,0.0,0.0,0.013,0,0,1,5,0,0,0,21.178,,0
021,021044,Luson/Lüsen,143702,0,1,636.0,258.0,46.07,1592.0,0.0,0.127,1.236,0,0,28,39,0,2,0,45.793,,0
021,021045,Magrè sulla strada del vino/Margreid an der Weinstraße,8237,0,1,88.0,58.0,0.0,1336.0,0.0,0.528,0.138,0,1,11,12,0,0,0,22.678,,0
021,021046,Malles Venosta/Mals,382107,0,1,1786.0,1041.0,33.99,5301.0,0.0,1.073,1.506,3,13,60,86,1,5,0,63.933,,0
021,021047,Marebbe/Enneberg,726888,0,1,2926.0,2055.0,32.33,3182.0,0.0,4.477,107.566,2,5,102,55,0,2,0,54.737,,0
021,021048,Marlengo/Marling,223198,0,1,1242.0,506.0,58.78,2868.0,0.0,0.0,0.054,0,1,71,20,0,5,0,26.379,,0
021,021049,Martello/Martell,67485,0,1,515.0,324.0,0.0,840.0,0.0,0.0,0.0,2,0,36,60,0,1,0,46.891,,0
021,021050,Meltina/Mölten,51777,0,1,181.0,326.0,0.0,1734.0,0.0,0.0,0.098,1,0,12,47,0,1,0,14.981,,0
021,021051,Merano/Meran,1215574,0,1,5262.0,3475.0,44.45,41404.0,0.0,0.0,0.087,5,18,252,16,1,38,0,24.603,,0
021,021052,Monguelfo-Tesido/Welsberg-Taisten,217428,0,1,857.0,737.0,32.44,2906.0,0.0,0.0,0.36,0,18,52,34,0,0,0,68.677,,0
021,021053,Montagna sulla strada del vino/Montan an der Weinstraße,53836,0,1,458.0,249.0,8.3,1728.0,0.0,0.0,11.474,0,3,22,23,0,1,0,15.145,,0
021,021054,Moso in Passiria/Moos in Passeier,159427,0,1,733.0,804.0,6.82,2026.0,0.0,1.137,119.34,3,2,37,66,0,3,0,44.572,,0
021,021055,Nalles/Nals,108765,0,1,545.0,228.0,10.28,2097.0,0.0,0.0,0.006,0,3,32,11,0,1,0,12.709,,0
021,021056,Naturno/Naturns,529880,0,1,2001.0,1003.0,44.63,6102.0,0.0,0.055,11.115,3,2,69,47,2,8,0,32.173,,0
021,021057,Naz-Sciaves/Natz-Schabs,420051,0,1,2376.0,527.0,8.96,3413.0,0.0,0.0,2.794,1,0,46,32,0,2,0,42.868,,0
021,021058,Nova Levante/Welschnofen,231206,0,1,1416.0,607.0,27.97,2085.0,0.0,1.939,0.248,0,1,86,61,0,3,0,18.677,,0
021,021059,Nova Ponente/Deutschnofen,480364,0,1,2405.0,711.0,42.29,4087.0,0.0,0.148,0.266,0,2,111,61,0,4,0,11.74,,0
021,021060,Ora/Auer,125469,0,1,918.0,243.0,0.0,3863.0,0.0,0.0,0.109,0,0,35,4,0,3,0,10.69,,0
021,021061,Ortisei/St. Ulrich,822766,0,1,2913.0,2453.0,36.53,4777.0,0.0,0.0,9.692,1,6,22,17,0,9,0,31.384,,0
021,021062,Parcines/Partschins,333002,0,1,1731.0,726.0,40.27,3954.0,0.0,0.111,34.455,3,7,61,56,1,3,0,34.331,,0
021,021063,Perca/Percha,72713,0,1,310.0,250.0,62.26,1709.0,0.0,0.0,20.872,0,3,4,16,0,1,0,67.208,,0
021,021064,Plaus/Plaus,54607,0,1,348.0,89.0,23.56,756.0,0.0,0.0,0.046,0,0,9,7,0,0,0,29.46,,0
021,021065,Ponte Gardena/Waidbruck,1136,0,1,19.0,9.0,0.0,219.0,0.0,0.0,0.0,0,3,1,0,0,0,0,22.018,,0
021,021092,Sesto/Sexten,855902,0,1,2595.0,2505.0,31.37,1859.0,0.0,2.07,42.48,4,0,229,70,0,2,0,57.142,,0
021,021093,Silandro/Schlanders,135376,0,1,905.0,400.0,22.1,6358.0,0.0,0.392,1.073,1,4,38,34,0,10,0,48.112,,0
021,021094,Sluderno/Schluderns,38122,0,1,231.0,93.0,46.75,1873.0,0.0,0.0,1.552,2,4,6,11,0,1,0,59.567,,0
021,021095,Stelvio/Stilfs,435033,0,1,2928.0,773.0,23.29,1146.0,0.0,0.541,0.0,4,21,103,98,0,5,0,60.477,,0
021,021096,Terento/Terenten,155692,0,1,890.0,280.0,20.0,1800.0,0.0,0.0,0.112,0,1,8,43,0,2,0,55.518,,0
021,021097,Terlano/Terlan,115477,0,1,387.0,510.0,21.19,4904.0,0.0,0.0,0.016,0,2,63,19,0,0,0,10.119,,0
021,021098,Termeno sulla strada del vino/Tramin an der Weinstraße,209773,0,1,782.0,971.0,31.59,3380.0,0.0,0.0,0.0,1,2,35,24,1,1,0,14.558,,0
021,021099,Tesimo/Tisens,147682,0,1,697.0,665.0,20.95,2015.0,0.0,0.0,0.137,1,4,24,27,0,2,0,17.019,,0
021,021100,Tires/Tiers,169415,0,1,925.0,386.0,36.97,1025.0,0.0,0.0,30.199,1,1,8,45,0,0,0,19.663,,0
021,021101,Tirolo/Tirol,875882,0,1,4763.0,1225.0,32.04,2497.0,0.0,3.814,16.543,2,6,151,21,1,6,0,32.199,,0
021,021102,Trodena nel parco naturale/Truden im Naturpark,49765,0,1,513.0,104.0,0.0,1050.0,0.0,0.0,16.69,0,0,9,27,0,0,0,16.071,,0
021,021103,Tubre/Taufers im Münstertal,33528,0,1,143.0,58.0,72.73,954.0,0.0,0.0,0.0,0,2,6,21,0,0,0,71.184,,0
021,021104,Ultimo/Ulten,209561,0,1,933.0,541.0,27.65,2913.0,0.0,3.63,0.0,2,3,53,91,0,3,0,32.759,,0
021,021105,Vadena/Pfatten,35597,0,1,197.0,72.0,43.15,1111.0,0.0,0.109,0.024,0,3,11,2,0,0,0,7.538,,0
021,021106,Valdaora/Olang,624146,0,1,2110.0,1310.0,40.85,3238.0,0.0,0.0,16.101,0,0,58,34,0,2,0,61.97,,0
021,021107,Val di Vizze/Pfitsch,97468,0,1,721.0,402.0,15.95,3091.0,0.0,0.144,105.349,0,1,12,57,0,2,0,58.199,,0
021,021108,Valle Aurina/Ahrntal,950122,0,1,4198.0,1487.0,18.34,5977.0,0.0,1.752,45.601,3,16,78,119,1,8,0,75.465,,0
021,021109,Valle di Casies/Gsies,324035,0,1,1134.0,1049.0,38.54,2322.0,0.0,0.0,0.013,0,0,81,49,0,0,0,72.839,,0
021,021110,Vandoies/Vintl,71170,0,1,406.0,300.0,28.82,3349.0,0.0,0.0,70.153,0,0,20,40,0,4,0,55.609,,0
021,021111,Varna/Vahrn,141207,0,1,484.0,498.0,65.91,5047.0,0.0,2.568,0.306,1,6,27,40,0,6,0,37.008,,0
021,021112,Verano/Vöran,42791,0,1,153.0,255.0,0.0,996.0,0.0,0.0,0.016,0,1,5,27,0,0,0,19.149,,0
021,021113,Villabassa/Niederdorf,186912,0,1,820.0,777.0,9.51,1622.0,0.0,0.322,0.302,1,6,27,15,0,1,0,63.575,,0
021,021114,Villandro/Villanders,157728,0,1,849.0,327.0,25.21,1892.0,0.0,0.899,0.0,2,2,23,36,0,1,0,24.05,,0
021,021115,Vipiteno/Sterzing,252648,0,1,1396.0,387.0,23.57,6960.0,0.0,0.099,0.037,1,5,38,29,0,4,0,51.188,,0
021,021116,Velturno/Feldthurns,120400,0,1,427.0,454.0,28.1,3083.0,0.0,0.441,0.034,0,7,14,28,0,1,0,32.058,,0
021,021117,La Valle/Wengen,120261,0,1,402.0,463.0,0.0,1420.0,0.0,0.0,13.416,0,9,15,24,0,2,0,51.526,,0
021,021118,Senale-San Felice/Unsere Liebe Frau im Walde-St. Felix,17718,0,1,142.0,72.0,0.0,787.0,0.0,0.0,0.023,0,0,3,8,0,1,0,15.962,,0
022,022001,Ala,30529,0,1,146.0,703.0,0.0,8819.0,0.0,0.0,4.934,1,12,35,30,0,10,0,40.79,,0
022,022002,Albiano,2811,0,1,24.0,0.0,0.0,1512.0,0.0,0.156,0.0,1,0,3,6,0,1,0,36.865,,0
022,022003,Aldeno,6095,0,1,0.0,5.0,0.0,3278.0,0.0,0.0,0.0,0,0,15,3,0,0,0,57.068,,0
022,022005,Andalo,927471,0,1,4658.0,531.0,21.47,1189.0,0.0,0.968,1.535,0,1,43,3,0,10,0,41.704,,0
022,022006,Arco,861237,0,1,1339.0,6397.0,42.05,17754.0,0.0,0.569,0.0,1,15,235,32,2,28,0,59.233,,0
022,022007,Avio,2941,0,1,25.0,150.0,0.0,4132.0,0.0,0.0,0.186,0,2,24,15,0,5,0,37.348,,0
022,022009,Baselga di Pinè,79087,0,1,668.0,663.0,9.28,5215.0,0.0,3.887,0.145,1,4,18,10,0,11,0,35.485,,0
022,022011,Bedollo,38745,0,1,250.0,587.0,24.0,1491.0,0.0,0.0,0.0,0,3,11,12,1,1,0,32.674,,0
022,022013,Besenello,2494,0,1,19.0,10.0,0.0,2799.0,0.0,0.0,5.369,0,5,14,9,0,4,0,57.981,,0
022,022015,Bieno,2323,0,1,25.0,129.0,0.0,462.0,0.0,1.77,0.0,0,2,2,7,0,0,0,44.044,,0
022,022017,Bleggio Superiore,9016,0,1,18.0,198.0,0.0,1505.0,0.0,0.0,0.0,1,22,12,7,0,2,0,64.635,,0
022,022018,Bocenago,738,0,1,30.0,4.0,0.0,397.0,0.0,0.0,0.885,0,2,2,1,0,1,0,57.076,,0
022,022021,Bondone,24692,0,1,19.0,256.0,0.0,645.0,0.0,1.58,8.217,0,1,8,5,0,1,0,45.937,,0
022,022022,Borgo Valsugana,38768,0,1,19.0,575.0,0.0,7067.0,0.0,0.0,0.308,8,112,29,17,1,4,0,49.985,,0
022,022025,Brentonico,161407,0,1,764.0,1899.0,9.95,4121.0,0.0,0.0,1.65,1,9,80,17,0,6,0,45.487,,0
022,022026,Bresimo,4332,0,1,41.0,26.0,0.0,244.0,0.0,0.0,0.0,0,1,1,16,0,0,0,31.152,,0
022,022029,Caderzone Terme,34664,0,1,188.0,211.0,25.0,695.0,0.0,2.406,9.384,0,0,5,4,0,1,0,57.591,,0
022,022032,Calceranica al Lago,242943,0,1,125.0,3860.0,0.0,1395.0,0.0,2.798,0.0,2,1,10,6,0,5,0,51.464,,0
022,022033,Caldes,13630,0,1,63.0,119.0,0.0,1112.0,0.0,0.0,0.0,0,1,5,1,0,0,0,29.793,,0
022,022034,Caldonazzo,115215,0,1,252.0,1743.0,0.0,3964.0,0.0,1.706,0.0,0,4,24,10,0,7,0,53.089,,0
022,022035,Calliano,3795,0,1,83.0,22.0,0.0,2041.0,0.0,0.0,0.043,0,6,9,4,0,2,0,59.357,,0
022,022036,Campitello di Fassa,509913,0,1,2304.0,1107.0,33.72,700.0,0.0,0.0,0.262,1,2,18,20,0,3,0,29.818,,0
022,022037,Campodenno,6712,0,1,0.0,72.0,0.0,1512.0,0.0,0.0,14.296,0,1,7,8,0,1,0,34.276,,0
022,022038,Canal San Bovo,10454,0,1,104.0,88.0,0.0,1458.0,0.0,0.199,27.566,2,0,6,30,0,5,0,40.718,,0
022,022039,Canazei,1005563,0,1,4807.0,2512.0,23.22,1878.0,0.0,0.822,0.009,2,1,132,52,1,11,1,37.249,,0
022,022040,Capriana,5087,0,1,76.0,25.0,0.0,594.0,0.0,0.0,0.167,0,0,1,6,0,1,0,20.91,,0
022,022042,Carisolo,83910,0,1,392.0,450.0,0.0,923.0,0.0,5.775,23.357,1,0,11,11,0,4,0,53.834,,0
022,022043,Carzano,1531,0,1,0.0,30.0,0.0,511.0,0.0,0.0,0.0,0,0,2,0,0,0,0,44.637,,0
022,022045,Castel Condino,943,0,1,0.0,68.0,0.0,225.0,0.0,0.0,0.036,0,0,2,2,0,1,0,58.424,,0
022,022047,Castello-Molina di Fiemme,73028,0,1,422.0,163.0,38.86,2320.0,0.0,1.81,0.016,0,0,6,9,1,2,0,27.11,,0
022,022048,Castello Tesino,35122,0,1,186.0,649.0,0.0,1156.0,0.0,2.191,0.061,3,2,23,27,0,2,0,44.862,,0
022,022049,Castelnuovo,3477,0,1,0.0,60.0,0.0,1081.0,0.0,0.0,0.048,0,1,2,3,0,0,0,48.545,,0
022,022050,Cavalese,322691,0,1,1800.0,662.0,35.56,3987.0,0.0,0.369,0.0,1,2,79,11,1,18,0,26.035,,0
022,022051,Cavareno,26664,0,1,289.0,154.0,0.0,1121.0,0.0,0.0,0.0,0,0,24,0,0,0,0,13.127,,0
022,022052,Cavedago,26942,0,1,231.0,93.0,0.0,578.0,0.0,0.0,2.892,0,0,4,3,0,0,0,39.067,,0
022,022053,Cavedine,12640,0,1,0.0,220.0,0.0,3070.0,0.0,5.384,0.104,0,2,27,7,0,5,0,58.596,,0
022,022054,Cavizzana,435,0,1,0.0,7.0,0.0,234.0,0.0,0.0,0.0,0,0,1,0,0,0,0,29.748,,0
022,022058,Cimone,1354,0,1,0.0,0.0,0.0,728.0,0.0,0.0,0.077,0,0,2,5,0,1,0,57.059,,0
022,022059,Cinte Tesino,651,0,1,0.0,8.0,0.0,350.0,0.0,1.472,0.0,1,0,3,9,1,1,0,46.76,,0
022,022060,Cis,543,0,1,0.0,20.0,0.0,292.0,0.0,0.0,0.0,0,1,1,0,0,1,0,26.458,,0
022,022061,Civezzano,1189,0,1,0.0,27.0,0.0,4209.0,0.0,0.739,0.0,0,2,13,21,0,2,0,41.291,,0
022,022062,Cles,14339,0,1,87.0,192.0,0.0,7309.0,0.0,0.159,4.002,0,8,24,6,0,4,0,28.792,,0
022,022064,Commezzadura,144680,0,1,710.0,214.0,30.56,1010.0,0.0,0.0,0.078,0,0,49,3,0,2,0,40.895,,0
022,022068,Croviana,5910,0,1,0.0,103.0,0.0,689.0,0.0,0.0,0.0,1,0,4,1,0,0,0,34.702,,0
022,022071,Dambel,755,0,1,0.0,0.0,0.0,406.0,0.0,0.0,0.0,0,0,1,0,0,1,0,18.774,,0
022,022074,Denno,2322,0,1,42.0,16.0,0.0,1249.0,0.0,0.0,5.594,0,0,4,0,0,1,0,31.259,,0
022,022078,Drena,6194,0,1,37.0,191.0,0.0,597.0,0.0,0.0,0.0,0,2,4,3,0,0,0,62.368,,0
022,022079,Dro,75646,0,1,311.0,994.0,0.0,5064.0,0.0,3.155,3.968,0,2,56,11,1,5,0,60.631,,0
022,022081,Fai della Paganella,122940,0,1,767.0,154.0,26.6,933.0,0.0,0.0,0.0,0,1,25,7,0,3,0,37.332,,0
022,022083,Fiavè,12357,0,1,153.0,144.0,0.0,1055.0,0.0,0.412,0.002,3,4,9,8,0,0,0,65.511,,0
022,022085,Fierozzo,441,0,1,16.0,15.0,0.0,464.0,0.0,0.0,0.0,2,0,0,4,0,0,0,39.245,,0
022,022087,Folgaria,504305,0,1,3135.0,1469.0,13.37,3165.0,0.0,0.329,0.071,2,3,156,12,0,14,0,61.88,,0
022,022089,Fornace,2493,0,1,0.0,0.0,0.0,1341.0,0.0,1.131,0.001,0,22,6,6,0,1,0,38.48,,0
022,022090,Frassilongo,1190,0,1,40.0,16.0,0.0,352.0,0.0,0.0,0.0,0,0,0,1,0,0,0,42.495,,0
022,022091,Garniga Terme,759,0,1,63.0,13.0,0.0,408.0,0.0,0.0,0.005,0,0,12,5,0,0,0,54.009,,0
022,022092,Giovo,5659,0,1,52.0,54.0,0.0,2512.0,0.0,0.066,0.006,0,5,13,7,0,2,0,33.616,,0
022,022093,Giustino,73992,0,1,416.0,143.0,20.91,740.0,0.0,0.0,31.787,1,0,7,14,0,0,0,55.735,,0
022,022095,Grigno,3433,0,1,50.0,33.0,0.0,2023.0,0.0,0.406,0.776,1,2,22,6,0,1,0,51.397,,0
022,022097,Imer,12322,0,1,117.0,454.0,0.0,1178.0,0.0,0.0,6.284,0,8,9,8,0,2,0,35.777,,0
022,022098,Isera,5135,0,1,0.0,53.0,0.0,2804.0,0.0,0.0,0.071,1,2,11,3,0,1,0,55.844,,0
022,022102,Lavarone,169280,0,1,1052.0,786.0,10.93,1200.0,0.0,0.907,0.0,2,4,59,15,0,4,0,57.599,,0
022,022103,Lavis,38796,0,1,225.0,218.0,35.56,9152.0,0.0,0.0,0.802,0,5,32,5,0,7,0,38.303,,0
022,022104,Levico Terme,550447,0,1,2749.0,4778.0,20.04,8253.0,0.0,6.38,0.483,1,7,74,15,3,10,0,51.337,,0
022,022106,Livo,1430,0,1,0.0,23.0,0.0,769.0,0.0,0.0,0.0,0,3,1,1,0,1,0,24.982,,0
022,022108,Lona-Lases,1608,0,1,24.0,0.0,0.0,865.0,0.0,1.645,0.0,0,0,2,1,0,1,0,32.523,,0
022,022109,Luserna,496,0,1,0.0,50.0,0.0,267.0,0.0,0.0,0.013,3,4,11,2,0,0,0,58.555,,0
022,022110,Malé,94477,0,1,502.0,167.0,0.0,2260.0,0.0,0.0,0.053,1,0,8,11,0,5,0,34.987,,0
022,022112,Massimeno,1457,0,1,0.0,38.0,0.0,138.0,0.0,5.199,17.924,0,0,1,2,0,0,0,62.59,,0
022,022113,Mazzin,120932,0,1,729.0,345.0,12.21,601.0,0.0,0.0,0.05,0,0,4,11,0,2,0,29.293,,0
022,022114,Mezzana,547244,0,1,1969.0,2896.0,39.41,875.0,0.0,0.0,0.006,0,1,39,4,0,4,0,43.175,,0
022,022115,Mezzano,13975,0,1,163.0,156.0,16.56,1585.0,0.0,0.0,9.538,0,0,8,17,0,4,0,33.539,,0
022,022116,Mezzocorona,26469,0,1,173.0,125.0,0.0,5505.0,0.0,0.0,0.0,0,2,20,8,0,0,0,29.585,,0
022,022117,Mezzolombardo,8120,0,1,25.0,74.0,0.0,7647.0,0.0,0.0,0.396,0,5,16,5,0,11,0,33.358,,0
022,022118,Moena,574085,0,1,3247.0,257.0,21.44,2580.0,0.0,1.995,10.947,2,0,122,30,0,6,0,30.957,,0
022,022120,Molveno,439148,0,1,2410.0,1067.0,8.55,1132.0,0.0,10.161,21.666,0,1,22,21,1,8,0,44.512,,0
022,022123,Mori,8546,0,1,19.0,221.0,0.0,10208.0,0.0,0.0,0.0,0,8,39,9,0,14,0,51.75,,0
022,022124,Nago-Torbole,770489,0,1,3144.0,1999.0,27.04,2768.0,0.0,7.981,0.0,0,1,103,11,0,12,0,50.544,,0
022,022127,Nogaredo,3853,0,1,0.0,31.0,0.0,2072.0,0.0,0.0,0.0,0,1,6,1,0,2,0,57.708,,0
022,022128,Nomi,2514,0,1,0.0,0.0,0.0,1352.0,0.0,0.0,0.032,0,1,5,0,0,2,0,60.594,,0
022,022129,Novaledo,2161,0,1,0.0,0.0,0.0,1162.0,0.0,0.0,0.0,0,0,3,4,0,1,0,47.909,,0
022,022130,Ospedaletto,1506,0,1,0.0,8.0,0.0,810.0,0.0,0.013,0.203,0,0,4,3,0,2,0,51.071,,0
022,022131,Ossana,83732,0,1,244.0,1031.0,0.0,832.0,0.0,0.123,0.066,0,1,4,8,0,4,0,50.239,,0
022,022133,Palù del Fersina,4859,0,1,24.0,211.0,0.0,158.0,0.0,0.0,0.0,3,1,1,13,0,0,0,36.308,,0
022,022134,Panchià,47053,0,1,327.0,15.0,4.59,815.0,0.0,0.0,0.0,0,0,8,6,0,1,0,27.338,,0
022,022135,Ronzo-Chienis,6981,0,1,60.0,60.0,0.0,1003.0,0.0,0.0,0.0,0,1,11,5,0,5,0,56.074,,0
022,022136,Peio,297811,0,1,1479.0,1001.0,9.87,1800.0,0.0,0.456,0.0,3,0,43,42,0,5,0,52.73,,0
022,022137,Pellizzano,42433,0,1,155.0,259.0,0.0,798.0,0.0,0.91,0.347,0,0,10,17,0,4,0,49.2,,0
022,022138,Pelugo,738,0,1,0.0,138.0,0.0,397.0,0.0,0.531,15.575,0,1,3,7,0,0,0,65.414,,0
022,022139,Pergine Valsugana,126407,0,1,508.0,1421.0,0.0,21672.0,0.0,11.045,0.604,3,27,78,10,0,18,0,45.035,,0
022,022142,Pieve Tesino,60126,0,1,16.0,1686.0,0.0,653.0,0.0,3.17,0.456,5,3,12,32,0,1,0,39.849,,0
022,022143,Pinzolo,1064781,0,1,6292.0,2018.0,56.52,3078.0,0.0,10.761,47.307,2,1,133,33,0,12,0,48.625,,0
022,022144,Pomarolo,4557,0,1,0.0,54.0,0.0,2451.0,0.0,0.0,0.0,0,1,11,0,0,2,0,61.149,,0
022,022147,Predazzo,357230,0,1,1626.0,1952.0,18.63,4543.0,0.0,0.679,16.547,1,3,77,35,0,14,0,29.282,,0
022,022150,Rabbi,68872,0,1,206.0,587.0,0.0,1373.0,0.0,3.078,0.0,0,0,3,33,0,2,0,41.353,,0
022,022153,Riva del Garda,1720333,0,1,6183.0,4045.0,39.92,17857.0,0.0,9.245,14.33,3,16,216,27,0,35,0,54.965,,0
022,022155,Romeno,11111,0,1,104.0,138.0,0.0,1496.0,0.0,0.0,0.0,0,1,7,3,0,2,0,18.569,,0
022,022156,Roncegno Terme,34878,0,1,326.0,246.0,43.25,2944.0,0.0,0.125,0.289,2,10,19,16,1,1,0,44.966,,0
022,022157,Ronchi Valsugana,839,0,1,20.0,0.0,0.0,451.0,0.0,0.556,0.031,0,0,0,4,0,1,0,42.468,,0
022,022159,Ronzone,34238,0,1,246.0,69.0,8.13,485.0,0.0,0.0,0.0,1,0,13,0,1,1,0,11.04,,0
022,022160,Roverè della Luna,1520,0,1,24.0,19.0,0.0,1637.0,0.0,0.0,0.0,0,0,5,3,0,0,0,25.563,,0
022,022161,Rovereto,227833,0,1,499.0,779.0,59.72,40077.0,0.0,0.0,0.383,7,19,104,16,0,64,0,53.483,,0
022,022162,Ruffrè-Mendola,8237,0,1,68.0,179.0,0.0,416.0,0.0,0.665,0.0,0,6,13,2,0,3,0,10.999,,0
022,022163,Rumo,23161,0,1,135.0,150.0,35.56,786.0,0.0,0.862,0.0,0,0,5,14,0,1,0,25.928,,0
022,022164,Sagron Mis,14909,0,1,43.0,94.0,0.0,177.0,0.0,0.0,0.077,0,0,3,8,0,1,0,24.519,,0
022,022165,Samone,1010,0,1,25.0,0.0,0.0,543.0,0.0,0.0,0.0,0,1,1,4,0,1,0,43.738,,0
022,022167,San Michele all'Adige,20608,0,1,71.0,86.0,0.0,4103.0,0.0,0.0,0.0,1,1,7,6,0,5,0,31.771,,0
022,022168,Sant'Orsola Terme,3695,0,1,68.0,69.0,0.0,1117.0,0.0,0.0,0.0,1,0,3,5,0,1,0,38.307,,0
022,022169,Sanzeno,2171,0,1,0.0,39.0,0.0,920.0,0.0,0.0,0.0,1,1,4,0,0,3,0,21.644,,0
022,022170,Sarnonico,39498,0,1,334.0,470.0,0.0,790.0,0.0,0.0,0.0,0,0,6,4,0,0,0,13.09,,0
022,022171,Scurelle,9315,0,1,20.0,265.0,0.0,1361.0,0.0,3.875,0.0,0,4,8,15,0,2,0,39.58,,0
022,022172,Segonzano,26037,0,1,75.0,177.0,0.0,1356.0,0.0,0.0,0.0,0,2,5,2,0,0,0,29.83,,0
022,022173,Sfruz,9792,0,1,25.0,86.0,0.0,363.0,0.0,0.0,0.0,0,0,3,1,0,0,0,18.525,,0
022,022176,Soraga di Fassa,220198,0,1,1008.0,100.0,7.64,717.0,0.0,0.796,0.0,0,0,25,14,0,5,2,33.56,,0
022,022177,Sover,10280,0,1,48.0,34.0,0.0,782.0,0.0,0.0,0.0,0,0,4,5,0,1,0,26.621,,0
022,022179,Spiazzo,19737,0,1,108.0,328.0,0.0,1259.0,0.0,6.896,53.721,2,0,9,17,0,3,0,62.64,,0
022,022180,Spormaggiore,9408,0,1,59.0,70.0,0.0,1258.0,0.0,0.0,17.773,1,1,6,4,0,1,0,37.46,,0
022,022181,Sporminore,1618,0,1,25.0,37.0,0.0,718.0,0.0,0.0,12.453,0,1,5,3,0,1,0,35.57,,0
022,022182,Stenico,57922,0,1,365.0,426.0,75.34,1176.0,0.0,0.852,26.817,1,8,13,14,0,2,0,54.938,,0
022,022183,Storo,13890,0,1,101.0,85.0,0.0,4482.0,0.0,0.638,20.302,2,10,22,11,0,13,0,50.068,,0
022,022184,Strembo,6847,0,1,25.0,69.0,0.0,583.0,0.0,0.0,33.397,0,0,1,7,0,0,0,61.157,,0
022,022188,Telve,9070,0,1,58.0,214.0,0.0,1912.0,0.0,1.276,2.29,2,2,3,17,0,0,0,37.03,,0
022,022189,Telve di Sopra,1153,0,1,0.0,0.0,0.0,620.0,0.0,0.0,0.064,1,15,2,5,0,1,0,40.02,,0
022,022190,Tenna,8036,0,1,150.0,19.0,0.0,1063.0,0.0,2.868,0.0,0,2,12,3,0,3,0,48.85,,0
022,022191,Tenno,73600,0,1,330.0,589.0,0.0,2031.0,0.0,2.569,2.792,3,7,41,13,0,1,0,60.638,,0
022,022193,Terragnolo,1311,0,1,0.0,32.0,0.0,705.0,0.0,0.0,0.0,0,1,4,15,0,0,0,56.21,,0
022,022195,Terzolas,12538,0,1,93.0,42.0,0.0,643.0,0.0,0.0,0.0,0,0,3,1,0,0,0,32.281,,0
022,022196,Tesero,284083,0,1,1037.0,665.0,46.29,2996.0,0.0,3.772,0.0,1,1,121,13,0,4,0,24.151,,0
022,022199,Tione di Trento,11254,0,1,55.0,111.0,0.0,3654.0,0.0,1.156,2.912,0,0,4,8,0,7,0,67.426,,0
022,022200,Ton,4031,0,1,0.0,40.0,0.0,1281.0,0.0,0.0,0.27,0,5,6,15,0,2,0,27.979,,0
022,022202,Torcegno,8326,0,1,46.0,279.0,0.0,692.0,0.0,0.85,0.026,0,10,3,8,0,0,0,40.598,,0
022,022203,Trambileno,2741,0,1,0.0,89.0,0.0,1474.0,0.0,0.0,0.0,0,2,11,23,0,4,0,52.304,,0
022,022205,Trento,1174037,0,1,3722.0,3058.0,43.66,118504.0,0.0,0.12,3.051,8,67,482,90,0,134,0,47.147,,0
022,022209,Valfloriana,3073,0,1,0.0,50.0,0.0,470.0,0.0,0.016,0.019,0,0,2,7,0,0,0,27.125,,0
022,022210,Vallarsa,2031,0,1,143.0,93.0,0.0,1393.0,0.0,0.907,0.0,2,0,4,27,0,6,0,46.549,,0
022,022213,Vermiglio,392058,0,1,2064.0,1024.0,27.23,1789.0,0.0,1.741,0.402,2,1,41,18,0,3,0,56.415,,0
022,022216,Vignola-Falesina,8794,0,1,109.0,17.0,0.0,198.0,0.0,0.0,0.415,1,0,0,5,0,0,0,45.052,,0
022,022222,Villa Lagarina,8930,0,1,23.0,226.0,0.0,3881.0,0.0,1.428,0.003,1,4,17,5,0,5,0,61.623,,0
022,022224,Volano,5797,0,1,0.0,14.0,0.0,3118.0,0.0,0.0,0.004,0,1,11,2,0,5,0,59.354,,0
022,022226,Ziano di Fiemme,75405,0,1,558.0,49.0,0.0,1784.0,0.0,0.397,0.0,0,0,7,8,0,4,0,28.796,,0
022,022228,Comano Terme,79177,0,1,625.0,458.0,26.08,2958.0,0.0,0.0,17.531,0,6,20,19,0,2,0,58.211,,0
022,022229,Ledro,385886,0,1,947.0,3980.0,14.57,5387.0,0.0,2.423,75.551,7,69,109,66,0,12,0,55.858,,0
022,022230,Predaia,79697,0,1,373.0,776.0,21.45,6927.0,0.0,2.576,0.206,2,6,48,26,0,8,0,21.52,,0
022,022231,San Lorenzo Dorsino,69588,0,1,511.0,266.0,0.0,1570.0,0.0,5.539,53.641,0,5,12,27,0,3,0,50.741,,0
022,022232,Valdaone,10868,0,1,81.0,676.0,0.0,1148.0,0.0,3.39,44.508,2,6,5,27,0,3,0,67.477,,0
022,022233,Dimaro Folgarida,584798,0,1,3637.0,315.0,22.71,2116.0,0.0,0.0,5.094,0,0,49,15,0,9,0,38.553,,0
022,022234,Pieve di Bono-Prezzo,9059,0,1,58.0,256.0,0.0,1450.0,0.0,0.0,0.458,0,1,6,4,0,2,0,62.333,,0
022,022235,Altavalle,4636,0,1,0.0,86.0,0.0,1631.0,0.0,0.214,0.219,0,0,3,7,0,0,0,26.479,,0
022,022236,Altopiano della Vigolana,37854,0,1,333.0,174.0,0.0,5110.0,0.0,0.391,0.034,0,2,21,27,0,5,0,53.297,,0
022,022237,Amblar-Don,2175,0,1,0.0,82.0,0.0,549.0,0.0,0.0,0.0,0,0,5,7,0,1,0,14.359,,0
022,022238,Borgo Chiese,15066,0,1,126.0,32.0,0.0,1934.0,0.0,0.0,0.142,1,7,15,6,0,6,0,55.71,,0
022,022239,Borgo Lares,1350,0,1,25.0,82.0,0.0,726.0,0.0,0.0,0.059,0,0,6,2,0,0,0,67.909,,0
022,022240,Castel Ivano,8043,0,1,64.0,104.0,0.0,3277.0,0.0,0.336,0.283,1,32,22,14,0,3,0,46.556,,0
022,022241,Cembra Lisignago,8579,0,1,119.0,47.0,0.0,2352.0,0.0,0.673,0.0,0,0,10,8,0,4,0,31.996,,0
022,022242,Contà,8627,0,1,20.0,64.0,0.0,1403.0,0.0,0.149,8.524,0,1,9,2,0,3,0,29.871,,0
022,022243,Madruzzo,8837,0,1,50.0,93.0,0.0,2991.0,0.0,7.823,0.0,0,6,29,9,0,2,0,53.899,,0
022,022244,Porte di Rendena,29079,0,1,100.0,518.0,0.0,1823.0,0.0,0.0,17.399,0,0,10,12,0,1,0,66.703,,0
022,022245,Primiero San Martino di Castrozza,803195,0,1,4887.0,1760.0,21.06,5113.0,0.0,3.01,125.538,1,24,110,95,0,17,2,33.671,,0
022,022246,Sella Giudicarie,41776,0,1,491.0,411.0,0.0,2943.0,0.0,1.849,14.738,0,11,8,19,1,7,0,69.274,,0
022,022247,Tre Ville,145685,0,1,752.0,466.0,63.56,1386.0,0.0,0.0,50.534,0,0,64,33,0,2,0,50.791,,0
022,022248,Vallelaghi,65262,0,1,181.0,861.0,0.0,5256.0,0.0,8.568,0.147,3,22,74,22,0,10,0,46.707,,0
022,022249,Ville d'Anaunia,23480,0,1,94.0,232.0,0.0,4682.0,0.0,3.393,65.791,1,2,13,20,0,6,0,34.531,,0
022,022250,San Giovanni di Fassa-Sèn Jan,1066245,0,1,4748.0,3644.0,25.46,3632.0,0.0,0.0,0.375,1,13,77,75,1,19,0,29.267,,0
022,022251,Terre d'Adige,7867,0,1,0.0,63.0,0.0,3099.0,0.0,0.0,0.089,0,0,35,6,0,0,0,38.538,,0
022,022252,Borgo d'Anaunia,89541,0,1,675.0,382.0,0.0,2557.0,0.0,0.0,0.0,1,3,14,23,0,3,0,14.518,,0
022,022253,Novella,18379,0,1,129.0,356.0,0.0,3599.0,0.0,0.0,0.065,0,5,10,5,0,2,0,19.868,,0
022,022254,Ville di Fiemme,155261,0,1,752.0,858.0,36.44,2651.0,0.0,0.404,0.086,0,11,95,14,1,4,0,18.272,,0
023,023001,Affi,75466,0,3,352.0,328.0,0.0,2443.0,0.0,0.0,0.0,1,0,49,2,0,4,9,19.825,,0
023,023002,Albaredo d'Adige,786,0,5,0.0,10.0,0.0,5254.0,0.0,0.0,0.0,0,5,14,0,0,1,28,33.526,,0
023,023003,Angiari,376,0,5,0.0,7.0,0.0,2513.0,0.0,0.0,0.0,0,0,2,0,0,0,0,35.531,,0
023,023004,Arcole,1742,0,5,0.0,19.0,0.0,6426.0,0.0,0.0,0.0,2,3,9,0,0,2,0,32.455,,0
023,023005,Badia Calavena,2470,0,1,17.0,98.0,0.0,2644.0,0.0,0.0,0.0,0,0,5,1,0,5,13,28.725,,0
023,023006,Bardolino,2487568,0,3,4705.0,15631.0,57.0,6916.0,0.0,8.115,0.0,3,2,394,9,0,39,28,21.743,,0
023,023007,Belfiore,505,0,5,0.0,2.0,0.0,3379.0,0.0,0.0,0.475,0,0,4,2,0,7,5,25.975,,0
023,023008,Bevilacqua,268,0,5,14.0,0.0,100.0,1790.0,0.0,0.0,0.0,0,6,3,0,0,1,3,44.322,,0
023,023009,Bonavigo,1163,0,5,0.0,45.0,0.0,2022.0,0.0,0.0,0.0,0,1,7,0,0,0,0,36.116,,0
023,023010,Boschi Sant'Anna,206,0,5,0.0,0.0,0.0,1379.0,0.0,0.0,0.0,0,0,3,0,0,0,2,43.029,,0
023,023046,Marano di Valpolicella,7949,0,3,0.0,183.0,0.0,3106.0,0.0,0.0,1.501,0,0,20,10,0,0,21,18.048,,0
023,023047,Mezzane di Sotto,10100,0,3,0.0,193.0,0.0,2554.0,0.0,0.0,0.0,0,0,14,0,0,1,4,21.012,,0
023,023048,Minerbe,685,0,5,0.0,14.0,0.0,4584.0,0.0,0.0,0.0,0,1,8,0,0,0,6,39.999,,0
023,023049,Montecchia di Crosara,2748,0,3,16.0,80.0,0.0,4301.0,0.0,0.0,0.0,1,0,15,2,0,7,23,31.093,,0
023,023050,Monteforte d'Alpone,5658,0,3,0.0,84.0,0.0,8940.0,0.0,0.0,0.0,0,1,14,1,0,3,39,31.556,,0
023,023051,Mozzecane,5683,0,5,0.0,91.0,0.0,8145.0,0.0,0.883,0.0,0,2,26,0,0,3,14,10.45,,0
023,023052,Negrar di Valpolicella,146583,0,3,621.0,1356.0,31.4,16503.0,0.0,0.0,0.0,0,3,40,6,0,7,23,16.66,,0
023,023053,Nogara,11119,0,5,91.0,41.0,87.91,8308.0,0.0,0.0,0.0,0,0,18,0,0,3,7,27.084,,0
023,023054,Nogarole Rocca,53071,0,5,285.0,102.0,0.0,3872.0,0.0,3.266,0.0,0,0,10,1,0,4,2,12.912,,0
023,023055,Oppeano,16638,0,5,126.0,95.0,0.0,10364.0,0.0,0.0,1.433,0,5,19,0,0,0,11,20.156,,0
023,023056,Palù,180,0,5,0.0,16.0,0.0,1205.0,0.0,0.0,0.257,0,1,5,1,0,0,0,21.455,,0
023,023057,Pastrengo,54030,0,3,147.0,396.0,0.0,3029.0,0.0,0.41,0.0,0,0,39,0,0,4,19,13.214,,0
023,023058,Pescantina,51090,0,5,158.0,409.0,100.0,17538.0,0.0,0.0,0.0,0,0,59,1,1,9,6,10.664,,0
023,023059,Peschiera del Garda,2582448,0,3,2540.0,20090.0,24.53,10987.0,0.0,10.285,0.497,2,5,229,9,1,21,45,17.346,,0
023,023060,Povegliano Veronese,3067,0,5,19.0,47.0,0.0,7404.0,0.0,0.0,0.0,0,0,21,1,0,6,4,6.273,,0
023,023061,Pressana,370,0,5,0.0,53.0,0.0,2472.0,0.0,0.0,0.0,0,4,7,1,0,0,8,42.152,,0
023,023062,Rivoli Veronese,19698,0,3,0.0,327.0,0.0,2274.0,0.0,0.0,0.0,1,0,28,2,0,3,4,20.425,,0
023,023063,Roncà,563,0,3,0.0,4.0,0.0,3765.0,0.0,0.0,0.0,1,0,5,2,0,1,14,33.657,,0
023,023064,Ronco all'Adige,6744,0,5,48.0,35.0,0.0,6029.0,0.0,0.0,0.0,0,0,15,0,0,2,16,27.536,,0
023,023065,Roverchiara,339,0,5,36.0,38.0,0.0,2600.0,0.0,0.0,0.0,0,0,4,1,0,0,5,31.364,,0
023,023066,Roveredo di Guà,242,0,5,0.0,0.0,0.0,1620.0,0.0,0.0,0.0,0,3,5,0,0,0,0,47.198,,0
023,023067,Roverè Veronese,2644,0,1,127.0,96.0,0.0,2107.0,0.0,0.0,3.576,0,0,20,16,0,3,5,27.132,,0
023,023068,Salizzole,2215,0,5,0.0,42.0,0.0,3791.0,0.0,0.0,0.0,0,0,7,0,0,1,0,25.023,,0
023,023069,San Bonifacio,89519,0,5,410.0,190.0,44.88,21422.0,0.0,0.0,0.0,1,1,61,1,2,8,22,31.262,,0
023,023070,San Giovanni Ilarione,1574,0,3,0.0,73.0,0.0,4850.0,0.0,0.0,0.072,0,3,13,1,0,7,24,30.869,,0
023,023071,San Giovanni Lupatoto,118240,0,5,597.0,204.0,68.01,25307.0,0.0,0.0,0.0,0,1,35,0,0,9,39,12.187,,0
023,023072,Sanguinetto,625,0,5,11.0,24.0,0.0,4181.0,0.0,0.0,0.0,0,3,7,0,0,4,3,32.38,,0
023,023073,San Martino Buon Albergo,94139,0,5,419.0,380.0,92.36,16411.0,0.0,0.0,0.0,0,0,47,2,0,20,13,16.778,,0
023,023074,San Mauro di Saline,1166,0,1,15.0,35.0,0.0,596.0,0.0,0.0,0.0,0,0,0,0,0,0,1,25.15,,0
023,023075,San Pietro di Morubio,460,0,5,0.0,0.0,0.0,3074.0,0.0,0.0,0.0,0,1,6,0,0,1,0,29.964,,0
023,023076,San Pietro in Cariano,75067,0,5,393.0,547.0,49.87,13004.0,0.0,0.0,0.0,0,9,60,5,0,3,26,12.241,,0
023,023077,Sant'Ambrogio di Valpolicella,35349,0,3,78.0,519.0,0.0,11926.0,0.0,0.0,0.0,0,1,20,5,0,4,26,16.227,,0
023,023078,Sant'Anna d'Alfaedo,2878,0,1,65.0,104.0,0.0,2602.0,0.0,0.0,8.754,1,2,14,6,0,5,7,26.536,,0
023,023079,San Zeno di Montagna,181876,0,1,1275.0,1317.0,8.08,1470.0,0.0,0.0,0.0,0,2,59,22,0,1,3,29.523,,0
023,023080,Selva di Progno,3277,0,1,15.0,206.0,0.0,900.0,0.0,0.0,15.703,0,0,15,24,0,3,19,33.783,,0
023,023081,Soave,64246,0,3,236.0,369.0,27.12,7171.0,0.0,0.0,0.0,0,6,13,0,0,4,1,28.079,,0
023,023082,Sommacampagna,101765,0,5,519.0,513.0,84.2,14450.0,0.0,0.0,0.0,0,0,70,4,1,7,7,3.351,,0
023,023083,Sona,49866,0,3,157.0,729.0,91.72,17585.0,0.0,0.0,0.0,0,0,41,4,0,7,12,6.821,,0
023,023084,Sorgà,2639,0,5,0.0,46.0,0.0,2920.0,0.0,0.0,0.0,0,0,6,0,0,0,2,23.437,,0
023,023085,Terrazzo,326,0,5,0.0,10.0,0.0,2178.0,0.0,0.069,0.0,0,0,5,0,0,1,2,47.308,,0
023,023086,Torri del Benaco,439620,0,3,2208.0,3489.0,34.06,2905.0,0.0,11.213,0.553,1,4,219,13,0,7,37,29.493,,0
023,023087,Tregnago,10691,0,3,62.0,127.0,0.0,5067.0,0.0,0.0,0.0,0,1,8,1,0,1,12,26.264,,0
023,023088,Trevenzuolo,810,0,5,14.0,13.0,0.0,2728.0,0.0,0.0,0.0,0,0,2,0,0,1,0,14.969,,0
023,023089,Valeggio sul Mincio,477055,0,5,369.0,4807.0,15.72,16050.0,0.0,0.0,0.185,0,9,55,6,1,13,25,12.38,,0
023,023090,Velo Veronese,7654,0,1,22.0,455.0,0.0,778.0,0.0,0.0,1.14,1,0,1,4,0,0,0,29.456,,0
023,023091,Verona,3103472,0,5,6023.0,22383.0,49.23,255298.0,0.0,0.362,0.0,20,65,627,29,0,157,1060,10.664,City of Verona,1
023,023092,Veronella,769,0,5,0.0,10.0,0.0,5144.0,0.0,0.0,0.0,0,3,11,0,0,0,1,34.814,,0
023,023093,Vestenanova,1900,0,1,37.0,22.0,0.0,2503.0,0.0,0.0,1.01,2,1,7,9,0,2,26,33.017,,0
023,023094,Vigasio,48543,0,5,189.0,68.0,100.0,10322.0,0.0,0.373,0.0,0,0,18,0,0,6,13,9.052,,0
023,023095,Villa Bartolomea,25158,0,5,174.0,142.0,100.0,5860.0,0.0,0.0,0.0,0,0,21,0,0,0,14,47.731,,0
023,023096,Villafranca di Verona,304864,0,5,1642.0,533.0,82.7,32928.0,0.0,0.0,0.0,2,2,123,3,1,20,68,5.025,,0
023,023097,Zevio,16940,0,5,101.0,90.0,0.0,15696.0,0.0,0.0,0.0,0,2,30,0,0,7,8,18.787,,0
023,023098,Zimella,760,0,5,0.0,49.0,0.0,4869.0,0.0,0.0,0.0,0,1,1,1,0,1,4,37.374,,0
024,024001,Agugliaro,2965,0,5,0.0,28.0,0.0,1402.0,0.0,0.0,0.0,0,6,0,1,0,1,11,54.853,,0
024,024002,Albettone,1260,0,5,0.0,33.0,0.0,1997.0,0.0,0.0,0.0,0,1,7,4,0,1,4,55.748,,0
024,024003,Alonte,1245,0,5,0.0,10.0,0.0,1564.0,0.0,0.0,0.0,0,1,7,3,0,0,7,42.854,,0
024,024004,Altavilla Vicentina,74276,0,3,347.0,103.0,68.88,11808.0,0.0,0.599,0.0,0,1,25,4,1,8,6,47.663,,0
024,024005,Altissimo,2207,0,1,19.0,28.0,0.0,2164.0,0.0,0.0,0.239,0,0,9,2,0,3,4,37.128,,0
024,024006,Arcugnano,26672,0,3,136.0,246.0,73.53,7662.0,0.0,4.248,0.006,0,2,20,17,0,1,6,51.444,,0
024,024007,Arsiero,7665,0,1,123.0,31.0,0.0,3037.0,0.0,0.829,0.0,0,0,27,24,0,1,0,59.193,,0
024,024008,Arzignano,6466,0,3,39.0,49.0,0.0,25532.0,0.0,0.0,0.0,0,3,53,3,0,8,1,38.059,,0
024,024009,Asiago,310416,0,1,1404.0,3518.0,27.78,6240.0,0.0,0.0,90.487,10,22,154,37,0,15,19,60.452,,0
024,024010,Asigliano Veneto,672,0,5,0.0,8.0,0.0,844.0,0.0,0.0,0.0,0,0,3,0,0,0,0,45.716,,0
024,024012,Bassano del Grappa,173404,0,3,631.0,1054.0,47.23,42405.0,0.0,0.135,0.509,9,27,93,10,0,100,238,40.267,,0
024,024013,Bolzano Vicentino,22540,0,5,177.0,10.0,0.0,6502.0,0.0,0.0,0.0,0,2,13,0,0,8,33,45.126,,0
024,024014,Breganze,5284,0,3,0.0,93.0,0.0,8366.0,0.0,0.0,0.0,3,1,28,0,0,5,9,48.108,,0
024,024015,Brendola,5132,0,3,0.0,94.0,0.0,6738.0,0.0,0.0,0.0,0,1,4,4,0,0,1,44.967,,0
024,024016,Bressanvido,2494,0,5,0.0,8.0,0.0,3134.0,0.0,0.0,1.319,1,0,15,0,0,4,10,43.392,,0
024,024017,Brogliano,3388,0,3,50.0,31.0,0.0,4037.0,0.0,0.0,0.0,0,0,11,0,0,6,0,40.99,,0
024,024018,Caldogno,4634,0,5,50.0,47.0,0.0,11336.0,0.0,0.0,0.0,0,2,32,1,0,11,17,53.155,,0
024,024019,Caltrano,458,0,1,0.0,16.0,0.0,2523.0,0.0,0.0,0.0,0,0,24,9,0,2,3,58.142,,0
024,024020,Calvene,601,0,1,0.0,28.0,0.0,1284.0,0.0,0.0,0.0,0,0,4,3,0,1,0,55.218,,0
024,024021,Camisano Vicentino,757,0,5,0.0,83.0,0.0,11140.0,0.0,0.0,0.0,0,4,18,1,0,3,5,39.985,,0
024,024022,Campiglia dei Berici,594,0,5,0.0,19.0,0.0,1668.0,0.0,0.0,0.0,0,0,6,0,0,0,3,51.945,,0
024,024024,Carrè,3161,0,3,44.0,4.0,0.0,3466.0,0.0,0.0,0.0,0,0,3,1,0,1,0,57.743,,0
024,024025,Cartigliano,2917,0,5,0.0,6.0,0.0,3665.0,0.0,0.0,0.917,0,1,7,3,0,3,30,38.94,,0
024,024026,Cassola,28120,0,5,166.0,44.0,100.0,15264.0,0.0,0.0,0.026,0,1,33,1,0,19,66,33.773,,0
024,024027,Castegnero,5419,0,3,11.0,54.0,0.0,2833.0,0.0,0.0,0.0,0,0,5,2,0,0,2,51.651,,0
024,024028,Castelgomberto,3995,0,3,0.0,82.0,0.0,6113.0,0.0,0.0,0.0,0,0,11,1,0,3,0,45.437,,0
024,024029,Chiampo,17625,0,3,153.0,10.0,84.31,12543.0,0.0,0.0,0.0,1,0,14,4,0,5,3,34.762,,0
024,024030,Chiuppano,2005,0,3,0.0,16.0,0.0,2519.0,0.0,0.0,0.0,2,0,2,1,0,7,0,57.375,,0
024,024032,Cogollo del Cengio,117,0,1,0.0,24.0,0.0,3106.0,0.0,0.0,0.0,0,1,19,16,0,4,9,61.436,,0
024,024034,Cornedo Vicentino,4189,0,3,22.0,33.0,0.0,11672.0,0.0,0.0,0.0,0,0,20,1,0,1,1,43.506,,0
024,024035,Costabissara,7886,0,5,59.0,126.0,0.0,7611.0,0.0,0.0,0.0,0,7,36,1,0,8,4,51.22,,0
024,024036,Creazzo,74277,0,3,372.0,64.0,94.62,11178.0,0.0,0.266,0.0,0,1,22,1,0,7,4,48.129,,0
024,024037,Crespadoro,3112,0,1,82.0,37.0,0.0,1216.0,0.0,0.0,5.888,1,0,9,34,0,2,1,36.477,,0
024,024038,Dueville,4037,0,5,24.0,22.0,0.0,13596.0,0.0,0.0,0.0,0,42,51,1,0,9,15,49.791,,0
024,024039,Enego,5174,0,1,85.0,266.0,0.0,1520.0,0.0,0.0,13.118,0,1,53,11,0,2,5,52.182,,0
024,024040,Fara Vicentino,4468,0,3,24.0,63.0,0.0,3710.0,0.0,0.0,0.0,0,0,14,1,0,1,0,50.26,,0
024,024041,Foza,3538,0,1,93.0,97.0,0.0,657.0,0.0,0.0,0.0,2,0,3,8,0,2,0,52.369,,0
024,024042,Gallio,101138,0,1,250.0,1814.0,54.0,2339.0,0.0,0.0,1.59,0,1,99,10,0,8,12,56.564,,0
024,024043,Gambellara,1964,0,3,0.0,44.0,0.0,3443.0,0.0,0.0,0.0,0,0,6,2,0,4,0,35.889,,0
024,024044,Gambugliano,672,0,3,0.0,9.0,0.0,845.0,0.0,0.0,0.0,0,0,1,0,0,1,0,47.823,,0
024,024046,Grisignano di Zocco,23598,0,5,136.0,45.0,17.65,4330.0,0.0,0.0,0.0,0,2,9,0,0,1,10,42.474,,0
024,024047,Grumolo delle Abbadesse,21150,0,5,159.0,39.0,0.0,3878.0,0.0,0.0,0.0,0,4,6,0,0,2,17,44.437,,0
024,024048,Isola Vicentina,4333,0,5,11.0,57.0,0.0,10321.0,0.0,0.0,0.0,0,1,17,1,0,8,4,50.538,,0
024,024049,Laghi,303,0,1,0.0,19.0,0.0,127.0,0.0,0.362,0.0,0,0,7,7,0,0,0,56.275,,0
024,024050,Lastebasse,391,0,1,41.0,33.0,0.0,178.0,0.0,0.13,0.0,0,0,14,4,0,0,0,62.675,,0
024,024051,Longare,6183,0,3,0.0,171.0,0.0,5480.0,0.0,0.0,0.0,0,1,12,5,0,3,2,49.864,,0
024,024052,Lonigo,29036,0,5,155.0,211.0,20.65,15976.0,0.0,0.0,0.0,0,2,31,2,0,3,40,38.894,,0
024,024053,Lugo di Vicenza,3103,0,1,0.0,67.0,0.0,3540.0,0.0,0.0,0.0,2,3,12,2,0,1,7,53.527,,0
024,024055,Malo,19321,0,5,125.0,28.0,22.4,14723.0,0.0,0.0,0.0,6,2,48,5,0,16,12,50.958,,0
024,024056,Marano Vicentino,6759,0,5,17.0,78.0,0.0,9283.0,0.0,0.0,0.0,0,2,18,1,0,6,12,53.907,,0
024,024057,Marostica,18498,0,3,114.0,228.0,0.0,14024.0,0.0,0.0,0.0,5,8,46,7,0,24,52,44.138,,0
024,024060,Montebello Vicentino,15701,0,3,84.0,64.0,80.95,6325.0,0.0,0.0,0.0,0,2,7,1,0,1,3,39.433,,0
024,024061,Montecchio Maggiore,144384,0,3,597.0,239.0,48.24,23622.0,0.0,0.0,0.0,4,4,32,7,0,8,0,42.698,,0
024,024062,Montecchio Precalcino,221,0,5,0.0,34.0,0.0,4916.0,0.0,0.0,0.0,0,4,22,0,0,2,6,50.701,,0
024,024063,Monte di Malo,2247,0,3,0.0,13.0,0.0,2824.0,0.0,0.189,0.0,1,0,10,1,0,2,1,46.723,,0
024,024064,Montegalda,6519,0,5,0.0,78.0,0.0,3354.0,0.0,0.0,0.0,1,10,8,0,0,1,1,46.344,,0
024,024065,Montegaldella,1048,0,5,0.0,30.0,0.0,1804.0,0.0,0.0,0.0,0,1,6,1,0,1,2,48.454,,0
024,024066,Monteviale,915,0,3,0.0,32.0,0.0,2791.0,0.0,0.0,0.0,0,0,4,5,0,1,4,49.069,,0
024,024067,Monticello Conte Otto,2809,0,5,20.0,57.0,0.0,9078.0,0.0,0.0,0.0,0,4,15,0,0,1,12,47.947,,0
024,024068,Montorso Vicentino,7625,0,3,37.0,14.0,0.0,3040.0,0.0,0.0,0.0,0,0,3,0,0,0,0,38.123,,0
024,024070,Mussolente,4996,0,5,56.0,95.0,66.07,7544.0,0.0,0.627,0.0,1,3,26,1,0,9,9,32.864,,0
024,024071,Nanto,931,0,3,0.0,36.0,0.0,3078.0,0.0,0.0,0.0,0,4,18,3,0,0,1,53.137,,0
024,024072,Nogarole Vicentino,980,0,3,14.0,0.0,0.0,1231.0,0.0,0.0,0.0,0,0,5,1,0,0,0,37.079,,0
024,024073,Nove,3890,0,5,71.0,3.0,100.0,4888.0,0.0,0.0,0.0,2,0,14,0,0,4,7,40.946,,0
024,024074,Noventa Vicentina,6979,0,5,67.0,46.0,0.0,9105.0,0.0,0.0,0.0,0,1,31,0,0,10,11,54.065,,0
024,024075,Orgiano,2396,0,5,0.0,10.0,0.0,3011.0,0.0,0.0,0.0,0,3,7,2,0,1,2,45.713,,0
024,024076,Pedemonte,530,0,1,0.0,12.0,0.0,666.0,0.0,0.0,0.0,0,0,3,8,0,0,0,60.889,,0
024,024077,Pianezze,596,0,3,0.0,34.0,0.0,2194.0,0.0,0.0,0.0,0,0,8,0,0,0,4,44.35,,0
024,024078,Piovene Rocchette,591,0,3,0.0,34.0,0.0,8249.0,0.0,0.0,0.0,0,1,10,4,0,8,15,57.935,,0
024,024079,Pojana Maggiore,1120,0,5,0.0,22.0,0.0,4251.0,0.0,0.0,0.0,0,3,11,3,0,2,0,49.902,,0
024,024080,Posina,2592,0,1,21.0,103.0,0.0,563.0,0.0,0.0,0.0,1,0,7,17,0,1,0,52.868,,0
024,024081,Pove del Grappa,10648,0,1,69.0,63.0,0.0,3153.0,0.0,0.0,0.0,0,0,9,1,0,5,12,40.707,,0
024,024082,Pozzoleone,2183,0,5,0.0,0.0,0.0,2743.0,0.0,0.0,0.002,0,1,4,0,0,10,15,40.306,,0
024,024083,Quinto Vicentino,2699,0,5,0.0,60.0,0.0,5811.0,0.0,0.0,0.0,0,7,7,0,0,4,31,43.766,,0
024,024084,Recoaro Terme,15764,0,1,384.0,539.0,24.74,5891.0,0.0,0.45,0.235,3,2,41,31,0,14,1,41.756,,0
024,024085,Roana,146418,0,1,687.0,4056.0,0.0,4152.0,0.0,0.0,26.637,6,13,63,12,0,9,13,63.784,,0
024,024086,Romano d'Ezzelino,16860,0,3,85.0,190.0,0.0,14216.0,0.0,0.0,0.212,1,1,54,6,0,17,54,36.831,,0
024,024087,Rosà,6922,0,5,29.0,86.0,0.0,14631.0,0.0,0.0,2.003,0,1,64,14,0,14,21,35.251,,0
024,024088,Rossano Veneto,6570,0,5,0.0,65.0,0.0,8255.0,0.0,0.0,0.038,0,2,9,0,0,4,6,30.916,,0
024,024089,Rotzo,3144,0,1,0.0,241.0,0.0,634.0,0.0,0.0,17.058,3,0,30,5,0,1,0,62.327,,0
024,024090,Salcedo,807,0,3,0.0,11.0,0.0,1014.0,0.0,0.0,0.0,0,0,6,0,0,0,2,49.985,,0
024,024091,Sandrigo,15188,0,5,77.0,55.0,0.0,8295.0,0.0,0.0,0.03,0,3,31,0,0,12,9,45.646,,0
024,024094,San Pietro Mussolino,1203,0,3,11.0,8.0,0.0,1512.0,0.0,0.0,0.0,0,1,5,2,0,2,0,35.585,,0
024,024095,Santorso,8809,0,3,0.0,149.0,0.0,5599.0,0.0,0.079,0.0,2,2,13,4,0,12,2,54.885,,0
024,024096,San Vito di Leguzzano,300,0,3,34.0,12.0,0.0,3542.0,0.0,0.067,0.0,2,0,6,3,0,3,6,49.406,,0
024,024097,Sarcedo,6640,0,3,0.0,92.0,0.0,5286.0,0.0,0.0,0.0,0,1,13,0,0,3,11,52.524,,0
024,024098,Sarego,3796,0,5,0.0,54.0,0.0,6779.0,0.0,0.0,0.0,0,2,12,2,0,2,14,41.346,,0
024,024099,Schiavon,2084,0,5,143.0,4.0,100.0,2618.0,0.0,0.0,0.0,2,3,9,0,0,3,8,42.701,,0
024,024100,Schio,67959,0,3,371.0,691.0,80.05,38752.0,0.0,0.0,0.0,10,9,82,21,0,56,35,51.419,,0
024,024101,Solagna,5289,0,1,47.0,175.0,0.0,1806.0,0.0,0.0,0.0,0,0,7,10,0,0,7,42.609,,0
024,024102,Sossano,3292,0,5,0.0,30.0,0.0,4137.0,0.0,0.0,0.0,1,3,7,3,0,7,3,49.491,,0
024,024103,Sovizzo,1124,0,3,0.0,58.0,0.0,7427.0,0.0,0.0,0.0,0,0,17,1,0,8,1,45.404,,0
024,024104,Tezze sul Brenta,30574,0,5,147.0,31.0,52.38,13012.0,0.0,0.0,0.235,0,1,33,1,0,6,19,35.94,,0
024,024105,Thiene,12737,0,5,104.0,113.0,0.0,23888.0,0.0,0.0,0.0,1,6,63,1,0,19,29,55.446,,0
024,024106,Tonezza del Cimone,29822,0,1,320.0,975.0,0.0,512.0,0.0,0.0,0.0,2,13,34,12,0,4,5,61.69,,0
024,024107,Torrebelvicino,2791,0,1,16.0,36.0,0.0,5841.0,0.0,0.0,0.0,0,0,12,6,0,4,11,47.87,,0
024,024108,Torri di Quartesolo,7483,0,5,200.0,114.0,0.0,11762.0,0.0,0.0,0.0,0,2,18,0,0,9,34,45.938,,0
024,024110,Trissino,5933,0,3,107.0,38.0,0.0,8655.0,0.0,0.0,0.0,0,2,33,3,0,7,0,40.63,,0
024,024111,Valdagno,4489,0,1,85.0,33.0,0.0,25780.0,0.0,0.0,0.0,2,4,67,3,0,17,2,41.676,,0
024,024112,Valdastico,930,0,1,14.0,31.0,0.0,1168.0,0.0,0.0,0.084,0,1,10,4,0,5,2,64.573,,0
024,024113,Valli del Pasubio,7256,0,1,35.0,152.0,0.0,3059.0,0.0,0.0,0.0,5,0,8,23,0,3,25,47.575,,0
024,024115,Velo d'Astico,1699,0,1,0.0,63.0,0.0,2246.0,0.0,0.0,0.0,0,0,4,11,0,0,1,56.681,,0
024,024116,Vicenza,570471,0,5,2394.0,3129.0,68.96,110299.0,0.0,0.0,2.823,10,123,221,6,0,171,419,51.173,City of Vicenza and the Palladian Villas of the Veneto,1
024,024117,Villaga,3132,0,3,0.0,125.0,0.0,1878.0,0.0,0.0,0.0,0,3,5,2,0,1,10,49.986,,0
024,024118,Villaverla,4590,0,5,35.0,98.0,0.0,5971.0,0.0,0.0,0.0,1,1,6,0,0,2,4,54.163,,0
024,024119,Zanè,10033,0,5,108.0,11.0,0.0,6552.0,0.0,0.0,0.0,0,1,16,0,0,4,0,56.797,,0
024,024120,Zermeghedo,1102,0,3,0.0,16.0,0.0,1336.0,0.0,0.0,0.0,0,0,3,0,0,2,0,39.118,,0
024,024121,Zovencedo,834,0,3,0.0,57.0,0.0,827.0,0.0,0.0,0.0,0,0,6,4,0,1,0,47.692,,0
024,024122,Zugliano,1696,0,3,16.0,42.0,0.0,6900.0,0.0,0.0,0.0,0,2,16,0,0,4,6,54.613,,0
024,024123,Val Liona,580,0,3,14.0,22.0,0.0,3058.0,0.0,0.0,0.0,1,1,6,9,0,0,2,45.532,,0
024,024124,Barbarano Mossano,3123,0,3,0.0,134.0,0.0,6233.0,0.0,0.0,0.0,0,3,23,8,0,3,12,53.034,,0
024,024125,Valbrenta,6389,0,1,109.0,325.0,0.0,4841.0,0.0,0.0,0.0,9,11,10,42,0,9,62,45.929,,0
024,024126,Colceresa,10094,0,5,0.0,127.0,0.0,5911.0,0.0,0.0,0.0,0,0,10,3,0,8,8,45.792,,0
024,024127,Lusiana Conco,12807,0,1,126.0,431.0,48.41,4555.0,0.0,0.0,0.0,4,0,41,19,1,5,54,49.975,,0
025,025001,Agordo,22863,0,1,105.0,135.0,0.0,4048.0,0.0,0.0,0.0,0,1,17,11,0,4,31,21.733,,0
025,025002,Alano di Piave,18865,0,1,76.0,67.0,0.0,2737.0,0.0,0.0,0.0,2,0,5,5,0,5,4,37.399,,0
025,025003,Alleghe,176295,0,1,918.0,919.0,28.32,1095.0,0.0,0.0,0.0,0,1,46,12,0,3,14,31.091,,0
025,025004,Arsiè,38547,0,1,19.0,924.0,0.0,2164.0,0.0,0.0,0.0,1,0,6,6,0,1,39,44.39,,0
025,025005,Auronzo di Cadore,306826,0,1,1681.0,3433.0,37.66,3047.0,0.0,4.622,0.275,1,7,37,97,1,4,74,44.905,,0
025,025006,Belluno,146205,0,1,509.0,2188.0,33.01,35546.0,0.0,0.252,0.0,5,17,154,42,0,52,378,3.624,,0
025,025007,Borca di Cadore,113221,0,1,595.0,711.0,38.82,822.0,0.0,0.0,0.0,0,0,7,7,0,1,15,30.517,,0
025,025008,Calalzo di Cadore,45452,0,1,230.0,528.0,0.0,1838.0,0.0,0.0,0.0,0,1,10,10,0,6,18,35.122,,0
025,025010,Cencenighe Agordino,6017,0,1,32.0,138.0,0.0,1218.0,0.0,1.27,0.0,0,0,7,4,0,4,10,29.4,,0
025,025011,Cesiomaggiore,6894,0,1,0.0,283.0,0.0,3944.0,0.0,0.0,0.0,2,23,11,14,0,3,57,23.179,,0
025,025012,Chies d'Alpago,9042,0,1,0.0,126.0,0.0,1246.0,0.0,0.0,0.014,1,1,6,17,0,3,19,13.705,,0
025,025013,Cibiana di Cadore,7085,0,1,0.0,183.0,0.0,321.0,0.0,0.0,0.0,2,45,5,4,0,2,10,23.216,,0
025,025014,Colle Santa Lucia,21124,0,1,111.0,272.0,0.0,346.0,0.0,0.0,0.0,0,0,5,9,0,2,14,37.836,,0
025,025015,Comelico Superiore,87940,0,1,326.0,1570.0,11.04,2060.0,0.0,0.38,0.087,3,3,45,37,0,0,22,54.214,,0
025,025016,Cortina d'Ampezzo,994456,0,1,4742.0,10107.0,51.6,5529.0,0.0,3.607,112.01,5,8,275,152,0,15,198,44.555,The Dolomites,1
025,025017,Danta di Cadore,4502,0,1,25.0,128.0,0.0,432.0,0.0,0.104,0.0,0,0,5,0,0,0,14,48.34,,0
025,025018,Domegge di Cadore,9018,0,1,0.0,325.0,0.0,2230.0,0.0,0.0,0.106,0,2,6,18,0,1,10,34.322,,0
025,025019,Falcade,294300,0,1,1338.0,2771.0,11.43,1776.0,0.0,0.538,0.141,1,1,68,24,0,7,33,37.739,,0
025,025021,Feltre,50503,0,1,213.0,663.0,0.0,20489.0,0.0,0.0,1.41,8,79,30,15,0,47,180,29.244,,0
025,025022,Fonzaso,2404,0,1,20.0,56.0,0.0,3012.0,0.0,0.0,0.0,0,7,12,1,0,7,19,38.845,,0
025,025023,Canale d'Agordo,47495,0,1,81.0,1473.0,0.0,1057.0,0.0,0.0,0.294,3,1,2,25,0,2,9,33.34,,0
025,025025,Gosaldo,3955,0,1,0.0,213.0,0.0,521.0,0.0,0.0,0.044,1,0,7,7,0,0,31,21.774,,0
025,025026,Lamon,9367,0,1,47.0,222.0,0.0,2605.0,0.0,0.0,0.0,0,0,7,6,0,7,66,42.368,,0
025,025027,La Valle Agordina,1382,0,1,0.0,58.0,0.0,1061.0,0.0,0.0,0.0,0,0,2,13,0,1,14,17.257,,0
025,025029,Limana,9458,0,1,25.0,149.0,0.0,5397.0,0.0,0.0,0.0,1,1,14,3,0,4,27,10.606,,0
025,025030,Livinallongo del Col di Lana,398415,0,1,1971.0,1366.0,13.34,1234.0,0.0,0.102,0.025,4,3,126,55,0,3,44,44.442,,0
025,025032,Lorenzago di Cadore,9663,0,1,45.0,202.0,0.0,551.0,0.0,0.0,0.008,1,1,22,14,0,2,10,37.316,,0
025,025033,Lozzo di Cadore,5189,0,1,0.0,184.0,0.0,1247.0,0.0,0.0,0.0,1,0,9,24,0,0,4,40.347,,0
025,025035,Ospitale di Cadore,1278,0,1,0.0,17.0,0.0,267.0,0.0,0.0,0.052,0,0,4,11,0,1,7,18.497,,0
025,025036,Pedavena,9908,0,1,49.0,175.0,0.0,4321.0,0.0,0.0,0.0,1,7,26,3,0,5,33,33.21,,0
025,025037,Perarolo di Cadore,5306,0,1,0.0,166.0,0.0,361.0,0.0,0.0,0.171,1,0,8,5,0,1,10,23.797,,0
025,025039,Pieve di Cadore,62901,0,1,184.0,970.0,16.85,3571.0,0.0,0.056,0.345,5,2,12,23,0,10,30,29.606,,0
025,025040,Ponte nelle Alpi,21851,0,1,170.0,155.0,0.0,7920.0,0.0,3.944,0.0,0,2,39,6,0,16,95,3.468,,0
025,025043,Rivamonte Agordino,2782,0,1,0.0,105.0,0.0,601.0,0.0,0.0,0.0,1,0,3,1,0,0,21,18.235,,0
025,025044,Rocca Pietore,199998,0,1,1203.0,2209.0,7.9,1142.0,0.0,0.299,0.0,0,6,48,27,0,3,42,38.129,,0
025,025045,San Gregorio nelle Alpi,2709,0,1,0.0,121.0,0.0,1562.0,0.0,0.0,0.0,1,5,4,5,0,0,12,17.694,,0
025,025046,San Nicolò di Comelico,10291,0,1,0.0,183.0,0.0,384.0,0.0,0.0,0.0,0,0,5,4,0,3,6,54.981,,0
025,025047,San Pietro di Cadore,14841,0,1,60.0,595.0,0.0,1472.0,0.0,0.0,0.0,1,1,4,19,0,4,19,57.112,,0
025,025048,Santa Giustina,11343,0,1,18.0,270.0,0.0,6579.0,0.0,0.0,0.0,0,12,12,2,0,7,27,18.584,,0
025,025049,San Tomaso Agordino,4060,0,1,0.0,167.0,0.0,598.0,0.0,0.0,0.0,0,0,1,7,0,0,12,32.343,,0
025,025050,Santo Stefano di Cadore,46092,0,1,171.0,1041.0,0.0,2320.0,0.0,0.0,0.006,0,3,9,30,0,5,23,53.307,,0
025,025051,San Vito di Cadore,188134,0,1,869.0,1866.0,14.38,1933.0,0.0,0.729,0.0,1,2,20,23,0,9,22,34.576,,0
025,025053,Sedico,10590,0,1,40.0,247.0,0.0,10135.0,0.0,0.0,0.0,1,3,25,13,0,7,53,9.955,,0
025,025054,Selva di Cadore,130354,0,1,545.0,1671.0,16.7,498.0,0.0,0.0,0.0,1,0,26,12,0,3,14,34.344,,0
025,025055,Seren del Grappa,4641,0,1,17.0,147.0,0.0,2321.0,0.0,0.0,0.0,1,13,3,9,0,6,18,39.957,,0
025,025056,Sospirolo,16794,0,1,0.0,198.0,0.0,3137.0,0.0,0.0,0.0,0,1,7,10,0,3,45,14.534,,0
025,025057,Soverzene,450,0,1,0.0,3.0,0.0,359.0,0.0,1.03,0.0,0,0,3,5,0,0,5,8.094,,0
025,025058,Sovramonte,13991,0,1,18.0,329.0,0.0,1326.0,0.0,0.0,0.0,1,2,6,11,0,6,31,36.063,,0
025,025059,Taibon Agordino,10999,0,1,17.0,169.0,0.0,1717.0,0.0,0.085,0.233,0,2,1,19,0,1,18,26.784,,0
025,025060,Tambre,8322,0,1,123.0,280.0,0.0,1279.0,0.0,0.0,0.765,4,6,7,28,0,5,27,15.32,,0
025,025062,Vallada Agordina,571,0,1,0.0,100.0,0.0,456.0,0.0,0.0,0.0,0,0,2,5,0,0,4,33.696,,0
025,025063,Valle di Cadore,33185,0,1,62.0,462.0,0.0,1846.0,0.0,0.056,0.0,1,1,4,5,0,0,10,26.689,,0
025,025065,Vigo di Cadore,18821,0,1,93.0,691.0,0.0,1340.0,0.0,0.0,0.02,0,0,12,15,0,3,8,43.453,,0
025,025066,Vodo Cadore,23598,0,1,14.0,400.0,0.0,819.0,0.0,0.0,0.0,0,1,5,14,0,1,6,27.719,,0
025,025067,Voltago Agordino,11882,0,1,32.0,155.0,0.0,807.0,0.0,0.0,0.0,0,0,7,7,0,0,12,23.385,,0
025,025069,Zoppè di Cadore,238,0,1,0.0,40.0,0.0,190.0,0.0,0.0,0.0,0,1,0,0,0,0,3,25.308,,0
025,025070,Quero Vas,3870,0,1,18.0,73.0,0.0,3088.0,0.0,0.0,0.0,1,3,21,6,0,6,4,34.666,,0
025,025071,Longarone,10685,0,1,128.0,160.0,0.0,5012.0,0.0,0.0,0.114,4,3,21,35,0,1,73,10.89,,0
025,025072,Alpago,43309,0,1,201.0,912.0,0.0,6601.0,0.0,14.922,0.0,0,4,37,19,0,13,63,9.76,,0
025,025073,Val di Zoldo,224457,0,1,518.0,3294.0,13.71,2778.0,0.0,0.248,0.0,1,6,60,57,0,1,42,22.065,,0
025,025074,Borgo Valbelluna,24283,0,1,109.0,611.0,0.0,13475.0,0.0,0.157,0.001,2,10,34,32,1,10,71,19.365,,0
026,026001,Altivole,5499,0,5,0.0,65.0,0.0,7077.0,0.0,0.0,0.104,0,9,10,0,0,6,0,21.819,,0
026,026002,Arcade,945,0,5,25.0,25.0,0.0,4475.0,0.0,0.0,0.0,0,4,6,0,0,4,0,14.879,,0
026,026003,Asolo,31879,0,3,168.0,300.0,55.95,8969.0,0.0,0.0,0.0,1,9,28,0,0,22,12,26.939,,0
026,026004,Borso del Grappa,53618,0,3,147.0,604.0,0.0,5931.0,0.0,0.0,0.0,0,0,27,9,1,9,2,37.783,,0
026,026005,Breda di Piave,15266,0,5,71.0,61.0,0.0,7665.0,0.0,0.0,0.0,0,0,25,0,0,2,2,14.989,,0
026,026006,Caerano di San Marco,10411,0,5,50.0,78.0,0.0,7853.0,0.0,0.0,0.0,0,5,18,0,0,13,16,21.268,,0
026,026007,Cappella Maggiore,2965,0,3,0.0,54.0,0.0,4629.0,0.0,0.0,0.0,0,2,19,0,0,1,8,20.188,,0
026,026008,Carbonera,2577,0,5,0.0,54.0,0.0,11252.0,0.0,0.0,0.0,0,1,33,0,0,4,1,10.163,,0
026,026009,Casale sul Sile,20227,0,5,0.0,232.0,0.0,13101.0,0.0,0.0,0.0,0,0,34,3,0,3,9,10.492,,0
026,026010,Casier,5006,0,5,0.0,98.0,0.0,11423.0,0.0,0.0,0.0,0,3,18,1,0,1,34,6.339,,0
026,026011,Castelcucco,1374,0,3,25.0,34.0,0.0,2331.0,0.0,0.0,0.0,0,0,5,0,0,5,1,30.954,,0
026,026012,Castelfranco Veneto,91525,0,5,438.0,348.0,81.51,33057.0,0.0,1.997,0.646,4,33,97,2,0,49,109,20.219,,0
026,026013,Castello di Godego,8140,0,5,40.0,74.0,0.0,7007.0,0.0,0.351,5.27,0,0,15,2,0,4,3,25.222,,0
026,026014,Cavaso del Tomba,9620,0,3,84.0,124.0,0.0,2931.0,0.0,0.0,0.0,0,0,7,2,0,3,2,32.782,,0
026,026015,Cessalto,13825,0,5,0.0,103.0,0.0,3791.0,0.0,0.0,0.0,0,0,7,0,0,0,3,31.668,,0
026,026016,Chiarano,5808,0,5,0.0,65.0,0.0,3629.0,0.0,0.0,0.0,0,0,7,0,0,2,5,30.569,,0
026,026017,Cimadolmo,2665,0,5,0.0,48.0,0.0,3374.0,0.0,0.0,0.0,0,0,13,0,0,2,0,19.172,,0
026,026018,Cison di Valmarino,22576,0,3,117.0,257.0,72.65,2465.0,0.0,0.0,0.059,0,1,7,10,0,2,6,22.126,,0
026,026019,Codognè,16085,0,5,70.0,98.0,0.0,5237.0,0.0,0.0,0.0,0,0,17,0,0,3,4,22.275,,0
026,026020,Colle Umberto,6828,0,3,53.0,35.0,0.0,5030.0,0.0,0.0,0.0,1,2,16,0,0,1,3,21.656,,0
026,026021,Conegliano,108512,0,3,477.0,634.0,49.27,34471.0,0.0,0.534,0.0,5,20,95,1,0,58,153,27.785,,0
026,026022,Cordignano,5475,0,5,0.0,91.0,0.0,6862.0,0.0,0.0,0.0,0,3,15,1,0,2,0,16.397,,0
026,026023,Cornuda,2102,0,3,0.0,119.0,0.0,6196.0,0.0,0.0,1.406,1,0,30,2,0,7,15,25.509,,0
026,026025,Crocetta del Montello,5751,0,3,0.0,107.0,0.0,5990.0,0.0,0.0,0.0,0,1,14,0,0,5,16,22.48,,0
026,026026,Farra di Soligo,21412,0,3,80.0,307.0,100.0,8540.0,0.0,0.0,0.0,0,0,13,8,0,4,0,28.816,,0
026,026027,Follina,18192,0,3,133.0,229.0,44.36,3614.0,0.0,0.0,0.0,0,0,11,11,0,2,2,24.32,,0
026,026028,Fontanelle,397,0,5,0.0,29.0,0.0,5707.0,0.0,0.0,0.0,0,1,4,0,0,3,0,25.461,,0
026,026029,Fonte,1426,0,3,0.0,47.0,0.0,6026.0,0.0,0.0,0.0,0,1,16,0,0,11,8,29.262,,0
026,026030,Fregona,6364,0,3,21.0,113.0,0.0,2742.0,0.0,0.0,0.05,0,3,4,20,0,0,2,17.493,,0
026,026031,Gaiarine,3776,0,5,0.0,43.0,0.0,5910.0,0.0,1.129,1.077,1,0,22,0,0,1,0,17.973,,0
026,026032,Giavera del Montello,2353,0,3,0.0,63.0,0.0,5115.0,0.0,0.0,0.0,0,2,6,0,0,5,9,16.776,,0
026,026033,Godega di Sant'Urbano,11963,0,5,63.0,20.0,0.0,5995.0,0.0,0.272,0.0,0,2,14,0,0,2,8,19.734,,0
026,026034,Gorgo al Monticano,6629,0,5,98.0,28.0,100.0,4007.0,0.0,0.0,0.918,0,0,12,0,0,4,7,27.567,,0
026,026035,Istrana,4029,0,5,23.0,26.0,0.0,9106.0,0.0,0.0,0.0,0,0,27,1,0,7,31,8.847,,0
026,026036,Loria,3088,0,5,18.0,20.0,0.0,9300.0,0.0,0.0,0.408,0,0,12,1,0,13,2,28.143,,0
026,026037,Mansuè,3386,0,5,0.0,35.0,0.0,4970.0,0.0,0.0,3.137,0,0,11,1,0,0,7,23.412,,0
026,026038,Mareno di Piave,2551,0,5,0.0,73.0,0.0,9455.0,0.0,0.0,0.0,0,0,32,0,0,6,11,23.632,,0
026,026039,Maser,11129,0,3,17.0,86.0,0.0,5117.0,0.0,0.0,0.0,0,2,21,1,0,11,7,24.631,,0
026,026040,Maserada sul Piave,4243,0,5,25.0,32.0,0.0,9196.0,0.0,0.0,0.0,0,0,21,0,0,6,4,15.827,,0
026,026041,Meduna di Livenza,2033,0,5,45.0,20.0,0.0,2984.0,0.0,0.0,1.654,0,1,7,0,0,0,4,24.707,,0
026,026042,Miane,5879,0,3,0.0,226.0,0.0,3098.0,0.0,0.104,0.0,0,0,4,7,0,3,0,27.961,,0
026,026043,Mogliano Veneto,169598,0,5,881.0,417.0,94.67,27903.0,0.0,0.0,0.0,0,3,62,0,0,15,54,10.119,,0
026,026044,Monastier di Treviso,64710,0,5,354.0,24.0,100.0,4450.0,0.0,0.0,0.0,0,2,31,0,0,2,1,18.723,,0
026,026045,Monfumo,4130,0,3,0.0,113.0,0.0,1296.0,0.0,0.0,0.0,0,0,4,0,0,2,0,28.649,,0
026,026046,Montebelluna,31028,0,5,235.0,284.0,27.23,31309.0,0.0,0.0,0.0,1,41,57,1,0,46,114,17.98,,0
026,026047,Morgano,5071,0,5,0.0,22.0,0.0,4443.0,0.0,0.0,0.002,0,0,8,0,0,1,4,6.958,,0
026,026048,Moriago della Battaglia,141,0,3,0.0,23.0,0.0,2815.0,0.0,0.0,0.0,0,0,5,0,0,2,19,24.828,,0
026,026049,Motta di Livenza,3751,0,5,29.0,159.0,0.0,10686.0,0.0,0.0,1.388,0,0,26,1,0,3,8,29.577,,0
026,026050,Nervesa della Battaglia,6739,0,5,0.0,177.0,0.0,6570.0,0.0,0.0,0.0,2,0,11,0,1,2,16,18.982,,0
026,026051,Oderzo,30093,0,5,216.0,172.0,62.04,20160.0,0.0,0.699,0.0,4,5,71,0,0,8,11,27.47,,0
026,026052,Ormelle,847,0,5,0.0,36.0,0.0,4543.0,0.0,0.0,0.0,0,0,4,0,0,1,1,22.514,,0
026,026053,Orsago,2625,0,5,25.0,7.0,0.0,3799.0,0.0,0.0,0.0,0,0,10,1,0,1,3,17.105,,0
026,026055,Paese,10088,0,5,60.0,79.0,0.0,22137.0,0.0,0.0,0.0,0,0,56,0,0,6,51,6.135,,0
026,026056,Pederobba,2499,0,3,0.0,84.0,0.0,7356.0,0.0,0.0,1.333,0,2,25,2,0,5,15,29.572,,0
026,026057,Pieve di Soligo,21814,0,3,205.0,233.0,45.37,11563.0,0.0,0.0,0.0,0,1,26,0,0,11,11,28.563,,0
026,026058,Ponte di Piave,19272,0,5,159.0,95.0,0.0,8296.0,0.0,0.0,0.0,1,0,15,1,0,10,7,23.272,,0
026,026059,Ponzano Veneto,26797,0,5,189.0,47.0,90.48,13005.0,0.0,0.346,0.0,0,1,30,0,0,1,61,8.153,,0
026,026060,Portobuffolè,505,0,5,0.0,16.0,0.0,741.0,0.0,0.0,1.922,1,3,3,0,0,0,1,20.516,,0
026,026061,Possagno,2641,0,3,0.0,119.0,0.0,2294.0,0.0,0.115,0.0,2,0,9,3,0,7,0,35.28,,0
026,026062,Povegliano,1715,0,5,0.0,31.0,0.0,5100.0,0.0,0.0,0.0,0,0,13,0,0,1,13,11.778,,0
026,026063,Preganziol,95008,0,5,374.0,316.0,76.74,16773.0,0.0,0.0,0.0,0,2,34,0,0,7,74,5.379,,0
026,026064,Quinto di Treviso,47333,0,5,333.0,60.0,80.48,10039.0,0.0,0.0,0.216,0,1,21,3,0,5,53,3.003,,0
026,026065,Refrontolo,3956,0,3,0.0,137.0,0.0,1708.0,0.0,0.0,0.0,0,0,9,1,0,2,0,27.824,,0
026,026066,Resana,733,0,5,25.0,20.0,0.0,9401.0,0.0,1.043,0.0,0,0,54,0,0,1,34,17.692,,0
026,026067,Revine Lago,14674,0,3,54.0,342.0,0.0,2108.0,0.0,0.0,0.0,0,1,7,6,0,0,2,18.528,,0
026,026068,Riese Pio X,9857,0,5,57.0,36.0,0.0,10926.0,0.0,0.0,8.707,1,28,28,1,0,13,3,23.47,,0
026,026069,Roncade,24064,0,5,76.0,266.0,0.0,14612.0,0.0,0.0,0.0,0,2,41,1,0,6,2,12.612,,0
026,026070,Salgareda,10386,0,5,37.0,108.0,100.0,6525.0,0.0,0.0,0.01,0,2,19,2,0,3,0,25.847,,0
026,026071,San Biagio di Callalta,13816,0,5,101.0,166.0,0.0,12705.0,0.0,0.0,0.0,0,1,33,0,0,7,14,15.681,,0
026,026072,San Fior,6019,0,5,62.0,22.0,0.0,6818.0,0.0,0.0,0.0,0,3,22,0,0,3,2,22.893,,0
026,026073,San Pietro di Feletto,19094,0,3,44.0,229.0,100.0,5110.0,0.0,0.0,0.0,0,1,21,1,1,0,6,28.69,,0
026,026074,San Polo di Piave,2865,0,5,17.0,33.0,0.0,4876.0,0.0,0.0,0.0,0,0,14,0,0,1,0,22.265,,0
026,026075,Santa Lucia di Piave,404,0,5,0.0,29.0,0.0,9133.0,0.0,0.0,0.0,0,1,7,0,0,3,4,21.793,,0
026,026076,San Vendemiano,16828,0,5,68.0,89.0,0.0,9853.0,0.0,0.47,0.0,0,1,31,0,0,9,18,25.37,,0
026,026077,San Zenone degli Ezzelini,7447,0,5,62.0,124.0,0.0,7286.0,0.0,0.0,0.0,2,4,16,1,0,8,15,31.054,,0
026,026078,Sarmede,1700,0,3,10.0,91.0,0.0,2968.0,0.0,0.0,0.0,0,0,5,1,0,0,0,16.548,,0
026,026079,Segusino,2329,0,3,0.0,82.0,0.0,1813.0,0.0,0.0,0.0,0,0,4,2,0,2,0,33.696,,0
026,026080,Sernaglia della Battaglia,2006,0,3,0.0,46.0,0.0,6077.0,0.0,0.0,0.0,0,0,19,2,0,7,16,24.468,,0
026,026081,Silea,47198,0,5,190.0,241.0,100.0,10501.0,0.0,0.0,0.0,0,1,34,0,0,6,5,10.327,,0
026,026082,Spresiano,41735,0,5,210.0,95.0,88.57,12328.0,0.0,0.0,0.0,0,0,34,1,0,6,4,15.431,,0
026,026083,Susegana,31256,0,3,128.0,228.0,52.34,11718.0,0.0,0.0,0.0,1,3,27,2,0,3,25,22.667,,0
026,026084,Tarzo,29844,0,3,58.0,610.0,0.0,4160.0,0.0,0.0,0.0,0,2,14,2,0,2,3,22.598,Le Colline del Prosecco di Conegliano e Valdobbiadene,1
026,026085,Trevignano,3484,0,5,0.0,66.0,0.0,10713.0,0.0,0.0,0.0,0,0,31,0,0,8,30,12.329,,0
026,026086,Treviso,407572,0,5,1059.0,2816.0,44.29,85322.0,0.0,3.192,0.005,10,37,204,3,0,80,343,3.139,,0
026,026087,Valdobbiadene,63054,0,3,128.0,901.0,59.38,9955.0,0.0,0.0,0.0,0,2,18,12,1,11,19,32.436,,0
026,026088,Vazzola,4614,0,5,34.0,4.0,0.0,6772.0,0.0,0.0,0.0,0,0,19,0,0,4,10,24.908,,0
026,026089,Vedelago,19350,0,5,162.0,169.0,37.65,16595.0,0.0,0.0,0.009,0,3,33,0,0,14,58,14.165,,0
026,026090,Vidor,2792,0,3,0.0,73.0,0.0,3645.0,0.0,0.0,0.0,0,0,6,2,0,2,12,27.003,,0
026,026091,Villorba,90228,0,5,491.0,343.0,82.28,17571.0,0.0,0.0,0.52,1,3,51,0,1,11,80,10.04,,0
026,026092,Vittorio Veneto,80484,0,3,143.0,970.0,0.0,27210.0,0.0,5.623,0.0,8,61,103,21,1,13,181,18.421,,0
026,026093,Volpago del Montello,8073,0,3,20.0,149.0,0.0,10055.0,0.0,0.0,0.0,0,0,22,1,0,12,27,16.086,,0
026,026094,Zenson di Piave,517,0,5,0.0,23.0,0.0,1732.0,0.0,0.0,0.0,0,0,5,0,0,1,0,21.885,,0
026,026095,Zero Branco,5763,0,5,0.0,133.0,0.0,11629.0,0.0,0.0,0.0,0,1,21,1,0,6,0,6.087,,0
026,026096,Pieve del Grappa,35737,0,3,110.0,584.0,47.27,6657.0,0.0,0.261,0.0,2,4,41,25,0,13,6,35.85,,0
027,027001,Annone Veneto,293,0,5,0.0,5.0,0.0,3808.0,0.0,0.846,0.005,0,0,7,0,0,5,6,30.632,,0
027,027002,Campagna Lupia,26986,0,5,151.0,87.0,0.0,7195.0,0.0,0.0,5.038,2,5,20,2,0,8,12,23.156,,0
027,027003,Campolongo Maggiore,1002,0,5,0.0,38.0,0.0,10720.0,0.0,0.0,0.0,0,2,20,0,0,2,12,29.469,,0
027,027004,Camponogara,490,0,5,0.0,42.0,0.0,13001.0,0.0,0.0,0.0,0,12,29,0,0,2,36,24.761,,0
027,027005,Caorle,4426817,0,5,11511.0,45760.0,19.18,11115.0,18.259,0.802,33.511,1,48,415,7,6,26,69,43.356,,0
027,027006,Cavarzere,10993,0,5,49.0,51.0,0.0,12823.0,0.0,0.0,0.521,0,0,22,0,0,2,6,45.926,,0
027,027007,Ceggia,19057,0,5,0.0,135.0,0.0,6203.0,0.0,0.0,0.0,0,2,19,0,0,1,15,30.748,,0
027,027008,Chioggia,1651277,0,5,3715.0,26532.0,16.47,47581.0,13.911,0.0,1.749,6,7,130,13,2,62,140,32.8,,0
027,027009,Cinto Caomaggiore,869,0,5,0.0,52.0,0.0,3203.0,0.0,10.652,5.297,0,0,10,2,0,3,6,27.33,,0
027,027010,Cona,532,0,5,0.0,29.0,0.0,2750.0,0.0,0.0,0.0,0,0,6,0,0,1,8,41.846,,0
027,027011,Concordia Sagittaria,4667,0,5,38.0,75.0,0.0,10252.0,0.0,0.0,1.068,2,8,30,2,0,8,13,39.081,,0
027,027012,Dolo,45400,0,5,260.0,318.0,12.31,14947.0,0.0,0.573,0.0,1,56,28,3,0,10,38,22.599,,0
027,027013,Eraclea,480398,0,5,958.0,7130.0,25.78,11943.0,2.675,0.0,0.0,0,6,80,2,1,11,31,30.642,,0
027,027014,Fiesso d'Artico,9835,0,5,155.0,46.0,83.87,8512.0,0.0,0.0,0.0,0,21,17,0,0,3,14,26.255,,0
027,027015,Fossalta di Piave,2640,0,5,21.0,20.0,0.0,4196.0,0.0,0.0,0.0,0,0,11,0,0,2,0,20.206,,0
027,027016,Fossalta di Portogruaro,1339,0,5,0.0,67.0,0.0,5731.0,0.0,0.618,0.0,1,2,29,0,0,3,9,36.909,,0
027,027017,Fossò,3190,0,5,45.0,13.0,0.0,7058.0,0.0,0.0,0.0,0,3,17,0,0,2,19,27.684,,0
027,027018,Gruaro,4088,0,5,15.0,34.0,0.0,2706.0,0.0,0.261,0.259,0,0,16,1,0,2,6,29.621,,0
027,027019,Jesolo,5496611,0,5,31592.0,38244.0,33.94,26937.0,16.34,3.202,0.0,4,80,752,13,6,96,146,22.488,,0
027,027020,Marcon,75915,0,5,339.0,202.0,85.84,17689.0,0.0,0.0,0.374,0,2,34,1,0,4,60,5.675,,0
027,027021,Martellago,6640,0,5,0.0,146.0,0.0,21329.0,0.0,0.0,0.654,0,2,43,1,0,6,66,12.996,,0
027,027022,Meolo,20653,0,5,129.0,92.0,87.6,6162.0,0.0,0.0,0.0,1,0,12,1,0,1,7,15.12,,0
027,027023,Mira,155362,0,5,647.0,969.0,73.26,37613.0,0.0,0.288,0.0,0,47,68,1,0,14,102,16.34,,0
027,027024,Mirano,111236,0,5,826.0,341.0,23.12,27078.0,0.0,0.0,0.0,1,23,70,0,0,9,99,19.94,,0
027,027025,Musile di Piave,6263,0,5,20.0,70.0,0.0,11419.0,0.0,0.0,0.0,0,0,20,0,0,10,9,17.318,,0
027,027026,Noale,39777,0,5,341.0,231.0,26.39,16169.0,0.0,0.0,0.312,0,1,22,1,1,5,21,14.449,,0
027,027027,Noventa di Piave,176643,0,5,789.0,142.0,89.86,6970.0,0.0,0.0,0.0,0,0,30,0,0,9,5,23.97,,0
027,027028,Pianiga,26955,0,5,165.0,39.0,0.0,12206.0,0.0,0.0,0.0,0,3,29,0,0,4,23,25.059,,0
027,027029,Portogruaro,42050,0,5,202.0,344.0,41.09,24398.0,0.0,0.0,3.679,3,22,92,3,0,28,72,36.355,,0
027,027030,Pramaggiore,365,0,5,0.0,30.0,0.0,4741.0,0.0,0.0,0.004,1,0,10,0,0,0,6,27.511,,0
027,027031,Quarto d'Altino,167336,0,5,673.0,578.0,67.61,8068.0,0.0,0.0,0.0,1,0,15,0,0,4,22,7.896,,0
027,027032,Salzano,11335,0,5,56.0,110.0,0.0,12792.0,0.0,2.346,0.647,2,1,17,1,0,8,29,14.325,,0
027,027033,San Donà di Piave,72646,0,5,362.0,251.0,34.25,41848.0,0.0,0.0,0.0,1,21,134,0,0,30,36,23.706,,0
027,027034,San Michele al Tagliamento,5572705,0,5,12291.0,65605.0,45.94,11376.0,11.437,0.0,14.261,0,32,431,6,1,31,164,38.49,,0
027,027035,Santa Maria di Sala,4746,0,5,80.0,42.0,70.0,17386.0,0.0,0.0,0.0,0,3,35,0,0,4,39,20.817,,0
027,027036,San Stino di Livenza,15853,0,5,79.0,102.0,0.0,12743.0,0.0,0.0,0.809,0,9,50,2,1,4,21,38.012,,0
027,027037,Scorzè,10472,0,5,101.0,75.0,0.0,19068.0,0.0,0.0,0.0,0,3,49,1,0,9,46,9.111,,0
027,027038,Spinea,18999,0,5,46.0,239.0,0.0,27676.0,0.0,0.0,0.0,0,7,29,0,0,12,56,15.287,,0
027,027039,Stra,56960,0,5,278.0,50.0,0.0,7544.0,0.0,0.0,0.0,1,52,34,0,0,2,9,27.079,,0
027,027040,Teglio Veneto,173,0,5,0.0,6.0,0.0,2250.0,0.0,0.0,0.001,0,0,7,0,0,4,6,33.063,,0
027,027041,Torre di Mosto,4452,0,5,0.0,143.0,0.0,4794.0,0.0,0.0,0.0,0,0,23,0,0,2,8,33.26,,0
027,027042,Venezia,13290973,0,5,31988.0,53710.0,61.73,250290.0,45.218,4.705,0.001,60,138,434,11,0,253,906,4.079,Venice and its Lagoon,1
027,027043,Vigonovo,7348,0,5,17.0,63.0,0.0,9849.0,0.0,0.0,0.0,0,4,26,0,0,3,11,29.448,,0
027,027044,Cavallino-Treporti,6761224,0,5,1818.0,69957.0,20.02,13266.0,14.466,0.047,0.0,1,4,226,35,6,43,106,12.048,,0
028,028001,Abano Terme,1860546,0,5,10938.0,531.0,66.05,20433.0,0.0,0.081,2.102,4,18,200,2,0,15,69,44.923,,0
028,028002,Agna,1077,0,5,0.0,10.0,0.0,3138.0,0.0,0.0,0.0,0,0,18,0,0,0,2,47.395,,0
028,028003,Albignasego,34506,0,5,138.0,207.0,0.0,27119.0,0.0,0.0,0.0,0,2,37,1,0,4,51,41.589,,0
028,028004,Anguillara Veneta,1427,0,5,0.0,20.0,0.0,4159.0,0.0,0.0,0.0,0,2,3,1,0,1,3,53.601,,0
028,028005,Arquà Petrarca,9858,0,3,30.0,242.0,0.0,1796.0,0.0,0.0,12.664,0,0,11,9,0,4,5,55.647,,0
028,028006,Arre,708,0,5,0.0,10.0,0.0,2062.0,0.0,0.0,0.0,0,1,13,0,0,1,8,45.841,,0
028,028007,Arzergrande,342,0,5,0.0,26.0,0.0,4814.0,0.0,0.0,0.0,1,0,8,1,0,1,2,34.824,,0
028,028008,Bagnoli di Sopra,1159,0,5,0.0,17.0,0.0,3376.0,0.0,0.0,0.0,0,1,19,0,0,0,6,50.387,,0
028,028009,Baone,12883,0,3,0.0,223.0,0.0,3078.0,0.0,0.0,24.632,1,3,11,5,0,0,15,59.316,,0
028,028010,Barbona,196,0,5,0.0,0.0,0.0,571.0,0.0,0.0,0.0,0,0,11,0,0,0,0,68.265,,0
028,028011,Battaglia Terme,2811,0,3,40.0,202.0,0.0,3785.0,0.0,0.354,5.771,1,6,21,3,0,4,7,50.469,,0
028,028012,Boara Pisani,11145,0,5,110.0,13.0,0.0,2372.0,0.0,0.0,0.0,0,1,26,0,0,4,4,60.242,,0
028,028013,Borgoricco,4475,0,5,0.0,34.0,0.0,9002.0,0.0,0.0,0.0,1,0,56,0,0,4,8,21.589,,0
028,028014,Bovolenta,1327,0,5,0.0,47.0,0.0,3427.0,0.0,0.0,0.0,0,8,25,0,0,1,21,40.628,,0
028,028015,Brugine,1757,0,5,0.0,29.0,0.0,7132.0,0.0,0.0,0.0,0,1,29,0,0,1,7,36.802,,0
028,028016,Cadoneghe,6054,0,5,40.0,57.0,0.0,15798.0,0.0,0.0,0.0,0,1,45,0,0,0,41,30.24,,0
028,028017,Campodarsego,15362,0,5,99.0,45.0,100.0,15081.0,0.0,0.0,0.0,0,1,64,5,0,4,17,26.54,,0
028,028018,Campodoro,873,0,5,0.0,12.0,0.0,2599.0,0.0,0.0,0.0,0,2,24,0,0,2,1,38.174,,0
028,028019,Camposampiero,73235,0,5,258.0,222.0,86.05,11858.0,0.0,0.23,0.0,0,9,27,0,0,2,14,21.089,,0
028,028020,Campo San Martino,2027,0,5,0.0,43.0,0.0,5600.0,0.0,0.0,0.0,0,0,29,0,0,3,8,30.188,,0
028,028021,Candiana,753,0,5,0.0,17.0,0.0,2193.0,0.0,0.0,0.0,0,1,31,1,0,0,11,42.525,,0
028,028022,Carceri,500,0,5,0.0,4.0,0.0,1458.0,0.0,0.0,0.0,1,0,2,2,0,2,4,61.953,,0
028,028023,Carmignano di Brenta,4202,0,5,57.0,13.0,0.0,7421.0,0.0,0.0,0.0,0,2,41,0,0,4,11,38.442,,0
028,028026,Cartura,1574,0,5,0.0,5.0,0.0,4587.0,0.0,0.0,0.0,0,3,24,1,0,3,2,45.597,,0
028,028027,Casale di Scodosia,1589,0,5,0.0,20.0,0.0,4630.0,0.0,0.746,0.0,0,1,14,1,1,0,0,52.511,,0
028,028028,Casalserugo,3299,0,5,0.0,69.0,0.0,5354.0,0.0,0.0,0.0,0,27,26,1,0,2,20,40.503,,0
028,028029,Castelbaldo,496,0,5,0.0,32.0,0.0,1446.0,0.0,0.0,0.0,0,0,17,1,0,4,0,53.356,,0
028,028030,Cervarese Santa Croce,3873,0,5,0.0,132.0,0.0,5579.0,0.0,0.0,1.244,1,3,35,2,0,0,7,47.727,,0
028,028031,Cinto Euganeo,4315,0,3,0.0,125.0,0.0,1907.0,0.0,0.0,19.539,1,2,11,6,0,1,12,57.267,,0
028,028032,Cittadella,50668,0,5,235.0,236.0,48.94,20038.0,0.0,0.0,0.0,1,5,124,0,0,29,43,33.085,,0
028,028033,Codevigo,6666,0,5,39.0,79.0,0.0,6272.0,0.0,0.0,0.279,1,1,14,1,0,2,12,31.151,,0
028,028034,Conselve,18048,0,5,129.0,54.0,100.0,10012.0,0.0,0.0,0.0,0,4,41,0,0,6,11,47.923,,0
028,028035,Correzzola,7960,0,5,75.0,69.0,0.0,5160.0,0.0,0.0,0.0,0,0,19,0,0,3,14,38.274,,0
028,028036,Curtarolo,4065,0,5,21.0,47.0,0.0,7165.0,0.0,0.0,0.0,0,0,22,2,0,6,8,30.529,,0
028,028037,Este,26063,0,5,163.0,216.0,0.0,15933.0,0.0,0.0,7.693,1,23,50,2,1,28,49,62.646,,0
028,028038,Fontaniva,4039,0,5,13.0,23.0,0.0,8069.0,0.0,0.0,0.0,0,0,34,1,0,5,8,34.339,,0
028,028039,Galliera Veneta,1115,0,5,0.0,14.0,0.0,7119.0,0.0,0.0,0.0,0,0,32,1,0,2,11,28.997,,0
028,028040,Galzignano Terme,119195,0,3,661.0,126.0,90.77,4280.0,0.0,0.0,17.832,1,3,45,7,0,4,7,52.847,,0
028,028041,Gazzo,11286,0,5,93.0,20.0,100.0,4308.0,0.0,0.0,0.0,0,2,50,1,0,4,10,40.015,,0
028,028042,Grantorto,1536,0,5,0.0,16.0,0.0,4474.0,0.0,2.157,0.0,0,0,15,0,0,2,0,36.341,,0
028,028043,Granze,648,0,5,0.0,15.0,0.0,1889.0,0.0,0.0,0.024,0,2,29,1,0,1,11,62.818,,0
028,028044,Legnaro,11019,0,5,58.0,104.0,0.0,9530.0,0.0,0.0,0.0,1,2,21,0,0,2,12,34.982,,0
028,028045,Limena,11587,0,5,64.0,68.0,0.0,8219.0,0.0,0.0,0.0,0,4,33,0,0,6,35,33.952,,0
028,028046,Loreggia,2647,0,5,70.0,0.0,0.0,7711.0,0.0,0.628,0.0,0,0,43,0,0,2,9,20.475,,0
028,028047,Lozzo Atestino,2429,0,3,0.0,46.0,0.0,3069.0,0.0,0.0,5.128,1,1,11,3,0,1,14,57.884,,0
028,028048,Maserà di Padova,6432,0,5,50.0,42.0,100.0,9242.0,0.0,0.0,0.0,0,2,66,0,0,3,12,43.117,,0
028,028049,Masi,612,0,5,57.0,0.0,0.0,1784.0,0.0,1.699,0.0,0,0,7,1,0,4,2,56.869,,0
028,028050,Massanzago,6481,0,5,95.0,50.0,0.0,6094.0,0.0,0.0,0.0,0,0,43,0,0,0,4,17.899,,0
028,028052,Megliadino San Vitale,616,0,5,21.0,12.0,0.0,1796.0,0.0,0.614,0.0,0,0,18,4,0,0,6,55.994,,0
028,028053,Merlara,650,0,5,0.0,33.0,0.0,2557.0,0.0,0.041,0.0,0,0,6,0,0,1,0,51.961,,0
028,028054,Mestrino,9475,0,5,37.0,91.0,0.0,11838.0,0.0,0.0,0.0,0,4,68,1,0,1,7,40.931,,0
028,028055,Monselice,46916,0,5,209.0,341.0,67.46,17153.0,0.0,0.0,13.948,5,10,31,4,0,8,25,55.636,,0
028,028056,Montagnana,14367,0,5,79.0,192.0,0.0,9025.0,0.0,1.547,0.109,2,9,29,1,0,12,15,48.33,,0
028,028057,Montegrotto Terme,708444,0,3,4962.0,291.0,67.63,11477.0,0.0,0.0,8.715,1,2,140,1,0,7,27,48.096,,0
028,028058,Noventa Padovana,20308,0,5,63.0,191.0,0.0,11390.0,0.0,0.0,0.0,0,6,61,2,0,3,29,31.9,,0
028,028059,Ospedaletto Euganeo,1910,0,5,49.0,0.0,0.0,5564.0,0.0,0.0,0.0,0,0,9,0,0,1,18,58.706,,0
028,028060,Padova,1764999,0,5,5375.0,6894.0,58.72,207502.0,0.0,0.0,0.211,27,198,412,10,1,163,754,36.525,"Botanical Garden (Orto Botanico), Padua; Padua’s fourteenth-century fresco cycles",2
028,028061,Pernumia,774,0,5,0.0,24.0,0.0,3761.0,0.0,0.0,0.084,0,0,19,1,0,2,2,50.738,,0
028,028062,Piacenza d'Adige,421,0,5,0.0,0.0,0.0,1228.0,0.0,0.863,0.0,0,0,9,3,0,0,2,59.403,,0
028,028063,Piazzola sul Brenta,5657,0,5,11.0,102.0,0.0,11109.0,0.0,3.012,0.0,0,4,98,0,0,3,16,34.566,,0
028,028064,Piombino Dese,5930,0,5,24.0,66.0,0.0,9475.0,0.0,0.0,0.189,0,2,44,1,0,2,12,13.848,,0
028,028065,Piove di Sacco,36655,0,5,220.0,179.0,64.55,20246.0,0.0,0.212,0.0,2,47,47,1,0,6,23,32.574,,0
028,028066,Polverara,1161,0,5,0.0,22.0,0.0,3384.0,0.0,0.0,0.0,1,2,18,0,0,1,12,37.894,,0
028,028067,Ponso,831,0,5,0.0,16.0,0.0,2422.0,0.0,0.164,0.0,0,0,20,1,0,0,6,59.28,,0
028,028068,Pontelongo,3241,0,5,18.0,46.0,0.0,3662.0,0.0,0.0,0.0,0,3,9,0,0,2,13,37.928,,0
028,028069,Ponte San Nicolò,27808,0,5,98.0,101.0,100.0,13185.0,0.0,0.0,0.0,0,1,32,0,0,2,23,36.945,,0
028,028070,Pozzonovo,1170,0,5,0.0,5.0,0.0,3408.0,0.0,0.0,0.0,0,1,22,0,0,1,0,56.068,,0
028,028071,Rovolon,5958,0,3,0.0,180.0,0.0,4886.0,0.0,0.0,10.616,0,3,39,15,0,2,13,51.827,,0
028,028072,Rubano,15718,0,5,138.0,94.0,18.12,16982.0,0.0,0.0,0.0,0,1,80,0,0,7,19,38.688,,0
028,028073,Saccolongo,1698,0,5,0.0,8.0,0.0,4948.0,0.0,0.917,0.0,0,2,24,1,0,3,6,43.979,,0
028,028075,San Giorgio delle Pertiche,3462,0,5,0.0,39.0,0.0,10088.0,0.0,0.0,0.042,0,1,46,2,0,7,7,26.575,,0
028,028076,San Giorgio in Bosco,15312,0,5,70.0,77.0,100.0,6412.0,0.0,0.0,0.0,0,0,56,1,0,2,12,31.165,,0
028,028077,San Martino di Lupari,8582,0,5,34.0,62.0,0.0,13244.0,0.0,0.0,0.0,0,0,38,0,0,8,46,25.563,,0
028,028078,San Pietro in Gu,1419,0,5,0.0,0.0,0.0,4134.0,0.0,0.0,0.0,1,1,27,0,0,3,12,41.098,,0
028,028079,San Pietro Viminario,636,0,5,0.0,44.0,0.0,3010.0,0.0,0.0,0.0,0,1,25,0,0,0,0,50.396,,0
028,028080,Santa Giustina in Colle,251,0,5,14.0,19.0,0.0,7131.0,0.0,0.0,0.0,0,0,18,0,0,2,2,24.48,,0
028,028082,Sant'Angelo di Piove di Sacco,1237,0,5,0.0,25.0,0.0,7289.0,0.0,0.0,0.0,0,3,53,0,0,3,7,32.399,,0
028,028083,Sant'Elena,462,0,5,0.0,17.0,0.0,2519.0,0.0,0.476,0.0,0,2,15,1,0,1,10,61.671,,0
028,028084,Sant'Urbano,228,0,5,0.0,25.0,0.0,1899.0,0.0,0.525,0.287,0,0,16,3,0,0,2,65.352,,0
028,028085,Saonara,1697,0,5,0.0,49.0,0.0,10539.0,0.0,0.628,0.0,0,1,31,0,0,3,8,32.108,,0
028,028086,Selvazzano Dentro,26362,0,5,256.0,156.0,87.11,22866.0,0.0,1.675,0.0,0,4,79,0,0,10,50,41.928,,0
028,028087,Solesino,1677,0,5,0.0,82.0,0.0,6733.0,0.0,0.0,0.0,0,0,72,0,0,1,12,59.463,,0
028,028088,Stanghella,1415,0,5,11.0,2.0,0.0,4122.0,0.0,0.0,0.0,1,1,40,1,0,5,10,60.376,,0
028,028089,Teolo,99367,0,3,712.0,492.0,61.1,8929.0,0.0,0.0,24.955,1,7,65,10,1,9,28,49.928,,0
028,028090,Terrassa Padovana,919,0,5,0.0,5.0,0.0,2678.0,0.0,0.0,0.0,0,3,7,0,0,3,14,43.841,,0
028,028091,Tombolo,2791,0,5,0.0,7.0,0.0,8133.0,0.0,0.0,0.324,0,0,22,1,0,7,13,28.79,,0
028,028092,Torreglia,11063,0,3,74.0,210.0,40.54,6029.0,0.0,0.0,19.098,1,5,64,6,0,4,25,50.227,,0
028,028093,Trebaseleghe,5946,0,5,41.0,63.0,0.0,12989.0,0.0,0.0,0.0,0,0,88,1,0,4,14,13.158,,0
028,028094,Tribano,130,0,5,14.0,8.0,0.0,4202.0,0.0,0.0,0.0,0,0,20,0,0,0,5,52.647,,0
029,029025,Gaiba,157,0,5,0.0,19.0,0.0,968.0,0.0,0.0,0.0,0,1,11,0,1,0,0,48.873,,0
029,029026,Gavello,234,0,5,0.0,4.0,0.0,1444.0,0.0,0.0,0.0,0,0,3,0,0,0,2,61.68,,0
029,029027,Giacciano con Baruchella,335,0,5,0.0,8.0,0.0,2063.0,0.0,0.0,0.0,0,0,9,0,0,2,0,56.975,,0
029,029028,Guarda Veneta,252,0,5,0.0,22.0,0.0,1108.0,0.0,0.0,0.0,0,1,11,1,0,1,0,64.471,,0
029,029029,Lendinara,2593,0,5,0.0,68.0,0.0,11470.0,0.0,0.135,0.0,0,2,13,0,0,3,9,64.568,,0
029,029030,Loreo,2564,0,5,0.0,80.0,0.0,3199.0,0.0,0.0,1.418,0,0,2,0,0,2,3,50.084,,0
029,029031,Lusia,534,0,5,0.0,6.0,0.0,3290.0,0.0,0.0,0.0,0,1,7,0,0,1,0,68.735,,0
029,029032,Melara,1941,0,5,16.0,41.0,0.0,1676.0,0.0,0.0,0.024,0,1,10,0,0,0,0,43.163,,0
029,029033,Occhiobello,57328,0,5,272.0,135.0,65.07,12064.0,0.0,0.0,0.0,0,1,19,1,0,10,27,49.616,,0
029,029034,Papozze,225,0,5,0.0,11.0,0.0,1388.0,0.0,0.0,2.713,0,0,5,0,0,0,1,61.764,,0
029,029035,Pettorazza Grimani,232,0,5,0.0,0.0,0.0,1430.0,0.0,0.0,0.0,0,0,2,1,0,0,0,50.92,,0
029,029036,Pincara,376,0,5,0.0,19.0,0.0,1081.0,0.0,0.0,0.0,0,0,8,0,0,0,0,57.305,,0
029,029037,Polesella,17525,0,5,84.0,40.0,0.0,3605.0,0.0,0.0,0.0,0,2,12,0,0,2,6,60.054,,0
029,029038,Pontecchio Polesine,1384,0,5,0.0,22.0,0.0,2217.0,0.0,0.0,0.0,0,1,4,0,0,0,0,67.3,,0
029,029039,Porto Tolle,77924,0,5,134.0,2965.0,0.0,8880.0,38.087,0.0,258.043,1,2,35,5,1,4,7,64.395,,0
029,029040,Rosolina,1011057,0,5,1309.0,21854.0,3.74,6175.0,12.633,0.0,75.086,0,3,497,5,2,8,6,46.296,,0
029,029041,Rovigo,72753,0,5,478.0,365.0,44.35,50090.0,0.0,0.0,0.0,4,13,91,1,0,28,36,64.989,,0
029,029042,Salara,167,0,5,0.0,5.0,0.0,1029.0,0.0,0.0,0.0,0,0,7,0,0,0,1,51.272,,0
029,029043,San Bellino,171,0,5,0.0,8.0,0.0,1054.0,0.0,0.0,0.0,0,0,3,0,0,0,0,59.636,,0
029,029044,San Martino di Venezze,8005,0,5,0.0,97.0,0.0,3732.0,0.0,0.0,0.0,0,1,7,0,0,3,0,55.003,,0
029,029045,Stienta,502,0,5,0.0,3.0,0.0,3091.0,0.0,0.0,0.0,0,1,9,0,0,1,0,50.949,,0
029,029046,Taglio di Po,14294,0,5,151.0,258.0,0.0,7874.0,0.0,0.0,78.872,1,3,9,0,0,1,5,62.858,,0
029,029047,Trecenta,634,0,5,11.0,62.0,0.0,2572.0,0.0,0.0,0.0,0,2,12,0,0,0,0,55.602,,0
029,029048,Villadose,1965,0,5,18.0,28.0,0.0,4661.0,0.0,0.0,0.0,0,0,21,0,0,3,0,58.291,,0
029,029049,Villamarzana,184,0,5,0.0,18.0,0.0,1132.0,0.0,0.0,0.0,0,0,7,1,0,0,0,62.355,,0
029,029050,Villanova del Ghebbo,319,0,5,0.0,4.0,0.0,1967.0,0.0,0.0,0.0,0,0,7,0,0,0,0,66.031,,0
029,029051,Villanova Marchesana,145,0,5,0.0,12.0,0.0,892.0,0.0,0.0,0.0,0,0,3,1,0,0,0,63.488,,0
029,029052,Porto Viro,15097,0,5,82.0,234.0,0.0,13755.0,6.215,0.0,133.942,2,1,29,4,0,8,2,54.459,,0
030,030001,Aiello del Friuli,1805,0,5,0.0,53.0,0.0,2121.0,0.0,0.27,0.141,1,5,25,2,0,5,7,10.245,,0
030,030002,Amaro,76,0,1,0.0,15.0,0.0,844.0,0.0,0.0,0.0,0,0,4,8,0,1,2,55.765,,0
030,030003,Ampezzo,8652,0,1,93.0,201.0,0.0,891.0,0.0,0.0,3.381,1,2,12,19,0,1,2,44.68,,0
030,030004,Aquileia,138211,0,5,101.0,3062.0,0.0,3152.0,0.0,0.0,2.253,3,10,27,4,0,3,10,11.343,Archaeological Area and the Patriarchal Basilica of Aquileia,1
030,030005,Arta Terme,64705,0,1,439.0,410.0,19.13,2022.0,0.0,0.0,0.0,0,0,12,11,0,6,50,61.531,,0
030,030006,Artegna,4572,0,3,30.0,34.0,0.0,2878.0,0.0,0.0,0.0,1,1,3,1,0,10,7,48.292,,0
030,030007,Attimis,231,0,3,0.0,142.0,0.0,1641.0,0.0,0.0,0.399,1,6,6,20,0,5,48,41.764,,0
030,030008,Bagnaria Arsa,7725,0,5,41.0,88.0,0.0,3461.0,0.0,0.0,0.097,0,9,12,1,0,1,6,13.783,,0
030,030009,Basiliano,466,0,5,0.0,33.0,0.0,5161.0,0.0,0.0,0.0,0,1,16,3,0,3,46,35.773,,0
030,030010,Bertiolo,383,0,5,0.0,34.0,0.0,2344.0,0.0,0.0,1.202,0,1,7,2,0,0,2,33.906,,0
030,030011,Bicinicco,162,0,5,0.0,4.0,0.0,1792.0,0.0,2.306,0.0,0,0,6,0,0,2,2,20.617,,0
030,030012,Bordano,63,0,1,21.0,4.0,0.0,698.0,0.0,0.723,0.0,0,0,3,6,0,1,2,50.593,,0
030,030013,Buja,4307,0,3,25.0,66.0,0.0,6333.0,0.0,0.0,0.438,1,1,17,3,0,4,50,44.678,,0
030,030014,Buttrio,51386,0,5,234.0,118.0,100.0,3926.0,0.0,0.0,0.0,2,3,8,1,0,3,5,23.244,,0
030,030015,Camino al Tagliamento,1102,0,5,0.0,87.0,0.0,1528.0,0.0,0.0,0.0,0,1,4,1,0,1,3,28.99,,0
030,030016,Campoformido,1458,0,5,0.0,46.0,0.0,7864.0,0.0,0.0,0.432,0,2,49,3,0,7,30,31.913,,0
030,030018,Carlino,238,0,5,0.0,49.0,0.0,2634.0,0.0,0.0,0.196,0,0,9,1,0,1,2,22.912,,0
030,030019,Cassacco,208,0,3,0.0,90.0,0.0,2793.0,0.0,0.0,0.13,0,2,3,2,0,4,39,45.218,,0
030,030020,Castions di Strada,807,0,5,19.0,14.0,0.0,3672.0,0.0,2.858,0.475,0,0,10,1,0,4,3,23.164,,0
030,030021,Cavazzo Carnico,5008,0,1,0.0,158.0,0.0,954.0,0.0,2.768,0.0,0,0,4,4,0,2,0,49.007,,0
030,030022,Cercivento,1843,0,1,0.0,88.0,0.0,640.0,0.0,0.0,0.0,1,0,2,1,0,3,26,63.69,,0
030,030023,Cervignano del Friuli,42983,0,5,243.0,224.0,0.0,13680.0,0.0,0.0,0.001,0,8,35,3,0,27,26,10.452,,0
030,030024,Chiopris-Viscone,63,0,5,0.0,23.0,0.0,703.0,0.0,0.0,1.579,0,0,9,0,0,0,2,12.986,,0
030,030025,Chiusaforte,9988,0,1,454.0,321.0,0.0,594.0,0.0,0.0,18.493,3,1,47,38,0,4,40,64.64,,0
030,030026,Cividale del Friuli,55322,0,3,177.0,816.0,33.33,10780.0,0.0,0.0,0.67,4,9,56,8,0,36,45,28.674,Longobards in Italy. Places of the Power (568-774 A.D.),1
030,030027,Codroipo,40001,0,5,203.0,182.0,48.28,15920.0,0.0,0.0,1.252,2,3,43,4,0,14,11,31.143,,0
030,030028,Colloredo di Monte Albano,391,0,3,0.0,29.0,0.0,2177.0,0.0,0.0,0.0,0,3,10,1,0,1,32,42.735,,0
030,030029,Comeglians,31944,0,1,165.0,165.0,0.0,424.0,0.0,0.0,0.0,0,0,1,4,0,0,21,59.849,,0
030,030030,Corno di Rosazzo,6245,0,3,0.0,129.0,0.0,3143.0,0.0,0.0,0.0,0,3,14,2,0,1,14,19.487,,0
030,030031,Coseano,3323,0,5,0.0,38.0,0.0,2012.0,0.0,0.0,0.0,0,0,18,1,0,1,1,32.491,,0
030,030032,Dignano,202,0,5,0.0,20.0,0.0,2237.0,0.0,0.0,6.8,0,0,6,0,0,3,2,28.124,,0
030,030033,Dogna,1901,0,1,0.0,60.0,0.0,150.0,0.0,0.0,13.307,1,0,1,23,0,0,2,70.54,,0
030,030034,Drenchia,9,0,1,0.0,24.0,0.0,101.0,0.0,0.0,0.0,0,0,2,4,0,0,8,40.694,,0
030,030035,Enemonzo,2520,0,1,24.0,12.0,0.0,1261.0,0.0,0.0,6.457,0,0,4,3,0,2,16,47.055,,0
030,030036,Faedis,2162,0,3,0.0,214.0,0.0,2754.0,0.0,0.0,1.416,0,7,9,23,0,7,46,37.894,,0
030,030037,Fagagna,29316,0,3,224.0,162.0,40.18,5982.0,0.0,0.726,0.916,2,1,23,3,0,3,23,38.787,,0
030,030039,Flaibano,98,0,5,16.0,3.0,0.0,1086.0,0.0,0.0,0.186,0,0,5,0,0,3,3,28.871,,0
030,030040,Forni Avoltri,95039,0,1,163.0,1838.0,0.0,501.0,0.0,0.0,38.427,0,6,38,44,0,0,20,63.904,,0
030,030041,Forni di Sopra,40807,0,1,431.0,890.0,0.0,914.0,0.0,0.0,41.529,2,1,95,45,0,3,2,37.372,,0
030,030042,Forni di Sotto,5091,0,1,152.0,103.0,0.0,530.0,0.0,0.0,44.09,0,0,4,23,0,2,0,40.067,,0
030,030043,Gemona del Friuli,40468,0,3,177.0,286.0,0.0,10514.0,0.0,0.0,6.521,6,1,28,16,0,33,52,52.017,,0
030,030044,Gonars,2413,0,5,20.0,21.0,0.0,4530.0,0.0,0.0,0.829,0,1,13,1,0,3,2,18.595,,0
030,030045,Grimacco,3169,0,1,119.0,50.0,0.0,297.0,0.0,0.0,0.0,0,0,0,1,0,0,5,38.909,,0
030,030046,Latisana,53444,0,5,169.0,2034.0,0.0,13226.0,0.0,0.0,0.973,0,6,107,1,0,25,55,35.126,,0
030,030047,Lauco,937,0,1,16.0,115.0,0.0,649.0,0.0,0.0,5.013,0,0,7,9,0,1,31,52.787,,0
030,030048,Lestizza,325,0,5,0.0,19.0,0.0,3605.0,0.0,0.0,0.0,0,0,9,0,0,1,1,31.92,,0
030,030049,Lignano Sabbiadoro,3618677,0,5,13982.0,56250.0,46.96,6901.0,8.072,0.0,1.428,1,107,383,3,4,52,73,33.153,,0
030,030051,Lusevera,1434,0,1,0.0,118.0,0.0,597.0,0.0,0.0,12.984,1,0,5,14,0,0,31,54.088,,0
030,030052,Magnano in Riviera,109,0,3,18.0,11.0,0.0,2245.0,0.0,0.0,0.0,0,1,8,0,0,3,5,49.257,,0
030,030053,Majano,2345,0,3,63.0,72.0,0.0,5741.0,0.0,0.0,2.128,0,1,21,1,0,5,53,40.002,,0
030,030054,Malborghetto Valbruna,33848,0,1,353.0,560.0,7.93,895.0,0.0,0.156,20.733,1,2,68,55,0,3,23,76.044,,0
030,030055,Manzano,5931,0,5,38.0,84.0,0.0,6333.0,0.0,0.0,1.157,1,4,20,4,0,3,12,19.689,,0
030,030056,Marano Lagunare,13845,0,5,57.0,121.0,0.0,1689.0,10.991,0.0,93.548,2,12,32,5,0,17,1,26.401,,0
030,030057,Martignacco,4800,0,5,18.0,57.0,0.0,6861.0,0.0,0.0,0.27,1,0,33,4,0,2,32,37.835,,0
030,030058,Mereto di Tomba,227,0,5,0.0,2.0,0.0,2519.0,0.0,0.0,0.0,0,1,11,0,0,4,20,35.291,,0
030,030059,Moggio Udinese,6251,0,1,25.0,123.0,0.0,1615.0,0.0,0.0,59.544,0,0,8,52,0,3,23,66.175,,0
030,030060,Moimacco,1512,0,5,0.0,48.0,0.0,1602.0,0.0,0.0,0.0,0,1,3,2,0,2,6,30.59,,0
030,030061,Montenars,44,0,3,0.0,10.0,0.0,483.0,0.0,0.0,0.0,0,2,4,15,0,0,4,52.659,,0
030,030062,Mortegliano,4708,0,5,87.0,33.0,0.0,4799.0,0.0,0.417,0.0,0,0,16,1,0,0,3,25.216,,0
030,030063,Moruzzo,1311,0,3,0.0,88.0,0.0,2401.0,0.0,0.0,0.407,0,7,6,4,0,1,23,42.136,,0
030,030064,Muzzana del Turgnano,5615,0,5,0.0,31.0,0.0,2352.0,0.0,0.0,0.254,0,3,7,1,0,2,2,26.077,,0
030,030065,Nimis,2634,0,3,79.0,174.0,0.0,2622.0,0.0,0.0,2.998,0,1,13,0,0,6,33,45.939,,0
030,030066,Osoppo,5447,0,3,78.0,24.0,0.0,2783.0,0.0,0.0,13.643,0,0,4,3,0,9,21,43.31,,0
030,030067,Ovaro,17538,0,1,183.0,225.0,0.0,1727.0,0.0,0.389,1.493,5,1,4,9,0,6,20,54.171,,0
030,030068,Pagnacco,459,0,3,0.0,20.0,0.0,5080.0,0.0,0.0,0.054,3,5,37,1,0,3,34,39.98,,0
030,030069,Palazzolo dello Stella,23719,0,5,25.0,157.0,0.0,2824.0,0.0,0.0,0.656,0,0,22,1,0,4,2,30.595,,0
030,030070,Palmanova,33155,0,5,159.0,121.0,0.0,5352.0,0.0,0.0,0.0,2,22,19,0,0,11,9,14.37,,0
030,030071,Paluzza,16649,0,1,204.0,252.0,0.0,1952.0,0.0,0.219,14.256,1,0,25,38,0,5,42,67.103,,0
030,030072,Pasian di Prato,4930,0,5,59.0,4.0,0.0,9241.0,0.0,0.0,0.88,0,8,47,5,0,12,49,34.335,,0
030,030073,Paularo,4445,0,1,103.0,172.0,0.0,2338.0,0.0,0.0,17.798,2,1,9,42,0,7,53,69.888,,0
030,030074,Pavia di Udine,3838,0,5,38.0,96.0,0.0,5468.0,0.0,0.0,0.509,0,0,17,1,0,1,19,22.303,,0
030,030075,Pocenia,3165,0,5,0.0,72.0,0.0,2360.0,0.0,0.894,0.761,0,2,10,3,0,2,1,27.369,,0
030,030076,Pontebba,24415,0,1,169.0,272.0,0.0,1284.0,0.0,0.0,11.413,0,8,8,25,0,2,24,76.591,,0
030,030077,Porpetto,223,0,5,0.0,49.0,0.0,2470.0,0.0,0.0,0.268,0,0,5,1,0,2,0,20.334,,0
030,030078,Povoletto,8020,0,5,29.0,209.0,0.0,5416.0,0.0,0.0,0.049,1,2,23,1,0,8,57,37.6,,0
030,030079,Pozzuolo del Friuli,1133,0,5,0.0,102.0,0.0,6864.0,0.0,0.0,0.0,1,1,22,0,0,8,37,27.713,,0
030,030080,Pradamano,30748,0,5,109.0,54.0,0.0,3533.0,0.0,0.0,0.0,0,1,16,2,0,2,13,26.593,,0
030,030081,Prato Carnico,4855,0,1,116.0,305.0,0.0,825.0,0.0,0.158,0.0,2,0,54,24,0,1,22,54.207,,0
030,030082,Precenicco,129,0,5,0.0,26.0,0.0,1426.0,0.0,0.0,1.164,0,3,12,1,0,0,4,32.491,,0
030,030083,Premariacco,872,0,5,0.0,85.0,0.0,3921.0,0.0,0.0,0.341,0,1,38,1,0,4,11,25.329,,0
030,030084,Preone,1320,0,1,0.0,138.0,0.0,249.0,0.0,0.0,14.829,1,0,3,7,0,0,0,42.887,,0
030,030085,Prepotto,1726,0,3,24.0,157.0,0.0,702.0,0.0,0.0,0.055,0,1,5,6,0,1,8,27.588,,0
030,030086,Pulfero,1832,0,1,57.0,236.0,0.0,831.0,0.0,0.0,10.056,1,1,7,17,0,1,4,40.22,,0
030,030087,Ragogna,2906,0,3,0.0,87.0,0.0,2831.0,0.0,0.0,2.742,2,1,7,4,0,0,29,33.992,,0
030,030088,Ravascletto,35496,0,1,345.0,489.0,62.32,509.0,0.0,0.0,0.055,0,0,18,7,0,2,38,61.759,,0
030,030089,Raveo,391,0,1,47.0,24.0,0.0,437.0,0.0,0.0,8.067,0,0,4,2,0,1,5,49.858,,0
030,030090,Reana del Rojale,198,0,5,30.0,60.0,0.0,4631.0,0.0,0.0,0.0,0,5,20,2,0,2,29,39.866,,0
030,030091,Remanzacco,7387,0,5,20.0,135.0,0.0,6013.0,0.0,0.0,0.085,1,0,23,10,0,3,27,30.382,,0
030,030092,Resia,2463,0,1,21.0,131.0,0.0,917.0,0.0,0.0,49.163,2,2,5,53,0,2,14,59.201,,0
030,030093,Resiutta,24,0,1,24.0,0.0,0.0,266.0,0.0,0.0,10.474,1,0,2,9,0,1,2,61.534,,0
030,030094,Rigolato,3436,0,1,0.0,122.0,0.0,374.0,0.0,0.0,1.004,0,0,3,11,0,2,7,61.428,,0
030,030095,Rive d'Arcano,448,0,3,0.0,22.0,0.0,2366.0,0.0,0.0,0.421,0,1,2,1,0,2,27,34.853,,0
030,030097,Ronchis,346,0,5,31.0,17.0,0.0,1923.0,0.0,0.0,0.0,0,0,4,0,0,0,0,35.883,,0
030,030098,Ruda,252,0,5,0.0,27.0,0.0,2787.0,0.0,0.0,0.0,0,5,7,0,0,2,3,6.324,,0
030,030099,San Daniele del Friuli,40287,0,3,200.0,270.0,0.0,7922.0,0.0,1.033,3.481,1,4,19,1,0,12,45,34.306,,0
030,030100,San Giorgio di Nogaro,45792,0,5,196.0,96.0,0.0,7280.0,0.0,0.0,0.264,0,10,37,0,0,2,5,19.599,,0
030,030101,San Giovanni al Natisone,2892,0,5,23.0,50.0,0.0,6024.0,0.0,0.0,1.206,0,0,20,0,0,1,15,16.023,,0
030,030102,San Leonardo,1652,0,1,13.0,131.0,0.0,1019.0,0.0,0.0,0.0,0,0,6,4,0,0,0,33.631,,0
030,030103,San Pietro al Natisone,1449,0,3,76.0,109.0,0.0,2084.0,0.0,0.0,0.0,1,0,13,6,0,3,18,34.687,,0
030,030104,Santa Maria la Longa,3584,0,5,54.0,41.0,0.0,2298.0,0.0,0.0,0.0,0,2,3,3,0,5,10,19.011,,0
030,030105,San Vito al Torre,6493,0,5,37.0,49.0,0.0,1220.0,0.0,0.0,0.0,0,1,4,0,0,2,2,10.583,,0
030,030106,San Vito di Fagagna,150,0,5,0.0,7.0,0.0,1664.0,0.0,0.0,0.0,0,0,1,0,0,2,4,35.87,,0
030,030107,Sauris,32600,0,1,334.0,604.0,0.0,390.0,0.0,0.069,6.397,2,0,11,16,0,2,6,48.357,,0
030,030108,Savogna,293,0,1,0.0,91.0,0.0,354.0,0.0,0.0,2.117,0,2,3,10,0,0,7,40.201,,0
030,030109,Sedegliano,7399,0,5,54.0,65.0,0.0,3684.0,0.0,0.0,0.0,2,1,9,3,0,8,0,28.499,,0
030,030110,Socchieve,7954,0,1,89.0,40.0,0.0,861.0,0.0,0.0,6.861,0,0,3,17,0,2,0,42.126,,0
030,030111,Stregna,26,0,1,0.0,49.0,0.0,284.0,0.0,0.0,0.0,1,0,1,12,0,0,2,35.725,,0
030,030112,Sutrio,47286,0,1,312.0,122.0,0.0,1225.0,0.0,0.0,0.0,0,0,73,6,0,6,17,59.404,,0
030,030113,Taipana,51,0,1,0.0,88.0,0.0,567.0,0.0,0.0,18.854,2,0,8,23,0,1,41,49.231,,0
030,030114,Talmassons,1154,0,5,0.0,43.0,0.0,3825.0,0.0,0.0,0.744,0,0,11,3,0,5,1,28.673,,0
030,030116,Tarcento,27406,0,3,180.0,130.0,0.0,8845.0,0.0,0.0,0.0,0,5,21,1,0,8,102,48.086,,0
030,030117,Tarvisio,223916,0,1,1184.0,2919.0,30.49,3942.0,0.0,3.781,75.21,5,7,254,84,0,9,96,73.11,,0
030,030118,Tavagnacco,53739,0,5,340.0,62.0,0.0,14625.0,0.0,0.0,0.0,0,2,38,0,0,10,62,36.984,,0
030,030120,Terzo d'Aquileia,2179,0,5,0.0,36.0,0.0,2708.0,0.0,0.0,0.102,0,2,9,0,0,5,2,13.125,,0
030,030121,Tolmezzo,13840,0,1,206.0,166.0,0.0,9776.0,0.0,0.0,0.166,1,0,35,19,0,26,82,55.357,,0
030,030122,Torreano,1234,0,3,13.0,103.0,0.0,2037.0,0.0,0.0,0.0,0,0,8,1,0,3,7,35.832,,0
030,030123,Torviscosa,234,0,5,0.0,8.0,0.0,2590.0,0.0,0.0,0.519,1,15,23,0,0,4,5,15.779,,0
030,030124,Trasaghis,22523,0,1,32.0,229.0,0.0,2088.0,0.0,5.445,18.177,1,3,5,7,0,7,1,44.393,,0
030,030126,Treppo Grande,2221,0,3,0.0,46.0,0.0,1715.0,0.0,0.0,0.0,0,1,4,0,0,2,24,46.472,,0
030,030127,Tricesimo,4972,0,3,58.0,76.0,0.0,7554.0,0.0,0.0,0.0,1,2,38,1,0,6,52,42.195,,0
030,030128,Trivignano Udinese,5572,0,5,45.0,35.0,0.0,1539.0,0.0,0.0,1.601,0,0,5,0,0,1,6,16.237,,0
030,030129,Udine,419770,0,5,1847.0,2640.0,40.12,98304.0,0.0,0.0,0.0,9,171,274,1,0,196,651,31.591,,0
030,030130,Varmo,283,0,5,0.0,38.0,0.0,2647.0,0.0,0.0,0.458,0,4,2,1,0,3,1,34.881,,0
030,030131,Venzone,30564,0,1,201.0,180.0,0.0,1933.0,0.0,0.0,14.686,2,3,8,21,0,10,27,56.211,,0
030,030132,Verzegnis,2388,0,1,34.0,52.0,0.0,847.0,0.0,0.0,0.267,1,2,4,14,0,0,6,46.808,,0
030,030133,Villa Santina,910,0,1,52.0,30.0,0.0,2125.0,0.0,0.0,1.678,0,0,6,3,0,4,22,49.197,,0
030,030135,Visco,75,0,5,0.0,12.0,0.0,830.0,0.0,0.0,0.0,0,0,3,0,0,1,2,12.213,,0
030,030136,Zuglio,48,0,1,0.0,23.0,0.0,535.0,0.0,0.0,0.0,1,0,3,1,0,0,15,57.068,,0
030,030137,Forgaria nel Friuli,5385,0,1,143.0,95.0,0.0,1689.0,0.0,0.0,7.095,0,1,12,6,0,2,6,37.549,,0
030,030138,Campolongo Tapogliano,100,0,5,0.0,0.0,0.0,1106.0,0.0,0.0,0.0,0,0,7,1,0,0,0,6.952,,0
030,030188,Rivignano Teor,2822,0,5,60.0,75.0,0.0,6250.0,0.0,0.0,0.399,0,1,24,2,0,4,5,31.898,,0
030,030189,Sappada,87816,0,1,602.0,836.0,14.62,1313.0,0.0,0.0,0.015,3,4,77,44,0,2,30,55.584,,0
030,030190,Fiumicello Villa Vicentina,9503,0,5,43.0,136.0,0.0,6293.0,0.0,0.0,0.655,0,0,18,0,0,2,18,6.492,,0
030,030191,Treppo Ligosullo,61,0,1,20.0,6.0,0.0,677.0,0.0,0.0,6.727,0,1,2,8,0,0,34,67.738,,0
031,031001,Capriva del Friuli,7826,0,5,45.0,86.0,0.0,1618.0,0.0,0.0,0.07,0,1,8,1,0,1,2,13.915,,0
031,031002,Cormons,34120,0,5,393.0,433.0,0.0,7148.0,0.0,0.0,0.323,0,3,24,5,0,15,21,14.445,,0
031,031003,Doberdò del Lago-Doberdob,124,0,5,25.0,28.0,0.0,1330.0,0.0,0.0,5.523,1,0,6,7,0,1,13,7.469,,0
031,031004,Dolegna del Collio,3036,0,5,0.0,89.0,0.0,295.0,0.0,0.0,0.01,0,1,4,2,0,1,10,21.305,,0
031,031005,Farra d'Isonzo,4979,0,5,63.0,32.0,0.0,1675.0,0.0,0.96,0.0,1,0,3,0,0,3,8,10.286,,0
031,031006,Fogliano Redipuglia,21024,0,5,96.0,137.0,0.0,2979.0,0.0,0.0,0.0,2,1,16,0,0,2,10,3.842,,0
031,031007,Gorizia,92858,0,3,342.0,805.0,60.53,33608.0,0.0,0.0,0.0,17,10,91,6,0,59,224,16.614,,0
031,031008,Gradisca d'Isonzo,56287,0,5,333.0,61.0,29.73,6428.0,0.0,0.359,0.0,1,8,20,0,0,6,16,7.544,,0
031,031009,Grado,1401767,0,5,4766.0,16895.0,36.36,7596.0,36.033,0.0,81.81,2,14,102,11,2,22,56,13.902,,0
031,031010,Mariano del Friuli,157,0,5,0.0,30.0,0.0,1447.0,0.0,0.0,0.0,0,1,6,0,0,1,7,9.723,,0
031,031011,Medea,1701,0,5,0.0,28.0,0.0,947.0,0.0,0.0,0.0,0,0,12,1,0,1,1,10.655,,0
031,031012,Monfalcone,249926,0,5,634.0,1638.0,10.73,30059.0,21.517,0.0,1.516,5,2,66,8,0,32,136,6.678,,0
031,031013,Moraro,78,0,5,0.0,0.0,0.0,718.0,0.0,0.0,0.0,0,0,13,2,0,1,7,11.49,,0
031,031014,Mossa,363,0,5,0.0,36.0,0.0,1516.0,0.0,0.0,0.014,0,0,6,1,0,2,10,13.982,,0
031,031015,Romans d'Isonzo,388,0,5,0.0,12.0,0.0,3568.0,0.0,0.0,0.0,0,1,20,0,0,0,7,7.932,,0
031,031016,Ronchi dei Legionari,50148,0,5,234.0,56.0,43.16,11833.0,0.0,1.169,1.138,0,0,33,3,0,6,48,3.157,,0
031,031017,Sagrado,1278,0,5,0.0,39.0,0.0,2124.0,0.0,0.0,0.0,1,4,15,4,0,4,12,7.11,,0
031,031018,San Canzian d'Isonzo,4254,0,5,17.0,148.0,0.0,6023.0,0.0,0.0,3.579,0,1,14,0,0,3,23,5.34,,0
031,031019,San Floriano del Collio-Števerjan,1348,0,3,0.0,95.0,0.0,735.0,0.0,0.0,0.0,0,1,2,3,0,0,13,17.768,,0
031,031020,San Lorenzo Isontino,161,0,5,0.0,15.0,0.0,1485.0,0.0,0.0,1.028,0,0,6,3,0,3,5,12.642,,0
031,031021,San Pier d'Isonzo,247,0,5,0.0,36.0,0.0,1940.0,0.0,0.0,0.0,0,0,8,0,0,1,3,1.897,,0
031,031022,Savogna d'Isonzo-Sovodnje ob Soči,2062,0,3,20.0,25.0,0.0,1707.0,0.0,0.201,0.0,1,2,20,4,0,0,9,10.959,,0
031,031023,Staranzano,9888,0,5,38.0,36.0,0.0,7148.0,12.045,0.0,6.682,1,0,17,1,0,4,24,6.046,,0
031,031024,Turriaco,280,0,5,0.0,26.0,0.0,2780.0,0.0,0.0,0.015,0,2,6,1,0,3,6,2.143,,0
031,031025,Villesse,927,0,5,25.0,42.0,0.0,1607.0,0.0,0.0,0.0,0,1,6,0,0,3,11,4.405,,0
032,032001,Duino Aurisina-Devin Nabrežina,153877,0,4,406.0,2509.0,31.03,8224.0,0.777,0.0,0.347,3,2,103,17,1,10,123,15.561,,0
032,032002,Monrupino-Repentabor,5574,0,4,25.0,278.0,0.0,841.0,0.0,0.0,2.252,1,0,10,7,0,1,22,28.815,,0
032,032003,Muggia,67769,0,4,427.0,1054.0,40.28,12834.0,0.088,0.0,0.089,1,4,85,6,0,21,159,34.995,,0
032,032004,San Dorligo della Valle-Dolina,132123,0,4,397.0,153.0,0.0,5678.0,0.0,0.0,7.512,3,2,16,22,0,1,74,38.602,,0
032,032005,Sgonico-Zgonik,2810,0,4,0.0,116.0,0.0,1976.0,0.0,0.0,1.99,0,0,39,15,0,2,66,23.94,,0
032,032006,Trieste,1391122,0,4,3940.0,8488.0,50.0,198843.0,31.597,0.044,0.0,39,57,384,30,0,208,1052,31.505,,0
033,033001,Agazzano,3314,0,3,35.0,14.0,0.0,2008.0,0.0,0.389,0.0,0,4,16,0,0,5,2,55.997,,0
033,033002,Alseno,4642,0,3,42.0,86.0,0.0,4728.0,0.0,0.431,0.0,0,3,8,0,0,6,2,27.203,,0
033,033003,Besenzone,906,0,5,0.0,44.0,0.0,932.0,0.0,0.0,0.0,0,0,1,0,0,1,2,29.847,,0
033,033004,Bettola,3302,0,1,22.0,133.0,0.0,2646.0,0.0,0.0,0.0,0,2,5,9,0,2,11,55.594,,0
033,033005,Bobbio,9799,0,1,134.0,1096.0,0.0,3412.0,0.0,0.0,0.0,0,2,38,15,0,6,13,60.272,,0
033,033006,Borgonovo Val Tidone,5848,0,3,41.0,81.0,0.0,8227.0,0.0,0.0,0.0,0,3,22,0,0,12,0,50.767,,0
033,033007,Cadeo,36875,0,5,206.0,23.0,83.5,6003.0,0.0,0.0,0.0,0,1,10,1,0,2,6,38.864,,0
033,033008,Calendasco,2082,0,5,0.0,29.0,0.0,2418.0,0.0,0.0,4.531,0,1,14,2,1,2,1,47.36,,0
033,033010,Caorso,226,0,5,9.0,6.0,0.0,4767.0,0.0,0.0,2.921,0,4,10,2,0,3,4,42.933,,0
033,033011,Carpaneto Piacentino,5508,0,3,20.0,41.0,0.0,7717.0,0.0,0.0,0.0,0,4,15,0,0,3,3,40.256,,0
033,033012,Castell'Arquato,6063,0,3,48.0,130.0,0.0,4664.0,0.0,0.0,0.0,4,10,14,0,0,8,1,34.066,,0
033,033013,Castel San Giovanni,35413,0,3,330.0,51.0,57.58,14139.0,0.0,0.0,0.0,0,0,25,0,0,5,3,44.629,,0
033,033014,Castelvetro Piacentino,18774,0,5,160.0,107.0,0.0,5336.0,0.0,0.38,0.123,0,0,27,1,0,4,5,37.706,,0
033,033015,Cerignale,484,0,1,30.0,268.0,0.0,123.0,0.0,0.0,0.0,0,0,0,5,0,1,5,49.469,,0
033,033016,Coli,7279,0,1,39.0,419.0,0.0,843.0,0.0,0.0,0.0,0,0,4,16,0,2,4,62.044,,0
033,033017,Corte Brugnatella,129,0,1,25.0,6.0,0.0,519.0,0.0,0.0,0.0,0,3,5,4,0,1,10,53.24,,0
033,033018,Cortemaggiore,1156,0,5,40.0,0.0,0.0,4640.0,0.0,0.0,0.0,0,1,3,0,0,1,4,35.279,,0
033,033019,Farini,5133,0,1,92.0,218.0,0.0,1036.0,0.0,0.0,0.0,0,0,7,8,0,2,4,59.21,,0
033,033020,Ferriere,3399,0,1,45.0,448.0,0.0,1115.0,0.0,1.573,0.0,0,2,5,32,0,0,16,56.781,,0
033,033021,Fiorenzuola d'Arda,42746,0,5,259.0,179.0,0.0,14943.0,0.0,0.0,0.0,0,2,23,1,0,9,5,32.739,,0
033,033022,Gazzola,3556,0,3,20.0,93.0,0.0,2141.0,0.0,10.568,19.566,0,5,100,5,0,2,6,59.972,,0
033,033023,Gossolengo,1420,0,5,19.0,15.0,100.0,5700.0,0.0,0.0,8.278,0,2,26,3,0,0,8,55.984,,0
033,033024,Gragnano Trebbiense,1140,0,5,0.0,12.0,0.0,4573.0,0.0,0.0,4.774,1,1,8,0,0,1,0,53.299,,0
033,033025,Gropparello,1262,0,3,18.0,33.0,0.0,2157.0,0.0,0.0,0.0,0,3,6,0,0,1,0,46.415,,0
033,033026,Lugagnano Val d'Arda,1344,0,3,22.0,63.0,0.0,3928.0,0.0,0.0,0.0,0,0,11,3,0,5,0,41.011,,0
033,033027,Monticelli d'Ongina,5570,0,5,39.0,64.0,0.0,5170.0,0.0,0.0,0.401,1,1,33,0,1,5,3,41.154,,0
033,033028,Morfasso,843,0,1,37.0,75.0,0.0,862.0,0.0,0.12,0.0,1,0,7,23,0,3,6,46.781,,0
033,033030,Ottone,306,0,1,15.0,12.0,0.0,430.0,0.0,0.0,0.092,0,0,2,21,0,1,21,43.437,,0
033,033032,Piacenza,307478,0,5,1330.0,812.0,54.44,102887.0,0.0,4.924,7.096,7,8,192,2,0,128,128,51.481,,0
033,033033,Pianello Val Tidone,543,0,3,0.0,16.0,0.0,2178.0,0.0,0.0,0.0,1,1,9,6,0,6,0,58.66,,0
033,033034,Piozzano,1315,0,3,0.0,63.0,0.0,578.0,0.0,0.277,0.0,0,4,8,1,0,1,0,61.49,,0
033,033035,Podenzano,1589,0,5,23.0,42.0,0.0,9086.0,0.0,0.0,0.0,0,1,26,0,0,2,12,49.518,,0
033,033036,Ponte dell'Olio,2521,0,3,40.0,6.0,0.0,4672.0,0.0,0.822,0.0,0,4,15,0,0,5,15,50.046,,0
033,033037,Pontenure,4730,0,5,60.0,128.0,60.0,6628.0,0.0,0.0,0.0,0,1,11,0,0,6,3,43.597,,0
033,033038,Rivergaro,11639,0,3,0.0,361.0,0.0,7121.0,0.0,0.459,6.831,0,1,38,4,1,7,13,54.985,,0
033,033039,Rottofreno,3062,0,5,0.0,5.0,0.0,12286.0,0.0,0.0,1.222,0,4,35,0,0,4,40,48.224,,0
033,033040,San Giorgio Piacentino,3753,0,3,188.0,43.0,0.0,5559.0,0.0,0.0,0.0,0,4,13,1,0,1,1,45.256,,0
033,033041,San Pietro in Cerro,190,0,5,25.0,0.0,0.0,764.0,0.0,0.0,0.0,0,3,3,0,0,0,2,36.42,,0
033,033042,Sarmato,730,0,5,0.0,0.0,0.0,2931.0,0.0,0.0,0.0,0,1,15,0,0,5,4,45.715,,0
033,033043,Travo,7855,0,3,34.0,154.0,100.0,2205.0,0.0,0.566,0.35,0,3,18,6,0,0,18,60.994,,0
033,033044,Vernasca,5759,0,3,46.0,129.0,0.0,2014.0,0.0,0.0,0.0,0,1,7,10,0,1,8,36.111,,0
033,033045,Vigolzone,5511,0,3,0.0,147.0,0.0,4162.0,0.0,0.272,0.0,1,15,13,0,0,1,10,52.353,,0
033,033046,Villanova sull'Arda,2554,0,5,18.0,29.0,0.0,1655.0,0.0,2.192,0.86,1,0,6,2,0,1,4,31.579,,0
033,033047,Zerba,1241,0,1,38.0,13.0,0.0,72.0,0.0,0.0,0.0,0,0,0,5,0,0,2,44.043,,0
033,033048,Ziano Piacentino,2696,0,3,0.0,88.0,0.0,2480.0,0.0,0.127,0.0,0,3,11,0,0,1,0,51.156,,0
033,033049,Alta Val Tidone,1154,0,1,0.0,41.0,0.0,2934.0,0.0,3.829,0.0,0,2,22,11,0,3,0,60.962,,0
034,034001,Albareto,1295,0,1,77.0,90.0,0.0,2079.0,0.0,0.0,0.145,0,0,4,22,0,1,0,64.255,,0
034,034002,Bardi,2322,0,1,61.0,107.0,0.0,1981.0,0.0,0.0,0.0,3,4,5,35,0,7,1,51.889,,0
034,034003,Bedonia,18103,0,1,62.0,369.0,0.0,3122.0,0.0,0.403,0.094,1,2,9,37,0,10,6,59.883,,0
034,034004,Berceto,5466,0,1,44.0,108.0,0.0,1968.0,0.0,0.0,0.158,2,7,10,27,0,2,4,41.554,,0
034,034005,Bore,205,0,1,0.0,14.0,0.0,632.0,0.0,0.0,0.0,0,0,5,5,0,4,0,40.112,,0
034,034006,Borgo Val di Taro,11772,0,1,102.0,342.0,0.0,6748.0,0.0,0.18,0.0,1,2,17,45,0,15,9,53.318,,0
034,034007,Busseto,4224,0,5,21.0,74.0,0.0,6821.0,0.0,0.0,0.0,5,1,14,2,0,3,6,23.738,,0
034,034008,Calestano,732,0,3,43.0,15.0,0.0,2107.0,0.0,0.0,0.0,1,1,11,7,0,5,0,29.37,,0
034,034009,Collecchio,48279,0,3,455.0,103.0,25.05,14774.0,0.0,1.028,15.861,3,7,76,7,0,12,55,10.922,,0
034,034010,Colorno,54683,0,5,120.0,273.0,0.0,9080.0,0.0,0.0,0.565,0,1,19,0,0,2,5,14.407,,0
034,034011,Compiano,7424,0,1,27.0,147.0,100.0,1047.0,0.0,0.011,0.0,3,1,3,3,0,0,0,58.957,,0
034,034012,Corniglio,3635,0,1,66.0,172.0,0.0,1755.0,0.0,0.0,115.904,1,10,13,45,0,1,0,42.793,,0
034,034013,Felino,1383,0,3,0.0,25.0,0.0,9155.0,0.0,0.0,0.0,1,1,34,7,0,3,0,16.935,,0
034,034014,Fidenza,77488,0,3,428.0,192.0,30.84,27265.0,0.0,0.0,0.0,1,9,49,0,0,16,59,19.417,,0
034,034015,Fontanellato,30907,0,5,101.0,166.0,61.39,7097.0,0.0,0.0,0.0,1,5,24,0,1,1,0,12.045,,0
034,034016,Fontevivo,23715,0,5,147.0,70.0,0.0,5466.0,0.0,0.0,0.0,0,0,9,0,0,1,6,7.733,,0
034,034017,Fornovo di Taro,1298,0,3,0.0,75.0,0.0,5981.0,0.0,0.0,1.457,1,4,9,2,0,8,5,22.851,,0
034,034018,Langhirano,14061,0,3,70.0,150.0,0.0,10889.0,0.0,0.0,0.0,2,6,55,7,0,4,11,24.039,,0
034,034019,Lesignano de' Bagni,4667,0,3,23.0,70.0,0.0,5124.0,0.0,0.352,0.0,0,0,76,5,1,1,19,23.186,,0
034,034020,Medesano,29161,0,3,151.0,63.0,0.0,10755.0,0.0,0.0,5.96,0,4,24,7,0,16,42,19.612,,0
034,034022,Monchio delle Corti,7159,0,1,13.0,205.0,0.0,825.0,0.0,1.003,58.591,0,1,17,36,0,1,0,49.909,,0
034,034023,Montechiarugolo,40705,0,5,403.0,50.0,32.75,11252.0,0.0,0.099,3.505,0,1,87,2,0,2,7,15.604,,0
034,034024,Neviano degli Arduini,1663,0,3,0.0,74.0,0.0,3455.0,0.0,0.0,2.515,5,2,27,20,0,5,0,31.56,,0
034,034025,Noceto,51201,0,3,292.0,125.0,77.74,13306.0,0.0,0.0,4.488,3,5,38,0,0,8,26,13.01,,0
034,034026,Palanzano,328,0,1,0.0,32.0,0.0,1011.0,0.0,0.167,1.128,0,2,9,11,0,1,1,43.393,,0
034,034027,Parma,742330,0,5,3787.0,2130.0,67.76,198121.0,0.0,0.911,2.351,24,32,752,8,0,96,416,4.451,,0
034,034028,Pellegrino Parmense,1325,0,3,25.0,70.0,0.0,968.0,0.0,0.0,0.0,0,1,8,15,0,1,0,31.939,,0
034,034030,Roccabianca,554,0,5,0.0,33.0,0.0,2947.0,0.0,3.458,0.074,0,1,9,1,0,0,4,20.19,,0
034,034031,Sala Baganza,19091,0,3,134.0,61.0,0.0,5949.0,0.0,0.378,0.0,2,2,74,0,0,3,0,16.428,,0
034,034032,Salsomaggiore Terme,203855,0,3,2491.0,1501.0,31.87,20310.0,0.0,0.209,0.0,1,5,35,4,0,4,3,25.019,,0
034,034033,San Secondo Parmense,1858,0,5,0.0,51.0,0.0,5872.0,0.0,0.0,0.0,1,1,10,2,0,3,14,12.813,,0
034,034035,Solignano,3406,0,1,0.0,72.0,0.0,1681.0,0.0,0.274,0.0,0,3,5,2,0,1,3,32.675,,0
034,034036,Soragna,813,0,5,22.0,24.0,0.0,4751.0,0.0,0.0,0.0,3,1,10,0,0,3,3,17.536,,0
034,034038,Terenzo,769,0,3,0.0,40.0,0.0,1152.0,0.0,0.0,0.0,0,7,10,3,0,1,0,30.016,,0
034,034039,Tizzano Val Parma,3777,0,1,0.0,424.0,0.0,2164.0,0.0,0.0,0.0,0,1,33,16,0,8,0,36.207,,0
034,034040,Tornolo,628,0,1,25.0,38.0,0.0,888.0,0.0,0.174,0.63,0,0,5,40,0,5,8,56.039,,0
034,034041,Torrile,4086,0,5,74.0,16.0,0.0,7743.0,0.0,0.0,0.271,0,0,12,1,0,5,11,9.119,,0
034,034042,Traversetolo,1910,0,3,0.0,49.0,0.0,9664.0,0.0,0.121,0.939,2,2,85,15,0,2,6,22.225,,0
034,034044,Valmozzola,174,0,1,0.0,50.0,0.0,536.0,0.0,0.0,0.0,2,1,1,3,0,0,0,43.49,,0
034,034045,Varano de' Melegari,12191,0,3,85.0,18.0,100.0,2567.0,0.0,0.0,0.0,0,2,8,3,0,8,1,28.896,,0
034,034046,Varsi,954,0,1,0.0,323.0,0.0,1131.0,0.0,0.0,0.0,0,2,11,12,0,7,0,40.817,,0
034,034049,Sissa Trecasali,9956,0,5,62.0,30.0,0.0,7901.0,0.0,0.0,0.742,0,1,21,1,0,3,25,13.594,,0
034,034050,Polesine Zibello,6994,0,5,0.0,52.0,0.0,3120.0,0.0,8.741,0.263,1,1,33,0,0,0,20,25.047,,0
034,034051,Sorbolo Mezzani,1408,0,5,31.0,12.0,0.0,12989.0,0.0,0.276,7.772,2,2,42,2,0,7,20,13.124,,0
035,035001,Albinea,12304,0,3,37.0,124.0,0.0,8887.0,0.0,0.0,8.019,0,3,47,8,0,11,13,34.845,,0
035,035002,Bagnolo in Piano,25803,0,5,165.0,34.0,0.0,9583.0,0.0,0.0,0.0,1,0,19,1,0,0,20,30.622,,0
035,035003,Baiso,1058,0,3,15.0,30.0,0.0,3227.0,0.0,0.0,2.191,0,1,19,7,1,0,0,46.196,,0
035,035004,Bibbiano,3421,0,5,0.0,45.0,0.0,10221.0,0.0,0.0,0.0,1,0,24,3,0,1,8,22.321,,0
035,035005,Boretto,2283,0,5,36.0,33.0,0.0,5314.0,0.0,0.0,0.0,1,1,16,0,0,2,4,22.274,,0
035,035006,Brescello,11468,0,5,180.0,17.0,53.33,5575.0,0.0,0.0,0.013,2,0,22,0,0,3,4,16.559,,0
035,035008,Cadelbosco di Sopra,7403,0,5,79.0,29.0,0.0,10720.0,0.0,0.0,6.164,0,0,8,3,0,3,20,25.755,,0
035,035009,Campagnola Emilia,3900,0,5,48.0,0.0,0.0,5538.0,0.0,0.0,2.242,0,0,6,2,0,0,5,36.889,,0
035,035010,Campegine,14112,0,5,82.0,10.0,100.0,5351.0,0.0,0.499,10.255,0,0,8,3,0,2,1,18.865,,0
035,035011,Carpineti,9307,0,1,114.0,175.0,0.0,3901.0,0.0,0.0,1.471,0,2,15,27,0,6,1,45.581,,0
035,035012,Casalgrande,12330,0,3,125.0,44.0,80.0,18973.0,0.0,0.0,0.123,0,6,32,8,0,5,9,42.951,,0
035,035013,Casina,5339,0,3,45.0,91.0,0.0,4555.0,0.0,0.0,4.537,0,4,16,21,0,3,0,36.603,,0
035,035014,Castellarano,2937,0,3,40.0,36.0,0.0,15241.0,0.0,0.0,7.859,0,8,30,18,0,2,2,46.592,,0
035,035015,Castelnovo di Sotto,6542,0,5,108.0,18.0,0.0,8599.0,0.0,2.105,0.0,0,0,12,0,0,1,0,22.263,,0
035,035016,Castelnovo ne' Monti,20464,0,1,227.0,93.0,0.0,10345.0,0.0,0.141,14.92,0,0,41,15,0,14,4,44.144,,0
035,035017,Cavriago,11804,0,5,102.0,45.0,0.0,9873.0,0.0,0.0,0.0,0,1,37,2,0,3,4,22.818,,0
035,035018,Canossa,2214,0,3,0.0,109.0,0.0,3759.0,0.0,0.0,12.276,1,2,13,21,0,3,3,31.963,,0
035,035020,Correggio,49662,0,5,326.0,121.0,81.9,25159.0,0.0,1.51,0.132,3,16,89,3,1,6,64,37.802,,0
035,035021,Fabbrico,1318,0,5,61.0,7.0,0.0,6788.0,0.0,0.0,0.959,0,0,15,0,0,0,5,41.217,,0
035,035022,Gattatico,1573,0,5,0.0,115.0,0.0,5716.0,0.0,0.0,2.396,1,0,19,2,0,4,7,14.178,,0
035,035023,Gualtieri,4788,0,5,60.0,22.0,100.0,6281.0,0.0,0.0,2.408,1,3,12,1,0,3,5,26.075,,0
035,035024,Guastalla,9974,0,5,50.0,148.0,0.0,14627.0,0.0,0.0,10.833,0,1,13,1,1,4,7,31.675,,0
035,035026,Luzzara,4954,0,5,25.0,47.0,100.0,8555.0,0.0,0.0,4.578,0,0,13,0,0,0,5,35.692,,0
035,035027,Montecchio Emilia,21139,0,5,130.0,21.0,72.31,10464.0,0.0,0.0,0.822,1,2,24,2,0,14,4,18.475,,0
035,035028,Novellara,9454,0,5,60.0,19.0,41.67,13247.0,0.0,0.0,3.702,2,7,22,1,0,1,9,32.702,,0
035,035029,Poviglio,12225,0,5,139.0,7.0,0.0,7111.0,0.0,0.0,0.0,1,2,15,0,0,3,1,18.337,,0
035,035030,Quattro Castella,10898,0,3,50.0,145.0,0.0,13238.0,0.0,0.333,3.362,0,2,35,18,0,1,0,27.817,,0
035,035032,Reggiolo,17667,0,5,174.0,26.0,0.0,9243.0,0.0,1.719,6.067,0,4,5,2,0,4,0,40.848,,0
035,035033,Reggio nell'Emilia,302797,0,5,2233.0,943.0,42.81,171207.0,0.0,1.029,5.126,10,97,451,84,1,81,401,30.379,,0
035,035034,Rio Saliceto,4261,0,5,0.0,0.0,0.0,6050.0,0.0,0.0,1.601,0,0,8,2,0,0,0,40.164,,0
035,035035,Rolo,1799,0,5,24.0,26.0,0.0,3992.0,0.0,0.0,0.022,0,0,2,1,0,4,8,45.406,,0
035,035036,Rubiera,44602,0,5,261.0,68.0,0.0,14764.0,0.0,0.0,2.75,0,3,30,3,0,5,10,42.486,,0
035,035037,San Martino in Rio,172,0,5,0.0,27.0,0.0,8237.0,0.0,1.317,0.0,2,1,20,0,0,0,0,40.576,,0
035,035038,San Polo d'Enza,2962,0,3,35.0,28.0,0.0,6134.0,0.0,0.0,1.103,0,1,23,4,0,4,1,25.551,,0
035,035039,Sant'Ilario d'Enza,8013,0,5,127.0,0.0,0.0,11379.0,0.0,0.281,0.885,0,0,20,2,0,11,9,15.971,,0
035,035040,Scandiano,15990,0,3,88.0,102.0,100.0,25853.0,0.0,0.0,0.055,0,6,102,15,2,8,17,40.175,,0
035,035041,Toano,2257,0,1,38.0,64.0,0.0,4173.0,0.0,0.0,0.0,0,0,22,6,0,0,0,52.879,,0
035,035042,Vetto,244,0,1,0.0,55.0,0.0,1779.0,0.0,0.0,8.936,0,0,12,11,0,1,0,39.32,,0
035,035043,Vezzano sul Crostolo,1200,0,3,0.0,41.0,0.0,4384.0,0.0,0.0,5.244,0,1,12,16,0,1,4,33.153,,0
035,035044,Viano,7363,0,3,0.0,144.0,0.0,3417.0,0.0,0.0,5.79,0,3,10,15,0,3,0,38.753,,0
035,035045,Villa Minozzo,1225,0,1,133.0,455.0,0.0,3519.0,0.0,0.628,105.739,2,1,63,65,0,3,1,57.627,Evaporitic Karst and Caves of Northern Apennines,1
035,035046,Ventasso,82117,0,1,536.0,2303.0,0.0,3898.0,0.0,0.532,229.319,0,1,69,128,1,5,3,52.659,,0
036,036001,Bastiglia,9416,0,5,63.0,16.0,0.0,4237.0,0.0,0.0,0.0,0,0,8,0,0,0,0,30.959,,0
036,036002,Bomporto,16248,0,5,80.0,84.0,0.0,10261.0,0.0,0.0,0.0,0,2,22,0,0,4,1,30.887,,0
036,036003,Campogalliano,58150,0,5,422.0,47.0,53.79,8538.0,0.0,0.0,1.412,1,0,19,5,0,1,2,39.842,,0
036,036004,Camposanto,2605,0,5,0.0,23.0,0.0,3296.0,0.0,0.0,0.023,0,0,4,1,0,0,3,31.886,,0
036,036005,Carpi,80220,0,5,401.0,321.0,85.79,72523.0,0.0,0.0,18.962,2,21,116,4,0,11,37,43.154,,0
036,036006,Castelfranco Emilia,27772,0,5,167.0,129.0,0.0,33364.0,0.0,0.262,1.572,1,14,75,1,0,15,27,18.528,,0
036,036007,Castelnuovo Rangone,12674,0,5,42.0,65.0,0.0,15058.0,0.0,0.0,0.019,2,6,40,6,0,11,3,28.67,,0
036,036008,Castelvetro di Modena,56781,0,3,333.0,193.0,51.05,11078.0,0.0,0.0,0.0,2,4,40,2,0,2,1,28.703,,0
036,036009,Cavezzo,3396,0,5,43.0,8.0,0.0,7182.0,0.0,0.0,0.0,0,1,10,0,0,1,2,40.811,,0
036,036010,Concordia sulla Secchia,1718,0,5,0.0,43.0,0.0,8327.0,0.0,0.0,0.274,0,1,22,1,0,1,6,48.981,,0
036,036011,Fanano,20789,0,1,401.0,486.0,0.0,2980.0,0.0,0.026,104.345,1,1,33,37,0,2,0,53.959,,0
036,036012,Finale Emilia,16224,0,5,157.0,31.0,0.0,15142.0,0.0,0.0,3.29,0,2,12,3,0,4,35,35.017,,0
036,036013,Fiorano Modenese,40168,0,3,241.0,129.0,51.45,16754.0,0.0,0.0,5.34,2,15,48,13,0,13,54,36.652,,0
036,036014,Fiumalbo,22490,0,1,452.0,126.0,0.0,1174.0,0.0,0.157,51.907,1,3,7,16,0,1,0,57.911,,0
036,036015,Formigine,181013,0,5,954.0,252.0,9.54,34478.0,0.0,0.0,0.596,0,7,70,5,0,15,19,35.496,,0
036,036016,Frassinoro,6911,0,1,108.0,367.0,0.0,1723.0,0.0,0.0,44.278,1,0,34,29,0,4,0,65.332,,0
036,036017,Guiglia,5768,0,3,69.0,123.0,0.0,4174.0,0.0,0.0,23.346,3,1,9,27,0,2,0,30.283,,0
036,036018,Lama Mocogno,15491,0,1,229.0,697.0,0.0,2640.0,0.0,0.0,3.764,1,1,27,9,0,0,0,53.678,,0
036,036019,Maranello,149661,0,3,775.0,159.0,42.84,17278.0,0.0,0.0,0.723,1,4,29,5,0,1,55,33.353,,0
036,036020,Marano sul Panaro,1029,0,3,9.0,70.0,0.0,5283.0,0.0,0.0,2.816,0,3,16,9,0,1,0,31.619,,0
036,036021,Medolla,14825,0,5,89.0,50.0,71.91,6416.0,0.0,0.0,0.041,0,0,8,2,0,1,0,37.688,,0
036,036022,Mirandola,34281,0,5,106.0,141.0,0.0,24395.0,0.0,0.0,27.024,1,3,51,2,1,7,20,43.399,,0
036,036023,Modena,685866,0,5,3284.0,2094.0,44.24,184597.0,0.0,0.0,3.275,14,38,366,12,0,79,1290,31.981,"Cathedral, Torre Civica and Piazza Grande, Modena",1
036,036024,Montecreto,15190,0,1,228.0,396.0,0.0,943.0,0.0,0.0,1.882,0,0,29,8,0,0,0,53.769,,0
036,036025,Montefiorino,597,0,1,22.0,30.0,0.0,2111.0,0.0,0.0,1.299,1,1,12,15,1,0,0,58.81,,0
036,036026,Montese,40238,0,1,170.0,510.0,0.0,3307.0,0.0,0.0,0.0,2,2,15,28,0,0,0,41.494,,0
036,036027,Nonantola,7106,0,5,22.0,119.0,0.0,16110.0,0.0,1.109,1.344,0,4,24,5,0,2,33,24.898,,0
036,036028,Novi di Modena,3001,0,5,0.0,68.0,0.0,10165.0,0.0,0.0,7.806,0,1,8,6,0,3,2,47.169,,0
036,036029,Palagano,1213,0,1,38.0,19.0,0.0,2030.0,0.0,0.0,7.345,0,0,6,16,0,0,0,56.195,,0
036,036030,Pavullo nel Frignano,26911,0,1,140.0,389.0,0.0,18268.0,0.0,0.151,1.296,1,4,44,30,0,1,1,41.564,,0
036,036031,Pievepelago,27359,0,1,265.0,1045.0,0.0,2147.0,0.0,1.448,119.092,1,0,39,55,0,3,0,57.123,,0
036,036032,Polinago,3736,0,1,0.0,69.0,0.0,1579.0,0.0,0.0,0.0,0,2,8,2,0,0,0,48.283,,0
036,036033,Prignano sulla Secchia,3010,0,3,16.0,8.0,0.0,3809.0,0.0,0.0,0.877,0,0,13,11,0,0,0,46.913,,0
036,036034,Ravarino,2961,0,5,0.0,43.0,0.0,6307.0,0.0,0.0,0.0,0,1,8,1,0,1,10,27.965,,0
036,036035,Riolunato,4491,0,1,128.0,710.0,0.0,669.0,0.0,0.0,21.745,0,0,25,14,0,0,0,60.899,,0
036,036036,San Cesario sul Panaro,18263,0,5,95.0,57.0,100.0,6583.0,0.0,0.0,2.425,1,1,16,7,0,4,2,21.478,,0
036,036037,San Felice sul Panaro,10405,0,5,46.0,30.0,0.0,10827.0,0.0,0.0,0.215,0,2,16,1,0,4,5,36.19,,0
036,036038,San Possidonio,2755,0,5,119.0,8.0,0.0,3487.0,0.0,0.0,0.0,0,0,5,1,0,1,0,45.525,,0
036,036039,San Prospero,6342,0,5,89.0,4.0,100.0,6165.0,0.0,0.0,0.0,0,1,9,2,0,0,0,34.816,,0
036,036040,Sassuolo,86886,0,3,398.0,64.0,43.72,40996.0,0.0,0.0,0.394,1,9,75,6,0,23,150,40.489,,0
036,036041,Savignano sul Panaro,14458,0,3,121.0,51.0,0.0,9595.0,0.0,0.0,0.0,1,0,12,0,0,0,22,22.204,,0
036,036042,Serramazzoni,3901,0,3,25.0,125.0,0.0,8813.0,0.0,0.0,3.135,1,2,45,13,0,1,0,39.427,,0
036,036043,Sestola,78628,0,1,724.0,683.0,16.16,2411.0,0.0,0.365,3.951,0,3,78,24,0,1,1,51.1,,0
036,036044,Soliera,21397,0,5,231.0,80.0,61.47,15579.0,0.0,0.0,0.0,0,2,25,0,0,1,32,36.286,,0
036,036045,Spilamberto,12119,0,5,64.0,76.0,0.0,12945.0,0.0,0.118,0.0,2,4,12,2,0,4,6,22.844,,0
036,036046,Vignola,26374,0,3,116.0,139.0,79.31,25999.0,0.0,0.0,0.0,2,6,39,1,0,4,16,23.775,,0
036,036047,Zocca,5748,0,1,194.0,167.0,0.0,4702.0,0.0,0.0,8.822,1,7,17,27,0,0,1,30.254,,0
037,037001,Anzola dell'Emilia,45415,0,5,419.0,78.0,33.41,12347.0,0.0,0.83,0.386,1,0,20,1,0,3,27,8.305,,0
037,037002,Argelato,6733,0,5,51.0,68.0,0.0,9647.0,0.0,0.0,3.008,1,1,14,2,0,5,52,11.344,,0
037,037003,Baricella,1446,0,5,0.0,29.0,0.0,7129.0,0.0,0.0,1.313,0,0,17,1,0,0,32,26.995,,0
037,037005,Bentivoglio,66686,0,5,556.0,53.0,100.0,5777.0,0.0,0.0,0.877,2,5,12,5,0,3,75,15.338,,0
037,037006,Bologna,4146877,0,3,12963.0,13191.0,70.78,390098.0,0.0,1.509,9.325,54,155,608,23,2,395,1453,5.451,The Porticoes of Bologna,1
037,037007,Borgo Tossignano,1263,0,3,48.0,67.0,0.0,3187.0,0.0,0.0,44.322,1,0,15,5,0,3,4,37.69,,0
037,037008,Budrio,10678,0,5,58.0,202.0,0.0,18365.0,0.0,0.114,10.745,5,2,37,5,0,7,42,20.762,,0
037,037009,Calderara di Reno,59772,0,5,381.0,123.0,59.84,13690.0,0.0,0.503,0.605,0,0,25,3,0,8,70,3.914,,0
037,037010,Camugnano,7666,0,1,155.0,128.0,0.0,1863.0,0.0,0.0,34.626,5,1,12,23,1,4,160,39.145,,0
037,037011,Casalecchio di Reno,44869,0,3,223.0,176.0,57.85,35373.0,0.0,0.0,2.071,0,2,61,6,0,30,119,7.287,,0
037,037012,Casalfiumanese,963,0,3,13.0,47.0,0.0,3382.0,0.0,0.0,7.576,0,3,15,5,0,1,3,33.146,,0
037,037013,Castel d'Aiano,2964,0,1,24.0,93.0,0.0,1905.0,0.0,0.0,0.047,2,3,13,37,0,0,1,35.692,,0
037,037014,Castel del Rio,5185,0,3,60.0,174.0,0.0,1214.0,0.0,0.0,3.664,1,1,6,7,0,3,2,40.113,,0
037,037015,Castel di Casio,2234,0,1,17.0,306.0,0.0,3322.0,0.0,0.0,1.207,2,1,9,10,0,3,35,41.455,,0
037,037016,Castel Guelfo di Bologna,1967,0,5,23.0,32.0,0.0,4506.0,0.0,0.0,0.0,0,2,11,0,0,5,7,31.342,,0
037,037017,Castello d'Argile,6857,0,5,24.0,44.0,0.0,6626.0,0.0,0.349,0.129,0,0,16,1,1,2,14,16.858,,0
037,037019,Castel Maggiore,87975,0,5,373.0,120.0,0.0,18496.0,0.0,0.0,0.106,0,4,57,1,0,4,112,6.636,,0
037,037020,Castel San Pietro Terme,130437,0,3,1096.0,252.0,61.68,20694.0,0.0,0.875,0.0,0,9,77,4,0,9,167,25.755,,0
037,037021,Castenaso,113316,0,5,931.0,119.0,86.47,16357.0,0.0,0.0,0.0,2,2,37,0,1,7,79,14.34,,0
037,037022,Castiglione dei Pepoli,18700,0,1,155.0,78.0,0.0,5462.0,0.0,0.0,4.782,0,1,16,18,0,4,35,37.973,,0
037,037024,Crevalcore,7566,0,5,17.0,97.0,0.0,13981.0,0.0,0.982,7.677,2,3,16,3,0,7,30,25.539,,0
037,037025,Dozza,4939,0,3,90.0,99.0,46.67,6544.0,0.0,0.0,0.378,2,137,28,0,0,5,10,32.529,,0
037,037026,Fontanelice,485,0,3,0.0,37.0,0.0,1912.0,0.0,0.0,10.87,0,2,11,1,0,3,6,37.46,,0
037,037027,Gaggio Montano,2460,0,1,212.0,41.0,10.85,4835.0,0.0,0.0,0.0,0,4,14,10,0,3,1,42.826,,0
037,037028,Galliera,7156,0,5,68.0,5.0,0.0,5629.0,0.0,0.0,0.535,0,0,3,1,0,2,43,26.155,,0
037,037030,Granarolo dell'Emilia,50381,0,5,359.0,196.0,93.04,12915.0,0.0,0.21,0.0,0,2,18,1,0,5,82,11.865,,0
037,037031,Grizzana Morandi,6825,0,1,25.0,118.0,0.0,3928.0,0.0,0.0,21.098,2,4,24,20,0,2,109,34.082,,0
037,037032,Imola,226504,0,5,1043.0,2803.0,69.22,69332.0,0.0,0.0,4.273,11,77,207,9,0,70,408,35.522,,0
037,037033,Lizzano in Belvedere,29502,0,1,698.0,155.0,0.0,2204.0,0.0,0.38,45.096,1,1,42,44,0,5,5,47.75,,0
037,037034,Loiano,22558,0,3,170.0,106.0,37.65,4510.0,0.0,0.0,3.577,0,11,11,13,0,9,46,28.275,,0
037,037035,Malalbergo,10284,0,5,55.0,109.0,0.0,9208.0,0.0,0.0,0.0,0,2,16,0,0,5,38,24.483,,0
037,037036,Marzabotto,14417,0,3,0.0,211.0,0.0,6871.0,0.0,0.724,15.711,1,6,31,24,0,9,52,22.816,,0
037,037037,Medicina,8496,0,5,42.0,84.0,0.0,16720.0,0.0,0.14,20.694,1,17,38,1,0,10,113,30.377,,0
037,037038,Minerbio,12810,0,5,76.0,112.0,0.0,8949.0,0.0,0.0,3.704,1,4,9,0,0,2,42,19.355,,0
037,037039,Molinella,11437,0,5,45.0,101.0,55.56,15709.0,0.0,0.0,26.39,0,10,20,0,0,7,48,32.654,,0
037,037040,Monghidoro,3186,0,1,52.0,309.0,0.0,3873.0,0.0,0.0,7.833,2,8,19,32,0,4,77,35.391,,0
037,037041,Monterenzio,17909,0,3,45.0,256.0,0.0,6110.0,0.0,0.168,15.41,2,3,36,12,2,3,26,28.569,,0
037,037042,Monte San Pietro,2596,0,3,42.0,133.0,0.0,10813.0,0.0,0.581,0.0,1,3,19,15,0,3,22,16.494,,0
037,037044,Monzuno,53244,0,1,58.0,1338.0,0.0,6414.0,0.0,0.0,8.159,0,7,47,24,0,5,9,28.096,,0
037,037045,Mordano,1163,0,5,0.0,28.0,0.0,4576.0,0.0,0.0,0.0,0,0,8,0,0,1,5,32.383,,0
037,037046,Ozzano dell'Emilia,24739,0,3,181.0,159.0,79.56,14063.0,0.0,0.0,14.474,3,5,36,3,0,6,37,19.074,,0
037,037047,Pianoro,36626,0,3,204.0,249.0,0.0,17746.0,0.0,0.0,27.734,1,3,62,24,0,3,109,18.455,,0
037,037048,Pieve di Cento,37788,0,5,300.0,70.0,100.0,7326.0,0.0,0.25,0.793,2,8,11,1,0,3,25,22.345,,0
037,037050,Sala Bolognese,1143,0,5,0.0,46.0,0.0,8413.0,0.0,0.0,0.677,1,0,10,3,0,3,63,10.316,,0
037,037051,San Benedetto Val di Sambro,17204,0,1,163.0,401.0,0.0,4216.0,0.0,0.698,24.18,0,11,39,29,0,9,19,37.59,,0
037,037052,San Giorgio di Piano,4479,0,5,0.0,69.0,0.0,9503.0,0.0,0.0,0.0,0,18,21,1,0,1,56,15.261,,0
037,037053,San Giovanni in Persiceto,57849,0,5,246.0,214.0,77.24,27960.0,0.0,0.071,4.403,5,15,44,6,0,12,68,15.517,,0
037,037054,San Lazzaro di Savena,136775,0,3,849.0,294.0,95.29,32699.0,0.0,0.0,22.615,1,3,58,12,1,13,167,14.415,,0
037,037055,San Pietro in Casale,30868,0,5,262.0,55.0,0.0,12929.0,0.0,0.0,0.0,2,7,26,2,0,11,82,21.639,,0
037,037056,Sant'Agata Bolognese,1744,0,5,0.0,68.0,0.0,7351.0,0.0,0.0,0.135,1,8,18,0,0,7,14,19.359,,0
037,037057,Sasso Marconi,37873,0,3,177.0,519.0,12.43,14868.0,0.0,2.425,24.608,1,18,138,28,0,16,85,14.712,,0
037,037059,Vergato,24831,0,1,220.0,84.0,0.0,7645.0,0.0,0.0,0.026,4,4,28,11,1,11,101,31.468,,0
037,037060,Zola Predosa,141994,0,3,697.0,212.0,100.0,19369.0,0.0,0.195,1.284,1,8,61,5,0,9,105,7.565,,0
037,037061,Valsamoggia,73384,0,3,340.0,544.0,55.88,31925.0,0.0,2.019,8.812,2,12,69,39,0,15,75,18.593,,0
037,037062,Alto Reno Terme,30622,0,1,491.0,218.0,19.55,7050.0,0.0,0.131,0.316,4,10,15,28,0,10,143,41.35,,0
038,038001,Argenta,28091,0,5,122.0,270.0,0.0,21110.0,0.0,0.0,118.917,2,16,36,9,0,8,152,39.285,,0
038,038003,Bondeno,17736,0,5,33.0,203.0,0.0,13918.0,0.0,0.0,0.0,1,3,29,2,1,6,162,41.529,,0
038,038004,Cento,36577,0,5,407.0,186.0,6.14,35391.0,0.0,0.0,0.0,6,9,49,4,0,6,112,26.871,,0
038,038005,Codigoro,13528,0,5,96.0,71.0,0.0,11037.0,0.72,0.151,19.994,2,0,19,2,0,7,92,55.632,,0
038,038006,Comacchio,2161905,0,5,3270.0,34762.0,4.19,22054.0,13.895,3.421,270.772,6,10,160,12,9,44,163,35.999,,0
038,038007,Copparo,12140,0,5,83.0,32.0,0.0,15739.0,0.0,0.0,0.0,2,2,31,1,0,8,130,61.09,,0
038,038008,Ferrara,500593,0,5,2022.0,2116.0,50.89,129391.0,0.0,0.0,4.51,23,43,263,5,1,128,917,42.983,"Ferrara, City of the Renaissance, and its Po Delta",1
038,038010,Jolanda di Savoia,65,0,5,0.0,10.0,0.0,2618.0,0.0,0.0,1.418,0,0,6,0,0,0,46,60.224,,0
038,038011,Lagosanto,4027,0,5,12.0,23.0,0.0,4662.0,0.0,0.0,1.562,0,0,5,0,0,1,46,45.774,,0
038,038012,Masi Torello,58,0,5,0.0,7.0,0.0,2299.0,0.0,0.0,0.0,0,0,2,0,0,1,16,49.004,,0
038,038014,Mesola,4101,0,5,76.0,109.0,0.0,6417.0,0.0,0.761,41.312,0,2,10,2,0,4,47,59.746,,0
038,038017,Ostellato,13587,0,5,60.0,120.0,60.0,5583.0,0.0,1.075,7.381,1,0,9,2,0,1,49,44.65,,0
038,038018,Poggio Renatico,3546,0,5,21.0,7.0,0.0,9760.0,0.0,0.0,1.389,0,3,12,0,0,8,49,31.037,,0
038,038019,Portomaggiore,4669,0,5,0.0,208.0,0.0,11996.0,0.0,0.0,0.0,1,1,9,0,0,6,40,47.368,,0
038,038022,Vigarano Mainarda,5846,0,5,25.0,63.0,0.0,7658.0,0.0,0.0,0.0,0,0,16,1,0,1,47,39.003,,0
038,038023,Voghiera,1496,0,5,0.0,42.0,0.0,3581.0,0.0,0.0,0.0,2,1,10,0,0,0,27,43.746,,0
038,038025,Goro,1132,0,5,15.0,20.0,0.0,3436.0,11.198,0.0,27.116,0,0,13,0,0,2,18,53.308,,0
038,038027,Fiscaglia,2315,0,5,16.0,39.0,100.0,8461.0,0.0,0.251,4.035,2,1,29,0,1,3,30,50.217,,0
038,038028,Terre del Reno,2333,0,5,22.0,42.0,0.0,10142.0,0.0,0.0,7.126,0,2,14,0,0,2,32,31.657,,0
038,038029,Riva del Po,712,0,5,0.0,46.0,0.0,7425.0,0.0,0.0,0.237,0,1,9,0,0,1,105,68.248,,0
038,038030,Tresignana,972,0,5,0.0,27.0,0.0,6986.0,0.0,0.0,0.0,0,0,6,0,0,0,50,57.197,,0
039,039001,Alfonsine,6850,0,5,89.0,6.0,0.0,11557.0,0.0,0.0,3.714,1,0,20,1,0,1,25,26.808,,0
039,039002,Bagnacavallo,18752,0,5,107.0,74.0,0.0,16480.0,0.0,0.0,0.065,3,15,39,5,0,8,5,19.393,,0
039,039003,Bagnara di Romagna,2633,0,5,16.0,13.0,100.0,2393.0,0.0,0.0,0.0,3,3,8,0,0,0,1,28.909,,0
039,039004,Brisighella,29977,0,3,181.0,417.0,0.0,7172.0,0.0,0.0,54.643,3,21,52,56,0,2,36,26.362,,0
039,039005,Casola Valsenio,4905,0,3,0.0,144.0,0.0,2504.0,0.0,0.0,36.784,1,3,15,22,0,1,11,36.727,,0
039,039006,Castel Bolognese,2226,0,5,0.0,15.0,0.0,9550.0,0.0,0.0,0.0,1,6,29,1,0,8,7,26.595,,0
039,039007,Cervia,3408137,0,5,28725.0,9941.0,27.53,28964.0,11.499,0.0,22.471,1,3,154,7,0,34,17,14.354,,0
039,039008,Conselice,6287,0,5,24.0,53.0,0.0,9637.0,0.0,0.0,0.237,0,0,29,0,2,7,22,36.093,,0
039,039009,Cotignola,11148,0,5,0.0,141.0,0.0,7367.0,0.0,0.22,0.0,0,30,32,1,0,1,4,24.157,,0
039,039010,Faenza,154457,0,5,603.0,638.0,65.17,58843.0,0.0,0.152,0.022,10,112,162,14,0,63,108,17.118,,0
039,039011,Fusignano,5766,0,5,33.0,37.0,54.55,8159.0,0.0,0.0,0.0,1,0,26,0,0,1,0,24.077,,0
039,039012,Lugo,64671,0,5,303.0,172.0,80.86,32225.0,0.0,0.509,0.0,2,17,71,3,0,17,35,28.344,,0
039,039013,Massa Lombarda,3700,0,5,38.0,9.0,0.0,10746.0,0.0,0.0,0.0,1,2,24,0,0,1,24,34.459,,0
039,039014,Ravenna,2842778,0,5,12233.0,26562.0,10.01,156304.0,31.181,5.292,189.574,16,71,355,26,5,83,694,6.083,Early Christian Monuments of Ravenna,1
039,039015,Riolo Terme,58714,0,3,578.0,891.0,26.99,5785.0,0.0,0.0,29.027,1,2,17,7,1,8,3,30.826,,0
039,039016,Russi,10546,0,5,21.0,70.0,0.0,12285.0,0.0,0.0,0.0,3,4,23,0,0,4,11,14.105,,0
039,039017,Sant'Agata sul Santerno,665,0,5,0.0,16.0,0.0,2852.0,0.0,0.0,0.0,0,0,6,0,0,2,4,30.314,,0
039,039018,Solarolo,900,0,5,0.0,36.0,0.0,4406.0,0.0,0.0,0.0,1,1,25,0,0,5,3,26.044,,0
040,040001,Bagno di Romagna,241905,0,1,1231.0,1177.0,78.8,5579.0,0.0,0.64,8.874,3,5,37,98,1,9,1,37.874,,0
040,040003,Bertinoro,49784,0,5,196.0,296.0,0.0,11089.0,0.0,0.0,0.0,1,8,28,2,1,4,11,7.318,,0
040,040004,Borghi,997,0,3,0.0,36.0,0.0,2884.0,0.0,0.0,0.0,2,0,3,2,0,3,0,20.737,,0
040,040005,Castrocaro Terme e Terra del Sole,58335,0,3,625.0,107.0,37.76,6449.0,0.0,0.599,0.008,1,4,27,5,0,4,3,11.181,,0
040,040007,Cesena,167363,0,5,934.0,529.0,43.47,96066.0,0.0,0.66,0.0,8,10,153,10,1,32,97,14.971,,0
040,040008,Cesenatico,3609439,0,5,21714.0,14252.0,13.19,26008.0,7.754,1.054,0.0,3,7,151,4,4,20,36,24.232,,0
040,040009,Civitella di Romagna,1512,0,3,0.0,70.0,0.0,3643.0,0.0,0.0,0.0,0,4,12,10,0,3,8,20.701,,0
040,040011,Dovadola,1816,0,3,25.0,47.0,0.0,1560.0,0.0,1.601,0.0,0,1,11,1,0,2,6,17.311,,0
040,040012,Forlì,276547,0,5,953.0,648.0,76.6,117050.0,0.0,2.296,0.0,8,28,144,4,1,69,215,3.995,,0
040,040013,Forlimpopoli,22547,0,5,132.0,15.0,0.0,13075.0,0.0,0.121,0.0,2,3,24,0,0,5,4,4.656,,0
040,040014,Galeata,1449,0,3,0.0,31.0,0.0,2502.0,0.0,0.0,0.0,0,3,7,13,0,1,1,25.91,,0
040,040015,Gambettola,1492,0,5,0.0,15.0,0.0,10816.0,0.0,0.0,0.0,0,29,17,0,0,17,3,23.744,,0
040,040016,Gatteo,688025,0,5,6346.0,1616.0,0.88,9416.0,0.839,0.0,0.0,0,7,37,1,0,13,13,21.482,,0
040,040018,Longiano,16363,0,5,69.0,108.0,0.0,7270.0,0.0,0.0,0.0,0,2,10,12,0,9,4,22.667,,0
040,040019,Meldola,10560,0,3,0.0,112.0,0.0,9967.0,0.0,0.0,0.0,1,4,22,1,0,5,6,10.877,,0
040,040020,Mercato Saraceno,1741,0,3,0.0,64.0,0.0,6837.0,0.0,0.0,0.0,0,1,14,21,0,1,18,24.744,,0
040,040022,Modigliana,5728,0,3,24.0,220.0,0.0,4297.0,0.0,0.0,0.0,5,4,33,17,0,6,4,22.407,,0
040,040028,Montiano,977,0,3,0.0,3.0,0.0,1686.0,0.0,0.0,0.0,0,5,5,16,0,0,2,22.724,,0
040,040031,Portico e San Benedetto,7603,0,1,45.0,254.0,0.0,757.0,0.0,0.0,0.0,0,2,5,25,0,1,3,35.4,,0
040,040032,Predappio,16563,0,3,21.0,120.0,0.0,6284.0,0.0,0.0,0.0,0,1,18,1,1,3,5,14.862,,0
040,040033,Premilcuore,2126,0,1,24.0,325.0,0.0,688.0,0.0,0.0,0.0,1,2,2,34,0,1,1,34.306,,0
040,040036,Rocca San Casciano,2295,0,3,26.0,13.0,0.0,1784.0,0.0,0.214,0.0,0,2,13,12,0,4,2,23.538,,0
040,040037,Roncofreddo,1760,0,3,25.0,74.0,0.0,3453.0,0.0,0.5,0.0,1,5,15,7,0,0,2,22.949,,0
040,040041,San Mauro Pascoli,237866,0,5,2327.0,495.0,3.35,12295.0,0.687,0.0,0.0,3,2,27,1,1,7,21,17.852,,0
040,040043,Santa Sofia,22513,0,1,88.0,620.0,0.0,4003.0,0.0,1.945,1.598,3,3,18,44,0,8,13,35.866,,0
040,040044,Sarsina,1358,0,3,0.0,38.0,0.0,3337.0,0.0,0.0,0.0,1,0,18,10,0,1,9,29.741,,0
040,040045,Savignano sul Rubicone,208503,0,5,100.0,2430.0,20.0,17997.0,0.315,0.0,0.013,0,6,28,6,0,5,17,19.254,,0
040,040046,Sogliano al Rubicone,3219,0,3,17.0,107.0,0.0,3159.0,0.0,0.0,0.0,7,1,9,29,0,3,11,28.215,,0
040,040049,Tredozio,11172,0,3,15.0,548.0,0.0,1120.0,0.0,0.392,0.0,0,0,21,24,0,1,5,29.54,,0
040,040050,Verghereto,37578,0,1,298.0,485.0,7.72,1741.0,0.0,0.0,0.208,1,2,12,58,0,7,2,43.43,,0
041,041001,Acqualagna,16157,0,3,63.0,949.0,0.0,4166.0,0.0,0.307,10.221,6,0,19,4,0,10,10,43.054,,0
041,041002,Apecchio,9179,0,1,44.0,634.0,0.0,1692.0,0.0,0.0,41.974,1,1,26,18,0,5,0,51.614,,0
041,041005,Belforte all'Isauro,75,0,1,0.0,7.0,0.0,745.0,0.0,0.0,0.0,0,1,0,0,0,2,0,39.468,,0
041,041006,Borgo Pace,1464,0,1,15.0,133.0,0.0,522.0,0.0,0.0,24.998,1,0,2,11,0,0,1,50.909,,0
041,041007,Cagli,19148,0,1,173.0,591.0,0.0,7949.0,0.0,0.609,72.553,1,10,49,26,1,9,4,50.772,,0
041,041008,Cantiano,1197,0,1,39.0,65.0,0.0,1979.0,0.0,0.734,46.857,3,2,15,21,0,6,0,42.254,,0
041,041009,Carpegna,34272,0,1,242.0,701.0,0.0,1722.0,0.0,0.0,0.114,0,1,11,10,0,1,0,36.52,,0
041,041010,Cartoceto,3391,0,4,0.0,130.0,0.0,8052.0,0.0,0.356,0.025,0,0,20,0,0,10,0,36.14,,0
041,041013,Fano,716777,0,4,2042.0,7384.0,15.03,59992.0,20.33,6.09,10.5,2,10,306,14,0,57,62,36.8,,0
041,041014,Fermignano,5550,0,3,0.0,194.0,0.0,8240.0,0.0,0.0,5.783,1,2,31,9,0,12,24,39.433,,0
041,041015,Fossombrone,19341,0,3,65.0,316.0,0.0,9057.0,0.0,0.195,14.789,2,3,33,16,0,10,4,42.282,,0
041,041016,Fratte Rosa,1009,0,3,0.0,43.0,0.0,851.0,0.0,0.0,0.0,0,0,13,0,0,0,4,36.478,,0
041,041017,Frontino,7197,0,3,25.0,402.0,0.0,294.0,0.0,0.0,0.0,0,0,6,5,0,0,0,34.52,,0
041,041018,Frontone,4817,0,1,44.0,273.0,0.0,1216.0,0.0,0.042,20.195,0,1,37,15,1,5,0,48.214,,0
041,041019,Gabicce Mare,564478,0,4,6623.0,571.0,18.63,5471.0,4.553,0.0,2.223,0,1,29,4,0,3,14,14.393,,0
041,041020,Gradara,53644,0,4,53.0,283.0,100.0,4893.0,0.0,0.0,0.0,2,8,8,0,0,1,1,16.324,,0
041,041021,Isola del Piano,3348,0,3,0.0,51.0,0.0,546.0,0.0,0.0,0.0,0,0,2,2,0,0,0,34.636,,0
041,041022,Lunano,143,0,3,0.0,22.0,0.0,1427.0,0.0,0.0,0.0,0,0,6,0,0,0,0,33.151,,0
041,041023,Macerata Feltria,1180,0,3,0.0,56.0,0.0,1896.0,0.0,1.13,0.0,0,0,9,3,0,0,0,26.653,,0
041,041025,Mercatello sul Metauro,2624,0,1,0.0,181.0,0.0,1321.0,0.0,0.59,1.094,0,1,4,6,0,2,1,48.264,,0
041,041026,Mercatino Conca,105,0,3,0.0,4.0,0.0,1045.0,0.0,0.0,1.499,0,0,3,0,0,4,2,19.016,,0
041,041027,Mombaroccio,1301,0,4,0.0,122.0,0.0,2091.0,0.0,0.0,5.993,2,0,20,1,0,2,20,31.229,,0
041,041028,Mondavio,13263,0,4,25.0,114.0,0.0,3627.0,0.0,0.087,0.0,1,1,17,0,0,1,0,32.165,,0
041,041029,Mondolfo,183745,0,4,1234.0,1341.0,0.0,14325.0,5.509,0.763,0.0,0,0,65,4,0,12,11,24.433,,0
041,041030,Montecalvo in Foglia,7013,0,3,0.0,96.0,0.0,2739.0,0.0,0.0,12.862,0,0,14,1,0,1,0,23.587,,0
041,041031,Monte Cerignone,128,0,3,0.0,17.0,0.0,585.0,0.0,0.0,0.42,0,0,4,0,0,0,0,23.93,,0
041,041034,Montefelcino,2072,0,3,0.0,82.0,0.0,2475.0,0.0,0.0,5.032,1,0,9,0,0,4,2,33.632,,0
041,041035,Monte Grimano Terme,1381,0,3,127.0,34.0,0.0,1125.0,0.0,0.0,0.0,0,1,3,1,0,0,5,21.147,,0
041,041036,Montelabbate,3101,0,4,13.0,82.0,0.0,7086.0,0.0,0.0,0.0,0,0,29,0,0,4,11,23.794,,0
041,041038,Monte Porzio,7954,0,4,25.0,139.0,0.0,2811.0,0.0,0.187,0.0,0,0,24,0,0,4,3,27.06,,0
041,041041,Peglio,1125,0,3,68.0,33.0,0.0,646.0,0.0,0.217,0.0,0,0,4,0,0,0,0,36.625,,0
041,041043,Pergola,11457,0,3,0.0,438.0,0.0,5765.0,0.0,0.253,0.0,1,5,41,2,0,7,2,42.952,,0
041,041044,Pesaro,903997,0,4,5465.0,3416.0,32.63,95392.0,23.097,0.752,23.162,14,16,355,55,1,48,94,25.565,,0
041,041045,Petriano,282,0,3,21.0,6.0,0.0,2809.0,0.0,0.0,0.057,0,0,7,0,0,0,0,27.723,,0
041,041047,Piandimeleto,2371,0,3,15.0,34.0,0.0,2021.0,0.0,0.0,0.073,0,1,7,4,0,0,1,35.252,,0
041,041048,Pietrarubbia,58,0,3,23.0,26.0,0.0,577.0,0.0,0.0,0.0,1,4,2,2,0,0,0,30.622,,0
041,041049,Piobbico,5417,0,1,19.0,260.0,0.0,1811.0,0.0,0.303,29.643,2,3,16,22,0,8,0,49.081,,0
041,041051,San Costanzo,28808,0,4,0.0,857.0,0.0,4573.0,0.0,0.242,0.0,0,1,40,2,0,2,12,29.029,,0
041,041054,San Lorenzo in Campo,18794,0,3,25.0,137.0,0.0,3183.0,0.0,0.0,0.0,2,6,12,0,0,6,0,34.948,,0
041,041057,Sant'Angelo in Vado,3108,0,1,26.0,196.0,0.0,3883.0,0.0,0.506,0.0,2,0,25,6,0,3,0,42.577,,0
041,041058,Sant'Ippolito,5571,0,3,0.0,188.0,0.0,1468.0,0.0,0.318,0.8,2,5,7,0,0,2,1,39.529,,0
041,041061,Serra Sant'Abbondio,142,0,1,0.0,144.0,0.0,881.0,0.0,0.0,16.585,1,0,4,4,0,1,2,48.112,,0
041,041064,Tavoleto,4018,0,3,21.0,20.0,0.0,831.0,0.0,0.0,4.855,0,1,2,1,0,2,0,19.335,,0
041,041065,Tavullia,9166,0,4,32.0,160.0,0.0,7934.0,0.0,0.223,0.0,0,2,34,0,0,0,6,18.705,,0
041,041066,Urbania,18041,0,3,25.0,1829.0,100.0,6891.0,0.0,0.0,2.416,0,0,18,9,0,4,2,41.68,,0
041,041067,Urbino,169920,0,3,907.0,3206.0,24.92,13819.0,0.0,0.771,18.394,7,25,52,10,0,21,215,31.163,Historic Centre of Urbino,1
041,041068,Vallefoglia,27235,0,4,180.0,100.0,0.0,15005.0,0.0,0.34,1.813,1,1,29,0,0,5,24,23.635,,0
041,041069,Colli al Metauro,29562,0,4,162.0,272.0,0.0,12319.0,0.0,0.0,8.579,1,1,53,1,0,12,5,37.97,,0
041,041070,Terre Roveresche,14082,0,4,21.0,282.0,0.0,5226.0,0.0,0.319,0.385,0,1,46,0,0,6,5,33.987,,0
041,041071,Sassocorvaro Auditore,2300,0,3,110.0,67.0,0.0,4908.0,0.0,5.147,10.537,0,2,11,1,0,1,0,25.383,,0
042,042001,Agugliano,1909,0,4,33.0,39.0,0.0,4629.0,0.0,0.239,0.0,0,2,11,0,0,1,0,6.997,,0
042,042002,Ancona,422758,0,4,1580.0,2932.0,56.14,99377.0,42.096,0.898,31.086,5,40,204,29,0,32,682,11.571,,0
042,042003,Arcevia,19380,0,1,63.0,819.0,0.0,4190.0,0.0,1.085,11.751,3,15,67,21,0,9,0,34.581,,0
042,042004,Barbara,0,0,3,0.0,6.0,0.0,1264.0,0.0,0.182,0.0,0,1,5,0,0,2,0,27.82,,0
042,042005,Belvedere Ostrense,2210,0,4,0.0,82.0,0.0,2075.0,0.0,0.0,0.0,0,0,18,0,0,0,0,17.555,,0
042,042006,Camerano,58225,0,4,283.0,142.0,42.76,7064.0,0.0,0.0,6.303,0,0,11,1,0,2,27,18.236,,0
042,042007,Camerata Picena,0,0,4,0.0,83.0,0.0,2492.0,0.0,0.0,0.0,0,1,5,0,0,3,4,3.977,,0
042,042008,Castelbellino,1672,0,3,0.0,82.0,0.0,4926.0,0.0,0.0,0.0,1,0,7,0,0,2,6,21.216,,0
042,042010,Castelfidardo,35109,0,4,234.0,145.0,69.66,18451.0,0.0,0.0,1.157,2,4,28,1,0,9,5,23.509,,0
042,042011,Castelleone di Suasa,3462,0,3,18.0,72.0,0.0,1550.0,0.0,0.0,0.0,1,1,12,0,0,2,0,30.155,,0
042,042012,Castelplanio,8899,0,3,29.0,112.0,0.0,3557.0,0.0,0.0,0.0,0,0,9,1,0,2,4,24.243,,0
042,042013,Cerreto d'Esi,1177,0,1,21.0,44.0,0.0,3379.0,0.0,0.0,0.655,0,0,9,2,0,0,5,44.558,,0
042,042014,Chiaravalle,3362,0,4,13.0,74.0,0.0,14260.0,0.0,0.944,0.0,1,2,31,1,0,2,35,3.275,,0
042,042015,Corinaldo,20783,0,4,112.0,374.0,0.0,4751.0,0.0,0.271,0.0,1,4,36,2,0,4,0,25.955,,0
042,042016,Cupramontana,6593,0,3,0.0,329.0,0.0,4383.0,0.0,0.0,0.0,2,3,12,1,0,5,0,26.991,,0
042,042017,Fabriano,42900,0,1,419.0,592.0,38.19,28791.0,0.0,0.0,78.537,8,8,85,94,0,22,34,41.426,,0
042,042018,Falconara Marittima,51825,0,4,213.0,150.0,0.0,25685.0,7.624,0.0,0.0,1,5,58,1,0,9,95,1.044,,0
042,042019,Filottrano,6129,0,4,0.0,101.0,0.0,8855.0,0.0,0.0,0.0,0,4,5,0,0,1,0,19.824,,0
042,042020,Genga,21000,0,1,206.0,637.0,35.44,1668.0,0.0,0.154,45.374,1,3,20,17,0,1,7,40.495,,0
042,042021,Jesi,82920,0,4,433.0,377.0,61.43,39301.0,0.0,0.084,4.068,5,12,120,2,0,46,32,13.877,,0
042,042022,Loreto,89140,0,4,987.0,1450.0,19.76,12978.0,0.0,0.0,0.0,2,5,27,0,0,2,10,28.957,,0
042,042023,Maiolati Spontini,6939,0,3,53.0,41.0,0.0,5982.0,0.0,0.205,0.0,0,1,22,0,0,5,3,23.246,,0
042,042024,Mergo,4786,0,3,24.0,167.0,0.0,984.0,0.0,0.0,0.0,0,1,13,0,0,0,0,30.839,,0
042,042025,Monsano,50063,0,4,308.0,59.0,50.32,3240.0,0.0,0.0,0.0,0,1,22,0,0,1,18,9.416,,0
042,042026,Montecarotto,2752,0,3,0.0,122.0,0.0,1839.0,0.0,0.183,0.0,0,1,18,4,0,3,0,24.192,,0
042,042027,Montemarciano,23350,0,4,110.0,511.0,0.0,9788.0,4.596,0.0,0.0,0,1,36,0,1,1,40,5.359,,0
042,042029,Monte Roberto,1596,0,3,0.0,79.0,0.0,2974.0,0.0,0.0,0.0,0,2,8,0,0,0,0,21.24,,0
042,042030,Monte San Vito,5838,0,4,0.0,125.0,0.0,6684.0,0.0,1.154,0.0,0,0,31,0,0,1,6,7.345,,0
042,042031,Morro d'Alba,3065,0,4,21.0,82.0,0.0,1813.0,0.0,0.0,0.0,0,0,27,0,0,0,1,11.445,,0
042,042032,Numana,517470,0,4,1270.0,10896.0,36.22,3764.0,5.713,0.0,9.8,1,2,61,3,1,8,5,25.049,,0
042,042033,Offagna,3190,0,4,11.0,60.0,0.0,2088.0,0.0,0.0,0.0,2,1,11,1,0,1,3,11.765,,0
042,042034,Osimo,88465,0,4,434.0,568.0,69.59,34774.0,0.0,0.645,0.0,3,4,64,0,0,14,15,16.865,,0
042,042035,Ostra,10422,0,4,48.0,215.0,0.0,6264.0,0.0,1.463,0.0,1,0,53,1,0,1,1,18.232,,0
042,042036,Ostra Vetere,2571,0,4,0.0,83.0,0.0,3076.0,0.0,0.0,0.0,1,2,39,0,0,3,2,23.609,,0
042,042037,Poggio San Marcello,0,0,3,0.0,26.0,0.0,697.0,0.0,0.048,0.0,0,1,6,0,0,0,0,24.926,,0
042,042038,Polverigi,7233,0,4,70.0,104.0,0.0,4586.0,0.0,0.235,0.0,0,0,12,0,0,0,1,10.801,,0
042,042040,Rosora,3058,0,3,0.0,88.0,0.0,1813.0,0.0,0.0,0.0,0,0,10,0,0,0,0,28.964,,0
042,042041,San Marcello,15599,0,4,24.0,108.0,0.0,2008.0,0.0,0.0,0.0,1,0,35,0,0,1,0,14.065,,0
042,042042,San Paolo di Jesi,186,0,3,0.0,31.0,0.0,893.0,0.0,0.0,0.0,0,0,2,0,0,0,0,22.535,,0
042,042043,Santa Maria Nuova,7402,0,4,0.0,83.0,0.0,3943.0,0.0,0.184,0.0,0,1,10,0,0,0,0,14.757,,0
042,042044,Sassoferrato,15178,0,1,69.0,356.0,0.0,6808.0,0.0,0.0,7.057,5,8,35,55,0,2,30,46.51,,0
042,042045,Senigallia,926953,0,4,6647.0,5841.0,19.65,44090.0,14.931,0.0,0.0,4,9,231,15,2,33,44,14.891,,0
042,042046,Serra de' Conti,3916,0,3,0.0,124.0,0.0,3560.0,0.0,0.23,0.0,0,2,6,0,0,4,3,27.301,,0
042,042047,Serra San Quirico,7393,0,1,0.0,270.0,0.0,2548.0,0.0,0.0,10.927,1,2,25,9,0,1,3,32.948,,0
042,042048,Sirolo,186948,0,4,508.0,3494.0,18.5,4089.0,6.691,0.0,12.501,0,3,28,8,0,2,27,22.25,,0
042,042049,Staffolo,2868,0,3,84.0,152.0,25.0,2112.0,0.0,0.0,0.0,1,2,8,0,0,0,0,24.054,,0
042,042050,Trecastelli,32205,0,4,26.0,171.0,0.0,7586.0,0.0,0.0,0.0,2,0,55,0,0,3,0,21.94,,0
043,043002,Apiro,4418,0,3,0.0,376.0,0.0,2027.0,0.0,4.657,3.448,0,1,19,10,1,1,5,33.333,,0
043,043003,Appignano,7383,0,4,23.0,105.0,0.0,4078.0,0.0,0.0,0.0,0,1,5,0,0,2,1,27.469,,0
043,043004,Belforte del Chienti,5351,0,3,23.0,72.0,0.0,1851.0,0.0,1.593,0.0,1,1,9,0,0,2,4,51.267,,0
043,043005,Bolognola,372,0,1,44.0,102.0,0.0,147.0,0.0,0.0,0.0,0,0,36,9,0,1,0,59.106,,0
043,043006,Caldarola,5339,0,3,25.0,113.0,0.0,1603.0,0.0,0.0,0.0,2,3,11,2,0,4,3,56.175,,0
043,043007,Camerino,52108,0,3,82.0,2108.0,0.0,6041.0,0.0,0.0,10.47,3,23,34,8,0,4,137,46.266,,0
043,043008,Camporotondo di Fiastrone,224,0,3,0.0,51.0,0.0,472.0,0.0,0.0,0.0,0,0,5,0,0,1,0,54.088,,0
043,043009,Castelraimondo,6977,0,3,147.0,276.0,82.99,4360.0,0.0,0.0,1.398,1,3,13,1,0,3,15,45.837,,0
043,043010,Castelsantangelo sul Nera,559,0,1,42.0,12.0,0.0,221.0,0.0,0.0,0.0,0,0,12,12,0,2,1,60.098,,0
043,043011,Cessapalombo,1028,0,1,0.0,91.0,0.0,437.0,0.0,0.0,0.0,0,1,7,3,0,0,0,59.361,,0
043,043012,Cingoli,51167,0,3,128.0,1061.0,0.0,9556.0,0.0,21.929,5.339,2,1,30,4,2,5,3,28.115,,0
043,043013,Civitanova Marche,188647,0,4,820.0,1493.0,65.61,41965.0,6.609,0.0,0.145,0,15,196,3,0,52,196,42.763,,0
043,043014,Colmurano,573,0,3,24.0,29.0,0.0,1157.0,0.0,0.0,0.0,0,1,5,0,0,3,0,49.937,,0
043,043015,Corridonia,43905,0,4,267.0,108.0,48.31,14658.0,0.0,0.0,0.005,0,1,36,0,0,17,11,42.583,,0
043,043016,Esanatoglia,7679,0,1,0.0,172.0,0.0,1897.0,0.0,0.0,22.333,0,7,2,11,0,0,0,38.247,,0
043,043017,Fiastra,12690,0,1,39.0,720.0,0.0,606.0,0.0,10.694,0.0,0,0,8,12,0,0,4,54.208,,0
043,043019,Fiuminata,3359,0,1,0.0,163.0,0.0,1260.0,0.0,0.0,16.061,0,3,10,72,0,1,1,32.502,,0
043,043020,Gagliole,12593,0,3,0.0,87.0,0.0,519.0,0.0,0.0,0.078,0,1,4,9,0,0,4,47.701,,0
043,043021,Gualdo,5876,0,3,0.0,177.0,0.0,718.0,0.0,0.0,0.0,0,0,13,1,0,2,0,61.199,,0
043,043022,Loro Piceno,7705,0,3,98.0,228.0,0.0,2133.0,0.0,0.0,0.121,0,0,17,1,0,1,0,50.533,,0
043,043023,Macerata,247850,0,4,301.0,1332.0,0.0,40538.0,0.0,0.0,0.001,2,10,110,0,0,58,134,35.729,,0
043,043024,Matelica,15521,0,3,69.0,246.0,0.0,9081.0,0.0,0.0,10.385,3,2,37,29,2,4,9,46.119,,0
043,043025,Mogliano,1245,0,4,20.0,34.0,100.0,4311.0,0.0,0.0,0.0,0,0,11,0,0,3,0,48.61,,0
043,043026,Montecassiano,7437,0,4,215.0,83.0,100.0,6761.0,0.0,0.0,0.0,0,1,11,0,0,9,0,28.959,,0
043,043027,Monte Cavallo,261,0,1,0.0,0.0,0.0,103.0,0.0,0.0,3.261,0,0,1,5,0,0,0,40.772,,0
043,043028,Montecosaro,4438,0,4,14.0,125.0,0.0,7395.0,0.0,0.397,0.0,1,1,23,0,0,2,5,40.949,,0
043,043029,Montefano,2101,0,4,18.0,77.0,100.0,3312.0,0.0,0.0,0.0,0,0,12,0,0,3,0,23.286,,0
043,043030,Montelupone,2945,0,4,36.0,101.0,0.0,3358.0,0.0,0.0,0.0,1,1,15,0,0,3,0,33.995,,0
043,043031,Monte San Giusto,9454,0,4,85.0,69.0,0.0,7464.0,0.0,0.0,0.0,0,2,25,0,0,5,1,45.841,,0
043,043032,Monte San Martino,2189,0,3,0.0,95.0,0.0,685.0,0.0,0.881,0.139,0,0,3,0,0,0,0,65.603,,0
043,043033,Morrovalle,13827,0,4,106.0,134.0,0.0,9792.0,0.0,0.0,0.0,1,2,58,0,0,14,5,39.555,,0
043,043034,Muccia,2024,0,1,0.0,58.0,0.0,800.0,0.0,0.0,0.0,0,0,5,2,0,2,7,42.073,,0
043,043035,Penna San Giovanni,2121,0,3,20.0,115.0,100.0,928.0,0.0,0.0,0.0,0,2,2,0,0,1,0,62.165,,0
043,043036,Petriolo,403,0,4,0.0,36.0,0.0,1825.0,0.0,0.0,0.146,0,0,5,0,0,1,0,44.896,,0
043,043038,Pieve Torina,3453,0,1,0.0,38.0,0.0,1225.0,0.0,0.174,6.053,0,0,11,1,0,1,4,43.692,,0
043,043039,Pioraco,570,0,1,23.0,44.0,0.0,957.0,0.0,0.0,3.768,1,2,3,34,0,0,1,40.512,,0
043,043040,Poggio San Vicino,551,0,3,0.0,10.0,0.0,218.0,0.0,0.0,0.144,0,1,2,7,0,0,0,36.684,,0
043,043041,Pollenza,878,0,3,21.0,41.0,0.0,6216.0,0.0,0.686,0.223,0,1,13,1,0,5,4,39.524,,0
043,043042,Porto Recanati,462222,0,4,611.0,7036.0,21.11,12466.0,8.735,0.0,0.008,1,1,63,5,0,38,6,30.445,,0
043,043043,Potenza Picena,167310,0,4,162.0,2439.0,0.0,15470.0,5.34,4.492,0.402,0,2,51,3,1,29,7,35.705,,0
043,043044,Recanati,40961,0,4,334.0,566.0,44.01,20673.0,0.0,1.166,0.0,5,11,63,1,0,27,5,27.633,,0
043,043045,Ripe San Ginesio,2026,0,3,0.0,20.0,0.0,801.0,0.0,0.0,0.0,0,1,1,0,0,0,0,52.798,,0
043,043046,San Ginesio,5698,0,3,0.0,527.0,0.0,3055.0,0.0,0.0,0.0,1,1,21,2,0,2,2,57.335,,0
043,043047,San Severino Marche,20388,0,3,105.0,762.0,0.0,11826.0,0.0,1.154,8.485,2,3,30,19,0,6,11,41.731,,0
043,043048,Sant'Angelo in Pontano,1250,0,3,0.0,56.0,0.0,1259.0,0.0,0.0,0.0,0,1,5,0,0,0,0,57.227,,0
043,043049,Sarnano,34153,0,1,360.0,991.0,0.0,3053.0,0.0,0.0,0.0,0,2,35,5,0,3,2,63.667,,0
043,043050,Sefro,1126,0,1,19.0,5.0,0.0,445.0,0.0,0.383,23.186,0,0,3,42,0,0,0,36.35,,0
043,043051,Serrapetrona,435,0,3,60.0,69.0,0.0,886.0,0.0,0.0,11.041,3,1,11,3,0,0,1,51.478,,0
043,043052,Serravalle di Chienti,318,0,1,38.0,27.0,0.0,1036.0,0.0,0.0,6.581,1,1,4,10,0,0,1,35.62,,0
043,043053,Tolentino,66341,0,3,194.0,256.0,30.93,17719.0,0.0,2.695,9.42,4,9,36,1,0,6,26,45.668,,0
043,043054,Treia,12161,0,3,50.0,339.0,0.0,9033.0,0.0,2.086,0.084,1,11,27,1,0,2,6,33.804,,0
043,043055,Urbisaglia,2914,0,3,79.0,272.0,0.0,2391.0,0.0,0.403,10.063,2,4,5,1,0,0,2,46.015,,0
043,043056,Ussita,1132,0,1,19.0,44.0,0.0,360.0,0.0,0.172,0.0,0,1,48,17,0,0,0,56.131,,0
043,043057,Visso,8397,0,1,0.0,98.0,0.0,952.0,0.0,0.0,6.073,1,6,2,10,0,2,7,47.819,,0
043,043058,Valfornace,4892,0,1,0.0,191.0,0.0,893.0,0.0,0.802,0.0,0,3,6,6,0,1,0,49.4,,0
044,044001,Acquasanta Terme,15298,0,1,269.0,114.0,6.69,2453.0,0.0,1.938,10.906,0,3,11,24,0,6,3,73.47,,0
044,044002,Acquaviva Picena,6650,0,4,160.0,231.0,0.0,3621.0,0.0,0.0,0.0,0,3,5,0,0,0,24,64.578,,0
044,044005,Appignano del Tronto,1145,0,3,0.0,45.0,0.0,1635.0,0.0,0.0,0.0,0,0,12,1,0,0,0,67.266,,0
044,044006,Arquata del Tronto,2483,0,1,0.0,48.0,0.0,955.0,0.0,0.0,0.844,0,1,4,22,0,4,0,73.429,,0
044,044007,Ascoli Piceno,87024,0,3,270.0,1471.0,34.81,45448.0,0.0,3.136,14.859,7,31,114,23,0,17,359,68.707,,0
044,044010,Carassai,2374,0,4,0.0,128.0,0.0,981.0,0.0,0.0,0.0,0,1,4,0,0,0,21,70.314,,0
044,044011,Castel di Lama,1162,0,3,0.0,62.0,0.0,8431.0,0.0,0.0,0.0,1,9,17,0,0,7,23,63.267,,0
044,044012,Castignano,3040,0,3,61.0,200.0,0.0,2540.0,0.0,0.0,1.79,2,2,12,1,0,0,19,72.426,,0
044,044013,Castorano,4312,0,4,0.0,106.0,0.0,2233.0,0.0,0.0,0.0,0,0,4,0,0,0,19,63.364,,0
044,044014,Colli del Tronto,37080,0,4,566.0,41.0,100.0,3628.0,0.0,0.0,0.0,3,0,8,0,0,1,16,60.59,,0
044,044015,Comunanza,4322,0,1,44.0,109.0,43.18,2911.0,0.0,2.478,0.0,0,1,9,1,0,0,3,76.611,,0
044,044016,Cossignano,4261,0,4,14.0,237.0,0.0,853.0,0.0,0.0,0.0,2,1,2,1,0,3,17,73.83,,0
044,044017,Cupra Marittima,424067,0,4,638.0,4762.0,0.0,5388.0,5.422,0.0,2.445,3,5,13,5,0,4,30,71.181,,0
044,044020,Folignano,10030,0,3,119.0,14.0,100.0,8746.0,0.0,0.0,0.0,0,1,19,0,0,3,23,61.701,,0
044,044021,Force,981,0,3,19.0,158.0,0.0,1104.0,0.0,0.0,0.0,2,2,2,1,0,1,0,73.69,,0
044,044023,Grottammare,263217,0,4,2690.0,1471.0,13.9,15851.0,5.928,0.0,0.158,2,7,41,1,0,9,40,66.808,,0
044,044027,Maltignano,2267,0,3,24.0,9.0,0.0,2207.0,0.0,0.0,0.0,0,0,7,0,0,2,7,60.573,,0
044,044029,Massignano,30393,0,4,251.0,298.0,25.1,1591.0,1.387,0.0,0.023,2,4,5,0,0,1,17,73.231,,0
044,044031,Monsampolo del Tronto,4457,0,4,0.0,168.0,0.0,4444.0,0.0,0.0,0.0,0,0,3,0,0,2,14,61.035,,0
044,044032,Montalto delle Marche,4469,0,3,0.0,274.0,0.0,1848.0,0.0,0.0,0.0,1,3,14,0,0,1,6,72.712,,0
044,044034,Montedinove,2949,0,3,30.0,168.0,0.0,457.0,0.0,0.0,0.0,1,3,4,0,0,0,8,73.589,,0
044,044036,Montefiore dell'Aso,14120,0,4,0.0,532.0,0.0,1959.0,0.0,0.0,0.0,2,2,4,0,0,0,13,70.655,,0
044,044038,Montegallo,410,0,1,0.0,193.0,0.0,399.0,0.0,0.0,2.488,0,0,6,10,1,0,2,72.991,,0
044,044044,Montemonaco,6606,0,1,81.0,595.0,0.0,533.0,0.0,4.447,0.0,0,0,3,18,0,1,1,68.516,,0
044,044045,Monteprandone,7387,0,4,101.0,158.0,0.0,13043.0,0.0,0.0,0.0,1,3,7,0,0,7,24,60.1,,0
044,044054,Offida,10923,0,4,47.0,388.0,0.0,4617.0,0.0,0.0,0.0,1,0,17,2,0,0,64,68.279,,0
044,044056,Palmiano,162,0,3,22.0,0.0,0.0,158.0,0.0,0.0,0.0,1,0,2,2,0,1,0,78.431,,0
044,044063,Ripatransone,13820,0,4,107.0,455.0,59.81,4141.0,0.0,0.0,9.644,2,0,17,2,1,1,43,71.11,,0
044,044064,Roccafluvione,1900,0,1,25.0,216.0,0.0,1840.0,0.0,0.0,0.0,0,1,6,4,0,1,6,76.654,,0
044,044065,Rotella,589,0,3,0.0,18.0,0.0,789.0,0.0,0.0,3.368,2,0,2,0,0,1,10,76.036,,0
044,044066,San Benedetto del Tronto,751507,0,4,6052.0,3752.0,21.27,47045.0,13.049,0.0,1.657,1,10,128,2,1,40,115,60.727,,0
044,044071,Spinetoli,7679,0,4,84.0,117.0,0.0,7164.0,0.0,0.78,0.04,0,1,9,1,0,0,16,59.812,,0
044,044073,Venarotta,239,0,3,23.0,33.0,0.0,1884.0,0.0,0.0,0.0,1,4,5,1,0,1,13,75.459,,0
045,045001,Aulla,6716,0,3,125.0,166.0,0.0,10671.0,0.0,0.852,0.147,0,14,46,9,0,11,56,66.005,,0
045,045002,Bagnone,6343,0,1,0.0,263.0,0.0,1658.0,0.0,0.0,13.851,2,4,24,30,0,1,3,59.485,,0
045,045003,Carrara,73846,0,2,436.0,840.0,12.39,59757.0,4.723,0.0,24.245,5,32,216,24,0,79,119,50.372,,0
045,045004,Casola in Lunigiana,1483,0,1,0.0,129.0,0.0,931.0,0.0,0.0,15.902,1,0,12,11,0,1,10,60.086,,0
045,045005,Comano,1726,0,1,47.0,111.0,0.0,666.0,0.0,0.299,15.991,0,0,14,19,0,1,2,58.835,,0
045,045006,Filattiera,3703,0,1,35.0,104.0,0.0,2164.0,0.0,0.0,11.224,2,5,10,11,0,4,3,58.043,,0
045,045007,Fivizzano,8934,0,1,122.0,488.0,0.0,7034.0,0.0,0.0,50.399,6,6,74,54,0,7,30,62.319,,0
045,045008,Fosdinovo,12301,0,3,96.0,231.0,0.0,4601.0,0.0,0.0,22.512,1,2,69,23,0,2,23,58.969,,0
045,045009,Licciana Nardi,11161,0,1,25.0,209.0,100.0,4729.0,0.0,0.308,6.325,1,6,33,9,0,4,32,63.5,,0
045,045010,Massa,832947,0,2,3722.0,25047.0,11.34,65992.0,5.186,0.0,53.936,5,18,269,72,2,55,79,45.214,,0
045,045011,Montignoso,69235,0,2,1124.0,145.0,6.41,10038.0,0.725,0.0,4.381,1,3,61,9,0,4,3,40.508,,0
045,045012,Mulazzo,13418,0,1,149.0,242.0,0.0,2293.0,0.0,0.0,0.083,3,2,14,3,0,1,12,66.937,,0
046,046035,Villa Collemandina,10305,0,1,233.0,224.0,0.0,1170.0,0.0,0.0,16.281,1,1,24,7,0,1,0,56.585,,0
046,046036,Fabbriche di Vergemoli,3969,0,1,0.0,130.0,0.0,705.0,0.0,0.0,41.042,0,0,23,9,0,1,0,37.636,,0
046,046037,Sillano Giuncugnano,9916,0,1,0.0,341.0,0.0,1001.0,0.0,0.0,4.058,0,0,7,17,0,7,7,62.264,,0
047,047002,Agliana,9764,0,3,21.0,42.0,0.0,17969.0,0.0,0.0,0.0,0,5,37,0,0,3,37,18.836,,0
047,047003,Buggiano,16293,0,3,66.0,144.0,57.58,8725.0,0.0,0.0,0.0,1,9,64,11,0,9,41,35.474,,0
047,047005,Lamporecchio,87698,0,3,183.0,1467.0,13.66,7401.0,0.0,0.0,0.001,0,2,79,4,0,5,9,24.206,,0
047,047006,Larciano,23705,0,3,138.0,194.0,0.0,6280.0,0.0,0.0,1.124,2,9,36,2,0,8,48,27.669,,0
047,047007,Marliana,9517,0,1,49.0,153.0,0.0,3263.0,0.0,0.159,0.0,1,1,32,6,0,0,12,36.795,,0
047,047008,Massa e Cozzile,11160,0,3,0.0,123.0,0.0,7766.0,0.0,0.0,0.0,1,8,68,6,0,12,49,37.77,,0
047,047009,Monsummano Terme,50076,0,3,158.0,254.0,100.0,20827.0,0.0,1.326,1.967,3,7,48,3,0,4,98,30.387,,0
047,047010,Montale,4671,0,3,24.0,65.0,0.0,10568.0,0.0,0.0,0.36,1,10,32,6,0,2,54,22.069,,0
047,047011,Montecatini-Terme,1562492,0,3,9949.0,1124.0,54.65,21106.0,0.0,0.133,0.0,1,1,123,6,0,32,101,35.245,,0
047,047012,Pescia,65288,0,3,426.0,352.0,59.39,19276.0,0.0,0.0,0.0,8,27,47,15,1,33,10,37.409,,0
047,047013,Pieve a Nievole,7612,0,3,42.0,84.0,0.0,9123.0,0.0,0.127,1.232,0,2,42,2,0,7,66,33.554,,0
047,047014,Pistoia,169766,0,1,578.0,1040.0,47.23,89054.0,0.0,1.049,0.083,27,103,405,27,0,109,379,29.624,,0
047,047016,Ponte Buggianese,2630,0,3,13.0,25.0,0.0,8791.0,0.0,0.0,12.328,2,2,60,3,0,15,19,33.77,,0
047,047017,Quarrata,11862,0,3,38.0,203.0,0.0,26972.0,0.0,1.91,1.943,3,21,85,3,0,3,24,19.152,,0
047,047018,Sambuca Pistoiese,427,0,1,0.0,31.0,0.0,1426.0,0.0,0.0,4.708,2,2,6,35,0,2,5,33.226,,0
047,047020,Serravalle Pistoiese,60114,0,3,267.0,354.0,0.0,11802.0,0.0,0.278,0.0,0,9,101,7,0,9,46,28.072,,0
047,047021,Uzzano,4882,0,3,0.0,51.0,0.0,5646.0,0.0,0.0,0.0,0,4,33,3,0,5,0,33.934,,0
047,047022,Chiesina Uzzanese,45460,0,3,251.0,32.0,0.0,4495.0,0.0,0.0,0.0,0,0,18,0,0,4,8,31.436,,0
047,047023,Abetone Cutigliano,90927,0,1,910.0,1506.0,8.9,1814.0,0.0,1.095,13.245,3,1,141,66,0,10,1,53.086,,0
047,047024,San Marcello Piteglio,65600,0,1,231.0,1195.0,0.0,7585.0,0.0,0.222,0.327,8,1,46,30,1,12,11,42.377,,0
048,048001,Bagno a Ripoli,99857,0,3,324.0,740.0,100.0,25041.0,0.0,0.0,0.0,0,20,212,14,0,14,359,13.93,,0
048,048002,Barberino di Mugello,86766,0,3,305.0,815.0,0.0,10968.0,0.0,0.0,0.567,1,15,45,21,0,5,5,23.678,,0
048,048004,Borgo San Lorenzo,73416,0,3,535.0,655.0,21.31,18276.0,0.0,0.0,0.07,3,21,81,45,0,5,38,23.637,,0
048,048005,Calenzano,218614,0,3,1215.0,230.0,41.15,18086.0,0.0,0.0,13.064,3,23,69,20,0,6,205,10.225,,0
048,048006,Campi Bisenzio,162293,0,3,953.0,204.0,53.73,47639.0,0.0,1.856,1.547,3,10,42,3,1,15,377,6.089,,0
048,048008,Capraia e Limite,26272,0,3,50.0,590.0,0.0,7822.0,0.0,0.0,0.069,1,0,31,4,0,1,4,17.543,,0
048,048010,Castelfiorentino,27782,0,3,109.0,477.0,0.0,17262.0,0.0,0.0,0.0,3,3,106,6,0,2,43,28.826,,0
048,048011,Cerreto Guidi,34626,0,5,34.0,609.0,0.0,10727.0,0.0,0.687,0.901,2,1,18,8,0,1,3,28.467,,0
048,048012,Certaldo,115839,0,3,90.0,1419.0,80.0,15604.0,0.0,0.0,0.0,5,6,115,7,0,3,10,29.003,,0
048,048013,Dicomano,9479,0,3,0.0,360.0,0.0,5534.0,0.0,0.0,0.0,1,4,64,13,0,1,6,30.434,,0
048,048014,Empoli,36436,0,5,93.0,543.0,0.0,49113.0,0.0,0.631,0.035,6,16,129,8,0,29,61,24.1,,0
045,045013,Podenzana,2788,0,3,62.0,74.0,0.0,2104.0,0.0,0.0,0.031,0,1,1,3,0,0,19,69.661,,0
045,045014,Pontremoli,18316,0,1,90.0,421.0,72.22,6862.0,0.0,1.012,0.256,3,7,33,19,0,3,122,56.834,,0
045,045015,Tresana,3349,0,3,25.0,101.0,0.0,1912.0,0.0,0.0,0.106,0,3,9,3,0,0,7,71.658,,0
045,045016,Villafranca in Lunigiana,3747,0,1,29.0,378.0,0.0,4651.0,0.0,0.0,0.0,1,5,24,0,0,0,1,65.245,,0
045,045017,Zeri,2314,0,1,53.0,126.0,0.0,919.0,0.0,0.778,0.151,0,0,24,13,0,2,19,67.526,,0
046,046001,Altopascio,1787,0,5,294.0,273.0,0.0,15952.0,0.0,0.169,0.655,1,5,61,1,0,4,7,27.468,,0
046,046002,Bagni di Lucca,14955,0,1,213.0,202.0,0.0,5576.0,0.0,0.059,3.264,1,3,130,40,0,10,10,43.998,,0
046,046003,Barga,91733,0,1,615.0,576.0,60.98,9462.0,0.0,0.0,1.182,3,2,181,12,0,17,12,46.755,,0
046,046004,Borgo a Mozzano,17043,0,1,78.0,166.0,0.0,6677.0,0.0,0.0,0.155,2,2,85,0,0,7,9,33.62,,0
046,046005,Camaiore,546957,0,5,4666.0,2386.0,19.18,31864.0,2.103,0.0,12.315,3,33,231,23,0,32,59,27.688,,0
046,046006,Camporgiano,20303,0,1,12.0,308.0,0.0,2005.0,0.0,0.438,2.605,1,1,73,2,0,3,36,51.718,,0
046,046007,Capannori,114067,0,5,350.0,1407.0,77.71,46402.0,0.0,2.223,0.19,5,13,357,33,0,20,80,22.153,,0
046,046008,Careggine,1871,0,1,70.0,54.0,0.0,503.0,0.0,4.281,24.22,0,1,17,1,0,2,0,46.154,,0
046,046009,Castelnuovo di Garfagnana,34259,0,1,186.0,246.0,0.0,5622.0,0.0,1.193,11.82,1,6,81,2,0,10,7,46.737,,0
046,046010,Castiglione di Garfagnana,19770,0,1,99.0,215.0,0.0,1705.0,0.0,0.0,0.387,0,5,45,13,0,1,1,55.593,,0
046,046011,Coreglia Antelminelli,8510,0,1,98.0,399.0,0.0,5053.0,0.0,0.0,0.249,1,1,41,15,0,2,4,44.479,,0
046,046013,Forte dei Marmi,357372,0,5,3453.0,826.0,64.58,6777.0,4.241,0.0,0.053,2,6,152,1,0,2,0,35.828,,0
046,046014,Fosciandora,1013,0,1,0.0,87.0,0.0,551.0,0.0,0.0,0.171,0,2,24,2,0,1,2,49.475,,0
046,046015,Gallicano,8092,0,1,65.0,75.0,0.0,3608.0,0.0,0.613,21.645,0,1,63,2,0,6,4,40.531,,0
046,046017,Lucca,623561,0,5,1997.0,4361.0,72.16,89234.0,0.0,0.133,0.156,19,66,717,17,0,72,352,20.959,,0
046,046018,Massarosa,36668,0,5,141.0,727.0,0.0,21865.0,0.0,2.463,12.781,0,4,80,3,0,19,29,21.316,,0
046,046019,Minucciano,7996,0,1,253.0,549.0,0.0,1778.0,0.0,3.79,37.702,2,3,19,20,0,3,24,54.929,,0
046,046020,Molazzana,7953,0,1,0.0,170.0,0.0,988.0,0.0,0.0,23.853,0,1,33,19,0,3,2,42.726,,0
046,046021,Montecarlo,23899,0,5,0.0,308.0,0.0,4435.0,0.0,0.0,0.0,0,4,29,4,0,3,3,28.343,,0
046,046022,Pescaglia,8338,0,1,69.0,192.0,0.0,3282.0,0.0,0.0,13.272,3,1,109,9,0,2,3,30.923,,0
046,046023,Piazza al Serchio,1431,0,1,46.0,34.0,0.0,2084.0,0.0,0.0,3.823,1,3,20,2,0,1,45,57.444,,0
046,046024,Pietrasanta,458392,0,5,5446.0,935.0,15.3,22788.0,2.726,0.0,0.259,6,44,166,6,1,20,15,33.651,,0
046,046025,Pieve Fosciana,10224,0,1,0.0,210.0,0.0,2221.0,0.0,2.749,0.003,2,0,30,11,0,2,6,51.583,,0
046,046026,Porcari,16151,0,5,108.0,57.0,0.0,8840.0,0.0,0.0,0.0,1,4,23,0,0,1,4,23.962,,0
046,046027,San Romano in Garfagnana,3908,0,1,38.0,127.0,0.0,1328.0,0.0,0.0,5.928,1,2,37,8,1,5,41,55.853,,0
046,046028,Seravezza,9708,0,2,482.0,102.0,0.0,12435.0,0.0,0.0,25.87,2,2,33,12,0,2,15,39.374,,0
046,046030,Stazzema,4984,0,2,78.0,178.0,0.0,2903.0,0.0,0.0,79.189,3,3,7,65,0,3,4,37.204,,0
046,046031,Vagli Sotto,3698,0,1,55.0,35.0,0.0,787.0,0.0,8.696,41.202,0,11,4,9,0,2,1,48.031,,0
046,046033,Viareggio,974684,0,5,4096.0,11187.0,30.49,60755.0,4.689,4.488,9.063,9,9,161,11,1,42,48,21.459,,0
046,046034,Villa Basilica,2704,0,1,0.0,22.0,0.0,1470.0,0.0,0.0,0.0,0,1,14,0,0,5,0,35.206,,0
048,048015,Fiesole,142383,0,3,551.0,950.0,60.8,13813.0,0.0,0.0,2.027,12,19,128,19,0,8,339,10.106,,0
048,048017,Firenze,9192960,0,3,31822.0,33344.0,68.51,362613.0,0.0,0.0,11.493,110,247,1001,4,2,349,2408,4.676,Historic Centre of Florence,1
048,048018,Firenzuola,14223,0,1,108.0,658.0,0.0,4422.0,0.0,0.0,8.407,4,2,31,49,0,10,21,38.888,,0
048,048019,Fucecchio,27722,0,5,136.0,227.0,39.71,22869.0,0.0,2.623,24.515,3,10,79,1,0,4,0,32.068,,0
048,048020,Gambassi Terme,62183,0,3,48.0,1245.0,37.5,4851.0,0.0,0.0,0.0,2,3,92,11,0,1,9,38.435,,0
048,048021,Greve in Chianti,208920,0,3,303.0,2710.0,24.42,13357.0,0.0,0.253,0.0,2,6,119,28,0,5,63,24.989,,0
048,048022,Impruneta,107935,0,3,152.0,1445.0,0.0,14346.0,0.0,0.136,0.0,1,8,107,6,0,5,152,12.966,,0
048,048024,Lastra a Signa,42402,0,3,156.0,651.0,100.0,19712.0,0.0,3.225,0.035,3,8,61,8,0,9,193,11.931,,0
048,048025,Londa,4371,0,1,0.0,316.0,0.0,1826.0,0.0,0.0,0.0,0,1,28,9,0,2,3,32.393,,0
048,048026,Marradi,23662,0,1,34.0,328.0,0.0,2881.0,0.0,0.664,0.003,1,1,33,50,0,5,56,37.929,,0
048,048027,Montaione,260250,0,3,534.0,3221.0,93.26,3470.0,0.0,1.792,2.229,2,7,117,9,1,2,2,37.88,,0
048,048028,Montelupo Fiorentino,25513,0,3,59.0,210.0,0.0,14296.0,0.0,0.0,0.0,6,1,41,1,0,4,43,17.159,,0
048,048030,Montespertoli,88122,0,3,186.0,1644.0,13.44,13186.0,0.0,0.0,0.0,3,5,178,11,0,6,7,20.956,,0
048,048031,Palazzuolo sul Senio,15177,0,1,84.0,727.0,0.0,1081.0,0.0,0.0,0.024,2,10,18,46,0,5,21,42.183,,0
048,048032,Pelago,36463,0,1,0.0,594.0,0.0,7841.0,0.0,0.0,1.828,2,12,60,32,0,4,4,25.472,,0
048,048033,Pontassieve,52994,0,3,16.0,904.0,0.0,20171.0,0.0,2.34,8.117,0,41,139,28,0,10,36,18.165,,0
048,048035,Reggello,168917,0,1,1616.0,1141.0,12.07,16536.0,0.0,0.0,32.452,3,8,331,64,0,10,17,28.493,,0
048,048036,Rignano sull'Arno,113873,0,3,65.0,1432.0,100.0,8552.0,0.0,0.0,0.0,0,8,65,12,0,1,15,19.634,,0
048,048037,Rufina,9954,0,3,39.0,192.0,0.0,7058.0,0.0,0.536,0.0,2,2,32,16,0,4,6,26.668,,0
048,048038,San Casciano in Val di Pesa,109037,0,3,58.0,1428.0,0.0,16428.0,0.0,0.111,0.0,3,37,118,12,3,19,25,18.623,,0
048,048039,San Godenzo,5757,0,1,13.0,161.0,0.0,1040.0,0.0,0.304,0.314,1,4,24,62,0,4,25,37.803,,0
048,048041,Scandicci,62325,0,3,154.0,459.0,0.0,49384.0,0.0,0.0,0.0,4,33,86,24,0,6,586,9.538,,0
048,048043,Sesto Fiorentino,217096,0,3,1222.0,130.0,57.61,48997.0,0.0,1.141,10.131,3,44,113,24,0,3,384,3.774,,0
048,048044,Signa,72653,0,3,372.0,216.0,65.05,19013.0,0.0,3.346,0.035,3,2,35,1,1,8,196,8.669,,0
048,048046,Vaglia,19253,0,3,83.0,433.0,0.0,5224.0,0.0,0.839,0.283,0,14,43,22,0,6,28,11.243,Medici Villas and Gardens in Tuscany,1
048,048049,Vicchio,27626,0,3,87.0,867.0,66.67,8082.0,0.0,0.3,0.0,3,6,110,30,0,0,6,28.885,,0
048,048050,Vinci,77445,0,3,228.0,820.0,40.79,14578.0,0.0,0.0,0.02,7,7,46,16,0,10,2,22.201,,0
048,048052,Figline e Incisa Valdarno,540230,0,3,557.0,5381.0,42.55,23197.0,0.0,0.0,0.15,6,5,94,17,0,10,9,27.827,,0
048,048053,Scarperia e San Piero,81924,0,3,198.0,930.0,37.37,11957.0,0.0,0.0,0.0,6,19,38,26,0,2,8,23.83,,0
048,048054,Barberino Tavarnelle,249277,0,3,613.0,2618.0,71.45,11932.0,0.0,1.18,0.028,3,9,189,28,0,5,26,29.981,,0
049,049001,Bibbona,1152406,0,4,1070.0,17753.0,52.99,3201.0,4.857,0.0,0.196,0,0,87,32,1,7,5,49.62,,0
049,049002,Campiglia Marittima,176927,0,4,545.0,2292.0,26.06,12402.0,0.0,0.0,0.101,10,17,74,3,0,8,52,43.113,,0
049,049003,Campo nell'Elba,548308,1,4,3160.0,3789.0,21.2,4683.0,34.844,0.0,1.136,3,1,111,39,0,7,12,6.488,,0
049,049004,Capoliveri,1082034,1,4,3852.0,10411.0,24.07,3925.0,35.039,0.0,0.742,2,0,180,38,0,14,18,9.816,,0
049,049005,Capraia Isola,13073,1,4,70.0,535.0,0.0,371.0,21.925,0.0,0.919,0,2,3,19,0,3,2,46.049,,0
049,049006,Castagneto Carducci,997560,0,4,1580.0,15667.0,26.52,8699.0,13.254,0.578,5.016,3,11,93,7,1,12,37,54.855,,0
049,049007,Cecina,770484,0,4,2323.0,8762.0,3.83,28061.0,6.759,0.0,1.786,2,4,165,5,2,19,24,42.321,,0
049,049008,Collesalvetti,41466,0,4,137.0,743.0,81.75,16410.0,0.0,0.0,8.463,1,0,98,16,0,3,93,12.689,,0
049,049009,Livorno,440222,0,4,1699.0,2530.0,40.97,153418.0,47.892,0.0,21.116,13,114,529,28,0,53,976,18.463,,0
049,049010,Marciana,245207,1,4,2214.0,971.0,31.48,2047.0,18.093,0.0,0.465,3,4,72,33,0,10,28,6.338,,0
049,049011,Marciana Marina,94460,1,4,1430.0,440.0,25.31,1876.0,5.415,0.0,0.114,0,0,56,6,0,4,11,5.516,,0
049,049012,Piombino,968799,0,4,2738.0,11296.0,3.03,32509.0,34.043,0.0,17.675,6,20,159,13,0,25,73,38.124,,0
049,049013,Porto Azzurro,209391,1,4,1225.0,2071.0,19.18,3632.0,4.209,0.205,0.186,1,2,60,18,0,7,20,12.275,,0
049,049014,Portoferraio,565204,1,4,3099.0,3287.0,50.53,11845.0,35.406,0.123,1.478,11,6,213,18,0,17,72,10.755,,0
049,049017,Rosignano Marittimo,676883,0,4,2227.0,9397.0,5.21,30033.0,20.792,0.0,4.817,4,14,207,14,0,27,128,29.686,,0
049,049018,San Vincenzo,989586,0,4,3024.0,11344.0,55.09,6415.0,9.798,0.0,1.866,0,1,89,2,0,9,14,43.484,,0
049,049019,Sassetta,30612,0,4,14.0,343.0,0.0,472.0,0.0,0.0,9.081,0,6,16,19,1,1,5,52.878,,0
049,049020,Suvereto,67986,0,4,664.0,845.0,0.0,2932.0,0.0,0.0,29.992,2,3,43,12,0,0,14,44.776,,0
049,049021,Rio,189863,1,4,964.0,3119.0,35.58,3384.0,19.187,0.703,0.58,2,5,47,16,1,5,21,15.531,,0
050,050001,Bientina,17034,0,5,141.0,9.0,0.0,8653.0,0.0,0.0,7.027,2,1,24,1,0,5,3,20.472,,0
050,050002,Buti,5656,0,4,0.0,228.0,0.0,5520.0,0.0,0.0,4.95,0,2,12,12,0,1,5,16.587,,0
050,050003,Calci,13499,0,4,19.0,307.0,0.0,6312.0,0.0,0.0,3.93,3,3,39,13,0,1,35,11.669,,0
050,050004,Calcinaia,4182,0,5,43.0,31.0,100.0,12804.0,0.0,0.147,2.237,2,4,66,0,0,2,17,17.367,,0
050,050005,Capannoli,5804,0,3,36.0,145.0,0.0,6361.0,0.0,0.0,0.0,1,7,51,0,0,1,2,24.847,,0
050,050006,Casale Marittimo,80789,0,4,217.0,1316.0,0.0,1079.0,0.0,0.0,0.0,0,0,10,4,0,2,0,46.718,,0
050,050008,Cascina,42302,0,5,184.0,233.0,78.26,44800.0,0.0,0.0,0.0,0,4,82,1,0,22,84,8.638,,0
050,050009,Castelfranco di Sotto,13916,0,5,39.0,177.0,0.0,13625.0,0.0,0.0,24.886,2,8,53,5,0,1,3,25.907,,0
050,050010,Castellina Marittima,20353,0,4,105.0,177.0,0.0,1846.0,0.0,0.0,0.001,1,4,20,3,0,1,10,34.059,,0
050,050011,Castelnuovo di Val di Cecina,19925,0,3,55.0,356.0,0.0,2083.0,0.0,0.096,0.001,2,3,30,12,0,2,7,52.107,,0
050,050012,Chianni,17894,0,3,0.0,446.0,0.0,1321.0,0.0,0.0,0.0,0,0,41,2,0,0,4,31.559,,0
050,050014,Fauglia,12014,0,3,42.0,357.0,0.0,3620.0,0.0,1.187,0.0,1,0,34,1,1,0,13,15.968,,0
050,050015,Guardistallo,44291,0,4,254.0,721.0,0.0,1185.0,0.0,0.0,0.001,0,0,10,3,0,3,3,45.419,,0
050,050016,Lajatico,22137,0,3,21.0,556.0,0.0,1281.0,0.0,0.0,0.0,0,8,21,0,0,4,1,37.283,,0
050,050019,Montecatini Val di Cecina,78545,0,3,224.0,701.0,89.29,1688.0,0.0,0.0,3.19,3,2,41,8,0,4,6,45.814,,0
050,050020,Montescudaio,154462,0,4,22.0,3171.0,0.0,2176.0,0.0,0.0,2.316,0,0,20,3,1,2,2,42.481,,0
050,050021,Monteverdi Marittimo,14872,0,3,90.0,260.0,0.0,794.0,0.0,0.0,15.267,1,74,15,13,0,2,3,55.149,,0
050,050022,Montopoli in Val d'Arno,33374,0,3,52.0,763.0,0.0,11235.0,0.0,0.0,0.709,1,1,21,1,0,1,7,27.669,,0
050,050023,Orciano Pisano,56,0,3,0.0,6.0,0.0,639.0,0.0,0.0,0.0,0,0,27,0,0,0,4,22.648,,0
050,050024,Palaia,78577,0,3,44.0,1018.0,54.55,4548.0,0.0,0.0,0.0,2,5,54,12,0,3,2,30.833,,0
050,050025,Peccioli,49601,0,3,65.0,678.0,0.0,4684.0,0.0,0.0,0.0,3,53,71,1,2,8,41,34.925,,0
050,050026,Pisa,1861048,0,5,6471.0,11061.0,47.97,89117.0,27.774,0.436,88.791,22,49,363,53,2,107,760,3.603,"Piazza del Duomo, Pisa",1
050,050027,Pomarance,72440,0,3,69.0,1233.0,0.0,5280.0,0.0,0.0,33.007,4,10,65,35,0,3,16,58.083,,0
050,050028,Ponsacco,16520,0,5,64.0,161.0,0.0,15570.0,0.0,0.0,0.0,0,5,31,0,0,5,6,20.75,,0
050,050029,Pontedera,39557,0,5,433.0,350.0,48.27,29695.0,0.0,0.0,0.0,3,20,113,15,1,21,78,20.663,,0
050,050030,Riparbella,121877,0,4,358.0,1244.0,12.57,1623.0,0.0,0.0,8.714,0,2,142,7,0,2,9,38.73,,0
050,050031,San Giuliano Terme,242632,0,5,416.0,1492.0,34.13,30749.0,3.559,0.377,20.955,2,17,188,23,1,30,198,8.094,,0
050,050032,San Miniato,59957,0,3,153.0,898.0,79.08,27786.0,0.0,0.0,1.584,10,11,80,13,1,7,10,33.059,,0
050,050033,Santa Croce sull'Arno,1297,0,5,38.0,3.0,0.0,14754.0,0.0,0.0,3.562,1,0,34,0,0,3,5,29.072,,0
050,050034,Santa Luce,33858,0,3,65.0,852.0,0.0,1610.0,0.0,0.171,2.71,1,0,65,18,0,0,5,27.583,,0
050,050035,Santa Maria a Monte,4343,0,5,115.0,81.0,79.13,13358.0,0.0,0.563,15.25,2,0,26,0,0,8,2,23.583,,0
050,050036,Terricciola,32388,0,3,37.0,454.0,0.0,4369.0,0.0,0.1,0.0,1,1,48,24,0,2,0,28.503,,0
050,050037,Vecchiano,13284,0,5,134.0,133.0,100.0,11839.0,3.96,1.538,36.696,0,3,37,6,0,3,49,13.09,,0
050,050038,Vicopisano,3987,0,4,0.0,150.0,0.0,8567.0,0.0,0.817,0.0,1,6,37,6,0,7,50,13.861,,0
050,050039,Volterra,242243,0,3,1087.0,2496.0,26.13,9470.0,0.0,2.019,20.861,10,21,139,42,0,9,6,50.819,,0
050,050040,Casciana Terme Lari,42401,0,3,596.0,616.0,27.18,12202.0,0.0,0.576,0.0,4,4,87,7,0,6,35,21.6,,0
050,050041,Crespina Lorenzana,15488,0,3,34.0,363.0,0.0,5431.0,0.0,1.777,0.0,1,0,37,0,0,2,14,17.336,,0
051,051001,Anghiari,22663,0,3,274.0,564.0,0.0,5399.0,0.0,1.162,16.366,3,7,60,12,0,11,47,62.987,,0
051,051002,Arezzo,468174,0,3,2269.0,2440.0,65.8,96330.0,0.0,2.506,6.477,19,22,328,26,1,96,160,62.415,,0
051,051003,Badia Tedalda,5800,0,1,100.0,153.0,0.0,957.0,0.0,0.401,7.361,1,0,12,15,0,1,0,48.996,,0
051,051004,Bibbiena,35447,0,1,124.0,571.0,0.0,11904.0,0.0,1.42,0.0,2,3,78,8,0,8,4,52.808,,0
051,051005,Bucine,104374,0,3,54.0,2439.0,25.93,9931.0,0.0,0.0,0.0,2,3,105,18,0,1,7,53.727,,0
051,051006,Capolona,12392,0,3,0.0,352.0,0.0,5236.0,0.0,0.0,0.0,1,1,23,2,0,0,25,57.7,,0
051,051007,Caprese Michelangelo,7071,0,1,87.0,525.0,0.0,1340.0,0.0,0.0,0.378,1,1,47,18,0,2,6,62.108,,0
051,051008,Castel Focognano,5355,0,1,0.0,159.0,0.0,2911.0,0.0,0.06,0.0,1,1,29,5,0,2,30,50.255,,0
051,051010,Castel San Niccolò,6585,0,1,0.0,155.0,0.0,2454.0,0.0,0.0,0.026,3,1,32,14,0,5,0,38.007,,0
051,051011,Castiglion Fibocchi,10804,0,3,21.0,199.0,0.0,2128.0,0.0,0.0,0.0,1,0,7,2,0,5,0,53.202,,0
051,051012,Castiglion Fiorentino,118359,0,3,332.0,1143.0,63.25,12865.0,0.0,0.019,0.0,3,9,37,3,0,10,5,53.853,,0
051,051013,Cavriglia,124157,0,3,73.0,1704.0,0.0,9492.0,0.0,5.453,0.6,2,0,29,9,0,3,0,37.136,,0
051,051014,Chitignano,1192,0,1,59.0,55.0,0.0,835.0,0.0,0.0,0.0,1,3,15,5,0,1,3,57.43,,0
051,051015,Chiusi della Verna,28987,0,1,88.0,847.0,0.0,1856.0,0.0,0.124,0.08,4,4,21,47,0,2,17,53.527,,0
051,051016,Civitella in Val di Chiana,28399,0,3,55.0,640.0,36.36,8715.0,0.0,0.0,3.193,3,5,26,4,0,6,7,61.994,,0
051,051017,Cortona,218076,0,3,900.0,3374.0,71.56,20997.0,0.0,0.583,0.102,6,16,353,11,0,16,25,45.231,,0
051,051018,Foiano della Chiana,34998,0,3,115.0,333.0,86.09,9043.0,0.0,0.0,0.0,1,5,7,0,0,2,1,59.727,,0
051,051020,Loro Ciuffenna,45374,0,1,105.0,860.0,0.0,5867.0,0.0,0.169,0.557,2,4,169,29,0,6,9,43.163,,0
051,051021,Lucignano,14897,0,3,53.0,446.0,0.0,3416.0,0.0,4.994,0.0,2,2,21,4,0,2,1,66.252,,0
051,051022,Marciano della Chiana,2722,0,3,19.0,77.0,0.0,3452.0,0.0,0.0,0.0,1,1,10,0,1,1,0,62.77,,0
051,051023,Montemignaio,13594,0,1,105.0,63.0,0.0,509.0,0.0,0.0,0.16,0,2,8,5,0,1,2,33.103,,0
051,051024,Monterchi,1613,0,3,0.0,118.0,0.0,1710.0,0.0,0.0,0.0,2,4,19,0,0,6,27,53.477,,0
051,051025,Monte San Savino,47759,0,3,122.0,554.0,19.67,8527.0,0.0,1.256,0.0,1,11,12,4,0,7,16,66.764,,0
051,051026,Montevarchi,46203,0,3,247.0,294.0,61.54,24250.0,0.0,0.0,0.735,4,1,41,9,0,4,5,44.363,,0
051,051027,Ortignano Raggiolo,5458,0,1,0.0,102.0,0.0,837.0,0.0,0.359,0.0,2,0,26,4,0,0,1,44.535,,0
051,051030,Pieve Santo Stefano,22732,0,1,215.0,416.0,0.0,2971.0,0.0,18.049,11.034,2,4,36,33,0,7,3,57.366,,0
051,051031,Poppi,106584,0,1,846.0,1743.0,2.96,5799.0,0.0,0.19,0.108,8,10,125,41,0,5,12,47.17,,0
051,051033,San Giovanni Valdarno,8245,0,3,68.0,148.0,0.0,16469.0,0.0,0.0,0.0,3,2,26,0,1,4,5,38.18,,0
051,051034,Sansepolcro,61322,0,3,391.0,520.0,68.54,15120.0,0.0,5.75,4.621,7,12,86,23,1,37,53,61.128,,0
051,051035,Sestino,864,0,1,104.0,119.0,0.0,1171.0,0.0,0.0,15.722,1,1,11,17,0,4,0,42.532,,0
051,051037,Subbiano,19133,0,1,147.0,411.0,0.0,6340.0,0.0,0.0,0.0,3,6,18,13,0,3,23,61.409,,0
051,051038,Talla,3461,0,1,0.0,280.0,0.0,988.0,0.0,0.0,0.0,1,0,23,8,0,0,8,50.632,,0
051,051039,Terranuova Bracciolini,90853,0,3,408.0,553.0,19.61,12011.0,0.0,0.0,35.643,0,2,179,4,1,9,5,43.594,,0
051,051040,Castelfranco Piandiscò,14403,0,3,33.0,460.0,0.0,9767.0,0.0,0.0,13.258,0,3,131,9,0,5,1,34.467,,0
051,051041,Pratovecchio Stia,23290,0,1,91.0,840.0,48.35,5409.0,0.0,0.096,1.352,5,9,61,29,0,5,6,40.508,,0
051,051042,Laterina Pergine Valdarno,51799,0,3,181.0,548.0,87.29,6338.0,0.0,0.903,10.16,0,1,42,3,0,3,13,53.699,,0
052,052001,Abbadia San Salvatore,66642,0,1,867.0,193.0,0.0,6128.0,0.0,0.0,0.0,2,11,21,18,0,4,34,51.737,,0
052,052002,Asciano,117779,0,3,394.0,1065.0,59.14,6801.0,0.0,2.53,0.0,3,11,100,8,0,4,66,64.893,,0
052,052003,Buonconvento,42854,0,3,77.0,616.0,0.0,2984.0,0.0,0.0,0.0,2,12,54,13,0,1,27,53.305,,0
052,052004,Casole d'Elsa,96960,0,3,253.0,1285.0,63.24,3721.0,0.0,0.0,0.046,1,11,84,23,0,0,6,56.08,,0
052,052005,Castellina in Chianti,171087,0,3,383.0,1855.0,62.92,2616.0,0.0,0.528,2.439,1,13,106,19,0,6,5,39.472,,0
052,052006,Castelnuovo Berardenga,212555,0,3,691.0,1855.0,83.65,8940.0,0.0,3.066,0.001,3,37,184,35,0,7,59,53.21,,0
052,052007,Castiglione d'Orcia,64189,0,1,168.0,817.0,20.83,2114.0,0.0,0.785,2.373,1,10,44,14,0,0,54,52.199,,0
052,052008,Cetona,19273,0,3,25.0,428.0,0.0,2488.0,0.0,0.0,0.0,1,3,28,3,0,2,8,51.924,,0
052,052009,Chianciano Terme,467619,0,3,11063.0,608.0,32.12,6990.0,0.0,3.147,2.27,4,7,65,7,0,5,78,55.714,,0
052,052010,Chiusdino,110169,0,3,64.0,1022.0,78.12,1707.0,0.0,0.0,15.936,1,4,31,8,0,3,11,45.662,,0
052,052011,Chiusi,59234,0,3,566.0,656.0,9.01,8116.0,0.0,12.981,7.957,5,2,29,3,0,4,93,47.876,,0
052,052012,Colle di Val d'Elsa,149681,0,3,444.0,892.0,64.86,21486.0,0.0,0.399,1.742,3,22,122,7,1,11,121,47.142,,0
052,052013,Gaiole in Chianti,111205,0,3,285.0,1367.0,64.56,2504.0,0.0,0.378,0.0,5,11,137,28,0,3,4,45.456,,0
052,052015,Montepulciano,323898,0,3,976.0,2788.0,21.82,13173.0,0.0,13.827,4.553,2,16,86,6,0,11,78,54.499,,0
052,052016,Monteriggioni,193579,0,3,567.0,1092.0,24.51,9934.0,0.0,0.0,0.031,4,17,115,11,0,5,79,49.085,,0
052,052017,Monteroni d'Arbia,73725,0,3,107.0,726.0,0.0,9039.0,0.0,5.721,0.001,2,34,90,13,0,3,100,57.049,,0
052,052018,Monticiano,13617,0,3,228.0,354.0,70.18,1649.0,0.0,0.0,3.622,1,15,17,13,0,2,19,41.577,,0
052,052019,Murlo,51938,0,3,272.0,772.0,74.26,2474.0,0.0,0.446,11.639,1,5,60,3,0,1,45,48.874,,0
052,052020,Piancastagnaio,9633,0,1,95.0,107.0,0.0,3867.0,0.0,0.0,8.183,1,7,12,3,0,1,37,51.051,,0
052,052021,Pienza,188031,0,3,209.0,1741.0,68.9,1966.0,0.0,0.491,9.243,4,16,73,15,0,0,11,60.851,Historic Centre of the City of Pienza,1
052,052022,Poggibonsi,172753,0,3,800.0,789.0,74.5,28205.0,0.0,0.808,0.218,4,12,105,9,0,1,89,39.177,,0
052,052023,Radda in Chianti,94975,0,3,611.0,857.0,74.14,1445.0,0.0,0.307,0.2,1,1,65,19,0,4,2,37.493,,0
052,052024,Radicofani,17072,0,3,18.0,484.0,0.0,1048.0,0.0,1.506,5.32,2,8,22,1,0,1,3,59.518,,0
052,052025,Radicondoli,33192,0,3,45.0,562.0,0.0,965.0,0.0,0.0,12.736,1,6,27,16,0,0,2,51.696,,0
052,052026,Rapolano Terme,113828,0,3,406.0,1000.0,60.84,5107.0,0.0,7.065,0.0,1,15,47,12,0,1,42,67.35,,0
052,052027,San Casciano dei Bagni,59659,0,3,216.0,618.0,72.22,1444.0,0.0,6.016,0.001,0,7,42,1,0,0,8,59.214,,0
052,052028,San Gimignano,521037,0,3,1287.0,3948.0,37.3,7476.0,0.0,0.328,6.262,11,32,248,14,1,9,94,40.095,Historic Centre of San Gimignano,1
052,052030,San Quirico d'Orcia,220590,0,3,816.0,614.0,63.11,2587.0,0.0,0.948,0.008,0,7,23,16,0,0,18,54.496,,0
052,052031,Sarteano,80236,0,3,266.0,2396.0,9.02,4542.0,0.0,1.126,1.154,2,6,42,4,0,4,0,56.078,,0
052,052032,Siena,1123652,0,3,3834.0,4768.0,48.28,52833.0,0.0,0.83,0.094,55,213,424,10,0,26,764,56.399,Historic Centre of Siena,1
052,052033,Sinalunga,43831,0,3,218.0,694.0,0.0,12029.0,0.0,0.0,0.0,1,9,44,0,0,7,75,64.377,,0
052,052034,Sovicille,135900,0,3,327.0,1297.0,34.56,9885.0,0.0,0.0,3.126,1,21,83,13,0,6,22,55.326,,0
052,052035,Torrita di Siena,45125,0,3,95.0,604.0,17.89,6969.0,0.0,0.0,0.0,1,8,23,1,0,1,42,61.04,,0
052,052036,Trequanda,70894,0,3,62.0,735.0,0.0,1155.0,0.0,0.0,0.0,3,4,43,9,0,1,6,66.758,,0
052,052037,Montalcino,232653,0,3,576.0,2714.0,47.92,5605.0,0.0,1.581,5.654,4,43,167,21,0,5,85,47.388,Val d'Orcia,1
053,053001,Arcidosso,30149,0,1,536.0,479.0,37.31,4227.0,0.0,0.0,6.646,2,2,16,14,0,4,5,35.042,,0
053,053002,Campagnatico,13758,0,3,27.0,554.0,0.0,2325.0,0.0,0.0,0.0,0,0,20,0,0,0,0,17.776,,0
053,053003,Capalbio,132567,0,4,498.0,2456.0,0.0,3753.0,11.245,10.887,4.048,1,27,85,15,0,3,6,44.529,,0
053,053004,Castel del Piano,32202,0,1,330.0,635.0,24.24,4771.0,0.0,0.163,0.0,3,3,54,14,0,3,4,40.06,,0
053,053005,Castell'Azzara,6933,0,1,0.0,142.0,0.0,1292.0,0.0,0.0,16.565,1,0,7,6,0,0,2,48.423,,0
053,053006,Castiglione della Pescaia,1452965,0,4,3575.0,17712.0,33.68,7105.0,21.092,0.0,4.753,2,4,108,53,0,25,8,15.727,,0
053,053007,Cinigiano,32285,0,3,150.0,987.0,40.0,2421.0,0.0,0.0,4.311,1,4,18,2,0,1,3,29.37,,0
053,053008,Civitella Paganico,46126,0,3,235.0,662.0,74.04,2915.0,0.0,1.602,3.002,0,5,82,2,0,1,8,32.277,,0
053,053009,Follonica,543995,0,4,1709.0,6960.0,19.78,20307.0,4.251,0.0,35.57,1,13,103,31,1,39,7,33.756,,0
053,053010,Gavorrano,58239,0,4,592.0,1086.0,8.11,8301.0,0.0,0.0,0.0,5,3,37,14,0,3,7,21.684,,0
053,053011,Grosseto,974065,0,5,3852.0,17512.0,34.27,81482.0,22.385,0.522,81.875,4,8,211,25,2,30,34,1.512,,0
053,053012,Isola del Giglio,85887,1,4,575.0,790.0,10.09,1294.0,38.174,0.0,1.101,1,1,10,53,1,7,22,48.039,,0
053,053013,Magliano in Toscana,89784,0,4,153.0,1575.0,0.0,3272.0,5.287,0.0,22.045,1,4,38,2,0,1,2,20.43,,0
053,053014,Manciano,203023,0,3,1010.0,3257.0,42.08,7023.0,0.0,0.417,15.155,4,13,67,16,0,5,3,40.246,,0
053,053015,Massa Marittima,175118,0,4,962.0,2307.0,0.0,8174.0,0.0,0.0,5.515,8,15,87,31,0,4,1,34.606,,0
053,053016,Monte Argentario,166212,0,4,1338.0,1356.0,56.05,11783.0,29.038,0.0,1.107,2,7,212,40,0,8,15,39.919,,0
053,053017,Montieri,11827,0,4,54.0,350.0,0.0,1176.0,0.0,0.0,3.738,1,3,16,25,0,3,0,40.534,,0
053,053018,Orbetello,1109151,0,4,2536.0,17049.0,15.18,14149.0,31.317,0.0,23.853,4,5,112,21,0,9,44,31.482,,0
053,053019,Pitigliano,24380,0,3,84.0,648.0,0.0,3545.0,0.0,0.0,0.283,4,2,24,6,0,0,0,50.811,,0
053,053020,Roccalbegna,7015,0,1,46.0,297.0,0.0,919.0,0.0,0.0,3.265,1,1,6,3,0,3,33,32.279,,0
053,053021,Roccastrada,51290,0,3,92.0,915.0,26.09,8736.0,0.0,0.322,18.721,3,8,71,29,0,7,16,26.593,,0
053,053022,Santa Fiora,17571,0,1,293.0,265.0,0.0,2493.0,0.0,0.0,0.514,1,4,9,10,0,3,11,42.96,,0
053,053023,Scansano,44928,0,4,159.0,911.0,43.4,4309.0,0.0,0.042,3.977,1,4,29,9,0,2,50,23.524,,0
053,053024,Scarlino,397032,0,4,1250.0,5359.0,32.32,3744.0,5.583,0.0,7.746,3,4,55,51,1,5,4,25.16,,0
053,053025,Seggiano,20038,0,1,16.0,410.0,0.0,998.0,0.0,0.0,0.0,2,7,22,5,0,0,0,45.01,,0
053,053026,Sorano,38749,0,3,174.0,712.0,20.69,3032.0,0.0,0.167,0.072,3,9,27,9,0,1,2,52.678,,0
053,053027,Monterotondo Marittimo,16206,0,4,29.0,414.0,0.0,1278.0,0.0,0.0,0.005,1,1,14,13,0,1,16,45.25,,0
053,053028,Semproniano,15744,0,3,43.0,592.0,0.0,978.0,0.0,0.0,5.402,0,0,12,3,0,0,0,39.835,,0
054,054001,Assisi,1402071,0,3,4469.0,6336.0,27.59,27507.0,0.0,0.0,55.684,12,57,196,25,0,12,45,9.534,"Assisi, the Basilica of San Francesco and Other Franciscan Sites",1
054,054002,Bastia Umbra,76216,0,3,303.0,390.0,0.0,21292.0,0.0,0.0,0.0,0,3,51,2,0,11,13,4.125,,0
054,054003,Bettona,23326,0,3,100.0,484.0,85.0,4256.0,0.0,0.0,0.0,1,6,59,1,0,1,0,10.117,,0
054,054004,Bevagna,57448,0,3,100.0,1056.0,0.0,4743.0,0.0,0.193,0.224,1,10,18,4,0,3,0,17.993,,0
054,054005,Campello sul Clitunno,22948,0,3,65.0,272.0,0.0,2323.0,0.0,0.0,15.868,0,8,32,14,0,3,6,37.899,,0
054,054006,Cannara,17871,0,3,97.0,314.0,0.0,4171.0,0.0,0.0,0.006,2,4,20,0,0,3,4,12.582,,0
054,054007,Cascia,203667,0,1,1039.0,543.0,0.0,2966.0,0.0,0.0,0.0,1,4,33,3,0,3,4,62.026,,0
054,054008,Castel Ritaldi,11414,0,3,0.0,256.0,0.0,3043.0,0.0,0.0,0.0,0,2,6,0,1,1,0,32.627,,0
054,054009,Castiglione del Lago,245154,0,3,309.0,4277.0,4.53,15136.0,0.0,22.763,80.919,3,18,167,6,0,19,18,40.086,,0
054,054010,Cerreto di Spoleto,3928,0,1,0.0,127.0,0.0,970.0,0.0,0.0,0.406,1,0,8,3,0,2,5,46.005,,0
054,054011,Citerna,5291,0,3,0.0,142.0,0.0,3372.0,0.0,0.0,0.0,3,3,33,0,0,6,40,55.156,,0
054,054012,Città della Pieve,48760,0,3,107.0,951.0,55.14,7399.0,0.0,1.088,0.0,2,9,29,4,0,4,1,44.726,,0
054,054013,Città di Castello,142835,0,3,682.0,1117.0,39.74,38100.0,0.0,0.153,0.123,9,16,193,27,0,72,275,43.92,,0
054,054014,Collazzone,56873,0,3,208.0,575.0,100.0,3302.0,0.0,0.0,0.0,0,3,67,3,0,3,0,21.544,,0
054,054015,Corciano,38553,0,3,287.0,653.0,0.0,21619.0,0.0,2.426,0.0,4,7,63,13,0,19,151,18.137,,0
054,054016,Costacciaro,13727,0,1,0.0,403.0,0.0,1046.0,0.0,0.0,21.794,3,0,9,25,0,6,2,33.766,,0
054,054017,Deruta,14550,0,3,58.0,181.0,0.0,9486.0,0.0,0.316,0.0,2,6,42,1,0,5,14,15.055,,0
054,054018,Foligno,250830,0,1,1112.0,1937.0,25.99,55265.0,0.0,0.0,23.055,7,17,152,45,0,23,28,26.637,,0
054,054019,Fossato di Vico,5714,0,1,116.0,47.0,0.0,2611.0,0.0,0.0,15.643,1,1,9,7,0,1,33,30.598,,0
054,054020,Fratta Todina,2946,0,3,0.0,125.0,0.0,1869.0,0.0,0.0,0.0,0,3,9,0,0,2,3,28.195,,0
054,054021,Giano dell'Umbria,13052,0,3,39.0,229.0,0.0,3663.0,0.0,0.0,0.0,1,4,8,0,0,1,0,29.408,,0
054,054022,Gualdo Cattaneo,46190,0,3,132.0,777.0,37.12,5616.0,0.0,0.223,0.0,0,11,34,0,0,1,0,22.652,,0
054,054023,Gualdo Tadino,18988,0,1,56.0,716.0,0.0,14255.0,0.0,0.138,15.569,1,5,24,34,0,5,11,24.651,,0
054,054024,Gubbio,253530,0,1,878.0,2876.0,35.31,30388.0,0.0,0.727,9.216,7,49,126,25,0,39,30,26.023,,0
054,054025,Lisciano Niccone,22328,0,3,127.0,287.0,63.78,610.0,0.0,0.0,0.0,0,1,41,2,0,1,3,32.559,,0
054,054026,Magione,175822,0,3,768.0,3977.0,0.0,14652.0,0.0,21.217,35.427,1,7,141,14,0,15,11,24.99,,0
054,054027,Marsciano,25159,0,3,41.0,880.0,0.0,17988.0,0.0,0.0,0.0,1,5,71,2,0,4,3,22.31,,0
054,054028,Massa Martana,34461,0,3,120.0,427.0,20.83,3604.0,0.0,0.0,8.601,0,4,14,2,0,2,2,36.219,,0
054,054029,Monte Castello di Vibio,3974,0,3,0.0,178.0,0.0,1412.0,0.0,0.0,0.0,0,1,14,0,0,1,0,33.09,,0
054,054030,Montefalco,44405,0,3,216.0,682.0,61.57,5326.0,0.0,0.182,0.0,2,2,32,1,0,0,0,26.72,,0
054,054031,Monteleone di Spoleto,4354,0,1,32.0,68.0,0.0,552.0,0.0,0.0,0.0,0,0,6,0,0,0,0,62.001,,0
054,054032,Monte Santa Maria Tiberina,13313,0,3,0.0,488.0,0.0,1084.0,0.0,0.0,0.0,1,6,28,15,0,1,6,47.86,,0
054,054033,Montone,33671,0,3,116.0,458.0,0.0,1541.0,0.0,0.0,0.0,2,3,19,13,0,2,2,32.921,,0
054,054034,Nocera Umbra,57117,0,1,464.0,874.0,0.0,5530.0,0.0,0.0,16.438,1,2,17,22,1,3,6,24.198,,0
054,054035,Norcia,60722,0,1,95.0,849.0,48.42,4497.0,0.0,0.358,0.0,1,5,35,31,0,5,9,60.887,,0
054,054036,Paciano,12085,0,3,22.0,373.0,0.0,940.0,0.0,0.468,0.0,0,9,10,1,0,2,0,37.728,,0
054,054037,Panicale,37182,0,3,46.0,732.0,34.78,5293.0,0.0,4.695,10.489,1,5,40,5,0,1,0,31.501,,0
054,054038,Passignano sul Trasimeno,219506,0,3,894.0,1456.0,42.17,5691.0,0.0,10.685,25.388,0,6,92,13,0,4,4,29.3,,0
054,054039,Perugia,1104628,0,3,4987.0,4371.0,60.36,162099.0,0.0,1.055,0.0,25,65,659,38,1,137,1792,10.243,,0
054,054040,Piegaro,36700,0,3,87.0,680.0,0.0,3347.0,0.0,0.0,0.0,2,3,28,0,0,3,0,32.532,,0
054,054041,Pietralunga,23583,0,1,134.0,441.0,0.0,1973.0,0.0,0.309,0.362,0,6,23,11,0,5,3,40.439,,0
054,054042,Poggiodomo,59,0,1,0.0,14.0,0.0,91.0,0.0,0.0,0.0,0,0,4,2,0,0,0,53.727,,0
054,054043,Preci,46103,0,1,0.0,576.0,0.0,698.0,0.0,0.0,0.0,0,3,14,7,0,2,1,50.305,,0
054,054044,San Giustino,3469,0,3,13.0,231.0,0.0,11092.0,0.0,0.0,0.096,5,2,42,8,0,22,67,56.061,,0
054,054045,Sant'Anatolia di Narco,4467,0,1,0.0,166.0,0.0,484.0,0.0,0.0,0.0,1,1,6,7,0,0,2,50.701,,0
054,054046,Scheggia e Pascelupo,800,0,1,34.0,43.0,0.0,1244.0,0.0,0.0,53.403,0,1,7,16,0,6,0,39.174,,0
054,054047,Scheggino,10202,0,1,101.0,75.0,0.0,435.0,0.0,0.0,0.005,1,2,8,3,1,0,5,53.173,,0
054,054048,Sellano,9317,0,1,84.0,144.0,71.43,964.0,0.0,0.0,17.486,0,1,8,12,0,3,0,38.497,,0
054,054049,Sigillo,9507,0,1,69.0,77.0,0.0,2308.0,0.0,0.0,15.427,0,1,4,7,0,3,2,32.08,,0
054,054050,Spello,65062,0,3,194.0,875.0,45.88,8270.0,0.0,0.444,5.357,2,10,35,12,0,0,16,16.456,,0
054,054051,Spoleto,286273,0,3,1157.0,2005.0,37.51,36149.0,0.0,0.0,18.657,13,65,248,31,0,8,81,43.235,,0
054,054052,Todi,159931,0,3,534.0,1901.0,58.61,15572.0,0.0,0.0,0.0,2,24,225,2,0,10,72,36.66,,0
054,054053,Torgiano,78782,0,3,369.0,292.0,56.37,6598.0,0.0,0.0,0.0,2,36,44,0,0,2,0,7.968,,0
054,054054,Trevi,39777,0,3,216.0,507.0,14.81,7959.0,0.0,0.0,9.541,2,11,97,8,0,3,25,31.388,,0
054,054055,Tuoro sul Trasimeno,116650,0,3,72.0,2012.0,44.44,3732.0,0.0,12.98,21.226,3,29,73,5,0,6,7,37.665,,0
054,054056,Umbertide,66128,0,3,120.0,1412.0,0.0,16254.0,0.0,0.0,0.0,4,8,120,24,0,28,34,27.402,,0
054,054057,Valfabbrica,29723,0,3,0.0,683.0,0.0,3226.0,0.0,0.537,0.0,0,9,22,1,0,3,1,13.526,,0
054,054058,Vallo di Nera,3382,0,1,44.0,131.0,0.0,327.0,0.0,0.0,1.048,1,1,5,2,0,0,3,46.165,,0
054,054059,Valtopina,9614,0,1,22.0,287.0,0.0,1282.0,0.0,0.0,3.921,0,2,7,4,0,1,2,20.535,,0
055,055001,Acquasparta,16038,0,3,36.0,483.0,0.0,4391.0,0.0,0.0,0.156,1,4,16,1,0,0,4,45.556,,0
055,055002,Allerona,11650,0,3,0.0,232.0,0.0,1691.0,0.0,0.0,0.286,1,0,10,3,0,0,3,54.376,,0
055,055003,Alviano,1236,0,3,42.0,30.0,0.0,1345.0,0.0,0.0,6.251,0,1,15,1,0,0,5,59.778,,0
055,055004,Amelia,26314,0,3,41.0,898.0,0.0,11518.0,0.0,0.0,36.196,5,11,66,40,0,4,67,60.506,,0
055,055005,Arrone,20165,0,1,56.0,241.0,0.0,2526.0,0.0,0.0,5.986,1,5,11,5,0,1,0,63.56,,0
055,055006,Attigliano,38391,0,3,195.0,17.0,0.0,1974.0,0.0,0.0,0.0,0,1,5,1,0,0,4,66.329,,0
055,055007,Baschi,21249,0,3,50.0,1124.0,0.0,2555.0,0.0,0.0,0.0,2,5,21,12,0,3,1,47.302,,0
055,055008,Calvi dell'Umbria,2318,0,3,15.0,153.0,0.0,1671.0,0.0,0.0,0.0,0,0,8,8,0,1,0,67.545,,0
055,055009,Castel Giorgio,15757,0,3,52.0,160.0,100.0,1989.0,0.0,0.0,0.0,0,2,0,0,0,0,0,61.656,,0
055,055010,Castel Viscardo,4039,0,3,18.0,90.0,0.0,2648.0,0.0,0.0,0.0,1,2,14,0,0,2,0,55.267,,0
055,055011,Fabro,23814,0,3,301.0,299.0,65.12,2580.0,0.0,0.0,0.0,0,2,27,0,1,4,3,48.572,,0
055,055012,Ferentillo,11776,0,1,77.0,232.0,0.0,1777.0,0.0,0.0,8.663,1,1,11,15,0,3,1,58.188,,0
055,055013,Ficulle,9420,0,3,51.0,223.0,0.0,1547.0,0.0,0.0,0.391,0,3,10,2,0,1,0,47.099,,0
055,055014,Giove,2143,0,3,21.0,77.0,0.0,1830.0,0.0,0.0,0.0,0,3,7,0,0,1,0,67.245,,0
055,055015,Guardea,3249,0,3,0.0,80.0,0.0,1728.0,0.0,0.0,20.471,0,3,9,8,0,1,0,55.319,,0
055,055016,Lugnano in Teverina,2449,0,3,0.0,90.0,0.0,1404.0,0.0,0.0,5.607,0,1,12,6,0,0,0,61.036,,0
055,055017,Montecastrilli,8282,0,3,16.0,168.0,0.0,4780.0,0.0,0.0,0.018,0,2,13,2,0,0,1,50.712,,0
055,055018,Montecchio,4069,0,3,0.0,147.0,0.0,1493.0,0.0,0.0,8.125,2,5,24,11,0,2,0,51.183,,0
055,055019,Montefranco,3325,0,1,55.0,101.0,0.0,1285.0,0.0,0.0,1.561,0,0,2,2,0,0,1,58.654,,0
055,055020,Montegabbione,4734,0,3,0.0,152.0,0.0,1114.0,0.0,0.0,0.0,0,2,13,1,0,0,0,37.979,,0
055,055021,Monteleone d'Orvieto,6387,0,3,0.0,240.0,0.0,1361.0,0.0,0.0,0.0,0,0,3,1,0,0,0,43.5,,0
055,055022,Narni,83225,0,3,290.0,975.0,16.9,17861.0,0.0,0.85,2.271,3,12,74,36,0,16,17,66.057,,0
055,055023,Orvieto,270737,0,3,1057.0,2265.0,21.67,19319.0,0.0,0.358,3.806,8,17,114,8,0,8,17,49.886,,0
055,055024,Otricoli,5028,0,3,34.0,129.0,0.0,1676.0,0.0,0.0,0.0,1,2,22,9,0,2,0,70.521,,0
055,055025,Parrano,8203,0,3,0.0,112.0,0.0,477.0,0.0,0.0,0.911,0,1,1,0,0,1,1,40.45,,0
055,055026,Penna in Teverina,5472,0,3,0.0,83.0,0.0,1016.0,0.0,0.0,0.0,0,4,8,1,0,1,0,68.358,,0
055,055027,Polino,1099,0,1,83.0,6.0,0.0,204.0,0.0,0.0,1.508,0,2,3,5,0,1,1,64.33,,0
055,055028,Porano,2637,0,3,0.0,95.0,0.0,1848.0,0.0,0.0,0.0,0,3,7,2,0,0,0,57.569,,0
055,055029,San Gemini,18288,0,3,79.0,131.0,100.0,4690.0,0.0,0.249,0.0,3,2,20,0,0,1,4,54.708,,0
055,055030,San Venanzo,26713,0,3,0.0,540.0,0.0,2161.0,0.0,0.0,6.478,2,3,22,2,2,0,3,34.236,,0
055,055031,Stroncone,6008,0,3,40.0,497.0,0.0,4604.0,0.0,0.0,0.0,1,4,16,16,1,1,7,69.749,,0
055,055032,Terni,254663,0,3,973.0,1629.0,48.0,106436.0,0.0,16.175,6.507,10,29,286,38,3,45,47,58.981,,0
055,055033,Avigliano Umbro,8026,0,3,145.0,167.0,0.0,2347.0,0.0,0.0,8.489,1,3,11,4,0,0,1,48.888,,0
056,056001,Acquapendente,7709,0,3,129.0,982.0,0.0,5273.0,0.0,1.031,29.787,2,7,28,11,0,2,2,63.087,,0
056,056037,Monte Romano,138,0,3,0.0,0.0,0.0,1854.0,0.0,0.0,34.678,1,3,2,2,0,0,0,63.491,,0
056,056038,Monterosi,1335,0,3,0.0,188.0,0.0,4759.0,0.0,2.108,5.473,0,2,80,5,0,1,0,41.241,,0
056,056039,Nepi,2645,0,3,30.0,305.0,0.0,9467.0,0.0,0.577,2.086,1,7,35,9,0,3,3,45.818,,0
056,056040,Onano,66,0,3,0.0,51.0,0.0,890.0,0.0,0.0,0.0,1,1,9,1,0,0,0,60.95,,0
056,056041,Oriolo Romano,255,0,3,0.0,29.0,0.0,3699.0,0.0,0.107,17.638,1,4,40,9,0,4,3,41.099,,0
056,056042,Orte,25336,0,3,502.0,333.0,0.0,9087.0,0.0,0.153,0.0,3,4,23,7,1,1,37,70.952,,0
056,056043,Piansano,146,0,3,0.0,78.0,0.0,1998.0,0.0,0.0,0.0,0,1,4,0,0,1,0,69.07,,0
056,056044,Proceno,491,0,3,0.0,310.0,0.0,530.0,0.0,0.0,0.0,1,5,8,2,0,0,0,59.62,,0
056,056045,Ronciglione,3604,0,3,133.0,265.0,76.69,8429.0,0.0,6.041,13.746,0,2,22,3,0,0,4,52.519,,0
056,056046,Villa San Giovanni in Tuscia,202,0,3,0.0,20.0,0.0,1223.0,0.0,0.0,0.0,0,0,3,3,0,1,0,54.602,,0
056,056047,San Lorenzo Nuovo,850,0,3,71.0,580.0,0.0,2017.0,0.0,1.827,0.0,0,6,21,2,0,1,0,67.939,,0
056,056048,Soriano nel Cimino,17941,0,3,392.0,295.0,31.89,7909.0,0.0,0.0,8.609,0,4,41,11,0,6,56,69.255,,0
056,056049,Sutri,10996,0,3,107.0,692.0,88.79,6738.0,0.0,0.425,24.954,2,14,67,8,1,2,6,45.557,,0
056,056050,Tarquinia,197271,0,5,1106.0,12572.0,50.72,15953.0,16.58,0.0,74.263,3,18,129,11,0,15,43,63.418,,0
056,056051,Tessennano,21,0,3,0.0,4.0,0.0,288.0,0.0,0.0,0.0,0,0,2,0,0,0,0,67.033,,0
056,056052,Tuscania,1995,0,3,110.0,462.0,56.36,8189.0,0.0,0.0,24.095,1,8,83,2,0,9,2,73.082,,0
056,056053,Valentano,208,0,3,0.0,137.0,0.0,2789.0,0.0,0.231,2.764,1,1,9,1,0,9,5,62.262,,0
056,056054,Vallerano,179,0,3,22.0,54.0,0.0,2397.0,0.0,0.0,0.0,0,2,4,1,0,0,5,61.612,,0
056,056055,Vasanello,149,0,3,0.0,54.0,0.0,3985.0,0.0,0.0,0.0,0,2,5,1,1,1,7,67.657,,0
056,056056,Vejano,216,0,3,0.0,30.0,0.0,2142.0,0.0,0.054,35.52,0,4,9,7,1,0,0,44.757,,0
056,056057,Vetralla,2187,0,3,103.0,511.0,0.0,13351.0,0.0,0.0,4.457,1,5,46,10,0,4,7,58.228,,0
056,056058,Vignanello,320,0,3,52.0,107.0,0.0,4293.0,0.0,0.0,0.0,0,2,6,0,0,3,13,63.132,,0
056,056059,Viterbo,303522,0,3,1458.0,2235.0,66.94,66188.0,0.0,0.0,20.253,9,96,245,12,2,15,68,70.883,,0
056,056060,Vitorchiano,3773,0,3,149.0,206.0,0.0,5256.0,0.0,0.28,2.372,0,2,10,5,0,3,28,73.024,,0
057,057001,Accumoli,10,0,1,0.0,117.0,0.0,516.0,0.0,0.543,0.0,0,1,5,15,0,1,0,74.938,,0
057,057002,Amatrice,6538,0,1,132.0,136.0,0.0,2208.0,0.0,9.889,0.0,3,2,22,63,0,3,2,76.382,,0
057,057003,Antrodoco,811,0,1,0.0,48.0,0.0,2292.0,0.0,0.0,0.0,2,1,3,15,0,5,7,79.922,,0
057,057004,Ascrea,4,0,1,0.0,41.0,0.0,208.0,0.0,4.605,1.716,0,0,2,4,0,0,0,56.505,,0
057,057005,Belmonte in Sabina,12,0,1,0.0,20.0,0.0,631.0,0.0,0.0,0.0,0,0,1,0,0,0,1,63.085,,0
057,057006,Borbona,11,0,1,15.0,0.0,0.0,573.0,0.0,0.0,0.0,0,0,1,4,0,1,0,84.517,,0
057,057007,Borgorose,214,0,1,60.0,142.0,0.0,4198.0,0.0,0.993,35.793,1,2,15,27,0,8,36,70.645,,0
057,057008,Borgo Velino,17,0,1,0.0,0.0,0.0,913.0,0.0,0.0,0.0,0,0,4,5,0,1,0,77.23,,0
057,057009,Cantalice,46,0,1,0.0,30.0,0.0,2439.0,0.0,0.0,0.571,0,1,1,13,0,1,10,76.698,,0
057,057010,Cantalupo in Sabina,32,0,3,18.0,44.0,0.0,1663.0,0.0,0.0,0.0,0,0,3,0,0,0,0,56.076,,0
057,057011,Casaprota,13,0,3,0.0,46.0,0.0,670.0,0.0,0.0,0.0,0,0,8,0,0,0,0,52.958,,0
057,057012,Casperia,1271,0,3,0.0,128.0,0.0,1190.0,0.0,0.0,12.293,0,2,1,8,0,2,0,61.195,,0
057,057013,Castel di Tora,352,0,1,44.0,121.0,54.55,271.0,0.0,11.365,3.578,0,1,1,2,0,5,0,55.306,,0
057,057014,Castelnuovo di Farfa,19,0,3,0.0,83.0,0.0,996.0,0.0,1.012,0.0,1,3,8,5,0,0,0,49.576,,0
057,057015,Castel Sant'Angelo,23,0,1,83.0,61.0,0.0,1186.0,0.0,0.808,0.0,1,1,7,1,0,0,7,75.326,,0
057,057016,Cittaducale,585,0,1,147.0,151.0,0.0,6411.0,0.0,0.0,0.01,0,4,15,2,1,2,12,72.298,,0
057,057017,Cittareale,7,0,1,0.0,57.0,0.0,388.0,0.0,0.0,0.0,1,1,10,8,0,0,0,75.983,,0
057,057018,Collalto Sabino,7,0,1,18.0,27.0,0.0,382.0,0.0,0.0,2.23,0,1,2,5,0,2,0,54.941,,0
057,057019,Colle di Tora,7,0,1,22.0,14.0,0.0,367.0,0.0,4.574,0.0,0,0,0,1,0,0,1,52.793,,0
057,057020,Collegiove,2,0,1,16.0,6.0,0.0,125.0,0.0,0.0,4.069,0,0,2,3,0,0,0,55.285,,0
057,057021,Collevecchio,876,0,3,0.0,194.0,0.0,1589.0,0.0,0.0,0.0,0,0,3,0,0,0,3,58.644,,0
057,057022,Colli sul Velino,5877,0,1,80.0,18.0,100.0,455.0,0.0,1.512,1.035,0,0,4,2,0,0,2,70.278,,0
057,057023,Concerviano,5,0,1,0.0,4.0,0.0,277.0,0.0,0.0,1.13,0,0,7,0,0,0,0,64.495,,0
057,057024,Configni,11,0,3,0.0,11.0,0.0,572.0,0.0,0.0,0.0,0,0,1,0,0,2,0,70.444,,0
057,057025,Contigliano,3374,0,1,35.0,192.0,0.0,3665.0,0.0,0.0,16.565,0,3,8,7,0,3,7,70.225,,0
057,057026,Cottanello,10,0,1,0.0,37.0,0.0,530.0,0.0,0.0,7.752,0,1,0,7,0,1,0,69.644,,0
057,057027,Fara in Sabina,1124,0,3,0.0,314.0,0.0,13843.0,0.0,0.0,0.371,0,1,82,2,0,2,10,43.876,,0
057,057028,Fiamignano,144,0,1,0.0,26.0,0.0,1169.0,0.0,0.592,0.0,0,3,2,19,0,1,4,72.689,,0
057,057029,Forano,61,0,3,23.0,27.0,0.0,3229.0,0.0,0.0,0.0,0,0,2,0,0,1,3,53.82,,0
057,057030,Frasso Sabino,14,0,3,0.0,12.0,0.0,754.0,0.0,0.0,0.0,0,0,3,0,0,0,0,50.525,,0
057,057031,Greccio,227,0,1,44.0,154.0,0.0,1465.0,0.0,0.0,0.0,2,8,4,5,0,0,10,73.554,,0
057,057032,Labro,1019,0,1,0.0,40.0,0.0,354.0,0.0,0.289,0.0,0,3,3,0,0,2,0,68.531,,0
057,057033,Leonessa,569,0,1,451.0,203.0,79.38,2085.0,0.0,0.0,0.0,0,3,31,22,0,0,7,71.33,,0
057,057034,Longone Sabino,10,0,1,0.0,27.0,0.0,516.0,0.0,0.0,2.411,0,6,8,4,0,0,2,63.367,,0
057,057035,Magliano Sabina,41179,0,3,192.0,169.0,42.19,3459.0,0.0,0.0,0.0,1,0,24,0,0,0,3,62.822,,0
057,057036,Marcetelli,1,0,1,0.0,55.0,0.0,57.0,0.0,0.0,4.967,0,0,2,3,0,0,0,59.557,,0
057,057037,Micigliano,2,0,1,116.0,62.0,0.0,112.0,0.0,0.0,0.0,0,0,9,9,0,0,0,81.89,,0
057,057038,Mompeo,119,0,3,24.0,36.0,100.0,512.0,0.0,0.0,0.0,0,2,2,5,0,0,0,53.132,,0
057,057039,Montasola,7,0,3,0.0,43.0,0.0,392.0,0.0,0.0,6.003,0,0,5,1,0,3,2,64.81,,0
057,057040,Montebuono,15,0,3,0.0,101.0,0.0,801.0,0.0,0.0,0.0,0,2,33,3,0,2,2,63.871,,0
057,057041,Monteleone Sabino,22,0,3,0.0,52.0,0.0,1154.0,0.0,0.0,0.0,1,1,2,3,0,2,0,52.618,,0
057,057042,Montenero Sabino,5,0,1,0.0,16.0,0.0,267.0,0.0,0.0,0.0,0,1,3,1,0,1,1,57.256,,0
057,057043,Monte San Giovanni in Sabina,12,0,1,0.0,71.0,0.0,647.0,0.0,0.0,8.702,0,1,0,4,0,2,0,59.329,,0
057,057044,Montopoli di Sabina,77,0,3,0.0,70.0,0.0,4066.0,0.0,0.703,0.025,0,1,30,3,0,2,7,47.713,,0
057,057045,Morro Reatino,6,0,1,0.0,18.0,0.0,340.0,0.0,0.0,0.044,0,0,1,2,0,0,0,68.896,,0
057,057046,Nespolo,4,0,1,120.0,7.0,0.0,195.0,0.0,0.0,0.0,0,0,2,2,0,2,0,56.034,,0
057,057047,Orvinio,724,0,1,0.0,90.0,0.0,392.0,0.0,0.0,0.0,0,1,5,5,0,0,0,46.362,,0
057,057048,Paganico Sabino,3,0,1,12.0,33.0,0.0,157.0,0.0,4.311,5.314,0,0,4,5,0,0,0,54.475,,0
057,057049,Pescorocchiano,258,0,1,13.0,37.0,0.0,1824.0,0.0,0.0,0.028,0,0,6,20,0,1,0,64.842,,0
057,057050,Petrella Salto,19,0,1,0.0,329.0,0.0,1025.0,0.0,0.404,0.0,0,2,5,18,0,1,0,68.693,,0
057,057051,Poggio Bustone,37,0,1,33.0,147.0,0.0,1965.0,0.0,0.0,3.083,0,7,4,6,0,1,7,73.028,,0
057,057052,Poggio Catino,112,0,3,0.0,90.0,0.0,1275.0,0.0,0.0,0.025,0,1,22,0,0,2,3,55.452,,0
057,057053,Poggio Mirteto,2733,0,3,19.0,149.0,0.0,6124.0,0.0,0.0,0.0,0,4,25,1,0,2,5,52.029,,0
057,057054,Poggio Moiano,53,0,3,33.0,59.0,0.0,2790.0,0.0,0.0,0.0,0,2,5,2,0,4,3,50.355,,0
057,057055,Poggio Nativo,384,0,3,0.0,42.0,0.0,2560.0,0.0,0.0,0.059,0,0,5,4,0,2,2,48.671,,0
057,057056,Poggio San Lorenzo,120,0,3,0.0,55.0,0.0,547.0,0.0,0.0,0.0,1,0,12,0,0,2,1,54.43,,0
057,057057,Posta,477,0,1,0.0,78.0,0.0,554.0,0.0,0.0,0.0,0,0,6,10,0,2,0,79.773,,0
057,057058,Pozzaglia Sabina,6,0,1,0.0,22.0,0.0,310.0,0.0,0.0,0.0,0,1,3,3,0,0,1,50.452,,0
057,057059,Rieti,85209,0,1,1394.0,1124.0,24.68,45286.0,0.0,0.0,38.208,4,29,145,21,0,38,187,70.694,,0
057,057060,Rivodutri,852,0,1,25.0,58.0,0.0,1137.0,0.0,1.323,5.29,0,0,2,8,0,0,0,70.473,,0
057,057061,Roccantica,123,0,3,0.0,79.0,0.0,542.0,0.0,0.0,10.134,0,0,3,5,0,0,1,58.764,,0
057,057062,Rocca Sinibalda,205,0,1,42.0,73.0,0.0,779.0,0.0,4.299,2.991,0,4,3,5,0,1,0,59.185,,0
057,057063,Salisano,9,0,3,32.0,2.0,0.0,477.0,0.0,0.0,0.029,0,1,3,1,0,2,1,54.43,,0
057,057064,Scandriglia,61,0,1,0.0,92.0,0.0,3227.0,0.0,0.0,0.0,0,0,12,8,0,0,2,45.435,,0
057,057065,Selci,499,0,3,17.0,26.0,0.0,1135.0,0.0,0.0,0.0,0,0,3,1,0,0,0,57.189,,0
057,057066,Stimigliano,41,0,3,0.0,27.0,0.0,2178.0,0.0,0.0,0.0,0,0,6,0,0,0,3,55.217,,0
057,057067,Tarano,26,0,3,0.0,154.0,0.0,1366.0,0.0,0.0,0.0,0,0,27,0,0,2,0,59.877,,0
057,057068,Toffia,20,0,3,0.0,20.0,0.0,1071.0,0.0,0.0,4.387,0,4,4,1,0,2,0,47.267,,0
057,057069,Torricella in Sabina,24,0,3,0.0,28.0,0.0,1285.0,0.0,0.0,0.0,0,0,2,0,0,2,2,57.56,,0
057,057070,Torri in Sabina,1782,0,3,23.0,64.0,0.0,1220.0,0.0,0.0,0.0,0,1,7,1,0,0,0,62.492,,0
057,057071,Turania,4,0,1,0.0,34.0,0.0,237.0,0.0,0.0,0.0,0,0,0,0,0,0,0,50.626,,0
057,057072,Vacone,111,0,3,0.0,80.0,0.0,233.0,0.0,0.0,0.0,0,0,2,0,0,0,0,65.946,,0
057,057073,Varco Sabino,3,0,1,0.0,107.0,0.0,160.0,0.0,0.0,6.192,0,2,4,7,0,0,0,61.185,,0
058,058001,Affile,3,0,1,0.0,2.0,0.0,1404.0,0.0,0.0,0.0,0,0,1,0,0,0,0,42.053,,0
058,058002,Agosta,3,0,1,21.0,0.0,0.0,1684.0,0.0,0.0,0.0,0,1,6,0,0,1,2,42.219,,0
058,058003,Albano Laziale,23017,0,4,1007.0,330.0,0.0,39773.0,0.0,0.803,2.067,3,5,200,0,0,6,23,10.472,,0
058,058004,Allumiere,7,0,4,56.0,20.0,0.0,3734.0,0.0,0.0,98.258,2,0,5,2,0,0,0,46.726,,0
058,058005,Anguillara Sabazia,24464,0,3,433.0,948.0,8.55,19062.0,0.0,13.574,88.488,3,4,120,5,0,10,12,29.166,,0
058,058006,Anticoli Corrado,2,0,1,65.0,93.0,0.0,850.0,0.0,0.0,0.0,0,2,1,2,0,0,0,39.69,,0
058,058007,Anzio,151191,0,5,1181.0,11789.0,17.1,59633.0,11.077,0.0,0.374,3,1,652,3,0,10,25,33.063,,0
058,058008,Arcinazzo Romano,2,0,1,146.0,11.0,0.0,1222.0,0.0,0.0,0.0,0,0,1,0,1,0,0,46.029,,0
058,058009,Ariccia,27286,0,4,322.0,273.0,24.84,17971.0,0.0,0.0,7.054,1,1,132,2,0,2,2,11.902,,0
058,058010,Arsoli,3,0,1,24.0,0.0,0.0,1361.0,0.0,0.0,0.001,0,2,14,3,0,0,12,44.282,,0
058,058011,Artena,17498,0,3,166.0,125.0,56.63,13654.0,0.0,0.0,2.112,3,4,93,1,0,0,18,26.235,,0
058,058012,Bellegra,138,0,3,18.0,34.0,0.0,2626.0,0.0,0.0,0.0,0,0,4,1,0,0,33,37.029,,0
058,058013,Bracciano,24253,0,3,394.0,2270.0,25.38,18490.0,0.0,10.557,163.038,5,4,231,13,0,5,33,31.575,,0
058,058014,Camerata Nuova,1,0,1,0.0,9.0,0.0,412.0,0.0,0.0,40.139,0,1,1,9,0,0,5,51.341,,0
058,058015,Campagnano di Roma,14093,0,3,119.0,359.0,37.82,10935.0,0.0,0.83,19.503,0,2,83,2,0,1,1,36.45,,0
058,058016,Canale Monterano,24499,0,3,103.0,155.0,100.0,4174.0,0.0,0.0,48.32,0,3,49,10,0,3,6,38.353,,0
058,058017,Canterano,351,0,1,0.0,26.0,0.0,364.0,0.0,0.0,0.0,0,0,1,0,0,0,0,40.148,,0
058,058018,Capena,270,0,3,72.0,36.0,0.0,10855.0,0.0,0.0,0.0,1,1,139,0,0,0,1,36.634,,0
058,058019,Capranica Prenestina,1,0,1,0.0,0.0,0.0,318.0,0.0,0.0,0.0,0,2,4,17,0,1,6,30.251,,0
058,058020,Carpineto Romano,7,0,1,24.0,34.0,0.0,3995.0,0.0,0.0,0.0,0,0,5,16,0,0,2,47.136,,0
058,058021,Casape,1,0,3,0.0,2.0,0.0,608.0,0.0,0.0,0.0,0,1,3,1,0,0,6,27.919,,0
058,058022,Castel Gandolfo,27350,0,4,312.0,424.0,62.5,8615.0,0.0,9.069,9.017,0,0,74,3,1,2,17,7.865,,0
058,058023,Castel Madama,150,0,3,117.0,92.0,100.0,7026.0,0.0,0.0,0.0,0,1,63,8,0,1,0,29.978,,0
058,058024,Castelnuovo di Porto,653,0,3,198.0,108.0,100.0,8617.0,0.0,0.0,10.743,0,1,155,4,0,0,3,35.016,,0
058,058025,Castel San Pietro Romano,2,0,3,0.0,53.0,0.0,844.0,0.0,0.0,0.0,0,3,6,8,0,0,9,26.525,,0
058,058026,Cave,226,0,3,25.0,260.0,0.0,10816.0,0.0,0.0,0.0,0,0,112,0,0,0,23,28.201,,0
058,058027,Cerreto Laziale,2,0,1,0.0,17.0,0.0,1073.0,0.0,0.0,0.0,0,0,7,2,0,0,15,36.202,,0
058,058028,Cervara di Roma,289,0,1,0.0,59.0,0.0,464.0,0.0,0.0,25.26,0,2,8,9,0,1,1,45.63,,0
058,058029,Cerveteri,5496,0,4,69.0,512.0,0.0,37973.0,5.061,0.03,56.314,1,5,393,4,0,13,22,25.107,Etruscan Necropolises of Cerveteri and Tarquinia,1
058,058030,Ciciliano,2,0,1,0.0,45.0,0.0,1253.0,0.0,0.0,0.0,0,1,8,3,0,0,6,33.203,,0
058,058031,Cineto Romano,1,0,1,21.0,8.0,0.0,583.0,0.0,0.0,0.0,0,1,8,2,0,0,3,41.651,,0
058,058032,Civitavecchia,232393,0,4,1149.0,1966.0,39.6,51697.0,19.303,0.0,18.815,1,3,71,0,11,25,77,49.506,,0
058,058033,Civitella San Paolo,4,0,3,0.0,9.0,0.0,2011.0,0.0,0.0,0.0,0,0,25,0,0,0,0,44.304,,0
058,058034,Colleferro,18198,0,3,220.0,114.0,0.0,20454.0,0.0,0.0,0.001,1,3,59,0,0,3,45,33.78,,0
058,058035,Colonna,8,0,4,0.0,25.0,0.0,4223.0,0.0,0.0,0.0,1,0,20,0,0,1,12,14.185,,0
058,058036,Fiano Romano,331302,0,3,1320.0,1852.0,76.29,16455.0,0.0,0.0,0.0,0,2,299,0,1,4,6,39.772,,0
058,058037,Filacciano,1,0,3,0.0,0.0,0.0,453.0,0.0,0.0,0.0,0,0,2,0,0,0,0,50.84,,0
058,058038,Formello,37350,0,3,247.0,210.0,0.0,13790.0,0.0,0.0,22.322,0,6,503,6,0,0,2,30.994,,0
058,058039,Frascati,37677,0,4,1240.0,1228.0,19.76,22805.0,0.0,0.0,1.594,3,17,326,0,0,35,56,6.999,,0
058,058040,Gallicano nel Lazio,12,0,3,0.0,64.0,0.0,6505.0,0.0,0.0,0.0,0,3,102,1,0,1,44,18.88,,0
058,058041,Gavignano,3,0,1,0.0,2.0,0.0,1872.0,0.0,0.0,0.0,0,0,27,0,0,0,6,40.92,,0
058,058042,Genazzano,6963,0,3,80.0,79.0,0.0,5711.0,0.0,0.0,0.326,0,3,75,0,0,1,50,32.327,,0
058,058043,Genzano di Roma,11587,0,4,50.0,288.0,0.0,22674.0,0.0,0.452,2.673,0,3,136,0,0,3,9,16.729,,0
058,058044,Gerano,2,0,1,0.0,51.0,0.0,1143.0,0.0,0.0,0.0,0,1,4,2,0,3,3,36.316,,0
058,058081,Riano,5253,0,3,20.0,467.0,0.0,10417.0,0.0,0.0,1.309,0,2,205,0,0,1,1,32.269,,0
058,058082,Rignano Flaminio,19,0,3,0.0,39.0,0.0,10083.0,0.0,0.0,0.0,0,1,20,0,0,0,19,44.647,,0
058,058083,Riofreddo,1,0,1,36.0,10.0,0.0,754.0,0.0,0.0,0.0,2,1,4,1,0,1,4,44.613,,0
058,058084,Rocca Canterano,0,0,1,0.0,0.0,0.0,171.0,0.0,0.0,0.0,0,1,0,4,0,0,0,39.306,,0
058,058085,Rocca di Cave,1,0,3,0.0,6.0,0.0,360.0,0.0,0.0,0.0,1,1,5,6,0,0,12,29.637,,0
058,058086,Rocca di Papa,19954,0,4,284.0,271.0,16.9,17648.0,0.0,0.0,36.848,1,1,117,16,0,2,31,12.97,,0
058,058087,Roccagiovine,0,0,1,0.0,24.0,0.0,243.0,0.0,0.0,0.0,0,1,2,4,0,0,0,36.754,,0
058,058088,Rocca Priora,22,0,4,78.0,38.0,64.1,12023.0,0.0,0.0,26.622,1,21,74,3,1,2,31,15.635,,0
058,058089,Rocca Santo Stefano,2,0,1,0.0,0.0,0.0,912.0,0.0,0.0,0.0,0,0,1,0,0,0,8,38.704,,0
058,058090,Roiate,1,0,1,24.0,0.0,0.0,634.0,0.0,0.0,0.0,0,0,2,2,0,1,8,40.275,,0
058,058091,Roma,42705319,0,5,147766.0,152217.0,62.67,2751747.0,21.863,16.855,424.722,148,638,9117,80,25,729,9290,14.578,"Historic Centre of Rome, the Properties of the Holy See in that City Enjoying Extraterritorial Rights and San Paolo Fuori le Mura",1
058,058092,Roviano,1323,0,1,0.0,31.0,0.0,1229.0,0.0,0.0,0.0,1,12,5,0,0,1,14,42.041,,0
058,058093,Sacrofano,1564,0,3,659.0,202.0,22.76,7403.0,0.0,0.0,23.691,0,1,225,5,0,0,1,35.016,,0
058,058094,Sambuci,2,0,1,0.0,11.0,0.0,828.0,0.0,0.0,0.441,0,3,2,1,0,0,0,35.411,,0
058,058095,San Gregorio da Sassola,3,0,3,0.0,25.0,0.0,1422.0,0.0,0.0,0.0,0,3,15,5,0,0,0,26.093,,0
058,058096,San Polo dei Cavalieri,5,0,1,0.0,22.0,0.0,2762.0,0.0,0.0,0.03,0,1,38,18,0,7,6,33.559,,0
058,058097,Santa Marinella,108131,0,4,954.0,816.0,6.92,18446.0,18.848,0.0,29.851,3,2,163,1,0,24,42,38.54,,0
058,058098,Sant'Angelo Romano,9,0,3,22.0,10.0,0.0,4982.0,0.0,0.08,0.67,0,1,123,2,0,0,0,27.494,,0
058,058099,Sant'Oreste,576,0,3,0.0,91.0,0.0,3435.0,0.0,0.0,4.444,3,3,2,18,0,0,11,49.196,,0
058,058100,San Vito Romano,6,0,3,231.0,9.0,0.0,3035.0,0.0,0.0,0.0,0,1,9,1,0,0,16,33.371,,0
058,058101,Saracinesco,0,0,1,0.0,6.0,0.0,172.0,0.0,0.0,0.091,1,0,3,1,0,0,3,37.46,,0
058,058102,Segni,9130,0,1,225.0,82.0,0.0,8976.0,0.0,0.0,0.0,0,5,44,10,0,0,6,36.365,,0
058,058103,Subiaco,521,0,1,271.0,1437.0,0.0,8524.0,0.0,0.0,38.979,0,3,37,14,0,2,5,46.091,,0
058,058104,Tivoli,70642,0,3,2236.0,898.0,69.63,55061.0,0.0,1.903,13.298,3,11,293,12,1,12,40,23.74,"Villa Adriana (Tivoli); Villa d'Este, Tivoli",2
058,058105,Tolfa,1421,0,4,0.0,171.0,0.0,4718.0,0.0,0.0,170.767,1,2,30,2,0,1,1,41.328,,0
058,058106,Torrita Tiberina,2,0,3,0.0,69.0,0.0,1090.0,0.0,0.0,2.399,0,0,8,2,0,0,4,47.837,,0
058,058107,Trevignano Romano,6393,0,3,243.0,1364.0,0.0,5807.0,0.0,10.808,78.205,1,7,115,9,0,6,3,37.32,,0
058,058108,Vallepietra,0,0,1,0.0,20.0,0.0,232.0,0.0,0.0,52.933,0,0,0,12,0,0,0,55.297,,0
058,058109,Vallinfreda,1,0,1,0.0,4.0,0.0,272.0,0.0,0.0,0.035,0,0,1,1,0,0,0,45.86,,0
058,058110,Valmontone,51475,0,3,237.0,429.0,37.13,15697.0,0.0,0.055,0.0,1,3,188,1,2,1,44,27.229,,0
058,058111,Velletri,13920,0,4,205.0,393.0,0.0,52862.0,0.0,0.0,23.571,2,0,547,3,2,3,65,21.065,,0
058,058112,Vicovaro,7,0,1,0.0,49.0,0.0,3533.0,0.0,0.0,0.251,1,1,7,11,0,3,16,33.863,,0
058,058113,Vivaro Romano,0,0,1,0.0,24.0,0.0,152.0,0.0,0.0,0.0,1,1,2,0,0,0,10,48.561,,0
058,058114,Zagarolo,1157,0,3,81.0,207.0,0.0,18645.0,0.0,0.0,0.0,1,1,265,0,0,0,41,17.777,,0
058,058115,Lariano,4829,0,4,79.0,105.0,0.0,13176.0,0.0,0.0,9.378,0,0,86,3,0,0,2,20.976,,0
058,058045,Gorga,1,0,1,0.0,0.0,0.0,655.0,0.0,0.0,0.0,0,0,1,9,0,0,0,47.152,,0
058,058046,Grottaferrata,30783,0,4,769.0,531.0,59.56,20356.0,0.0,0.0,6.21,2,4,152,0,1,9,58,7.315,,0
058,058047,Guidonia Montecelio,10544,0,3,418.0,360.0,43.78,88992.0,0.0,0.426,0.0,1,5,555,0,1,8,15,22.126,,0
058,058048,Jenne,1,0,1,0.0,30.0,0.0,320.0,0.0,0.0,28.039,0,2,4,9,0,1,1,49.819,,0
058,058049,Labico,206,0,3,24.0,65.0,100.0,6427.0,0.0,0.0,0.0,0,1,29,0,0,0,15,22.536,,0
058,058050,Lanuvio,281,0,4,0.0,187.0,0.0,12892.0,0.0,0.0,2.293,6,2,132,0,0,0,2,18.991,,0
058,058051,Licenza,2,0,1,65.0,6.0,0.0,887.0,0.0,0.0,0.0,0,1,13,4,0,1,1,39.736,,0
058,058052,Magliano Romano,3,0,3,0.0,6.0,0.0,1375.0,0.0,0.0,4.711,0,0,3,2,0,1,0,41.32,,0
058,058053,Mandela,2,0,1,0.0,22.0,0.0,904.0,0.0,0.0,0.0,0,1,5,1,0,1,10,38.518,,0
058,058054,Manziana,932,0,3,25.0,208.0,0.0,7739.0,0.0,0.0,27.187,0,1,56,9,0,0,8,35.116,,0
058,058055,Marano Equo,1,0,1,0.0,0.0,0.0,770.0,0.0,0.0,0.0,0,1,1,2,0,1,0,41.07,,0
058,058056,Marcellina,13,0,3,36.0,3.0,0.0,7008.0,0.0,0.0,0.03,1,3,58,2,0,7,16,29.267,,0
058,058057,Marino,75709,0,4,494.0,238.0,75.1,46404.0,0.0,0.0,4.797,2,6,209,0,0,9,32,4.994,,0
058,058058,Mazzano Romano,5,0,3,0.0,49.0,0.0,2936.0,0.0,0.0,9.741,2,15,19,16,1,0,2,43.487,,0
058,058059,Mentana,42,0,3,205.0,14.0,76.59,22605.0,0.0,0.0,6.54,3,2,113,6,0,5,15,27.409,,0
058,058060,Monte Compatri,2434,0,4,164.0,283.0,0.0,11757.0,0.0,0.0,5.639,0,1,69,4,0,0,55,12.286,,0
058,058061,Monteflavio,2,0,1,0.0,0.0,0.0,1144.0,0.0,0.0,0.0,0,1,4,7,0,2,2,40.301,,0
058,058062,Montelanico,4,0,1,0.0,23.0,0.0,2021.0,0.0,0.0,0.0,0,1,9,3,0,0,0,40.828,,0
058,058063,Montelibretti,9,0,3,0.0,62.0,0.0,5137.0,0.0,0.0,0.0,0,3,26,0,0,3,0,37.898,,0
058,058064,Monte Porzio Catone,952,0,4,310.0,89.0,62.26,8582.0,0.0,0.0,5.022,4,0,50,2,0,3,32,9.803,,0
058,058065,Monterotondo,95612,0,3,552.0,182.0,36.96,41125.0,0.0,0.0,6.681,2,2,100,10,0,11,28,29.938,,0
058,058066,Montorio Romano,4,0,3,0.0,44.0,0.0,1910.0,0.0,0.0,0.0,0,1,4,0,0,0,0,41.309,,0
058,058067,Moricone,5,0,3,45.0,29.0,0.0,2442.0,0.0,0.0,0.0,1,2,12,7,0,0,0,37.024,,0
058,058068,Morlupo,2721,0,3,56.0,151.0,0.0,8476.0,0.0,0.0,2.528,0,0,90,3,0,0,10,38.835,,0
058,058069,Nazzano,2,0,3,0.0,0.0,0.0,1323.0,0.0,0.0,4.604,1,1,1,7,0,1,1,47.374,,0
058,058070,Nemi,5981,0,4,166.0,46.0,0.0,1870.0,0.0,5.241,7.135,1,2,21,3,0,4,3,13.28,,0
058,058071,Nerola,722,0,3,117.0,28.0,100.0,1906.0,0.0,0.0,0.34,0,1,13,2,0,0,1,43.196,,0
058,058072,Nettuno,75474,0,5,607.0,2452.0,16.47,48237.0,11.487,0.0,0.0,1,4,428,1,0,6,9,36.729,,0
058,058073,Olevano Romano,12,0,3,15.0,19.0,0.0,6353.0,0.0,0.0,0.0,0,0,71,0,0,0,32,36.445,,0
058,058074,Palestrina,7000,0,3,251.0,195.0,58.17,22138.0,0.0,0.0,0.03,4,5,190,0,0,3,107,22.107,,0
058,058075,Palombara Sabina,24,0,3,0.0,167.0,0.0,12988.0,0.0,0.315,0.0,0,5,89,7,0,6,11,33.777,,0
058,058076,Percile,0,0,1,19.0,0.0,0.0,221.0,0.0,0.513,2.674,2,4,3,10,0,0,3,42.567,,0
058,058077,Pisoniano,1,0,3,0.0,2.0,0.0,732.0,0.0,0.0,0.0,0,0,1,3,0,0,8,33.096,,0
058,058078,Poli,4,0,3,0.0,4.0,0.0,2208.0,0.0,0.0,0.0,0,0,21,0,0,0,0,26.109,,0
058,058079,Pomezia,440636,0,5,2687.0,1267.0,62.86,64451.0,8.23,0.0,3.894,2,1,434,1,1,8,142,16.88,,0
058,058080,Ponzano Romano,45463,0,3,128.0,77.0,100.0,1245.0,0.0,0.0,0.0,0,0,2,0,0,0,0,51.654,,0
058,058116,Ladispoli,113648,0,4,437.0,2784.0,28.15,40855.0,8.005,0.0,1.2,0,2,174,2,0,7,83,19.921,,0
058,058117,Ardea,49299,0,5,351.0,6078.0,0.0,50292.0,8.554,0.0,0.0,1,3,871,3,0,0,3,21.161,,0
058,058118,Ciampino,65691,0,4,657.0,951.0,0.0,38670.0,0.0,0.0,0.487,0,3,113,1,2,5,37,1.852,,0
058,058119,San Cesareo,208,0,3,64.0,103.0,0.0,16223.0,0.0,0.0,0.085,0,0,151,1,0,1,40,16.328,,0
058,058120,Fiumicino,2166080,0,5,4800.0,3162.0,61.17,82481.0,33.036,0.0,81.338,5,9,719,10,1,22,104,8.239,,0
058,058122,Fonte Nuova,11368,0,3,230.0,84.0,0.0,32719.0,0.0,0.0,4.985,0,0,156,5,1,1,13,22.828,,0
059,059001,Aprilia,3317,0,5,315.0,363.0,27.94,74470.0,0.0,0.714,0.0,0,3,677,0,0,1,23,25.103,,0
063,063011,Caivano,6117,0,5,94.0,5.0,0.0,36024.0,0.0,0.0,0.0,0,1,26,0,0,3,2,10.28,,0
063,063012,Calvizzano,2117,0,5,100.0,0.0,0.0,12466.0,0.0,0.0,0.0,0,0,28,0,0,0,32,9.815,,0
063,063013,Camposano,852,0,5,0.0,0.0,0.0,5020.0,0.0,0.0,0.0,0,0,6,0,0,1,1,21.402,,0
063,063014,Capri,505075,1,4,2627.0,1632.0,81.54,6771.0,12.443,0.0,0.0,3,5,29,6,1,4,5,37.088,,0
063,063015,Carbonara di Nola,416,0,5,0.0,6.0,0.0,2449.0,0.0,0.0,0.0,0,0,5,1,0,0,0,24.403,,0
063,063016,Cardito,3653,0,5,0.0,0.0,0.0,21514.0,0.0,0.0,0.0,0,0,15,0,0,2,0,6.052,,0
063,063017,Casalnuovo di Napoli,51238,0,5,526.0,10.0,50.57,46876.0,0.0,0.0,0.0,0,2,37,0,0,6,13,5.923,,0
063,063018,Casamarciano,513,0,3,0.0,0.0,0.0,3021.0,0.0,0.0,0.0,0,0,22,0,0,0,0,23.511,,0
063,063019,Casamicciola Terme,334817,1,4,3347.0,518.0,51.12,7568.0,3.357,0.0,0.129,0,0,56,4,1,4,29,35.868,,0
063,063020,Casandrino,2219,0,5,0.0,0.0,0.0,13069.0,0.0,0.0,0.0,0,3,2,0,0,11,1,5.95,,0
063,063021,Casavatore,107986,0,5,116.0,6.0,0.0,18225.0,0.0,0.0,0.0,0,0,4,0,0,1,11,1.89,,0
063,063022,Casola di Napoli,618,0,4,0.0,18.0,0.0,3641.0,0.0,0.0,0.113,0,1,2,2,0,0,0,29.64,,0
063,063023,Casoria,84776,0,4,978.0,12.0,31.6,73814.0,0.0,0.0,0.0,1,0,62,0,0,12,14,2.271,,0
063,063024,Castellammare di Stabia,320793,0,4,2278.0,540.0,61.11,62471.0,6.717,0.0,7.459,1,21,47,6,0,12,71,26.475,,0
063,063025,Castello di Cisterna,1323,0,5,132.0,0.0,84.85,7794.0,0.0,0.0,0.0,0,1,40,0,0,6,4,10.946,,0
063,063026,Cercola,15311,0,4,68.0,18.0,100.0,16877.0,0.0,0.0,0.0,0,2,32,0,0,9,20,6.369,,0
063,063027,Cicciano,2098,0,5,0.0,19.0,0.0,12359.0,0.0,0.0,0.0,0,0,14,0,0,1,3,21.925,,0
063,063028,Cimitile,1169,0,5,0.0,31.0,0.0,6887.0,0.0,0.0,0.0,0,0,5,0,0,2,0,20.386,,0
063,063029,Comiziano,289,0,5,0.0,0.0,0.0,1704.0,0.0,0.0,0.0,0,0,5,0,0,0,1,22.926,,0
063,063030,Crispano,1995,0,5,0.0,0.0,0.0,11747.0,0.0,0.0,0.0,0,0,4,0,0,1,0,7.825,,0
063,063031,Forio,1262123,1,4,7799.0,651.0,48.92,17477.0,11.869,0.0,0.267,4,5,104,2,1,13,71,39.31,,0
063,063032,Frattamaggiore,248,0,5,55.0,34.0,0.0,28595.0,0.0,0.0,0.0,0,6,28,0,0,12,2,5.996,,0
063,063033,Frattaminore,2609,0,5,0.0,0.0,0.0,15367.0,0.0,0.0,0.0,0,0,2,0,0,1,0,8.148,,0
063,063034,Giugliano in Campania,386156,0,5,1363.0,2083.0,33.9,124209.0,2.481,7.258,0.0,0,1,707,2,4,7,75,16.615,,0
063,063035,Gragnano,42819,0,4,520.0,43.0,7.69,27830.0,0.0,0.0,6.39,0,6,15,6,0,0,20,30.355,,0
063,063036,Grumo Nevano,2918,0,5,0.0,0.0,0.0,17185.0,0.0,0.0,0.0,0,7,10,0,0,7,4,6.193,,0
063,063037,Ischia,1160750,1,4,7806.0,233.0,61.17,19600.0,8.924,0.0,0.259,1,5,111,3,1,21,85,33.782,,0
063,063038,Lacco Ameno,287396,1,4,1732.0,196.0,76.96,4505.0,1.6,0.015,0.003,5,0,22,0,0,3,16,37.18,,0
063,063039,Lettere,11021,0,4,171.0,4.0,81.29,6070.0,0.0,0.0,3.206,0,1,3,5,0,0,0,30.475,,0
063,063040,Liveri,249,0,5,0.0,16.0,0.0,1467.0,0.0,0.0,0.0,0,0,5,0,0,0,0,23.354,,0
063,063041,Marano di Napoli,1036,0,5,80.0,17.0,0.0,57740.0,0.0,0.0,0.0,0,0,91,0,0,0,74,10.199,,0
063,063042,Mariglianella,1348,0,5,21.0,0.0,0.0,7938.0,0.0,0.0,0.0,0,3,9,0,0,4,0,13.331,,0
063,063043,Marigliano,18869,0,5,68.0,28.0,64.71,29302.0,0.0,0.0,0.0,0,2,58,1,0,16,6,15.032,,0
063,063044,Massa Lubrense,457013,0,4,2496.0,2388.0,60.7,14169.0,19.546,0.0,1.754,0,5,106,16,0,17,141,32.338,,0
063,063045,Melito di Napoli,7021,0,5,269.0,0.0,0.0,36334.0,0.0,0.0,0.0,0,0,14,0,0,4,7,6.379,,0
109,109038,Servigliano,1843,0,3,23.0,71.0,0.0,2173.0,0.0,0.0,0.0,0,5,6,0,0,1,0,62.445,,0
109,109039,Smerillo,540,0,3,0.0,71.0,0.0,327.0,0.0,0.0,2.036,0,0,7,1,0,0,0,68.481,,0
109,109040,Torre San Patrizio,402,0,4,0.0,44.0,0.0,1803.0,0.0,0.0,0.0,0,0,2,0,0,0,0,52.387,,0
110,110001,Andria,48014,0,3,400.0,750.0,81.75,96941.0,0.0,0.0,121.552,3,6,430,2,1,9,29,43.796,Castel del Monte,1
110,110002,Barletta,78026,0,5,428.0,740.0,86.92,92365.0,22.446,0.0,44.286,9,14,176,1,0,60,195,48.498,,0
110,110003,Bisceglie,89165,0,5,606.0,974.0,70.63,53536.0,11.116,0.0,0.0,2,3,237,3,0,18,4,23.89,,0
110,110004,Canosa di Puglia,13226,0,3,143.0,202.0,59.44,27701.0,0.0,0.0,31.523,5,3,47,0,0,2,45,48.788,,0
110,110005,Margherita di Savoia,60346,0,5,371.0,1062.0,44.74,11154.0,34.113,0.0,2.66,1,0,19,2,0,3,4,49.995,,0
110,110006,Minervino Murge,560,0,3,0.0,33.0,0.0,8050.0,0.0,14.331,101.602,0,0,12,3,0,0,5,57.263,,0
110,110007,San Ferdinando di Puglia,3647,0,5,64.0,24.0,100.0,13625.0,0.0,0.0,6.745,0,0,19,0,0,6,0,45.629,,0
110,110008,Spinazzola,188,0,3,0.0,53.0,0.0,5894.0,0.0,0.0,43.458,2,3,17,1,0,3,7,55.75,,0
110,110009,Trani,138734,0,5,453.0,1454.0,28.48,54948.0,16.711,0.0,0.0,1,4,265,0,1,8,8,32.805,,0
110,110010,Trinitapoli,4799,0,5,117.0,134.0,37.61,13715.0,0.0,0.0,14.418,1,1,16,0,0,4,5,45.245,,0
111,111001,Arbus,49927,0,4,293.0,515.0,31.06,5658.0,42.128,0.0,0.0,6,1,61,5,0,1,0,37.699,,0
111,111002,Armungia,35,0,3,0.0,15.0,0.0,399.0,0.0,0.0,2.847,3,1,3,3,0,0,0,43.731,,0
111,111003,Ballao,63,0,3,0.0,8.0,0.0,719.0,0.0,0.0,0.0,1,0,4,4,0,0,0,43.334,,0
111,111004,Barrali,96,0,3,0.0,0.0,0.0,1099.0,0.0,0.0,0.0,0,0,4,0,0,0,0,18.104,,0
111,111005,Barumini,1844,0,3,35.0,13.0,0.0,1135.0,0.0,0.0,0.0,4,0,8,0,1,1,0,37.983,Su Nuraxi di Barumini,1
111,111006,Buggerru,15858,0,4,90.0,147.0,75.56,1026.0,7.026,0.835,0.0,2,1,3,13,0,4,0,46.118,,0
111,111007,Burcei,228,0,3,10.0,0.0,0.0,2617.0,0.0,0.0,68.598,0,2,10,8,0,0,0,32.185,,0
111,111008,Calasetta,39066,1,4,354.0,637.0,28.25,2821.0,20.215,0.0,0.0,1,0,24,3,0,0,0,59.382,,0
111,111009,Carbonia,39999,0,4,190.0,148.0,69.47,25971.0,0.0,0.0,0.0,4,4,58,3,0,1,0,41.679,,0
111,111010,Carloforte,33342,1,4,429.0,299.0,41.49,5919.0,33.553,0.0,0.0,1,1,35,26,0,2,0,64.047,,0
111,111011,Castiadas,300843,0,4,2492.0,528.0,96.79,1707.0,8.36,0.774,13.7,2,1,65,3,0,1,0,39.971,,0
111,111012,Collinas,66,0,3,0.0,0.0,0.0,755.0,0.0,0.0,0.0,2,0,3,0,0,0,0,31.848,,0
111,111013,Decimoputzu,363,0,5,0.0,9.0,0.0,4170.0,0.0,0.0,0.0,0,0,16,0,0,0,0,7.279,,0
111,111014,Dolianova,616,0,3,60.0,57.0,33.33,9382.0,0.0,0.0,34.592,2,0,47,0,0,0,0,21.286,,0
111,111015,Domus de Maria,184663,0,4,1820.0,980.0,91.98,1642.0,12.3,0.0,0.08,0,2,38,1,0,1,0,37.42,,0
111,111016,Domusnovas,505,0,3,44.0,27.0,0.0,5801.0,0.0,0.0,0.0,0,0,15,23,0,0,0,29.669,,0
111,111017,Donori,171,0,5,0.0,0.0,0.0,1959.0,0.0,0.0,0.0,0,0,10,0,0,0,0,17.468,,0
111,111018,Escalaplano,158,0,3,0.0,29.0,0.0,2055.0,0.0,0.426,0.0,1,0,5,2,0,0,0,45.807,,0
111,111019,Escolca,47,0,3,0.0,9.0,0.0,539.0,0.0,0.0,0.0,2,0,6,0,0,0,0,38.286,,0
111,111020,Esterzili,49,0,1,0.0,3.0,0.0,560.0,0.0,0.0,0.0,0,11,2,3,0,0,0,52.703,,0
111,111021,Fluminimaggiore,3750,0,4,66.0,96.0,0.0,2631.0,1.77,0.0,0.0,2,0,13,10,0,0,0,40.303,,0
111,111022,Furtei,131,0,5,0.0,6.0,0.0,1504.0,0.0,0.0,0.0,0,0,4,0,0,0,0,22.632,,0
111,111023,Genoni,65,0,3,0.0,9.0,0.0,744.0,0.0,0.0,15.249,3,0,4,0,0,0,0,30.551,,0
059,059002,Bassiano,0,0,3,26.0,24.0,0.0,1433.0,0.0,0.0,0.0,1,3,3,7,0,0,4,45.86,,0
059,059003,Campodimele,0,0,4,13.0,7.0,0.0,566.0,0.0,0.0,21.022,0,3,2,5,0,1,2,85.064,,0
059,059004,Castelforte,8435,0,4,597.0,68.0,0.0,4065.0,0.0,0.0,0.0,0,1,13,1,0,1,1,60.078,,0
059,059005,Cisterna di Latina,9040,0,5,93.0,120.0,0.0,36213.0,0.0,0.0,0.68,0,3,233,1,0,3,21,32.339,,0
059,059006,Cori,12364,0,3,38.0,245.0,0.0,10379.0,0.0,0.0,1.026,1,3,60,3,0,5,11,31.099,,0
059,059007,Fondi,435855,0,5,229.0,13397.0,0.0,39760.0,8.13,27.615,39.816,3,10,108,22,0,23,86,85.451,,0
059,059008,Formia,84094,0,4,794.0,1584.0,70.65,36883.0,12.216,0.0,38.731,1,6,121,15,1,15,41,71.314,,0
059,059009,Gaeta,297756,0,4,1896.0,2585.0,46.26,19300.0,14.549,0.0,0.115,2,17,59,3,0,11,17,74.121,,0
059,059010,Itri,9176,0,4,84.0,504.0,0.0,10431.0,0.31,0.0,31.093,1,4,22,19,2,12,10,79.349,,0
059,059011,Latina,288134,0,5,1938.0,3536.0,21.52,127859.0,13.872,0.256,0.0,11,13,751,3,2,48,140,43.989,,0
059,059012,Lenola,1,0,4,0.0,87.0,0.0,4081.0,0.0,0.0,5.89,0,0,6,1,0,2,20,84.414,,0
059,059013,Maenza,1,0,1,47.0,101.0,0.0,2940.0,0.0,0.0,0.0,0,2,2,4,0,0,4,56.867,,0
059,059014,Minturno,41049,0,4,316.0,2415.0,0.0,20389.0,7.281,0.0,0.974,1,5,57,3,0,17,66,62.595,,0
059,059015,Monte San Biagio,901,0,3,55.0,58.0,0.0,6042.0,0.0,7.171,2.938,0,2,3,9,0,4,14,77.283,,0
059,059016,Norma,1,0,3,123.0,65.0,0.0,3679.0,0.0,0.0,0.383,1,9,35,2,0,7,4,39.023,,0
059,059017,Pontinia,859,0,5,88.0,115.0,0.0,15080.0,0.0,0.0,0.0,2,0,9,0,0,4,77,61.814,,0
059,059018,Ponza,98442,1,4,775.0,806.0,26.58,3311.0,38.084,0.0,8.61,0,1,14,1,0,14,23,102.49,,0
059,059019,Priverno,702,0,3,38.0,45.0,0.0,13775.0,0.0,0.0,0.0,3,2,19,2,0,1,40,60.12,,0
059,059020,Prossedi,1743,0,3,193.0,9.0,0.0,1141.0,0.0,0.0,0.0,0,1,3,1,0,1,1,64.842,,0
059,059021,Roccagorga,1,0,1,0.0,39.0,0.0,4139.0,0.0,0.0,0.0,0,0,5,1,0,0,25,54.213,,0
059,059022,Rocca Massima,1172,0,3,0.0,148.0,0.0,1081.0,0.0,0.0,0.0,0,0,6,1,0,0,0,29.538,,0
059,059023,Roccasecca dei Volsci,0,0,3,0.0,0.0,0.0,1051.0,0.0,0.0,0.0,0,0,2,2,0,0,0,64.681,,0
059,059024,Sabaudia,126499,0,5,1175.0,2133.0,70.47,19431.0,18.163,0.0,32.534,3,1,217,7,0,0,68,62.473,,0
059,059025,San Felice Circeo,58716,0,5,811.0,729.0,30.95,10146.0,15.326,0.0,0.0,0,2,140,9,0,0,40,73.318,,0
059,059026,Santi Cosma e Damiano,512,0,4,30.0,40.0,0.0,6843.0,0.0,0.0,0.0,0,0,6,0,0,6,2,60.16,,0
059,059027,Sermoneta,1234,0,3,22.0,131.0,0.0,9994.0,0.0,0.0,0.0,2,6,74,0,0,1,31,42.458,,0
059,059028,Sezze,16175,0,3,109.0,148.0,76.15,23753.0,0.0,0.0,0.0,0,0,75,3,0,1,42,51.817,,0
059,059029,Sonnino,487,0,3,0.0,73.0,0.0,7367.0,0.0,0.0,4.901,1,1,9,12,0,6,10,69.477,,0
059,059030,Sperlonga,195427,0,5,1522.0,2612.0,16.69,3042.0,5.731,5.687,0.076,2,0,23,2,0,5,2,83.329,,0
059,059031,Spigno Saturnia,1174,0,4,14.0,60.0,100.0,2856.0,0.0,0.0,22.968,0,1,2,13,1,1,1,69.058,,0
059,059032,Terracina,244522,0,5,2020.0,8939.0,44.8,44684.0,11.207,0.83,5.074,3,8,226,16,0,10,63,73.353,Via Appia. <em>Regina Viarum</em>,1
059,059033,Ventotene,5895,1,4,307.0,149.0,0.0,689.0,13.227,0.0,0.544,2,1,4,2,0,1,1,73.437,,0
060,060001,Acquafondata,13,0,1,34.0,0.0,0.0,258.0,0.0,0.0,0.0,0,0,2,3,0,0,0,78.778,,0
060,060002,Acuto,2398,0,1,67.0,29.0,0.0,1821.0,0.0,0.0,0.0,0,0,4,0,0,0,8,48.489,,0
060,060003,Alatri,620,0,1,0.0,192.0,0.0,27605.0,0.0,0.371,4.406,2,7,53,6,1,11,14,64.378,,0
060,060004,Alvito,2910,0,1,20.0,125.0,100.0,2484.0,0.0,0.0,3.563,0,2,5,2,0,0,0,88.027,,0
060,060005,Amaseno,204,0,3,0.0,32.0,0.0,4082.0,0.0,0.0,0.0,0,0,3,3,0,0,0,72.574,,0
060,060006,Anagni,36074,0,3,467.0,277.0,36.19,20627.0,0.0,0.0,0.0,3,3,32,0,0,3,3,46.808,,0
060,060007,Aquino,159,0,3,38.0,35.0,0.0,4916.0,0.0,0.0,0.0,1,0,4,0,0,1,0,81.79,,0
060,060008,Arce,621,0,3,0.0,81.0,0.0,5390.0,0.0,0.847,0.0,1,0,18,0,0,4,7,84.52,,0
060,060009,Arnara,110,0,3,25.0,0.0,0.0,2199.0,0.0,0.0,0.0,0,1,1,0,0,2,6,69.872,,0
060,060010,Arpino,12089,0,3,336.0,276.0,0.0,6614.0,0.0,0.0,0.0,0,4,5,1,0,4,6,87.603,,0
060,060011,Atina,2017,0,1,139.0,77.0,34.53,4117.0,0.0,0.0,0.0,2,2,6,0,0,5,3,92.077,,0
060,060012,Ausonia,120,0,3,0.0,44.0,0.0,2405.0,0.0,0.0,3.022,1,0,8,2,0,1,6,69.435,,0
060,060013,Belmonte Castello,34,0,1,0.0,6.0,0.0,676.0,0.0,0.0,0.0,0,1,3,0,0,0,0,87.516,,0
060,060014,Boville Ernica,415,0,3,0.0,4.0,0.0,8302.0,0.0,0.0,0.0,0,5,2,0,0,1,2,74.909,,0
060,060015,Broccostella,132,0,3,0.0,35.0,0.0,2642.0,0.0,0.0,0.0,0,0,2,0,0,1,0,88.692,,0
060,060016,Campoli Appennino,80,0,1,0.0,27.0,0.0,1609.0,0.0,0.0,9.148,0,0,1,8,0,0,1,85.671,,0
060,060017,Casalattico,26,0,1,0.0,14.0,0.0,525.0,0.0,0.0,0.0,0,0,2,0,0,0,0,92.988,,0
060,060018,Casalvieri,121,0,3,0.0,77.0,0.0,2422.0,0.0,0.0,0.0,0,0,3,0,0,3,0,95.061,,0
060,060019,Cassino,75829,0,3,1806.0,992.0,41.14,35091.0,0.0,0.0,0.0,4,10,97,8,1,16,16,76.39,,0
060,060020,Castelliri,159,0,3,0.0,18.0,0.0,3176.0,0.0,0.0,0.0,0,0,2,1,0,6,0,79.292,,0
060,060021,Castelnuovo Parano,347,0,3,20.0,36.0,0.0,846.0,0.0,0.0,0.0,0,1,12,0,0,1,2,71.527,,0
060,060022,Castrocielo,33458,0,3,141.0,28.0,73.76,3784.0,0.0,0.685,0.0,0,1,7,0,0,6,4,85.955,,0
060,060023,Castro dei Volsci,1837,0,3,42.0,42.0,0.0,4418.0,0.0,0.0,0.0,0,1,2,2,0,1,3,76.017,,0
060,060024,Ceccano,1907,0,3,25.0,65.0,0.0,22207.0,0.0,0.0,3.367,0,4,24,4,0,3,28,66.765,,0
060,060025,Ceprano,26088,0,3,131.0,116.0,0.0,8050.0,0.0,4.551,0.0,0,0,23,0,0,2,6,80.547,,0
060,060026,Cervaro,389,0,3,0.0,55.0,0.0,7782.0,0.0,0.0,0.0,0,13,12,1,0,4,3,73.671,,0
060,060027,Colfelice,89,0,3,0.0,6.0,0.0,1783.0,0.0,0.0,0.0,0,0,5,0,0,0,2,88.642,,0
060,060028,Collepardo,44,0,1,0.0,34.0,0.0,879.0,0.0,0.0,0.0,1,0,2,3,0,0,0,67.125,,0
060,060029,Colle San Magno,31,0,1,0.0,14.0,0.0,615.0,0.0,0.0,0.0,0,0,2,5,0,0,3,89.309,,0
060,060030,Coreno Ausonio,76,0,3,0.0,0.0,0.0,1514.0,0.0,0.0,0.0,0,0,1,7,0,0,0,65.742,,0
060,060031,Esperia,117,0,3,17.0,57.0,0.0,3573.0,0.0,0.0,39.223,0,1,4,19,0,2,0,76.982,,0
060,060032,Falvaterra,26,0,3,0.0,13.0,0.0,513.0,0.0,0.0,0.0,0,0,2,0,0,0,0,84.038,,0
060,060033,Ferentino,38451,0,3,351.0,120.0,0.0,20048.0,0.0,0.0,0.0,0,1,63,1,0,5,21,55.829,,0
060,060034,Filettino,354,0,1,71.0,599.0,0.0,535.0,0.0,0.0,77.99,1,1,22,24,0,3,16,61.727,,0
060,060035,Fiuggi,856829,0,1,10047.0,1056.0,24.0,10079.0,0.0,0.0,0.0,0,0,36,0,0,0,32,52.344,,0
060,060036,Fontana Liri,134,0,3,0.0,11.0,0.0,2684.0,0.0,0.0,0.0,0,2,7,0,0,3,6,83.704,,0
060,060037,Fontechiari,61,0,3,0.0,55.0,0.0,1225.0,0.0,0.093,0.0,0,0,6,0,0,2,0,90.313,,0
060,060038,Frosinone,74553,0,3,575.0,172.0,25.22,43305.0,0.0,0.747,0.035,0,2,103,0,0,30,22,64.198,,0
060,060039,Fumone,97,0,1,17.0,30.0,0.0,1951.0,0.0,0.0,0.0,0,2,2,0,0,3,0,57.301,,0
060,060040,Gallinaro,59,0,1,22.0,82.0,0.0,1182.0,0.0,0.0,0.0,0,0,1,0,0,0,0,91.682,,0
060,060041,Giuliano di Roma,115,0,3,0.0,29.0,0.0,2295.0,0.0,0.0,0.0,1,1,2,3,0,0,10,61.625,,0
060,060042,Guarcino,2724,0,1,149.0,113.0,0.0,1506.0,0.0,0.0,0.024,0,0,15,6,0,0,0,59.571,,0
060,060043,Isola del Liri,1455,0,3,48.0,50.0,0.0,10645.0,0.0,0.0,0.069,0,1,16,1,0,2,8,82.2,,0
060,060044,Monte San Giovanni Campano,599,0,3,37.0,5.0,0.0,11983.0,0.0,0.0,0.0,1,1,15,3,0,1,4,78.725,,0
060,060045,Morolo,259,0,1,43.0,9.0,0.0,3164.0,0.0,0.0,1.37,0,2,6,8,0,1,4,52.829,,0
060,060046,Paliano,500,0,3,64.0,186.0,0.0,7877.0,0.0,0.0,1.152,0,1,76,1,0,0,41,38.241,,0
060,060047,Pastena,1321,0,3,0.0,58.0,0.0,1284.0,0.0,0.0,0.0,3,3,4,1,0,1,0,83.243,,0
060,060048,Patrica,1323,0,1,48.0,55.0,0.0,3061.0,0.0,0.0,0.0,0,1,2,6,0,0,0,59.972,,0
060,060049,Pescosolido,487,0,1,0.0,36.0,0.0,1390.0,0.0,0.0,0.025,0,1,9,6,0,2,3,85.515,,0
060,060050,Picinisco,55,0,1,17.0,83.0,100.0,1098.0,0.0,0.0,37.551,0,1,5,5,0,1,0,89.68,,0
060,060051,Pico,269,0,3,30.0,14.0,0.0,2625.0,0.0,0.0,6.966,0,0,2,1,0,0,4,87.908,,0
060,060052,Piedimonte San Germano,12300,0,3,144.0,57.0,41.67,6297.0,0.0,0.0,0.0,1,2,16,0,0,1,7,80.779,,0
060,060053,Piglio,216,0,1,0.0,61.0,0.0,4331.0,0.0,0.0,0.0,0,0,10,1,0,0,42,46.112,,0
060,060054,Pignataro Interamna,120,0,3,0.0,3.0,0.0,2403.0,0.0,0.0,0.0,0,0,2,0,0,1,0,75.079,,0
060,060055,Pofi,194,0,3,66.0,34.0,51.52,3878.0,0.0,0.0,0.0,0,0,1,0,0,0,0,74.154,,0
060,060056,Pontecorvo,220,0,3,0.0,53.0,0.0,12198.0,0.0,0.0,1.679,0,0,16,1,0,1,0,82.856,,0
060,060057,Posta Fibreno,330,0,3,0.0,101.0,0.0,1027.0,0.0,0.0,0.0,0,0,0,0,0,2,0,91.171,,0
060,060058,Ripi,251,0,3,0.0,8.0,0.0,5031.0,0.0,0.0,0.0,1,0,5,0,0,1,2,74.294,,0
060,060059,Rocca d'Arce,44,0,3,0.0,11.0,0.0,872.0,0.0,0.0,0.0,0,0,3,0,0,0,0,87.426,,0
060,060060,Roccasecca,399,0,3,49.0,88.0,0.0,6754.0,0.0,0.0,0.0,0,7,8,4,0,7,7,90.684,,0
060,060061,San Biagio Saracinisco,730,0,1,0.0,67.0,0.0,297.0,0.0,0.0,12.062,0,0,2,7,0,1,0,86.766,,0
060,060062,San Donato Val di Comino,4462,0,1,100.0,137.0,0.0,1860.0,0.0,0.0,3.294,0,0,6,7,0,2,0,85.527,,0
060,060063,San Giorgio a Liri,148,0,3,20.0,14.0,0.0,2959.0,0.0,0.461,0.0,0,0,1,0,0,2,0,72.521,,0
060,060064,San Giovanni Incarico,153,0,3,0.0,0.0,0.0,3055.0,0.0,0.0,0.0,0,0,1,0,0,1,0,87.964,,0
060,060065,Sant'Ambrogio sul Garigliano,44,0,3,0.0,8.0,0.0,872.0,0.0,0.0,0.0,1,0,1,0,0,0,0,66.863,,0
060,060066,Sant'Andrea del Garigliano,63,0,3,0.0,13.0,0.0,1265.0,0.0,0.0,0.0,0,0,2,1,0,3,0,64.118,,0
060,060067,Sant'Apollinare,90,0,3,0.0,1.0,0.0,1811.0,0.0,0.0,0.0,0,0,0,0,0,0,0,69.483,,0
060,060068,Sant'Elia Fiumerapido,3400,0,3,290.0,62.0,34.48,5654.0,0.0,0.0,0.0,0,1,22,2,0,2,4,83.05,,0
060,060069,Santopadre,59,0,3,45.0,16.0,0.0,1180.0,0.0,0.0,0.0,0,0,4,1,0,0,2,90.012,,0
060,060070,San Vittore del Lazio,118,0,3,0.0,11.0,0.0,2360.0,0.0,0.0,0.0,0,1,3,1,0,0,5,71.021,,0
060,060071,Serrone,728,0,1,86.0,88.0,0.0,2954.0,0.0,0.0,0.0,0,1,8,0,0,0,25,41.802,,0
060,060072,Settefrati,36,0,1,44.0,164.0,100.0,718.0,0.0,0.0,16.868,0,0,0,10,0,1,0,86.873,,0
060,060073,Sgurgola,118,0,1,0.0,0.0,0.0,2361.0,0.0,0.0,0.0,0,0,16,5,0,0,18,48.395,,0
060,060074,Sora,7926,0,1,280.0,96.0,29.29,24811.0,0.0,0.0,0.0,1,7,16,14,0,6,5,82.174,,0
060,060075,Strangolagalli,114,0,3,0.0,6.0,0.0,2274.0,0.0,0.0,0.0,0,0,13,0,0,0,36,78.625,,0
060,060076,Supino,1422,0,1,60.0,22.0,0.0,4600.0,0.0,0.0,0.041,0,0,5,12,0,0,0,55.517,,0
060,060077,Terelle,14,0,1,0.0,13.0,0.0,285.0,0.0,0.0,0.0,0,0,1,4,0,0,0,85.856,,0
060,060078,Torre Cajetani,65,0,1,32.0,0.0,0.0,1297.0,0.0,0.0,0.0,0,1,6,0,0,0,0,55.721,,0
060,060079,Torrice,234,0,3,0.0,30.0,0.0,4675.0,0.0,0.0,0.0,0,0,3,0,0,0,12,69.749,,0
060,060080,Trevi nel Lazio,208,0,1,287.0,40.0,0.0,1720.0,0.0,0.0,38.027,2,2,11,4,0,2,23,55.169,,0
060,060081,Trivigliano,80,0,1,0.0,3.0,0.0,1611.0,0.0,0.0,0.0,0,0,0,0,0,2,0,56.494,,0
060,060082,Vallecorsa,120,0,3,0.0,19.0,0.0,2395.0,0.0,0.0,0.562,0,0,3,1,0,1,7,78.891,,0
060,060083,Vallemaio,45,0,3,0.0,0.0,0.0,895.0,0.0,0.0,0.0,0,0,2,1,0,0,0,67.605,,0
060,060084,Vallerotonda,70,0,1,0.0,0.0,0.0,1391.0,0.0,0.0,0.35,0,0,2,2,0,0,0,81.853,,0
060,060085,Veroli,14966,0,1,392.0,161.0,0.0,19543.0,0.0,0.0,3.87,1,2,15,13,0,11,2,71.863,,0
060,060086,Vicalvi,36,0,3,0.0,22.0,0.0,717.0,0.0,0.0,0.0,0,1,0,0,0,0,0,92.57,,0
060,060087,Vico nel Lazio,103,0,1,0.0,18.0,0.0,2068.0,0.0,0.0,0.038,0,3,6,6,0,1,1,64.891,,0
060,060088,Villa Latina,57,0,1,0.0,0.0,0.0,1142.0,0.0,0.0,0.0,1,0,3,0,0,0,2,88.319,,0
060,060089,Villa Santa Lucia,1875,0,3,44.0,7.0,0.0,2472.0,0.0,0.0,0.0,0,0,3,0,0,0,0,80.199,,0
060,060090,Villa Santo Stefano,80,0,3,0.0,0.0,0.0,1598.0,0.0,0.0,0.0,0,0,0,2,0,0,0,68.143,,0
060,060091,Viticuso,15,0,1,0.0,0.0,0.0,296.0,0.0,0.0,0.0,0,0,0,0,0,1,0,75.534,,0
061,061001,Ailano,314,0,3,0.0,0.0,0.0,1165.0,0.0,0.0,2.798,0,0,1,0,0,0,0,56.283,,0
061,061002,Alife,1992,0,3,0.0,26.0,0.0,7389.0,0.0,0.822,8.106,1,3,9,1,0,3,3,49.063,,0
061,061003,Alvignano,1199,0,3,0.0,31.0,0.0,4450.0,0.0,0.298,0.0,1,1,5,1,0,1,5,40.438,,0
061,061004,Arienzo,1445,0,3,0.0,8.0,0.0,5362.0,0.0,0.0,7.696,0,1,3,2,0,4,1,24.418,,0
061,061005,Aversa,45982,0,5,209.0,29.0,0.0,49544.0,0.0,0.02,0.0,1,6,43,0,1,45,49,11.899,,0
061,061006,Baia e Latina,543,0,3,0.0,12.0,0.0,2014.0,0.0,0.0,0.0,0,2,13,0,0,1,0,46.697,,0
061,061007,Bellona,7077,0,5,66.0,44.0,78.79,5998.0,0.0,0.773,0.0,0,0,22,1,1,4,3,29.516,,0
061,061008,Caianello,6046,0,3,81.0,49.0,0.0,1756.0,0.0,0.0,0.0,0,0,2,0,0,3,1,49.414,,0
061,061009,Caiazzo,1741,0,3,0.0,111.0,0.0,5127.0,0.0,0.0,0.0,1,1,12,0,0,2,2,34.01,,0
061,061010,Calvi Risorta,1450,0,5,0.0,8.0,0.0,5379.0,0.0,0.0,0.0,0,4,3,1,0,0,0,38.664,,0
061,061011,Camigliano,529,0,3,0.0,0.0,0.0,1962.0,0.0,0.0,0.0,0,0,7,0,0,0,0,33.64,,0
061,061012,Cancello ed Arnone,1538,0,5,0.0,12.0,0.0,5706.0,0.0,0.0,0.0,0,0,6,0,0,0,3,29.594,,0
061,061013,Capodrise,2703,0,5,296.0,5.0,100.0,10029.0,0.0,0.0,0.0,1,0,5,0,0,0,0,17.787,,0
061,061014,Capriati a Volturno,383,0,3,0.0,9.0,0.0,1420.0,0.0,0.0,12.248,0,0,6,1,0,0,0,67.431,,0
061,061015,Capua,13546,0,5,104.0,243.0,100.0,17773.0,0.0,0.0,0.0,1,5,25,7,0,5,15,26.586,,0
061,061016,Carinaro,1907,0,5,96.0,0.0,100.0,7077.0,0.0,0.0,0.0,0,0,3,0,0,0,0,14.354,,0
061,061017,Carinola,1910,0,5,0.0,15.0,0.0,7086.0,0.0,0.0,0.0,1,2,4,1,0,2,0,41.844,,0
061,061018,Casagiove,17094,0,5,151.0,30.0,0.0,12890.0,0.0,0.0,0.008,1,1,24,0,0,3,2,22.225,,0
061,061019,Casal di Principe,5794,0,5,0.0,0.0,0.0,21497.0,0.0,0.0,0.0,0,0,17,0,0,0,0,21.512,,0
061,061020,Casaluce,2566,0,5,0.0,16.0,0.0,9519.0,0.0,0.0,0.0,0,1,4,0,0,0,0,16.82,,0
061,061056,Piana di Monte Verna,554,0,3,58.0,12.0,0.0,2057.0,0.0,0.0,0.0,0,1,2,2,0,1,3,31.822,,0
061,061057,Piedimonte Matese,101,0,1,71.0,11.0,0.0,10068.0,0.0,0.0,32.317,3,2,12,16,0,8,4,55.043,,0
061,061058,Pietramelara,1752,0,3,22.0,35.0,0.0,4457.0,0.0,0.0,0.0,0,1,26,2,0,1,0,43.563,,0
061,061059,Pietravairano,755,0,3,25.0,2.0,0.0,2801.0,0.0,0.0,0.0,0,1,9,1,0,2,1,49.729,,0
061,061060,Pignataro Maggiore,1545,0,5,0.0,0.0,0.0,5732.0,0.0,0.0,0.0,0,1,10,1,0,2,3,34.218,,0
061,061061,Pontelatone,410,0,3,0.0,59.0,0.0,1523.0,0.0,0.409,0.0,0,0,6,3,0,0,2,33.824,,0
061,061062,Portico di Caserta,2081,0,5,0.0,0.0,0.0,7722.0,0.0,0.0,0.0,0,0,5,0,0,0,0,18.817,,0
061,061063,Prata Sannita,363,0,3,0.0,6.0,0.0,1348.0,0.0,0.0,8.284,1,1,8,0,0,1,0,60.78,,0
061,061064,Pratella,370,0,3,0.0,28.0,0.0,1372.0,0.0,0.0,0.0,0,0,2,1,0,0,0,59.051,,0
061,061065,Presenzano,437,0,3,0.0,44.0,0.0,1620.0,0.0,0.0,0.0,0,0,17,0,0,1,3,57.245,,0
061,061066,Raviscanina,313,0,3,0.0,36.0,0.0,1162.0,0.0,0.0,13.091,0,0,5,3,0,1,0,55.222,,0
061,061067,Recale,2054,0,5,0.0,6.0,0.0,7621.0,0.0,0.0,0.0,0,0,6,0,0,0,3,19.22,,0
061,061068,Riardo,597,0,3,0.0,16.0,0.0,2216.0,0.0,0.0,0.0,0,2,10,0,0,1,3,44.539,,0
061,061069,Rocca d'Evandro,123,0,3,24.0,30.0,0.0,3007.0,0.0,0.0,0.0,0,0,4,0,0,0,0,63.992,,0
061,061070,Roccamonfina,4198,0,3,98.0,44.0,31.63,3157.0,0.0,0.0,0.0,1,2,10,3,0,6,0,51.783,,0
061,061071,Roccaromana,221,0,3,0.0,18.0,0.0,820.0,0.0,0.0,0.0,0,1,5,0,0,0,0,43.671,,0
061,061072,Rocchetta e Croce,116,0,3,27.0,0.0,0.0,430.0,0.0,0.0,0.0,0,0,2,2,0,1,0,40.709,,0
061,061073,Ruviano,455,0,3,0.0,13.0,0.0,1690.0,0.0,0.0,0.0,1,1,5,1,0,0,0,37.98,,0
061,061074,San Cipriano d'Aversa,3584,0,5,0.0,0.0,0.0,13298.0,0.0,0.0,0.0,0,0,3,0,0,2,0,18.768,,0
061,061075,San Felice a Cancello,4534,0,3,0.0,6.0,0.0,16821.0,0.0,0.0,11.447,0,1,16,2,0,7,11,19.663,,0
061,061076,San Gregorio Matese,121,0,1,21.0,18.0,0.0,870.0,0.0,0.0,55.766,0,0,2,12,0,2,0,59.474,,0
061,061077,San Marcellino,4017,0,5,0.0,0.0,0.0,14903.0,0.0,0.0,0.0,0,0,9,0,0,0,4,15.5,,0
061,061078,San Nicola la Strada,15231,0,5,298.0,10.0,54.36,22071.0,0.0,0.0,0.0,0,0,16,0,0,3,1,18.711,,0
061,061079,San Pietro Infine,3292,0,3,36.0,22.0,44.44,806.0,0.0,0.0,0.0,1,0,3,2,0,0,1,67.967,,0
061,061080,San Potito Sannitico,526,0,1,0.0,135.0,0.0,1950.0,0.0,0.0,15.779,0,0,2,3,0,0,0,53.083,,0
061,061081,San Prisco,3277,0,5,22.0,12.0,0.0,12157.0,0.0,0.0,0.0,0,15,17,3,0,4,0,23.909,,0
061,061082,Santa Maria a Vico,3857,0,3,40.0,5.0,0.0,14312.0,0.0,0.0,0.0,0,0,22,0,1,4,4,21.982,,0
061,061083,Santa Maria Capua Vetere,6528,0,5,0.0,181.0,0.0,32122.0,0.0,0.129,0.0,5,1,28,0,1,12,7,20.985,,0
061,061084,Santa Maria la Fossa,685,0,5,0.0,0.0,0.0,2540.0,0.0,0.0,0.0,0,0,4,0,0,0,0,24.82,,0
061,061085,San Tammaro,1559,0,5,0.0,12.0,0.0,5785.0,0.0,0.0,0.0,0,1,8,0,0,0,2,21.579,,0
061,061086,Sant'Angelo d'Alife,559,0,3,0.0,44.0,0.0,2073.0,0.0,0.0,14.5,0,2,5,1,0,0,0,52.542,,0
061,061087,Sant'Arpino,4080,0,5,0.0,0.0,0.0,15139.0,0.0,0.0,0.0,1,0,8,0,0,0,1,8.87,,0
061,061088,Sessa Aurunca,353665,0,4,1327.0,6499.0,16.2,20209.0,8.542,0.0,0.0,2,3,143,3,0,17,8,51.568,,0
061,061089,Sparanise,1938,0,5,0.0,0.0,0.0,7189.0,0.0,0.0,0.0,0,0,11,1,0,0,3,36.167,,0
061,061090,Succivo,2368,0,5,0.0,0.0,0.0,8785.0,0.0,0.0,0.0,1,0,11,0,1,0,0,11.683,,0
061,061091,Teano,558,0,3,0.0,156.0,0.0,11147.0,0.0,0.0,0.0,1,2,14,3,0,4,3,44.621,,0
061,061092,Teverola,4033,0,5,24.0,0.0,100.0,14962.0,0.0,0.0,0.0,0,0,7,0,0,2,1,15.298,,0
061,061093,Tora e Piccilli,200,0,3,0.0,3.0,0.0,742.0,0.0,0.0,0.0,0,1,2,0,0,1,0,55.579,,0
061,061094,Trentola Ducenta,5528,0,5,0.0,0.0,0.0,20512.0,0.0,0.0,0.0,0,1,5,0,0,2,0,14.724,,0
061,061095,Vairano Patenora,3210,0,3,24.0,44.0,100.0,6323.0,0.0,0.0,0.0,0,4,15,1,0,0,10,52.204,,0
061,061096,Valle Agricola,202,0,1,0.0,0.0,0.0,750.0,0.0,0.0,24.713,0,1,3,4,0,4,0,59.945,,0
061,061097,Valle di Maddaloni,707,0,3,0.0,6.0,0.0,2624.0,0.0,0.0,0.0,0,3,20,1,0,4,13,23.803,,0
061,061098,Villa di Briano,1996,0,5,0.0,12.0,0.0,7407.0,0.0,0.0,0.0,0,0,4,0,0,3,1,18.547,,0
061,061099,Villa Literno,3412,0,5,148.0,0.0,0.0,12658.0,0.0,0.0,0.0,0,1,11,0,0,0,8,23.277,,0
061,061100,Vitulazio,2074,0,5,0.0,12.0,0.0,7696.0,0.0,0.82,0.0,0,0,2,0,0,0,0,30.183,,0
061,061101,Falciano del Massico,909,0,5,0.0,48.0,0.0,3372.0,0.0,1.31,0.0,0,0,13,1,0,1,4,39.706,,0
061,061102,Cellole,14277,0,4,571.0,30.0,100.0,8240.0,3.854,0.0,0.0,0,0,112,0,0,5,1,52.258,,0
061,061103,Casapesenna,1892,0,5,0.0,24.0,0.0,7021.0,0.0,0.0,0.0,0,0,4,0,0,0,3,17.457,,0
061,061104,San Marco Evangelista,86467,0,5,487.0,40.0,100.0,6455.0,0.0,0.0,0.0,0,0,6,0,0,0,0,17.031,,0
062,062001,Airola,2130,0,1,14.0,4.0,0.0,8057.0,0.0,0.0,0.0,1,3,18,0,0,15,0,30.154,,0
062,062002,Amorosi,698,0,3,86.0,0.0,0.0,2640.0,0.0,0.0,0.0,0,2,5,0,0,1,3,38.487,,0
062,062003,Apice,1388,0,3,0.0,20.0,0.0,5251.0,0.0,0.0,0.0,0,1,10,0,0,0,2,57.015,,0
062,062004,Apollosa,652,0,3,124.0,24.0,81.45,2467.0,0.0,0.0,0.0,0,0,1,0,0,0,3,41.814,,0
062,062005,Arpaia,527,0,1,0.0,0.0,0.0,1992.0,0.0,0.0,2.175,0,2,2,2,0,1,3,27.503,,0
062,062006,Arpaise,194,0,3,0.0,27.0,0.0,734.0,0.0,0.0,0.0,0,1,4,0,0,0,0,41.751,,0
062,062007,Baselice,422,0,1,16.0,31.0,0.0,2062.0,0.0,0.0,0.0,0,0,7,0,0,0,0,50.009,,0
062,062008,Benevento,24943,0,3,571.0,346.0,77.93,56048.0,0.0,0.0,7.76,8,22,74,4,0,27,187,51.025,,0
062,062009,Bonea,363,0,1,36.0,12.0,0.0,1373.0,0.0,0.0,7.751,0,0,2,1,0,0,0,34.712,,0
062,062010,Bucciano,520,0,1,0.0,0.0,0.0,1969.0,0.0,0.0,6.492,0,4,3,1,0,0,1,32.947,,0
062,062011,Buonalbergo,404,0,3,0.0,8.0,0.0,1528.0,0.0,0.0,0.0,0,0,1,1,0,1,0,52.794,,0
062,062012,Calvi,662,0,3,0.0,38.0,0.0,2504.0,0.0,0.0,0.0,0,2,5,0,0,0,0,52.133,,0
062,062013,Campolattaro,1541,0,3,0.0,85.0,0.0,975.0,0.0,5.042,2.6,0,0,2,0,0,1,1,58.813,,0
062,062014,Campoli del Monte Taburno,439,0,3,0.0,70.0,0.0,1661.0,0.0,0.0,0.0,0,0,2,0,0,0,0,40.3,,0
062,062015,Casalduni,312,0,3,0.0,12.0,0.0,1179.0,0.0,0.0,1.966,0,1,3,0,0,0,0,53.377,,0
062,062016,Castelfranco in Miscano,204,0,1,0.0,31.0,0.0,772.0,0.0,0.0,0.0,0,0,1,1,0,0,0,39.717,,0
062,062017,Castelpagano,353,0,1,0.0,89.0,0.0,1334.0,0.0,0.0,0.0,0,1,1,2,0,0,1,60.792,,0
062,062018,Castelpoto,303,0,3,0.0,8.0,0.0,1146.0,0.0,0.0,0.603,0,1,3,0,0,0,0,43.984,,0
062,062019,Castelvenere,632,0,3,0.0,40.0,0.0,2392.0,0.0,0.0,0.208,0,0,12,0,0,0,0,44.667,,0
062,062020,Castelvetere in Val Fortore,254,0,1,0.0,20.0,0.0,962.0,0.0,0.0,0.0,0,0,2,0,0,0,0,50.2,,0
062,062021,Cautano,500,0,1,0.0,18.0,0.0,1891.0,0.0,0.0,14.456,0,1,6,0,0,0,0,40.514,,0
062,062022,Ceppaloni,17586,0,3,0.0,38.0,0.0,3180.0,0.0,0.0,0.0,0,1,4,0,0,1,0,43.055,,0
062,062023,Cerreto Sannita,946,0,1,58.0,89.0,0.0,3579.0,0.0,0.0,14.835,1,0,5,3,0,3,0,52.241,,0
062,062024,Circello,561,0,1,0.0,117.0,0.0,2122.0,0.0,0.0,0.0,0,3,3,0,0,0,0,62.951,,0
062,062025,Colle Sannita,3136,0,1,60.0,85.0,0.0,2156.0,0.0,1.143,0.0,0,0,6,1,0,0,0,57.121,,0
062,062026,Cusano Mutri,2322,0,1,0.0,292.0,0.0,3737.0,0.0,0.0,58.99,0,3,21,14,0,1,0,54.02,,0
062,062027,Dugenta,3336,0,3,0.0,91.0,0.0,2652.0,0.0,0.178,0.0,0,0,9,1,0,2,1,31.667,,0
062,062028,Durazzano,546,0,1,22.0,7.0,0.0,2066.0,0.0,0.0,0.0,0,4,10,0,0,0,0,23.892,,0
062,062029,Faicchio,1088,0,3,0.0,125.0,0.0,3279.0,0.0,0.0,18.695,0,1,3,4,0,0,0,45.345,,0
062,062030,Foglianise,822,0,3,0.0,32.0,0.0,3109.0,0.0,0.0,3.504,0,0,15,0,0,1,0,45.379,,0
062,062031,Foiano di Val Fortore,351,0,1,0.0,18.0,0.0,1327.0,0.0,0.0,0.0,0,0,4,0,1,0,0,47.526,,0
062,062032,Forchia,318,0,1,15.0,18.0,0.0,1202.0,0.0,0.0,1.393,0,0,5,1,0,0,0,26.196,,0
062,062033,Fragneto l'Abate,325,0,3,0.0,17.0,0.0,940.0,0.0,0.0,0.0,0,0,3,1,0,0,0,60.054,,0
062,062034,Fragneto Monforte,438,0,3,20.0,60.0,0.0,1658.0,0.0,0.0,0.0,0,0,5,0,0,0,2,55.747,,0
062,062035,Frasso Telesino,532,0,1,0.0,26.0,0.0,2013.0,0.0,0.0,13.556,0,0,5,0,0,1,0,35.58,,0
062,062036,Ginestra degli Schiavoni,103,0,1,0.0,0.0,0.0,388.0,0.0,0.0,0.0,0,0,3,0,0,0,0,44.243,,0
062,062037,Guardia Sanframondi,1193,0,3,0.0,22.0,0.0,4512.0,0.0,0.0,3.877,2,2,5,0,0,2,0,47.589,,0
062,062038,Limatola,2931,0,3,74.0,19.0,40.54,4204.0,0.0,0.233,0.0,0,1,10,2,0,5,1,29.385,,0
062,062039,Melizzano,2462,0,3,0.0,62.0,0.0,1691.0,0.0,0.0,3.634,0,0,17,0,0,0,0,36.147,,0
062,062040,Moiano,1056,0,1,0.0,14.0,0.0,3997.0,0.0,0.0,5.287,1,1,7,0,0,2,0,30.479,,0
062,062041,Molinara,379,0,1,0.0,45.0,0.0,1434.0,0.0,0.0,0.0,0,0,2,0,0,1,0,53.568,,0
062,062042,Montefalcone di Val Fortore,342,0,1,0.0,10.0,0.0,1295.0,0.0,0.0,0.0,2,0,3,0,0,0,0,44.593,,0
062,062043,Montesarchio,158,0,1,22.0,47.0,0.0,12997.0,0.0,0.0,2.789,1,8,18,0,0,10,3,36.886,,0
062,062044,Morcone,930,0,1,0.0,91.0,0.0,4496.0,0.0,16.803,44.265,0,2,8,4,0,7,4,61.859,,0
062,062045,Paduli,129,0,3,0.0,32.0,0.0,3584.0,0.0,0.0,0.0,0,0,6,0,0,3,2,60.628,,0
062,062046,Pago Veiano,587,0,3,0.0,20.0,0.0,2219.0,0.0,0.0,0.0,0,0,10,0,0,0,0,59.405,,0
062,062047,Pannarano,525,0,1,0.0,12.0,0.0,1986.0,0.0,0.0,10.52,0,1,1,3,0,0,0,36.768,,0
062,062048,Paolisi,517,0,1,16.0,14.0,100.0,1955.0,0.0,0.0,2.948,0,3,6,0,0,0,1,29.215,,0
062,062049,Paupisi,379,0,3,0.0,14.0,0.0,1434.0,0.0,0.0,2.082,0,0,2,0,0,1,2,46.772,,0
062,062050,Pesco Sannita,486,0,3,21.0,95.0,0.0,1840.0,0.0,0.0,0.0,1,0,4,0,0,0,0,60.121,,0
062,062051,Pietraroja,131,0,1,0.0,39.0,0.0,497.0,0.0,0.0,35.8,2,1,2,3,0,2,0,57.288,,0
062,062052,Pietrelcina,762,0,3,150.0,160.0,80.0,2882.0,0.0,0.0,0.0,1,2,4,1,0,1,1,58.697,,0
062,062053,Ponte,635,0,3,0.0,61.0,0.0,2404.0,0.0,0.0,0.0,0,0,8,0,0,5,11,50.434,,0
062,062054,Pontelandolfo,357,0,3,0.0,82.0,0.0,2003.0,0.0,0.0,10.475,0,1,4,0,0,0,1,56.284,,0
062,062055,Puglianello,343,0,3,0.0,12.0,0.0,1298.0,0.0,0.926,0.0,0,1,5,0,0,0,0,40.83,,0
062,062056,Reino,289,0,3,0.0,69.0,0.0,1093.0,0.0,0.0,0.0,0,0,3,0,0,0,0,61.319,,0
062,062057,San Bartolomeo in Galdo,1140,0,1,25.0,22.0,0.0,4314.0,0.0,0.0,0.0,1,4,4,0,0,14,0,42.233,,0
062,062058,San Giorgio del Sannio,755,0,3,14.0,44.0,0.0,9696.0,0.0,0.0,0.0,0,0,18,0,0,8,0,54.298,,0
062,062059,San Giorgio La Molara,314,0,1,0.0,31.0,0.0,2723.0,0.0,0.935,0.0,0,1,3,0,0,0,0,52.17,,0
062,062060,San Leucio del Sannio,766,0,3,0.0,36.0,0.0,2897.0,0.0,0.0,0.0,0,1,16,0,0,0,0,45.682,,0
062,062061,San Lorenzello,558,0,3,0.0,67.0,0.0,2112.0,0.0,0.0,6.724,0,0,9,2,0,0,0,47.841,,0
062,062062,San Lorenzo Maggiore,501,0,3,0.0,31.0,0.0,1894.0,0.0,0.0,2.438,0,4,9,0,0,0,0,48.566,,0
062,062063,San Lupo,399,0,3,0.0,68.0,0.0,686.0,0.0,0.0,9.928,0,1,4,2,0,0,0,51.911,,0
062,062064,San Marco dei Cavoti,1734,0,1,0.0,101.0,0.0,2941.0,0.0,0.0,0.0,1,6,3,0,0,1,3,56.955,,0
062,062065,San Martino Sannita,302,0,3,0.0,25.0,0.0,1142.0,0.0,0.0,0.0,0,0,2,0,0,1,0,49.252,,0
062,062066,San Nazzaro,218,0,3,0.0,0.0,0.0,825.0,0.0,0.0,0.0,0,1,2,0,0,1,0,48.643,,0
062,062067,San Nicola Manfredi,419,0,3,25.0,26.0,0.0,3454.0,0.0,0.0,0.0,0,1,5,0,0,0,0,50.75,,0
062,062068,San Salvatore Telesino,681,0,3,64.0,39.0,68.75,3861.0,0.0,0.0,5.214,2,1,17,2,0,4,0,42.903,,0
062,062069,Santa Croce del Sannio,227,0,1,0.0,63.0,0.0,859.0,0.0,0.0,0.0,0,0,5,0,0,2,0,67.032,,0
062,062070,Sant'Agata de' Goti,1941,0,1,0.0,219.0,0.0,10223.0,0.0,0.427,15.679,1,11,38,1,0,16,26,29.74,,0
062,062071,Sant'Angelo a Cupolo,1065,0,3,33.0,38.0,0.0,4029.0,0.0,0.0,0.0,0,0,5,0,0,0,2,47.936,,0
062,062072,Sassinoro,163,0,1,0.0,4.0,0.0,616.0,0.0,0.0,13.412,0,0,3,1,0,2,0,62.508,,0
062,062073,Solopaca,910,0,1,0.0,58.0,0.0,3444.0,0.0,0.0,8.398,1,1,18,3,0,5,3,40.701,,0
062,062074,Telese Terme,32287,0,3,247.0,66.0,83.4,7648.0,0.0,0.0,0.37,0,1,40,0,0,8,5,40.544,,0
062,062075,Tocco Caudio,257,0,1,24.0,18.0,0.0,1470.0,0.0,0.0,24.716,0,1,1,1,0,0,0,37.409,,0
062,062076,Torrecuso,348,0,3,84.0,73.0,85.71,3209.0,0.0,0.0,5.517,0,1,7,0,0,2,0,48.994,,0
062,062077,Vitulano,727,0,1,0.0,53.0,0.0,2749.0,0.0,0.0,24.676,0,0,11,1,1,0,0,42.897,,0
062,062078,Sant'Arcangelo Trimonte,122,0,3,0.0,0.0,0.0,461.0,0.0,0.0,0.0,0,0,3,0,0,0,0,57.863,,0
063,063001,Acerra,9934,0,5,112.0,60.0,100.0,58507.0,0.0,0.0,0.0,2,2,48,0,0,3,5,12.293,,0
063,063002,Afragola,10479,0,5,0.0,28.0,0.0,61713.0,0.0,0.0,0.0,0,3,52,0,0,7,6,5.635,,0
063,063003,Agerola,42665,0,4,283.0,1036.0,22.61,7744.0,0.0,0.0,9.48,1,4,8,18,0,10,20,31.067,,0
063,063004,Anacapri,147902,1,4,835.0,645.0,58.68,6821.0,9.72,0.0,0.08,5,8,77,9,2,18,13,37.763,,0
063,063005,Arzano,5423,0,5,58.0,0.0,0.0,31938.0,0.0,0.0,0.0,0,1,22,0,0,2,0,3.716,,0
063,063006,Bacoli,24470,0,4,287.0,242.0,27.87,25195.0,11.883,7.42,0.373,1,4,76,3,0,19,85,20.381,,0
063,063007,Barano d'Ischia,116270,1,4,965.0,232.0,40.0,10002.0,6.799,0.0,0.114,1,0,10,1,0,0,41,36.19,,0
063,063008,Boscoreale,5021,0,5,119.0,65.0,0.0,25933.0,0.0,0.0,0.272,1,0,56,0,0,4,61,21.749,,0
063,063009,Boscotrecase,1040,0,4,142.0,37.0,67.61,9860.0,0.0,0.0,5.381,0,0,10,0,0,0,30,17.8,,0
063,063010,Brusciano,2698,0,5,0.0,60.0,0.0,15891.0,0.0,0.0,0.0,0,1,27,0,0,4,6,12.202,,0
063,063046,Meta,156928,0,4,422.0,1317.0,100.0,7781.0,1.332,0.0,0.968,0,0,10,1,0,0,25,29.311,,0
063,063047,Monte di Procida,4613,0,4,0.0,80.0,0.0,11861.0,4.173,0.09,0.0,0,2,26,1,0,1,9,22.149,,0
063,063048,Mugnano di Napoli,5955,0,5,19.0,0.0,0.0,35069.0,0.0,0.0,0.0,0,0,27,0,0,1,61,7.193,,0
063,063049,Napoli,3862329,0,4,13264.0,8685.0,64.3,913704.0,17.859,0.411,1.117,79,183,874,2,3,289,1363,5.188,Historic Centre of Naples,1
063,063050,Nola,92839,0,5,927.0,43.0,93.74,33843.0,0.0,0.0,0.0,4,2,64,0,0,15,12,19.2,,0
063,063051,Ottaviano,9658,0,4,109.0,8.0,100.0,23325.0,0.0,0.0,10.077,1,2,16,4,0,0,5,16.52,,0
063,063052,Palma Campania,2760,0,5,78.0,20.0,100.0,16254.0,0.0,0.008,0.0,0,1,46,2,0,1,0,22.787,,0
063,063053,Piano di Sorrento,180396,0,4,721.0,1786.0,56.45,12288.0,5.12,0.0,0.808,1,3,27,5,0,9,46,31.096,,0
063,063054,Pimonte,28992,0,4,239.0,19.0,76.57,5868.0,0.0,0.0,8.022,0,2,5,5,0,0,7,30.889,,0
063,063055,Poggiomarino,3805,0,5,38.0,0.0,0.0,22408.0,0.0,0.0,0.0,0,0,25,0,0,0,4,23.461,,0
063,063056,Pollena Trocchia,411,0,4,21.0,11.0,0.0,12723.0,0.0,0.0,2.765,0,2,20,0,0,6,5,8.556,,0
063,063057,Pomigliano d'Arco,3218,0,5,93.0,0.0,47.31,39803.0,0.0,0.0,0.0,0,3,72,0,2,47,40,8.658,,0
063,063058,Pompei,230015,0,5,1400.0,1750.0,52.5,23800.0,0.0,0.0,0.0,2,19,35,7,1,7,31,23.116,"Archaeological Areas of Pompei, Herculaneum and Torre Annunziata",1
063,063059,Portici,22626,0,4,222.0,351.0,77.48,51901.0,2.315,0.0,0.0,0,3,28,0,0,3,49,8.49,,0
063,063060,Pozzuoli,186366,0,4,1501.0,2332.0,50.03,76255.0,9.991,4.12,3.303,1,5,286,7,0,62,383,16.207,,0
063,063061,Procida,58467,1,4,447.0,1190.0,33.56,10040.0,11.903,0.0,0.72,0,0,20,1,0,2,34,27.479,,0
063,063062,Qualiano,34235,0,5,382.0,0.0,32.72,24651.0,0.0,0.0,0.0,0,0,29,0,0,23,23,13.815,,0
063,063063,Quarto,7018,0,5,0.0,12.0,0.0,41330.0,0.0,0.0,0.0,0,2,106,0,0,6,77,13.492,,0
063,063064,Ercolano,46403,0,4,502.0,303.0,56.18,49790.0,2.04,0.0,15.209,5,13,32,3,0,15,78,10.537,,0
063,063065,Roccarainola,1116,0,3,0.0,6.0,0.0,6573.0,0.0,0.0,18.632,0,0,5,5,0,1,3,24.456,,0
063,063066,San Gennaro Vesuviano,2056,0,5,0.0,0.0,0.0,12111.0,0.0,0.0,0.0,0,0,8,0,0,1,3,20.208,,0
063,063067,San Giorgio a Cremano,2212,0,4,0.0,19.0,0.0,42096.0,0.0,0.0,0.0,0,3,37,0,0,0,10,6.949,,0
063,063068,San Giuseppe Vesuviano,5162,0,4,0.0,12.0,0.0,30400.0,0.0,0.0,3.066,0,0,63,3,0,6,4,19.105,,0
063,063069,San Paolo Bel Sito,26193,0,5,92.0,39.0,100.0,3371.0,0.0,0.0,0.0,0,0,5,0,0,0,0,22.253,,0
063,063070,San Sebastiano al Vesuvio,1466,0,4,0.0,38.0,0.0,8633.0,0.0,0.0,0.9,0,0,37,1,1,2,1,8.154,,0
063,063071,Sant'Agnello,496327,0,4,2620.0,1315.0,92.21,8593.0,2.985,0.0,0.185,0,0,35,2,0,6,26,30.939,,0
063,063072,Sant'Anastasia,621,0,4,66.0,23.0,0.0,26202.0,0.0,0.0,5.532,0,2,53,2,0,21,113,9.351,,0
063,063073,Sant'Antimo,5503,0,5,0.0,6.0,0.0,32409.0,0.0,0.0,0.0,0,1,18,0,0,1,3,8.121,,0
063,063074,Sant'Antonio Abate,15444,0,4,82.0,32.0,100.0,18963.0,0.0,0.0,0.0,0,0,14,0,0,2,0,27.631,,0
063,063075,San Vitaliano,1119,0,5,223.0,0.0,94.62,6590.0,0.0,0.0,0.0,0,0,4,0,0,10,3,17.136,,0
063,063076,Saviano,2705,0,5,0.0,6.0,0.0,15929.0,0.0,0.0,0.0,0,0,57,0,0,0,3,18.123,,0
063,063077,Scisciano,1056,0,5,0.0,10.0,0.0,6221.0,0.0,0.0,0.0,0,0,41,0,0,0,5,16.261,,0
063,063078,Serrara Fontana,124761,1,4,1412.0,287.0,39.09,3077.0,1.043,0.0,0.002,0,1,17,2,0,3,51,38.399,,0
063,063079,Somma Vesuviana,3381,0,4,21.0,19.0,100.0,33557.0,0.0,0.0,11.864,1,1,109,1,0,18,5,13.132,,0
063,063080,Sorrento,2847463,0,4,10611.0,7882.0,79.34,15302.0,6.373,0.0,0.152,3,15,96,11,1,28,94,30.593,,0
063,063081,Striano,1533,0,5,0.0,0.0,0.0,9028.0,0.0,0.0,0.0,0,0,11,0,0,2,3,24.995,,0
063,063082,Terzigno,23231,0,4,89.0,56.0,73.03,17298.0,0.0,0.0,17.065,1,0,59,2,0,1,7,18.535,,0
063,063083,Torre Annunziata,3527,0,5,25.0,110.0,0.0,40036.0,3.508,0.0,0.0,1,2,48,0,1,24,100,20.709,,0
063,063084,Torre del Greco,119421,0,4,586.0,204.0,70.31,80069.0,6.936,0.251,16.919,0,1,90,3,3,11,198,14.446,,0
063,063085,Tufino,572,0,3,60.0,0.0,100.0,3367.0,0.0,0.0,0.0,0,0,1,0,0,1,0,24.942,,0
063,063086,Vico Equense,264889,0,4,1446.0,1837.0,82.23,20263.0,6.564,0.0,8.806,2,5,39,13,0,8,36,29.302,,0
063,063087,Villaricca,12880,0,5,273.0,0.0,0.0,31482.0,0.0,0.0,0.0,0,1,51,0,0,4,48,11.665,,0
063,063088,Visciano,703,0,3,0.0,75.0,0.0,4140.0,0.0,0.0,0.0,0,0,5,1,0,0,0,27.173,,0
063,063089,Volla,25591,0,4,165.0,19.0,100.0,25664.0,0.0,0.0,0.0,0,0,50,0,0,5,0,4.732,,0
063,063090,Santa Maria la Carità,1992,0,4,38.0,6.0,0.0,11731.0,0.0,0.0,0.0,0,0,6,0,0,1,0,26.199,,0
063,063091,Trecase,8206,0,4,90.0,20.0,33.33,8501.0,0.0,0.0,2.73,0,0,25,0,0,0,18,17.269,,0
063,063092,Massa di Somma,846,0,4,0.0,0.0,0.0,4985.0,0.0,0.0,2.097,0,0,2,0,0,1,0,9.678,,0
064,064001,Aiello del Sabato,304,0,3,25.0,6.0,100.0,3995.0,0.0,0.0,0.0,0,0,3,1,0,0,0,30.321,,0
064,064002,Altavilla Irpina,294,0,3,0.0,0.0,0.0,3873.0,0.0,0.0,0.0,1,1,16,0,0,0,3,43.834,,0
064,064003,Andretta,127,0,1,0.0,6.0,0.0,1666.0,0.0,0.0,0.0,1,3,8,0,0,4,0,50.535,,0
064,064004,Aquilonia,109,0,1,39.0,0.0,0.0,1435.0,0.0,0.0,0.0,0,0,4,1,0,0,1,50.741,,0
064,064005,Ariano Irpino,30842,0,1,277.0,243.0,35.74,20889.0,0.0,0.0,0.0,0,2,20,1,0,3,4,46.228,,0
064,064006,Atripalda,25288,0,3,140.0,5.0,0.0,10344.0,0.0,0.0,0.0,1,0,7,0,0,1,1,33.369,,0
064,064007,Avella,1810,0,3,0.0,40.0,0.0,7486.0,0.0,0.0,18.974,1,3,10,5,0,1,0,29.289,,0
064,064008,Avellino,57148,0,3,235.0,119.0,100.0,52121.0,0.0,0.0,0.0,3,25,67,0,0,3,26,34.506,,0
064,064009,Bagnoli Irpino,1828,0,1,608.0,119.0,63.65,3026.0,0.0,0.0,61.397,1,2,31,11,1,8,2,26.44,,0
064,064010,Baiano,333,0,3,0.0,8.0,0.0,4386.0,0.0,0.0,1.956,0,0,3,5,0,1,3,29.522,,0
064,064011,Bisaccia,417,0,1,46.0,47.0,0.0,3532.0,0.0,0.0,0.0,1,1,2,3,0,3,0,49.462,,0
064,064012,Bonito,168,0,3,0.0,8.0,0.0,2216.0,0.0,0.0,0.0,0,1,3,0,0,0,0,52.826,,0
064,064013,Cairano,22,0,1,0.0,34.0,0.0,286.0,0.0,0.0,0.0,0,1,2,0,0,0,1,49.913,,0
064,064014,Calabritto,163,0,1,0.0,54.0,0.0,2144.0,0.0,0.0,40.932,0,1,5,2,0,0,0,29.589,,0
064,064015,Calitri,3088,0,1,54.0,48.0,0.0,4188.0,0.0,0.0,0.0,0,1,5,1,0,3,2,56.853,,0
064,064016,Candida,84,0,3,0.0,4.0,0.0,1103.0,0.0,0.0,0.0,0,0,4,0,0,0,1,36.679,,0
064,064017,Caposele,5623,0,1,339.0,22.0,0.0,3234.0,0.0,0.0,8.264,1,0,4,2,0,2,1,35.774,,0
064,064018,Capriglia Irpina,168,0,3,34.0,20.0,0.0,2216.0,0.0,0.0,0.0,0,0,0,0,0,0,0,39.283,,0
064,064019,Carife,96,0,3,0.0,0.0,0.0,1264.0,0.0,0.0,0.024,0,0,3,0,0,0,0,51.514,,0
064,064020,Casalbore,113,0,1,0.0,35.0,0.0,1554.0,0.0,0.0,0.0,0,3,3,1,0,0,0,48.517,,0
064,064021,Cassano Irpino,932,0,3,0.0,40.0,0.0,955.0,0.0,0.0,0.0,0,1,2,0,0,1,0,30.691,,0
064,064022,Castel Baronia,80,0,3,0.0,0.0,0.0,1050.0,0.0,0.0,0.0,0,0,2,0,0,0,0,52.676,,0
064,064023,Castelfranci,132,0,3,0.0,24.0,0.0,1741.0,0.0,0.0,0.0,0,0,0,0,0,1,0,35.975,,0
064,064024,Castelvetere sul Calore,113,0,3,0.0,58.0,0.0,1481.0,0.0,0.0,1.53,0,1,0,0,0,0,1,35.455,,0
064,064025,Cervinara,658,0,3,0.0,6.0,0.0,8648.0,0.0,0.0,12.949,0,6,8,7,0,2,3,31.927,,0
064,064026,Cesinali,194,0,3,0.0,10.0,0.0,2555.0,0.0,0.0,0.0,0,0,1,0,0,1,0,31.56,,0
064,064027,Chianche,35,0,3,0.0,0.0,0.0,464.0,0.0,0.0,0.0,0,1,1,0,0,0,3,45.581,,0
064,064028,Chiusano di San Domenico,158,0,1,0.0,0.0,0.0,2073.0,0.0,0.0,12.502,0,1,2,2,0,0,0,34.908,,0
064,064029,Contrada,222,0,3,0.0,41.0,0.0,2917.0,0.0,0.0,0.0,0,0,4,1,0,0,0,30.062,,0
064,064030,Conza della Campania,96,0,1,0.0,19.0,0.0,1266.0,0.0,0.254,0.133,1,1,4,2,0,0,2,44.685,,0
064,064031,Domicella,139,0,3,0.0,0.0,0.0,1830.0,0.0,0.0,0.0,0,0,3,0,0,0,0,25.448,,0
064,064032,Flumeri,3996,0,3,25.0,95.0,0.0,2487.0,0.0,0.0,0.0,0,1,3,0,0,1,0,51.376,,0
064,064033,Fontanarosa,452,0,3,0.0,32.0,0.0,2867.0,0.0,0.0,0.0,1,0,6,0,0,1,0,45.033,,0
064,064034,Forino,397,0,1,0.0,54.0,0.0,5219.0,0.0,0.0,0.0,0,1,2,0,0,0,0,30.596,,0
064,064035,Frigento,260,0,3,0.0,52.0,0.0,3424.0,0.0,0.0,0.224,0,0,5,0,0,1,0,47.398,,0
064,064036,Gesualdo,438,0,3,0.0,34.0,0.0,3207.0,0.0,0.0,0.0,0,1,2,0,0,0,0,45.287,,0
064,064037,Greci,44,0,1,0.0,0.0,0.0,584.0,0.0,0.264,0.0,0,0,2,0,0,0,0,35.964,,0
064,064038,Grottaminarda,6264,0,3,113.0,49.0,20.35,7638.0,0.0,0.0,0.0,0,1,17,1,0,0,0,51.383,,0
064,064039,Grottolella,139,0,3,0.0,10.0,0.0,1823.0,0.0,0.0,0.0,0,2,2,0,0,0,0,40.697,,0
064,064040,Guardia Lombardi,114,0,1,0.0,71.0,0.0,1501.0,0.0,0.0,0.0,0,0,4,0,0,0,0,48.279,,0
064,064041,Lacedonia,154,0,1,0.0,15.0,0.0,2032.0,0.0,0.0,0.002,2,1,3,0,0,0,0,43.0,,0
064,064042,Lapio,109,0,3,0.0,15.0,0.0,1439.0,0.0,0.0,0.0,0,2,2,0,0,0,1,40.17,,0
064,064043,Lauro,250,0,3,0.0,6.0,0.0,3288.0,0.0,0.0,0.0,1,1,5,0,0,0,0,27.764,,0
064,064044,Lioni,1676,0,1,25.0,59.0,0.0,5924.0,0.0,0.0,7.817,0,0,5,1,0,1,3,35.808,,0
064,064045,Luogosano,81,0,3,0.0,14.0,0.0,1068.0,0.0,0.0,0.0,0,0,5,0,0,2,1,41.401,,0
064,064046,Manocalzati,29867,0,3,106.0,14.0,0.0,3029.0,0.0,0.0,0.0,0,1,2,0,0,0,0,36.697,,0
064,064047,Marzano di Nola,124,0,3,0.0,0.0,0.0,1632.0,0.0,0.0,0.0,0,0,2,0,0,0,0,24.83,,0
064,064048,Melito Irpino,135,0,3,0.0,4.0,0.0,1780.0,0.0,0.0,0.0,0,0,7,0,0,0,0,55.506,,0
064,064049,Mercogliano,19350,0,1,357.0,53.0,88.8,11568.0,0.0,0.0,8.165,1,3,11,13,0,2,7,37.078,,0
064,064050,Mirabella Eclano,4829,0,3,177.0,78.0,36.16,6694.0,0.0,0.385,0.0,1,1,10,0,0,1,0,48.676,,0
064,064051,Montaguto,26,0,1,24.0,10.0,0.0,338.0,0.0,0.0,0.0,0,0,6,1,0,2,2,32.116,,0
064,064052,Montecalvo Irpino,299,0,1,0.0,54.0,0.0,3287.0,0.0,0.0,0.0,1,3,0,1,0,0,1,49.926,,0
064,064053,Montefalcione,233,0,3,0.0,16.0,0.0,3060.0,0.0,0.0,0.0,0,2,2,0,0,0,2,39.054,,0
064,064054,Monteforte Irpino,25333,0,1,94.0,12.0,100.0,11429.0,0.0,0.0,7.729,0,1,6,2,0,0,0,35.204,,0
064,064055,Montefredane,162,0,3,0.0,22.0,0.0,2132.0,0.0,0.0,0.0,0,1,3,0,0,0,1,38.905,,0
064,064056,Montefusco,462,0,3,0.0,74.0,0.0,1192.0,0.0,0.0,0.0,0,3,0,0,0,0,0,46.567,,0
064,064057,Montella,3393,0,1,54.0,90.0,0.0,7285.0,0.0,0.275,59.317,1,4,6,8,0,3,4,25.104,,0
064,064058,Montemarano,198,0,3,23.0,64.0,0.0,2604.0,0.0,0.0,2.046,0,0,8,1,0,2,2,33.792,,0
064,064059,Montemiletto,200,0,3,0.0,35.0,0.0,5058.0,0.0,0.0,0.0,0,2,3,0,0,0,1,43.029,,0
064,064060,Monteverde,53,0,1,24.0,15.0,0.0,698.0,0.0,0.0,0.0,0,1,2,0,0,0,0,46.833,,0
064,064063,Morra De Sanctis,85,0,1,25.0,14.0,0.0,1114.0,0.0,0.6,0.0,2,9,6,0,0,2,1,45.105,,0
064,064064,Moschiano,120,0,1,0.0,0.0,0.0,1573.0,0.0,0.0,0.0,0,0,0,0,0,0,0,32.801,,0
064,064065,Mugnano del Cardinale,393,0,1,0.0,6.0,0.0,5169.0,0.0,0.0,2.138,0,1,1,4,0,1,0,32.233,,0
064,064066,Nusco,5051,0,1,73.0,40.0,0.0,3829.0,0.0,0.0,6.916,0,1,3,2,0,1,2,33.691,,0
064,064067,Ospedaletto d'Alpinolo,9363,0,1,102.0,24.0,0.0,1986.0,0.0,0.0,2.435,0,0,5,2,0,0,0,38.396,,0
064,064068,Pago del Vallo di Lauro,129,0,3,0.0,6.0,0.0,1703.0,0.0,0.0,0.0,0,0,1,0,0,0,0,26.932,,0
064,064069,Parolise,48,0,3,0.0,0.0,0.0,629.0,0.0,0.0,0.0,0,0,0,0,0,0,0,35.057,,0
064,064070,Paternopoli,626,0,3,0.0,41.0,0.0,2110.0,0.0,0.0,0.0,0,0,5,0,0,1,1,40.14,,0
064,064071,Petruro Irpino,22,0,3,0.0,0.0,0.0,295.0,0.0,0.0,0.0,0,0,1,0,0,0,1,45.625,,0
064,064072,Pietradefusi,146,0,3,60.0,0.0,0.0,1918.0,0.0,0.0,0.0,0,2,3,0,0,1,0,47.994,,0
064,064073,Pietrastornina,108,0,1,25.0,45.0,0.0,1424.0,0.0,0.0,10.177,0,1,5,2,0,2,0,39.145,,0
064,064074,Prata di Principato Ultra,204,0,3,0.0,0.0,0.0,2679.0,0.0,0.0,0.0,0,0,9,0,0,0,3,42.051,,0
064,064075,Pratola Serra,273,0,3,0.0,11.0,0.0,3588.0,0.0,0.0,0.0,0,1,3,0,0,3,0,40.599,,0
064,064076,Quadrelle,142,0,1,0.0,4.0,0.0,1865.0,0.0,0.0,4.655,0,1,2,5,0,0,0,33.191,,0
064,064077,Quindici,134,0,1,0.0,0.0,0.0,1767.0,0.0,0.0,0.0,0,0,1,0,0,0,0,31.25,,0
064,064078,Roccabascerana,179,0,1,0.0,26.0,0.0,2350.0,0.0,0.0,0.0,0,0,4,0,0,5,0,39.63,,0
064,064079,Rocca San Felice,233,0,1,0.0,40.0,0.0,772.0,0.0,0.0,0.013,0,1,1,0,0,0,0,44.253,,0
064,064080,Rotondi,1890,0,3,19.0,12.0,0.0,3410.0,0.0,0.0,2.767,0,2,5,1,0,2,2,30.501,,0
064,064081,Salza Irpina,56,0,1,0.0,12.0,0.0,731.0,0.0,0.0,0.534,0,0,2,0,0,0,1,32.938,,0
064,064082,San Mango sul Calore,84,0,3,0.0,22.0,0.0,1106.0,0.0,0.0,0.0,0,1,2,0,0,0,1,38.775,,0
064,064083,San Martino Valle Caudina,365,0,1,0.0,4.0,0.0,4796.0,0.0,0.0,8.186,0,4,4,3,0,0,2,35.976,,0
064,064084,San Michele di Serino,183,0,3,0.0,0.0,0.0,2409.0,0.0,0.0,0.0,0,0,3,0,0,0,2,29.358,,0
064,064085,San Nicola Baronia,58,0,1,0.0,3.0,0.0,768.0,0.0,0.0,0.0,0,0,3,0,0,0,0,49.919,,0
064,064086,San Potito Ultra,652,0,3,0.0,30.0,0.0,1476.0,0.0,0.0,0.0,0,0,3,0,0,0,0,34.705,,0
064,064087,San Sossio Baronia,113,0,1,0.0,0.0,0.0,1481.0,0.0,0.0,0.0,0,0,2,0,0,0,0,46.437,,0
064,064088,Santa Lucia di Serino,103,0,3,27.0,16.0,0.0,1359.0,0.0,0.0,1.023,1,1,0,2,0,0,0,28.664,,0
064,064089,Sant'Andrea di Conza,107,0,1,0.0,4.0,0.0,1402.0,0.0,0.0,0.0,0,0,4,0,0,1,0,46.782,,0
064,064090,Sant'Angelo all'Esca,55,0,3,0.0,7.0,0.0,717.0,0.0,0.0,0.0,0,0,1,0,0,0,0,43.976,,0
064,064091,Sant'Angelo a Scala,53,0,1,0.0,4.0,0.0,697.0,0.0,0.0,5.227,0,0,5,3,0,0,0,39.532,,0
064,064092,Sant'Angelo dei Lombardi,287,0,1,20.0,32.0,0.0,3777.0,0.0,0.0,0.0,0,0,9,0,0,0,0,40.895,,0
064,064093,Santa Paolina,88,0,3,0.0,6.0,0.0,1158.0,0.0,0.0,0.0,0,0,2,0,0,0,0,44.623,,0
064,064095,Santo Stefano del Sole,1112,0,3,0.0,38.0,0.0,2052.0,0.0,0.0,3.851,0,0,2,1,0,0,0,30.499,,0
064,064096,Savignano Irpino,374,0,1,0.0,39.0,0.0,1028.0,0.0,0.0,0.0,0,1,5,0,0,0,5,36.688,,0
064,064097,Scampitella,77,0,1,0.0,0.0,0.0,1015.0,0.0,0.0,0.0,0,0,2,0,0,0,1,42.747,,0
064,064098,Senerchia,55,0,1,0.0,5.0,0.0,718.0,0.0,0.0,23.51,0,1,2,4,0,0,0,27.36,,0
064,064099,Serino,337,0,1,122.0,79.0,88.52,6753.0,0.0,0.0,40.152,0,3,2,6,0,0,4,24.131,,0
064,064100,Sirignano,216,0,3,0.0,0.0,0.0,2842.0,0.0,0.0,4.727,0,0,1,1,0,0,0,31.729,,0
064,064101,Solofra,32306,0,1,40.0,16.0,100.0,12021.0,0.0,0.0,11.614,0,2,6,2,0,8,6,23.891,,0
064,064102,Sorbo Serpico,40,0,1,0.0,34.0,0.0,525.0,0.0,0.0,3.72,0,0,1,1,0,0,0,31.941,,0
064,064103,Sperone,273,0,3,0.0,0.0,0.0,3596.0,0.0,0.0,1.155,0,0,3,1,0,0,1,28.817,,0
064,064104,Sturno,210,0,3,29.0,14.0,0.0,2756.0,0.0,0.0,0.016,2,0,12,0,0,1,0,49.125,,0
064,064105,Summonte,113,0,1,20.0,32.0,0.0,1487.0,0.0,0.0,7.177,0,0,3,6,0,0,1,38.073,,0
064,064106,Taurano,111,0,1,0.0,6.0,0.0,1463.0,0.0,0.0,0.0,0,0,3,0,0,0,0,30.23,,0
064,064107,Taurasi,161,0,3,0.0,13.0,0.0,2122.0,0.0,0.0,0.0,0,3,8,0,0,0,0,44.47,,0
064,064108,Teora,111,0,1,0.0,58.0,0.0,1462.0,0.0,0.0,0.0,0,0,7,0,0,0,0,39.444,,0
064,064109,Torella dei Lombardi,1773,0,3,16.0,26.0,0.0,1959.0,0.0,0.0,0.0,0,1,8,0,0,2,0,39.141,,0
064,064110,Torre Le Nocelle,332,0,3,0.0,37.0,0.0,1222.0,0.0,0.0,0.0,0,0,2,0,0,0,0,45.931,,0
064,064111,Torrioni,36,0,3,0.0,12.0,0.0,474.0,0.0,0.0,0.0,0,0,5,0,0,0,0,46.404,,0
064,064112,Trevico,63,0,1,0.0,30.0,0.0,826.0,0.0,0.0,0.0,0,0,4,0,0,0,0,49.129,,0
064,064113,Tufo,59,0,3,0.0,6.0,0.0,779.0,0.0,0.0,0.0,0,3,3,0,0,2,2,44.447,,0
064,064114,Vallata,189,0,1,0.0,32.0,0.0,2487.0,0.0,0.419,0.0,0,8,12,0,0,0,0,49.265,,0
064,064115,Vallesaccarda,93,0,1,22.0,0.0,0.0,1223.0,0.0,0.0,0.0,0,0,5,0,0,1,0,45.748,,0
064,064116,Venticano,13255,0,3,60.0,65.0,0.0,2282.0,0.0,0.627,0.0,0,0,3,0,0,0,0,49.208,,0
064,064117,Villamaina,832,0,3,80.0,60.0,72.5,892.0,0.0,0.0,0.0,0,2,7,1,0,0,1,42.343,,0
064,064118,Villanova del Battista,112,0,3,0.0,19.0,0.0,1468.0,0.0,0.0,0.0,0,0,2,0,0,0,0,47.638,,0
064,064119,Volturara Irpina,222,0,1,24.0,0.0,0.0,2922.0,0.0,0.0,31.953,0,0,2,6,0,0,0,27.725,,0
064,064120,Zungoli,71,0,1,25.0,43.0,0.0,935.0,0.0,0.0,0.0,0,1,2,0,0,3,0,43.665,,0
064,064121,Montoro,229,0,3,37.0,36.0,0.0,19381.0,0.0,0.0,9.432,0,7,36,3,0,6,20,25.193,,0
065,065001,Acerno,16,0,1,0.0,42.0,0.0,2517.0,0.0,0.0,72.139,0,1,4,13,0,1,0,19.105,,0
065,065002,Agropoli,79005,0,4,772.0,1486.0,4.66,21378.0,7.142,0.0,5.884,2,2,36,1,0,8,13,30.89,,0
065,065003,Albanella,2515,0,3,40.0,107.0,0.0,6305.0,0.0,0.0,1.283,2,0,16,0,0,6,1,21.194,,0
065,065004,Alfano,6,0,3,0.0,10.0,0.0,931.0,0.0,0.0,0.009,0,0,0,0,0,0,0,66.08,,0
065,065005,Altavilla Silentina,40426,0,3,147.0,144.0,100.0,7010.0,0.0,0.0,3.948,0,1,21,0,0,1,0,20.712,,0
065,065006,Amalfi,338699,0,4,1896.0,949.0,66.93,4626.0,1.913,0.0,5.774,6,4,8,4,0,7,20,27.651,,0
065,065007,Angri,5586,0,5,43.0,49.0,0.0,34095.0,0.0,0.0,1.692,0,1,11,3,0,13,4,28.456,,0
065,065008,Aquara,8,0,3,0.0,110.0,0.0,1298.0,0.0,0.0,16.984,0,1,5,0,0,0,0,34.653,,0
065,065009,Ascea,234409,0,4,1841.0,4086.0,44.38,5777.0,5.271,0.0,37.508,2,2,51,1,0,5,5,56.769,,0
065,065010,Atena Lucana,47880,0,3,493.0,31.0,72.01,2362.0,0.0,0.0,1.829,1,0,8,0,0,0,3,57.466,,0
065,065011,Atrani,17584,0,4,86.0,269.0,100.0,792.0,0.406,0.0,0.111,1,0,1,0,0,1,2,25.623,,0
065,065012,Auletta,13,0,3,22.0,37.0,0.0,2149.0,0.0,0.0,4.404,0,1,2,0,0,1,1,44.051,,0
065,065013,Baronissi,26228,0,3,164.0,88.0,100.0,16894.0,0.0,0.0,6.727,0,1,15,4,0,2,27,17.521,,0
065,065014,Battipaglia,228757,0,5,1660.0,2078.0,20.24,49496.0,3.417,0.0,0.0,1,3,58,6,1,12,24,4.745,,0
065,065015,Bellosguardo,4,0,3,0.0,45.0,0.0,678.0,0.0,0.0,16.394,0,0,4,0,0,0,0,40.358,,0
065,065016,Bracigliano,33,0,3,25.0,6.0,0.0,5301.0,0.0,0.0,0.0,1,0,4,0,0,0,0,28.828,,0
065,065017,Buccino,4192,0,3,115.0,54.0,100.0,4516.0,0.0,0.0,0.911,1,3,8,0,0,0,6,38.514,,0
065,065018,Buonabitacolo,15,0,3,0.0,65.0,0.0,2430.0,0.0,0.0,9.167,0,0,6,1,0,0,0,71.321,,0
065,065019,Caggiano,246,0,3,35.0,46.0,42.86,2500.0,0.0,0.0,0.0,1,1,5,0,0,0,0,50.189,,0
065,065020,Calvanico,9,0,3,23.0,24.0,0.0,1395.0,0.0,0.0,13.029,0,1,4,3,0,0,4,18.786,,0
065,065021,Camerota,494568,0,4,3730.0,8540.0,48.53,6836.0,17.668,0.0,70.882,1,3,35,19,0,16,2,76.017,,0
065,065022,Campagna,189,0,3,227.0,183.0,40.53,16834.0,0.0,13.155,71.739,2,1,23,7,0,12,42,19.161,,0
065,065023,Campora,2,0,1,0.0,0.0,0.0,318.0,0.0,0.0,29.655,0,0,2,3,0,0,1,49.559,,0
065,065024,Cannalonga,6,0,1,0.0,0.0,0.0,936.0,0.0,0.0,17.441,0,0,2,1,0,1,1,53.943,,0
065,065025,Capaccio Paestum,475053,0,5,3377.0,10226.0,47.82,22390.0,12.756,0.0,19.231,3,4,86,24,0,13,14,21.8,,0
065,065026,Casalbuono,6,0,3,0.0,51.0,0.0,1025.0,0.0,0.0,2.851,0,1,6,0,2,1,2,80.417,,0
065,065027,Casaletto Spartano,8,0,1,20.0,22.0,0.0,1262.0,0.0,0.0,52.538,0,1,4,1,0,3,0,80.382,,0
065,065028,Casal Velino,56152,0,4,1170.0,745.0,15.81,5358.0,5.291,0.0,15.823,0,1,23,1,0,16,6,49.589,,0
065,065029,Caselle in Pittari,12,0,1,8.0,36.0,0.0,1873.0,0.0,1.475,32.233,1,0,3,1,0,4,1,71.953,,0
065,065030,Castelcivita,9,0,1,0.0,70.0,0.0,1404.0,0.0,0.0,34.945,0,0,2,2,0,1,0,30.328,,0
065,065031,Castellabate,202386,0,4,1937.0,4230.0,60.51,8676.0,15.357,0.0,36.547,1,5,55,8,0,18,6,37.863,,0
065,065032,Castelnuovo Cilento,926,0,3,32.0,165.0,0.0,2829.0,0.0,0.0,3.257,0,1,11,0,0,0,0,50.633,,0
065,065033,Castelnuovo di Conza,3,0,1,0.0,18.0,0.0,563.0,0.0,0.0,0.0,0,1,4,0,0,0,0,40.961,,0
065,065034,Castel San Giorgio,12871,0,5,66.0,17.0,72.73,13723.0,0.0,0.0,0.0,0,2,6,0,0,2,8,26.295,,0
065,065035,Castel San Lorenzo,154,0,3,0.0,53.0,0.0,2201.0,0.0,0.0,2.526,0,0,7,0,0,0,0,34.196,,0
065,065036,Castiglione del Genovesi,8,0,3,0.0,3.0,0.0,1285.0,0.0,0.0,10.406,0,0,1,1,0,0,0,13.541,,0
065,065037,Cava de' Tirreni,85233,0,4,351.0,373.0,100.0,50223.0,0.0,0.0,5.847,0,2,32,10,0,31,29,20.15,,0
065,065038,Celle di Bulgheria,11,0,3,0.0,38.0,0.0,1708.0,0.0,0.0,31.262,0,0,5,10,0,7,9,70.731,,0
065,065039,Centola,238610,0,4,2858.0,4600.0,45.0,4961.0,11.395,0.0,47.216,2,3,20,11,0,4,8,69.287,,0
065,065040,Ceraso,5119,0,3,48.0,68.0,0.0,2214.0,0.0,0.0,28.71,0,0,2,0,0,0,0,55.861,,0
065,065041,Cetara,20030,0,4,99.0,157.0,100.0,1941.0,1.52,0.0,4.697,0,1,1,3,0,6,1,18.84,,0
065,065042,Cicerale,7,0,3,0.0,161.0,0.0,1176.0,0.0,0.0,9.584,0,1,5,1,0,0,0,34.35,,0
065,065043,Colliano,21,0,1,48.0,0.0,0.0,3405.0,0.0,0.0,8.311,0,1,6,0,0,2,0,35.525,,0
065,065044,Conca dei Marini,40718,0,4,271.0,133.0,80.07,646.0,1.866,0.0,0.959,0,0,10,1,0,1,13,29.032,,0
065,065045,Controne,5,0,3,0.0,16.0,0.0,759.0,0.0,0.0,4.226,0,0,2,0,0,0,0,27.205,,0
065,065046,Contursi Terme,78317,0,3,543.0,83.0,57.83,3164.0,0.0,0.0,1.337,0,1,9,1,0,0,3,28.441,,0
065,065047,Corbara,19685,0,4,68.0,38.0,0.0,2481.0,0.0,0.0,3.844,0,0,1,5,0,0,0,28.745,,0
065,065048,Corleto Monforte,3,0,1,0.0,86.0,0.0,493.0,0.0,0.0,59.098,2,0,5,5,0,0,0,45.845,,0
065,065049,Cuccaro Vetere,3,0,1,0.0,17.0,0.0,521.0,0.0,0.0,15.536,0,0,3,1,0,0,0,59.985,,0
065,065050,Eboli,19455,0,5,322.0,1741.0,40.68,37581.0,7.354,0.0,7.122,2,3,44,4,0,25,23,10.287,,0
065,065051,Felitto,134,0,3,0.0,77.0,0.0,1156.0,0.0,0.0,41.138,0,2,3,1,0,4,0,38.94,,0
065,065052,Fisciano,35896,0,3,47.0,195.0,0.0,14110.0,0.0,0.0,15.533,0,6,44,3,0,14,55,19.6,,0
065,065053,Furore,42163,0,4,208.0,371.0,41.35,680.0,2.077,0.0,1.694,0,1,16,1,0,2,13,30.558,,0
065,065054,Futani,499,0,1,0.0,40.0,0.0,1069.0,0.0,0.0,10.613,0,0,2,1,0,2,1,61.931,,0
065,065055,Giffoni Sei Casali,31,0,1,0.0,81.0,0.0,4942.0,0.0,0.0,27.696,0,2,15,1,0,2,0,13.729,,0
065,065056,Giffoni Valle Piana,1070,0,1,14.0,175.0,0.0,11515.0,0.0,0.168,67.474,0,1,17,18,0,0,4,14.476,,0
065,065057,Gioi,7,0,3,0.0,55.0,0.0,1077.0,0.0,0.0,21.8,0,0,2,1,0,0,0,46.613,"Cilento and Vallo di Diano National Park with the Archeological Sites of Paestum and Velia, and the Certosa di Padula",1
065,065058,Giungano,2114,0,3,0.0,53.0,0.0,1301.0,0.0,0.0,0.998,0,0,10,0,0,0,0,29.878,,0
065,065059,Ispani,13308,0,4,80.0,641.0,0.0,961.0,2.746,0.0,0.0,0,0,10,2,0,0,0,80.722,,0
065,065060,Laureana Cilento,507,0,3,19.0,132.0,0.0,1241.0,0.0,0.0,5.561,0,2,2,0,0,0,0,35.886,,0
065,065061,Laurino,8,0,1,13.0,19.0,0.0,1244.0,0.0,0.0,69.97,0,0,4,1,0,1,3,49.775,,0
065,065062,Laurito,4,0,1,0.0,16.0,0.0,698.0,0.0,0.0,11.117,0,0,3,2,0,1,0,65.241,,0
065,065063,Laviano,573,0,1,0.0,24.0,0.0,1309.0,0.0,0.0,23.654,0,1,4,2,0,0,0,40.017,,0
065,065064,Lustra,6,0,3,0.0,36.0,0.0,1007.0,0.0,0.0,3.289,1,1,5,0,0,2,0,40.344,,0
065,065065,Magliano Vetere,3,0,3,0.0,6.0,0.0,563.0,0.0,0.0,23.614,1,0,1,2,0,1,0,40.892,,0
065,065066,Maiori,344103,0,4,1660.0,1002.0,65.66,5311.0,8.081,0.0,16.182,0,1,17,8,0,4,7,21.387,,0
065,065067,Mercato San Severino,219,0,3,454.0,50.0,69.16,21508.0,0.0,0.0,0.0,0,11,62,1,0,10,60,23.1,,0
065,065068,Minori,112301,0,4,435.0,342.0,77.24,2590.0,0.951,0.0,3.043,1,2,5,4,0,2,4,24.48,,0
065,065069,Moio della Civitella,105,0,3,0.0,38.0,0.0,1813.0,0.0,0.0,12.499,1,0,5,0,0,0,0,50.671,,0
065,065070,Montano Antilia,358,0,1,0.0,24.0,0.0,1678.0,0.0,0.0,12.317,0,0,4,1,0,0,0,64.513,,0
065,065071,Montecorice,20095,0,4,170.0,687.0,0.0,2563.0,5.261,0.0,22.471,0,0,13,0,0,4,3,42.543,,0
065,065072,Montecorvino Pugliano,342,0,3,0.0,79.0,0.0,11106.0,0.0,0.0,0.0,0,0,8,0,0,0,0,5.015,,0
065,065073,Montecorvino Rovella,76,0,3,74.0,53.0,100.0,12289.0,0.0,0.0,18.298,0,0,11,0,0,0,0,10.24,,0
065,065074,Monteforte Cilento,3,0,3,0.0,40.0,0.0,546.0,0.0,0.0,21.952,0,0,2,1,0,1,0,36.73,,0
065,065075,Monte San Giacomo,369,0,1,70.0,22.0,0.0,1412.0,0.0,0.0,41.959,0,3,3,1,0,2,0,60.089,,0
065,065076,Montesano sulla Marcellana,2003,0,3,72.0,79.0,0.0,6240.0,0.0,0.194,7.819,1,1,8,1,0,2,1,79.901,,0
065,065077,Morigerati,4,0,3,0.0,14.0,0.0,594.0,0.0,0.0,15.947,2,1,4,0,0,0,1,74.51,,0
065,065078,Nocera Inferiore,7230,0,5,70.0,67.0,0.0,43752.0,0.0,0.158,3.323,1,2,41,0,0,15,8,27.449,,0
065,065079,Nocera Superiore,2179,0,4,28.0,31.0,0.0,23592.0,0.0,0.0,0.069,1,1,6,2,0,7,3,23.929,,0
065,065080,Novi Velia,149,0,1,40.0,46.0,0.0,2334.0,0.0,0.0,34.448,0,0,3,2,0,0,1,57.052,,0
065,065081,Ogliastro Cilento,591,0,3,0.0,160.0,0.0,2288.0,0.0,0.0,0.0,0,0,4,0,0,1,0,31.627,,0
065,065082,Olevano sul Tusciano,41,0,3,0.0,21.0,0.0,6568.0,0.0,0.0,16.949,0,1,6,4,0,0,1,11.422,,0
065,065083,Oliveto Citra,10090,0,3,97.0,16.0,37.11,3605.0,0.0,0.0,3.465,1,1,3,3,0,0,1,27.255,,0
065,065084,Omignano,10,0,3,0.0,22.0,0.0,1643.0,0.0,0.0,4.754,0,0,5,0,0,0,3,44.151,,0
065,065085,Orria,6,0,3,0.0,20.0,0.0,955.0,0.0,0.0,26.748,0,0,2,1,0,0,0,42.378,,0
065,065086,Ottati,4,0,1,0.0,15.0,0.0,579.0,0.0,0.0,54.094,0,0,1,9,0,0,0,36.647,,0
065,065087,Padula,1151,0,3,96.0,166.0,0.0,4872.0,0.0,1.025,6.998,4,1,11,2,0,0,1,71.303,,0
065,065088,Pagani,11401,0,5,25.0,66.0,0.0,34005.0,0.0,0.0,2.339,1,15,18,2,0,9,7,29.447,,0
065,065089,Palomonte,23,0,3,0.0,6.0,0.0,3721.0,0.0,0.0,0.0,0,0,2,0,0,3,0,33.103,,0
065,065090,Pellezzano,4928,0,4,0.0,82.0,0.0,10888.0,0.0,0.344,0.126,0,0,12,1,0,0,6,17.036,,0
065,065091,Perdifumo,11,0,3,205.0,196.0,0.0,1808.0,0.0,0.0,23.529,1,1,4,0,0,2,0,38.689,,0
065,065092,Perito,1502,0,3,0.0,55.0,0.0,801.0,0.0,0.0,6.916,0,0,4,0,0,0,0,40.403,,0
065,065093,Pertosa,1775,0,3,21.0,10.0,0.0,655.0,0.0,0.0,1.423,2,0,5,0,0,3,1,46.81,,0
065,065094,Petina,6,0,1,20.0,0.0,0.0,991.0,0.0,0.0,18.401,0,0,4,6,0,1,0,41.28,,0
065,065095,Piaggine,337,0,1,0.0,55.0,0.0,1117.0,0.0,0.0,62.98,0,0,2,3,1,1,0,54.053,,0
065,065096,Pisciotta,38742,0,4,1988.0,1648.0,25.15,2424.0,7.445,0.0,31.056,0,0,16,4,0,6,7,62.849,,0
065,065097,Polla,5237,0,3,230.0,25.0,20.0,5098.0,0.0,0.0,15.74,0,0,10,2,0,1,2,50.674,,0
065,065098,Pollica,48084,0,4,1129.0,429.0,20.02,2135.0,7.363,0.0,28.101,2,2,16,0,0,1,1,49.067,,0
065,065099,Pontecagnano Faiano,71805,0,5,602.0,219.0,34.05,26439.0,6.366,0.0,0.0,1,0,51,3,1,3,6,2.086,,0
065,065100,Positano,416565,0,4,2079.0,1536.0,77.73,3729.0,7.003,0.0,6.629,1,1,30,7,0,7,50,32.69,,0
065,065101,Postiglione,12,0,3,16.0,68.0,0.0,1974.0,0.0,0.902,13.961,0,1,3,2,0,0,0,26.458,,0
065,065102,Praiano,180531,0,4,887.0,717.0,58.51,1969.0,4.212,0.0,2.705,0,1,13,2,0,3,19,32.358,,0
065,065103,Prignano Cilento,206,0,3,16.0,128.0,0.0,1094.0,0.0,0.0,0.0,0,1,5,0,1,1,0,35.234,,0
065,065104,Ravello,194513,0,4,1035.0,657.0,84.93,2368.0,1.449,0.0,7.819,2,23,19,4,0,3,11,26.1,,0
065,065105,Ricigliano,7,0,1,0.0,16.0,0.0,1058.0,0.0,0.0,0.0,0,0,1,0,0,0,2,46.484,,0
065,065106,Roccadaspide,806,0,3,34.0,136.0,0.0,6884.0,0.0,0.0,23.614,0,1,21,1,0,1,1,28.331,,0
065,065107,Roccagloriosa,10,0,3,0.0,27.0,0.0,1568.0,0.0,0.0,24.636,2,0,4,1,0,1,1,71.623,,0
065,065108,Roccapiemonte,54,0,5,0.0,11.0,0.0,8688.0,0.0,0.0,0.0,0,1,13,0,0,1,0,24.461,,0
065,065109,Rofrano,8,0,1,34.0,12.0,0.0,1271.0,0.0,0.0,43.312,0,0,5,1,0,3,1,64.147,,0
065,065110,Romagnano al Monte,2,0,3,0.0,0.0,0.0,370.0,0.0,0.0,0.0,0,0,4,0,0,0,3,45.197,,0
065,065111,Roscigno,4,0,3,0.0,8.0,0.0,596.0,0.0,0.0,14.778,3,0,3,0,0,1,0,44.414,,0
065,065112,Rutino,5,0,3,0.0,62.0,0.0,770.0,0.0,0.0,0.034,0,0,1,0,0,0,0,38.52,,0
065,065113,Sacco,3,0,1,0.0,0.0,0.0,431.0,0.0,0.0,23.943,0,1,1,1,0,0,0,48.913,,0
065,065114,Sala Consilina,9321,0,3,50.0,123.0,0.0,12199.0,0.0,0.0,3.202,1,1,20,6,0,4,5,64.066,,0
065,065115,Salento,275,0,3,0.0,66.0,0.0,1762.0,0.0,0.0,5.613,0,1,8,0,0,1,1,47.009,,0
065,065116,Salerno,451452,0,4,1807.0,3043.0,90.32,126715.0,9.973,0.217,0.109,10,17,168,4,0,35,71,10.752,,0
065,065117,Salvitelle,3,0,3,0.0,0.0,0.0,483.0,0.0,0.0,0.0,0,1,2,0,0,0,1,45.72,,0
065,065118,San Cipriano Picentino,7283,0,3,40.0,97.0,100.0,6593.0,0.0,0.0,4.276,0,2,6,0,0,0,0,9.83,,0
065,065119,San Giovanni a Piro,38075,0,4,530.0,959.0,33.96,3604.0,6.338,0.0,20.42,0,0,14,9,0,6,2,78.078,,0
065,065120,San Gregorio Magno,2507,0,1,23.0,73.0,0.0,3892.0,0.0,0.0,0.0,0,0,12,0,0,0,0,41.33,,0
065,065121,San Mango Piemonte,3278,0,3,24.0,10.0,0.0,2629.0,0.0,0.0,1.102,0,0,10,0,0,1,2,10.952,,0
065,065122,San Marzano sul Sarno,1366,0,5,100.0,10.0,54.0,10207.0,0.0,0.0,0.0,0,0,4,0,0,0,0,27.571,,0
065,065123,San Mauro Cilento,21180,0,4,241.0,941.0,60.17,844.0,1.533,0.0,15.015,1,0,5,2,0,0,0,45.4,,0
065,065124,San Mauro la Bruca,566,0,4,0.0,41.0,0.0,536.0,0.0,0.0,19.282,0,0,2,3,0,0,1,63.727,,0
065,065125,San Pietro al Tanagro,1912,0,3,0.0,38.0,0.0,1645.0,0.0,0.0,4.469,0,0,2,0,0,0,2,52.5,,0
065,065126,San Rufo,10,0,3,0.0,24.0,0.0,1590.0,0.0,0.0,19.645,0,0,3,0,0,0,0,51.833,,0
065,065127,Santa Marina,28469,0,4,576.0,110.0,55.56,3239.0,2.236,0.0,0.78,0,1,17,1,0,3,6,77.712,,0
065,065128,Sant'Angelo a Fasanella,3,0,1,19.0,37.0,0.0,489.0,0.0,0.0,32.392,0,1,5,1,0,0,0,41.003,,0
065,065129,Sant'Arsenio,16,0,3,0.0,7.0,0.0,2644.0,0.0,0.0,7.226,0,0,7,1,0,0,2,52.085,,0
065,065130,Sant'Egidio del Monte Albino,536,0,5,71.0,61.0,0.0,8765.0,0.0,0.0,1.709,0,0,13,1,0,3,7,29.776,,0
065,065131,Santomenna,2,0,1,0.0,0.0,0.0,388.0,0.0,0.0,0.0,0,0,3,0,0,0,0,42.758,,0
065,065132,San Valentino Torio,68,0,5,0.0,12.0,0.0,10926.0,0.0,0.0,0.0,0,0,6,0,0,0,3,28.295,,0
065,065133,Sanza,15,0,1,0.0,55.0,0.0,2355.0,0.0,0.0,111.0,0,0,3,5,0,2,3,67.863,,0
065,065134,Sapri,30854,0,4,525.0,81.0,48.19,6390.0,7.808,0.0,0.0,0,2,11,2,0,7,8,88.038,,0
065,065135,Sarno,3105,0,5,152.0,48.0,0.0,30734.0,0.0,0.0,0.0,1,4,22,5,1,1,12,29.143,,0
065,065136,Sassano,29,0,3,0.0,12.0,0.0,4664.0,0.0,0.0,30.558,0,0,1,2,0,0,0,65.656,,0
065,065137,Scafati,18626,0,5,156.0,61.0,44.87,47887.0,0.0,0.0,0.0,0,2,40,0,0,10,9,24.938,,0
065,065138,Scala,29981,0,4,79.0,227.0,0.0,1508.0,0.0,0.0,13.496,0,2,6,15,0,1,5,27.733,,0
065,065139,Serramezzana,1640,0,4,0.0,109.0,0.0,268.0,0.0,0.0,7.284,0,1,2,1,0,0,0,43.125,,0
065,065140,Serre,23,0,5,0.0,31.0,0.0,3690.0,0.0,8.261,6.001,1,2,21,0,0,2,0,19.008,,0
065,065141,Sessa Cilento,146,0,3,0.0,78.0,0.0,1137.0,0.0,0.0,12.023,0,1,4,1,0,0,0,41.556,,0
065,065142,Siano,58,0,3,0.0,7.0,0.0,9382.0,0.0,0.0,0.0,0,0,7,0,0,0,5,27.978,,0
065,065143,Sicignano degli Alburni,19,0,3,60.0,124.0,0.0,3063.0,0.0,0.0,21.023,0,2,8,7,0,2,8,33.558,,0
065,065144,Stella Cilento,4,0,3,0.0,81.0,0.0,630.0,0.0,0.0,12.044,0,0,6,0,0,0,0,46.305,,0
065,065145,Stio,5,0,3,0.0,8.0,0.0,774.0,0.0,0.0,24.254,1,1,2,1,0,2,0,44.693,,0
065,065146,Teggiano,1239,0,3,89.0,6.0,75.28,7077.0,0.0,0.0,25.805,3,1,8,2,0,1,0,56.825,,0
065,065147,Torchiara,1187,0,3,39.0,368.0,0.0,1877.0,0.0,0.0,0.057,0,4,6,0,0,0,2,35.359,,0
065,065148,Torraca,7,0,4,25.0,42.0,0.0,1193.0,0.0,0.0,0.0,0,0,2,1,0,0,1,84.664,,0
065,065149,Torre Orsaia,12,0,3,25.0,45.0,0.0,1950.0,0.0,0.0,1.235,0,0,3,0,0,0,3,73.127,,0
065,065150,Tortorella,1058,0,1,0.0,115.0,0.0,476.0,0.0,0.0,3.681,1,4,4,9,0,1,0,82.817,,0
065,065151,Tramonti,5144,0,4,21.0,297.0,0.0,4153.0,0.0,0.0,14.458,0,0,7,10,0,5,0,24.777,,0
065,065152,Trentinara,357,0,3,0.0,118.0,0.0,1558.0,0.0,0.0,19.279,0,0,2,0,0,1,0,30.707,,0
065,065153,Valle dell'Angelo,1,0,1,0.0,14.0,0.0,229.0,0.0,0.0,36.752,0,0,1,2,0,0,0,55.027,,0
065,065154,Vallo della Lucania,765,0,3,50.0,78.0,0.0,7951.0,0.0,0.0,8.962,1,0,22,0,0,4,1,52.4,,0
065,065155,Valva,9,0,1,0.0,0.0,0.0,1529.0,0.0,0.0,6.569,0,1,2,0,0,0,0,33.799,,0
065,065156,Vibonati,74477,0,4,260.0,2440.0,10.0,3214.0,2.321,0.0,0.002,0,0,9,3,0,1,2,81.815,,0
065,065157,Vietri sul Mare,90323,0,4,409.0,547.0,92.18,7080.0,1.038,0.0,2.922,1,5,18,5,0,6,15,18.137,,0
065,065158,Bellizzi,82,0,5,0.0,3.0,0.0,13300.0,0.0,0.0,0.0,0,0,10,0,0,0,4,2.68,,0
066,066001,Acciano,35,0,1,68.0,15.0,76.47,256.0,0.0,0.0,32.358,0,3,2,5,0,0,5,47.517,,0
066,066002,Aielli,23455,0,1,153.0,102.0,48.37,1374.0,0.0,0.0,14.107,1,0,6,4,0,1,2,63.605,,0
066,066003,Alfedena,5946,0,1,89.0,86.0,0.0,913.0,0.0,0.0,5.533,1,1,1,6,0,3,3,80.988,,0
066,066004,Anversa degli Abruzzi,1015,0,1,0.0,57.0,0.0,308.0,0.0,0.0,0.043,0,1,3,6,0,2,0,58.171,,0
066,066005,Ateleta,1886,0,1,36.0,17.0,0.0,1099.0,0.0,0.0,0.249,2,0,1,11,0,0,0,62.21,,0
066,066006,Avezzano,34652,0,1,214.0,146.0,56.54,40842.0,0.0,0.0,0.0,3,3,94,16,0,14,27,75.095,,0
066,066007,Balsorano,337,0,1,0.0,20.0,0.0,3253.0,0.0,0.0,0.0,0,2,5,6,0,0,5,82.454,,0
066,066008,Barete,85,0,1,0.0,15.0,0.0,631.0,0.0,0.0,0.0,0,0,1,1,0,0,0,74.848,,0
066,066009,Barisciano,5828,0,1,35.0,45.0,0.0,1655.0,0.0,0.757,0.0,1,3,5,9,0,3,0,50.201,,0
066,066010,Barrea,11568,0,1,107.0,789.0,0.0,704.0,0.0,0.0,36.308,2,1,19,19,0,5,4,75.888,,0
066,066011,Bisegna,350,0,1,10.0,20.0,0.0,214.0,0.0,0.0,46.923,0,0,1,12,0,1,0,66.74,,0
066,066012,Bugnara,4275,0,1,63.0,15.0,0.0,1008.0,0.0,0.0,0.068,0,0,5,3,0,0,2,53.675,,0
066,066013,Cagnano Amiterno,150,0,1,13.0,43.0,0.0,1107.0,0.0,0.0,0.0,0,0,6,0,0,0,0,81.112,,0
066,066014,Calascio,2139,0,1,0.0,55.0,0.0,125.0,0.0,0.31,0.0,0,8,0,11,0,2,1,41.231,,0
066,066015,Campo di Giove,8444,0,1,128.0,430.0,0.0,747.0,0.0,0.0,0.042,0,1,19,5,0,1,5,49.223,,0
066,066016,Campotosto,62,0,1,53.0,11.0,0.0,457.0,0.0,0.0,0.0,0,0,1,7,0,1,0,68.899,,0
066,066017,Canistro,119,0,1,22.0,7.0,0.0,882.0,0.0,0.0,0.016,0,0,2,1,0,1,2,68.54,,0
066,066018,Cansano,29,0,1,0.0,72.0,0.0,215.0,0.0,0.0,0.0,1,0,4,8,0,0,2,51.505,,0
066,066019,Capestrano,1112,0,1,0.0,143.0,0.0,824.0,0.0,0.28,0.0,0,3,6,4,0,0,1,36.791,,0
066,066020,Capistrello,639,0,1,0.0,19.0,0.0,4730.0,0.0,0.0,0.091,0,0,11,3,0,1,7,68.009,,0
066,066021,Capitignano,2847,0,1,0.0,108.0,0.0,623.0,0.0,0.088,0.0,0,2,3,3,0,2,1,72.999,,0
066,066022,Caporciano,845,0,1,0.0,43.0,0.0,201.0,0.0,0.687,1.124,0,4,3,1,0,0,1,47.118,,0
066,066023,Cappadocia,3981,0,1,106.0,40.0,0.0,576.0,0.0,0.0,0.206,0,0,10,22,0,0,0,59.25,,0
066,066024,Carapelle Calvisio,11,0,1,0.0,0.0,0.0,78.0,0.0,0.125,0.0,0,0,3,1,0,0,0,42.876,,0
066,066025,Carsoli,9872,0,1,122.0,40.0,0.0,4974.0,0.0,0.0,0.0,0,2,18,6,0,4,9,55.804,,0
066,066026,Castel del Monte,5161,0,1,84.0,65.0,0.0,400.0,0.0,0.0,0.0,0,2,4,18,0,1,2,37.464,,0
066,066027,Castel di Ieri,39,0,1,0.0,4.0,0.0,292.0,0.0,0.0,7.601,0,0,2,1,0,0,0,51.931,,0
066,066028,Castel di Sangro,106555,0,1,570.0,341.0,47.37,6598.0,0.0,1.015,0.529,3,2,28,2,1,1,4,72.542,,0
066,066029,Castellafiume,141,0,1,52.0,0.0,0.0,1042.0,0.0,0.0,0.058,0,1,1,11,0,0,0,63.932,,0
066,066030,Castelvecchio Calvisio,16,0,1,0.0,0.0,0.0,120.0,0.0,0.0,0.0,0,1,3,1,0,1,0,43.17,,0
066,066031,Castelvecchio Subequo,111,0,1,0.0,24.0,0.0,820.0,0.0,0.0,10.546,0,0,10,1,0,2,0,52.342,,0
066,066032,Celano,6060,0,1,79.0,94.0,100.0,10195.0,0.0,0.0,37.866,2,5,8,6,0,0,4,64.467,,0
066,066033,Cerchio,208,0,1,0.0,6.0,0.0,1538.0,0.0,0.0,1.618,0,0,4,0,0,0,2,65.067,,0
066,066034,Civita d'Antino,128,0,1,0.0,0.0,0.0,947.0,0.0,0.0,0.0,0,0,2,1,0,1,3,74.128,,0
066,066035,Civitella Alfedena,18074,0,1,257.0,242.0,0.0,294.0,0.0,0.0,38.468,1,0,4,14,0,3,3,76.333,,0
066,066036,Civitella Roveto,4550,0,1,68.0,20.0,0.0,3010.0,0.0,0.0,0.275,0,1,13,2,0,1,2,68.82,,0
066,066037,Cocullo,280,0,1,0.0,45.0,0.0,211.0,0.0,0.0,0.006,0,0,3,1,0,0,3,55.905,,0
066,066038,Collarmele,106,0,1,0.0,0.0,0.0,782.0,0.0,0.0,10.887,0,0,1,1,0,0,3,60.789,,0
066,066039,Collelongo,145,0,1,0.0,10.0,0.0,1070.0,0.0,0.0,0.0,3,15,4,9,0,3,10,78.651,,0
066,066040,Collepietro,27,0,1,0.0,8.0,0.0,198.0,0.0,0.0,0.0,0,2,1,2,0,0,1,40.521,,0
066,066041,Corfinio,384,0,1,22.0,47.0,0.0,957.0,0.0,0.0,0.0,1,3,3,3,0,0,0,42.502,,0
066,066042,Fagnano Alto,47,0,1,0.0,4.0,0.0,351.0,0.0,0.0,24.504,0,4,3,2,0,0,7,53.56,,0
066,066043,Fontecchio,741,0,1,0.0,89.0,0.0,286.0,0.0,0.0,17.49,1,6,3,5,0,1,2,52.886,,0
066,066044,Fossa,89,0,1,0.0,10.0,0.0,658.0,0.0,0.0,0.0,0,5,8,0,0,0,2,58.638,,0
066,066045,Gagliano Aterno,30,0,1,0.0,40.0,0.0,225.0,0.0,0.323,26.231,2,1,6,6,0,0,0,54.565,,0
066,066046,Gioia dei Marsi,5929,0,1,110.0,17.0,0.0,1710.0,0.0,0.267,26.039,1,1,3,14,0,0,0,68.611,,0
066,066047,Goriano Sicoli,70,0,1,0.0,0.0,0.0,516.0,0.0,0.0,13.595,0,0,6,0,0,1,2,52.559,,0
066,066048,Introdacqua,813,0,1,32.0,54.0,0.0,1942.0,0.0,0.0,9.638,0,0,8,17,0,0,3,53.948,,0
066,066049,L'Aquila,235956,0,1,1421.0,1924.0,31.95,69717.0,0.0,5.072,0.175,8,188,156,65,0,58,376,62.692,,0
066,066050,Lecce nei Marsi,207,0,1,0.0,10.0,0.0,1531.0,0.0,0.0,17.471,0,1,3,13,0,0,0,72.632,,0
066,066051,Luco dei Marsi,204,0,1,0.0,17.0,0.0,5923.0,0.0,0.0,0.0,0,1,7,1,0,0,0,75.512,,0
066,066052,Lucoli,111,0,1,178.0,21.0,0.0,824.0,0.0,0.0,0.558,1,3,17,5,0,0,3,69.888,,0
066,066053,Magliano de' Marsi,3313,0,1,0.0,106.0,0.0,3466.0,0.0,0.0,43.841,0,0,15,14,0,1,0,71.675,,0
066,066054,Massa d'Albe,716,0,1,42.0,155.0,0.0,1337.0,0.0,0.0,69.503,0,1,14,13,0,0,0,71.771,,0
066,066055,Molina Aterno,46,0,1,0.0,18.0,0.0,344.0,0.0,0.0,12.241,0,0,3,0,0,1,3,47.713,,0
066,066056,Montereale,487,0,1,40.0,90.0,65.0,2195.0,0.0,1.456,0.0,0,8,5,3,0,0,3,79.406,,0
066,066057,Morino,3315,0,1,0.0,163.0,0.0,1302.0,0.0,0.0,10.188,0,0,0,10,0,0,0,70.851,,0
066,066058,Navelli,681,0,1,0.0,67.0,0.0,569.0,0.0,0.253,0.68,0,10,5,2,0,2,4,43.084,,0
066,066059,Ocre,3832,0,1,39.0,52.0,0.0,1098.0,0.0,0.429,12.423,0,2,15,4,0,1,2,61.525,,0
066,066060,Ofena,224,0,1,0.0,70.0,0.0,434.0,0.0,0.0,0.0,0,4,3,1,0,0,0,36.849,,0
066,066061,Opi,10925,0,1,193.0,628.0,0.0,377.0,0.0,0.0,50.126,3,0,5,18,0,1,9,78.401,,0
066,066062,Oricola,4157,0,1,74.0,52.0,0.0,1271.0,0.0,0.0,0.0,0,1,9,0,0,2,7,47.782,,0
066,066063,Ortona dei Marsi,52,0,1,0.0,5.0,0.0,386.0,0.0,0.0,17.068,0,1,3,1,0,0,4,60.898,,0
066,066064,Ortucchio,234,0,1,0.0,0.0,0.0,1733.0,0.0,1.189,0.0,1,1,5,2,0,0,0,71.109,,0
066,066065,Ovindoli,22867,0,1,426.0,111.0,0.0,1170.0,0.0,0.0,57.429,0,2,63,19,0,2,2,64.498,,0
066,066066,Pacentro,540,0,1,22.0,91.0,0.0,1085.0,0.0,0.031,0.0,0,3,12,12,0,2,2,43.931,,0
066,066067,Pereto,86,0,1,0.0,6.0,0.0,639.0,0.0,0.0,0.0,0,1,3,10,0,0,0,52.635,,0
066,066068,Pescasseroli,124243,0,1,1659.0,755.0,45.09,2056.0,0.0,0.0,90.54,2,2,52,25,0,2,5,76.474,,0
066,066069,Pescina,3761,0,1,55.0,16.0,0.0,3670.0,0.0,0.0,2.946,2,1,4,2,0,2,3,64.637,,0
066,066070,Pescocostanzo,20221,0,1,334.0,224.0,42.51,1086.0,0.0,0.0,0.056,1,3,22,8,0,2,0,58.11,,0
066,066071,Pettorano sul Gizio,1284,0,1,0.0,96.0,0.0,1280.0,0.0,0.0,33.045,0,4,7,18,0,0,5,55.297,,0
066,066072,Pizzoli,572,0,1,0.0,84.0,0.0,4299.0,0.0,0.0,0.0,0,1,4,8,0,1,3,70.115,,0
066,066073,Poggio Picenze,7818,0,1,60.0,93.0,0.0,1010.0,0.0,0.0,0.0,0,1,5,1,0,0,3,54.519,,0
066,066074,Prata d'Ansidonia,1136,0,1,0.0,21.0,0.0,447.0,0.0,0.0,0.761,0,6,2,4,0,1,0,49.728,,0
066,066075,Pratola Peligna,5215,0,1,21.0,137.0,0.0,7019.0,0.0,0.0,0.0,1,4,20,4,0,0,7,43.983,,0
066,066076,Prezza,114,0,1,0.0,19.0,0.0,847.0,0.0,0.0,0.289,0,0,2,0,0,0,1,50.632,,0
066,066077,Raiano,354,0,1,0.0,9.0,0.0,2618.0,0.0,0.0,0.998,1,1,7,0,0,3,3,48.153,,0
066,066078,Rivisondoli,90057,0,1,719.0,55.0,25.45,645.0,0.0,0.0,0.0,0,1,59,2,0,0,1,64.407,,0
066,066079,Roccacasale,4788,0,1,50.0,25.0,0.0,588.0,0.0,0.0,0.0,0,1,2,3,0,1,0,41.51,,0
066,066080,Rocca di Botte,116,0,1,0.0,0.0,0.0,855.0,0.0,0.0,0.358,0,0,6,4,0,1,14,49.912,,0
066,066081,Rocca di Cambio,4455,0,1,75.0,122.0,0.0,506.0,0.0,0.333,27.31,0,0,54,6,0,0,0,62.747,,0
066,066082,Rocca di Mezzo,28717,0,1,551.0,106.0,35.75,1353.0,0.0,0.533,90.721,1,4,17,21,0,2,7,61.539,,0
066,066083,Rocca Pia,1102,0,1,32.0,25.0,0.0,178.0,0.0,0.0,0.0,0,0,5,3,0,1,0,60.826,,0
066,066084,Roccaraso,259650,0,1,1781.0,565.0,15.95,1485.0,0.0,0.0,0.099,0,0,96,6,2,5,5,66.756,,0
066,066085,San Benedetto dei Marsi,106,0,1,20.0,18.0,0.0,3703.0,0.0,0.0,0.0,1,0,6,0,0,1,0,67.403,,0
066,066086,San Benedetto in Perillis,13,0,1,0.0,10.0,0.0,98.0,0.0,0.427,0.603,1,0,2,7,0,1,1,43.875,,0
066,066087,San Demetrio ne' Vestini,570,0,1,52.0,56.0,0.0,1948.0,0.0,0.401,1.904,0,4,2,0,0,3,3,54.354,,0
066,066088,San Pio delle Camere,88,0,1,0.0,72.0,0.0,650.0,0.0,0.351,0.0,0,4,7,0,1,0,5,46.804,,0
066,066089,Sante Marie,224,0,1,0.0,27.0,0.0,1068.0,0.0,0.0,0.0,0,0,2,5,0,0,2,62.342,,0
066,066090,Sant'Eusanio Forconese,49,0,1,0.0,20.0,0.0,365.0,0.0,0.0,0.143,0,3,1,0,0,1,0,57.568,,0
066,066091,Santo Stefano di Sessanio,16834,0,1,44.0,485.0,100.0,110.0,0.0,0.222,0.0,0,4,1,10,0,1,2,44.621,,0
066,066092,San Vincenzo Valle Roveto,280,0,1,0.0,63.0,0.0,2072.0,0.0,0.0,0.007,1,1,5,2,0,0,5,77.937,,0
066,066093,Scanno,32808,0,1,672.0,169.0,0.0,1697.0,0.0,2.163,40.164,0,5,34,40,0,2,0,66.074,,0
066,066094,Scontrone,73,0,1,0.0,29.0,0.0,540.0,0.0,0.0,0.021,2,13,1,0,0,0,0,75.171,,0
066,066095,Scoppito,609,0,1,47.0,75.0,0.0,3789.0,0.0,0.0,0.0,0,1,9,3,0,2,9,79.718,,0
066,066096,Scurcola Marsicana,13770,0,1,171.0,53.0,100.0,2674.0,0.0,0.0,0.0,0,1,8,3,0,1,5,69.274,,0
066,066097,Secinaro,41,0,1,0.0,4.0,0.0,300.0,0.0,0.0,30.318,0,1,1,9,0,1,1,54.045,,0
066,066098,Sulmona,77738,0,1,471.0,566.0,73.04,21960.0,0.0,0.0,0.0,4,10,85,16,0,5,32,45.672,,0
066,066099,Tagliacozzo,21045,0,1,297.0,1382.0,40.4,6427.0,0.0,0.298,0.0,0,3,31,37,0,0,5,62.443,,0
066,066100,Tione degli Abruzzi,35,0,1,0.0,11.0,0.0,258.0,0.0,0.297,38.661,0,4,2,4,0,0,1,52.086,,0
066,066101,Tornimparte,985,0,1,15.0,115.0,0.0,2749.0,0.0,0.0,0.503,1,1,8,3,0,2,3,76.501,,0
066,066102,Trasacco,376,0,1,0.0,63.0,0.0,5790.0,0.0,0.0,0.0,0,0,16,1,0,3,3,75.56,,0
066,066103,Villalago,8314,0,1,156.0,76.0,0.0,503.0,0.0,2.483,0.353,3,0,5,6,0,0,0,62.895,,0
066,066104,Villa Santa Lucia degli Abruzzi,1522,0,1,0.0,26.0,0.0,88.0,0.0,0.0,0.0,0,0,4,2,0,0,0,34.434,,0
066,066105,Villa Sant'Angelo,66,0,1,0.0,2.0,0.0,489.0,0.0,0.0,0.341,0,0,3,0,0,0,0,56.572,,0
066,066106,Villavallelonga,112,0,1,0.0,250.0,0.0,826.0,0.0,0.0,30.035,0,0,7,17,0,0,0,78.714,,0
066,066107,Villetta Barrea,29437,0,1,224.0,339.0,0.0,608.0,0.0,0.0,12.183,9,0,2,8,0,0,4,73.409,,0
066,066108,Vittorito,111,0,1,0.0,21.0,0.0,819.0,0.0,0.0,0.107,0,1,1,2,0,0,0,45.351,,0
067,067001,Alba Adriatica,413244,0,4,3775.0,2271.0,5.32,13097.0,2.772,0.0,0.0,0,0,11,1,0,6,7,49.004,,0
067,067002,Ancarano,382,0,3,19.0,12.0,0.0,1871.0,0.0,0.0,0.0,0,0,8,0,0,0,8,57.836,,0
067,067003,Arsita,206,0,1,0.0,83.0,0.0,732.0,0.0,0.0,0.0,1,1,1,2,0,2,0,33.844,,0
067,067004,Atri,21829,0,4,102.0,223.0,0.0,9935.0,0.0,0.422,3.947,3,8,48,4,0,22,17,23.745,,0
067,067005,Basciano,203,0,3,0.0,28.0,0.0,2314.0,0.0,0.0,0.0,0,0,4,1,0,0,2,40.77,,0
067,067006,Bellante,233,0,4,0.0,49.0,0.0,6835.0,0.0,0.0,0.0,0,1,8,0,0,2,2,46.08,,0
067,067007,Bisenti,365,0,3,0.0,50.0,0.0,1678.0,0.0,0.0,0.0,0,0,6,0,0,0,3,32.943,,0
067,067008,Campli,1053,0,3,0.0,73.0,0.0,6536.0,0.0,0.0,0.0,1,0,6,14,0,7,0,52.218,,0
067,067009,Canzano,186,0,3,0.0,44.0,0.0,1769.0,0.0,0.144,0.0,0,0,6,0,0,1,1,39.479,,0
067,067010,Castel Castagna,87,0,3,0.0,39.0,0.0,424.0,0.0,0.0,0.0,0,0,3,0,0,0,1,39.134,,0
067,067011,Castellalto,5144,0,4,52.0,77.0,0.0,7248.0,0.0,0.0,0.0,0,1,19,1,0,1,0,38.611,,0
067,067012,Castelli,2121,0,1,20.0,71.0,0.0,944.0,0.0,0.0,0.0,1,0,5,7,0,1,0,38.145,,0
067,067013,Castiglione Messer Raimondo,2006,0,3,0.0,70.0,0.0,1992.0,0.0,0.0,0.0,0,0,16,0,0,2,1,27.686,,0
067,067014,Castilenti,296,0,3,19.0,115.0,0.0,1314.0,0.0,0.0,0.0,0,2,18,0,0,1,0,23.045,,0
067,067015,Cellino Attanasio,2126,0,3,14.0,85.0,0.0,2208.0,0.0,0.0,0.0,0,1,10,0,0,2,0,31.933,,0
067,067016,Cermignano,680,0,3,0.0,25.0,0.0,1438.0,0.0,0.0,0.0,0,0,7,1,0,0,0,36.032,,0
067,067017,Civitella del Tronto,2466,0,3,178.0,94.0,44.38,4575.0,0.0,0.105,0.068,2,1,31,18,0,6,1,57.818,,0
067,067018,Colledara,3449,0,1,24.0,124.0,0.0,2077.0,0.0,0.0,0.0,1,1,8,0,0,0,1,42.968,,0
067,067019,Colonnella,24726,0,4,126.0,295.0,0.0,3669.0,0.0,0.0,0.0,0,0,2,0,0,1,2,54.302,,0
067,067020,Controguerra,2953,0,4,20.0,143.0,0.0,2213.0,0.0,0.0,0.0,0,4,2,0,0,1,23,56.006,,0
067,067021,Corropoli,9503,0,4,82.0,129.0,0.0,5077.0,0.0,0.0,0.0,0,0,8,1,0,0,26,51.65,,0
067,067022,Cortino,228,0,1,0.0,59.0,0.0,572.0,0.0,0.0,0.0,0,0,4,15,0,0,0,60.526,,0
067,067023,Crognaleto,216,0,1,22.0,38.0,0.0,1059.0,0.0,0.249,0.0,0,1,6,37,0,2,0,60.387,,0
067,067024,Fano Adriano,53,0,1,21.0,21.0,0.0,262.0,0.0,0.0,0.0,0,0,8,9,0,0,0,54.563,,0
067,067025,Giulianova,550018,0,4,2743.0,4406.0,35.87,23510.0,9.44,0.0,0.0,2,14,117,5,0,15,100,39.7,,0
067,067026,Isola del Gran Sasso d'Italia,9895,0,1,160.0,385.0,0.0,4436.0,0.0,0.072,0.0,1,2,15,23,0,2,6,45.298,,0
067,067027,Montefino,190,0,3,0.0,63.0,0.0,929.0,0.0,0.0,0.0,0,0,11,0,0,1,0,27.676,,0
067,067028,Montorio al Vomano,5565,0,1,113.0,72.0,0.0,7418.0,0.0,0.0,0.0,0,0,13,0,0,4,3,48.754,,0
067,067029,Morro d'Oro,808,0,4,0.0,110.0,0.0,3547.0,0.0,1.635,0.0,0,1,22,4,0,1,1,32.277,,0
067,067030,Mosciano Sant'Angelo,18001,0,4,201.0,226.0,46.77,9135.0,0.0,0.0,0.0,0,1,19,0,0,5,8,42.16,,0
067,067031,Nereto,1095,0,4,22.0,9.0,0.0,5362.0,0.0,0.0,0.0,0,3,16,0,0,0,9,52.653,,0
067,067032,Notaresco,1826,0,4,0.0,149.0,0.0,6304.0,0.0,1.262,0.0,0,0,19,0,0,6,0,35.269,,0
067,067033,Penna Sant'Andrea,8846,0,3,91.0,30.0,0.0,1658.0,0.0,0.0,0.0,0,1,6,0,0,0,2,38.332,,0
067,067034,Pietracamela,11258,0,1,419.0,243.0,40.57,207.0,0.0,0.0,0.0,0,1,21,35,0,2,1,53.253,,0
067,067035,Pineto,311121,0,4,1582.0,3229.0,6.95,14687.0,10.038,1.358,0.289,0,12,97,9,0,12,17,22.824,,0
067,067036,Rocca Santa Maria,93,0,1,11.0,269.0,0.0,454.0,0.0,0.0,0.0,0,0,3,12,0,2,0,62.888,,0
067,067037,Roseto degli Abruzzi,490619,0,4,2653.0,7558.0,22.43,25617.0,12.329,0.0,11.4,1,7,113,16,1,7,8,32.36,,0
067,067038,Sant'Egidio alla Vibrata,192,0,3,102.0,7.0,0.0,9790.0,0.0,0.0,0.0,0,1,18,0,0,7,1,57.879,,0
067,067039,Sant'Omero,3862,0,4,92.0,112.0,16.3,5132.0,0.0,0.0,0.0,0,0,7,0,0,0,3,49.575,,0
067,067040,Silvi,307786,0,4,2917.0,2589.0,55.61,15455.0,7.921,0.0,0.046,0,5,69,0,0,16,28,15.137,,0
067,067041,Teramo,53098,0,3,688.0,272.0,15.26,51630.0,0.0,0.822,0.0,8,11,99,3,0,49,69,46.328,,0
067,067042,Torano Nuovo,1203,0,4,0.0,52.0,0.0,1460.0,0.0,0.0,0.0,0,0,2,0,0,0,5,54.747,,0
067,067043,Torricella Sicura,493,0,1,0.0,98.0,0.0,2413.0,0.0,0.141,0.0,0,0,5,5,0,4,11,54.427,,0
067,067044,Tortoreto,558525,0,4,2756.0,5824.0,20.14,11870.0,3.899,0.0,0.0,0,0,56,1,1,5,4,46.582,,0
067,067045,Tossicia,996,0,1,0.0,46.0,0.0,1217.0,0.0,0.0,0.0,0,40,10,7,0,2,0,46.914,,0
067,067046,Valle Castellana,172,0,1,41.0,14.0,0.0,845.0,0.0,3.962,0.005,0,5,4,16,0,2,0,65.018,,0
067,067047,Martinsicuro,446945,0,4,2203.0,4223.0,0.0,16359.0,7.607,0.0,0.005,1,0,34,4,0,0,12,53.22,,0
068,068001,Abbateggio,11958,0,3,0.0,143.0,0.0,357.0,0.0,0.0,0.0,2,1,10,4,0,0,0,28.649,,0
068,068002,Alanno,9346,0,3,63.0,51.0,0.0,3325.0,0.0,0.0,0.0,0,4,17,0,0,4,2,22.645,,0
068,068003,Bolognano,543,0,3,0.0,33.0,0.0,1004.0,0.0,0.0,0.0,1,2,3,5,0,3,3,30.97,,0
068,068004,Brittoli,235,0,1,0.0,32.0,0.0,249.0,0.0,0.0,0.0,0,0,1,0,0,0,0,30.613,,0
068,068005,Bussi sul Tirino,1413,0,1,0.0,31.0,0.0,2265.0,0.0,0.0,0.0,0,1,7,1,0,1,6,37.438,,0
068,068006,Cappelle sul Tavo,3825,0,4,0.0,32.0,0.0,4053.0,0.0,0.0,0.0,0,0,12,0,0,1,9,7.702,,0
068,068007,Caramanico Terme,20967,0,1,868.0,216.0,16.59,1766.0,0.0,0.0,24.267,0,3,9,25,1,1,7,33.802,,0
068,068008,Carpineto della Nora,492,0,1,0.0,9.0,0.0,521.0,0.0,0.0,0.0,0,0,2,3,0,0,1,30.225,,0
068,068009,Castiglione a Casauria,184,0,3,0.0,21.0,0.0,712.0,0.0,0.0,0.0,2,1,2,1,0,0,5,32.608,,0
068,068010,Catignano,1170,0,3,0.0,8.0,0.0,1240.0,0.0,0.0,0.0,0,0,5,0,0,3,1,20.042,,0
068,068011,Cepagatti,3919,0,4,65.0,42.0,0.0,10980.0,0.0,0.0,0.0,0,0,55,0,0,10,14,9.534,,0
068,068012,Città Sant'Angelo,79862,0,4,616.0,470.0,56.82,14886.0,0.884,0.0,0.0,2,7,131,0,0,7,12,13.424,,0
068,068013,Civitaquana,1061,0,3,0.0,22.0,0.0,1124.0,0.0,0.0,0.0,0,0,9,0,0,0,2,24.01,,0
068,068014,Civitella Casanova,513,0,1,0.0,41.0,0.0,1572.0,0.0,0.0,0.0,0,0,11,2,0,1,0,25.443,,0
068,068015,Collecorvino,667,0,4,0.0,73.0,0.0,6013.0,0.0,0.0,0.0,0,0,42,0,0,2,23,12.308,,0
068,068016,Corvara,201,0,1,0.0,17.0,0.0,213.0,0.0,0.0,0.0,0,0,2,1,0,0,2,31.111,,0
068,068017,Cugnoli,1505,0,3,0.0,63.0,0.0,1336.0,0.0,0.0,0.0,0,1,5,1,0,0,1,24.363,,0
068,068018,Elice,395,0,4,0.0,37.0,0.0,1630.0,0.0,0.0,0.0,0,1,6,0,0,0,2,19.171,,0
068,068019,Farindola,844,0,1,0.0,47.0,0.0,1328.0,0.0,0.0,0.0,0,1,7,0,0,0,3,30.428,,0
068,068020,Lettomanoppello,290,0,3,0.0,24.0,0.0,2666.0,0.0,0.0,0.0,0,11,9,3,0,1,2,25.247,,0
068,068021,Loreto Aprutino,10667,0,3,148.0,200.0,47.3,7050.0,0.0,0.0,0.0,2,3,30,1,0,4,13,17.364,,0
068,068022,Manoppello,1275,0,3,0.0,128.0,0.0,6744.0,0.0,0.852,0.0,0,1,35,1,0,4,11,19.542,,0
068,068023,Montebello di Bertona,159,0,1,0.0,42.0,0.0,843.0,0.0,0.0,0.0,0,0,3,0,0,1,0,26.559,,0
068,068024,Montesilvano,597616,0,4,4247.0,589.0,38.85,53493.0,5.002,0.0,0.123,1,7,240,7,1,26,159,7.62,,0
068,068025,Moscufo,824,0,4,17.0,76.0,0.0,3072.0,0.0,0.0,0.0,0,0,21,0,0,2,7,9.646,,0
068,068026,Nocciano,479,0,3,0.0,38.0,0.0,1692.0,0.0,0.0,0.0,0,0,15,0,0,1,0,18.469,,0
068,068027,Penne,4587,0,3,0.0,318.0,0.0,11094.0,0.0,0.0,0.0,2,3,48,4,0,5,18,23.101,,0
068,068028,Pescara,531348,0,4,1824.0,1217.0,38.87,118461.0,12.962,0.0,0.409,10,39,329,0,0,83,478,3.112,,0
068,068029,Pescosansonesco,144,0,1,0.0,51.0,0.0,447.0,0.0,0.0,0.0,0,1,4,0,0,1,1,33.022,,0
068,068030,Pianella,3181,0,4,0.0,180.0,0.0,8527.0,0.0,0.819,0.0,0,6,36,0,0,10,6,11.253,,0
068,068031,Picciano,377,0,3,0.0,14.0,0.0,1264.0,0.0,0.0,0.0,0,1,10,1,0,0,5,17.091,,0
068,068032,Pietranico,411,0,3,0.0,18.0,0.0,435.0,0.0,0.0,0.0,0,1,5,0,0,0,3,27.704,,0
068,068033,Popoli Terme,23167,0,1,162.0,78.0,24.69,4674.0,0.0,0.0,0.22,1,8,9,6,0,1,6,40.672,,0
068,068034,Roccamorice,10421,0,1,0.0,279.0,0.0,867.0,0.0,0.0,0.009,1,1,7,6,0,2,0,28.676,,0
068,068035,Rosciano,239,0,3,0.0,53.0,0.0,4047.0,0.0,0.0,0.0,0,2,19,0,0,1,0,15.812,,0
068,068036,Salle,244,0,1,0.0,20.0,0.0,259.0,0.0,0.0,0.0,2,2,5,5,0,1,1,36.835,,0
069,069025,Colledimacine,18,0,1,0.0,0.0,0.0,153.0,0.0,0.0,0.0,0,0,1,1,0,0,0,48.208,,0
069,069026,Colledimezzo,2394,0,3,32.0,115.0,0.0,440.0,0.0,0.0,0.0,0,1,7,2,0,0,0,52.119,,0
069,069027,Crecchio,2665,0,4,0.0,104.0,0.0,2618.0,0.0,0.0,0.0,1,1,8,0,0,5,3,19.899,,0
069,069028,Cupello,517,0,4,0.0,52.0,0.0,4790.0,0.0,1.636,0.104,0,6,13,1,0,3,0,60.276,,0
069,069029,Dogliola,38,0,3,0.0,0.0,0.0,314.0,0.0,0.0,0.0,0,1,1,0,0,2,0,65.926,,0
069,069030,Fara Filiorum Petri,1107,0,3,20.0,111.0,0.0,1982.0,0.0,0.0,0.0,0,3,15,0,0,4,5,20.287,,0
069,069031,Fara San Martino,9330,0,1,221.0,76.0,0.0,1272.0,0.0,0.0,0.046,2,1,13,10,0,5,2,37.844,,0
069,069032,Filetto,176,0,3,0.0,26.0,0.0,832.0,0.0,0.0,0.0,0,0,10,1,0,0,1,22.521,,0
069,069033,Fossacesia,20527,0,4,195.0,423.0,52.82,6227.0,6.457,0.0,0.197,0,3,19,2,0,2,5,33.575,,0
069,069034,Fraine,31,0,1,0.0,6.0,0.0,257.0,0.0,0.0,0.0,0,0,1,0,0,0,0,64.272,,0
069,069035,Francavilla al Mare,114910,0,4,615.0,1200.0,40.65,25543.0,8.309,0.0,0.0,2,15,107,1,0,22,142,7.92,,0
069,069036,Fresagrandinaria,108,0,4,0.0,0.0,0.0,905.0,0.0,0.0,0.0,0,0,2,0,0,0,1,63.416,,0
069,069037,Frisa,194,0,4,0.0,18.0,0.0,1621.0,0.0,0.0,0.0,0,2,10,0,0,4,0,24.408,,0
069,069038,Furci,96,0,4,0.0,0.0,0.0,800.0,0.0,0.0,0.0,0,4,3,0,0,0,0,56.863,,0
069,069039,Gamberale,6314,0,1,106.0,7.0,0.0,273.0,0.0,0.0,0.0,0,1,6,3,0,0,1,58.962,,0
069,069040,Gessopalena,652,0,3,0.0,33.0,0.0,1172.0,0.0,0.0,3.992,0,1,4,2,0,0,0,42.748,,0
069,069041,Gissi,293,0,4,0.0,82.0,0.0,2445.0,0.0,0.0,0.0,1,2,9,0,0,0,0,53.511,,0
069,069042,Giuliano Teatino,135,0,4,0.0,0.0,0.0,1126.0,0.0,0.0,0.0,0,0,4,0,0,1,1,15.717,,0
069,069043,Guardiagrele,4117,0,3,81.0,175.0,0.0,8273.0,0.0,0.0,0.0,6,3,34,4,1,8,6,27.848,,0
069,069044,Guilmi,50,0,3,0.0,0.0,0.0,417.0,0.0,0.0,0.0,0,1,1,0,0,0,0,54.917,,0
069,069045,Lama dei Peligni,2651,0,1,0.0,172.0,0.0,1048.0,0.0,0.0,0.0,1,0,6,7,0,0,0,42.368,,0
069,069046,Lanciano,45371,0,4,188.0,512.0,73.94,33915.0,0.0,0.0,0.0,5,10,111,0,0,18,11,30.784,,0
069,069047,Lentella,78,0,4,0.0,30.0,0.0,650.0,0.0,0.0,4.25,0,3,1,1,0,0,0,63.946,,0
069,069048,Lettopalena,38,0,1,0.0,15.0,0.0,314.0,0.0,0.0,0.0,0,0,3,2,0,0,0,48.267,,0
069,069049,Liscia,77,0,3,0.0,0.0,0.0,643.0,0.0,0.0,0.0,0,1,1,0,0,0,0,61.449,,0
069,069050,Miglianico,2677,0,4,92.0,68.0,0.0,4622.0,0.0,0.0,0.0,0,3,27,2,0,3,8,11.835,,0
069,069051,Montazzoli,236,0,1,15.0,11.0,0.0,808.0,0.0,0.549,1.718,0,1,1,6,0,0,0,56.547,,0
069,069052,Monteferrante,13,0,1,25.0,0.0,0.0,107.0,0.0,0.0,0.551,0,0,1,1,0,0,0,57.517,,0
069,069053,Montelapiano,8,0,1,0.0,0.0,0.0,69.0,0.0,0.0,0.0,0,0,4,0,0,0,0,53.058,,0
069,069054,Montenerodomo,71,0,1,0.0,68.0,0.0,596.0,0.0,0.0,0.0,1,0,3,4,0,0,0,51.416,,0
069,069055,Monteodorisio,131,0,4,0.0,26.0,0.0,2338.0,0.0,0.0,0.0,1,2,3,0,0,0,0,53.9,,0
069,069056,Mozzagrogna,17543,0,4,155.0,48.0,51.61,2429.0,0.0,0.0,0.0,0,0,16,0,0,2,7,34.162,,0
069,069057,Orsogna,5756,0,4,84.0,47.0,0.0,3639.0,0.0,0.0,0.0,0,3,21,3,0,2,1,24.412,,0
069,069058,Ortona,74675,0,4,742.0,2321.0,43.53,22099.0,25.458,0.0,0.083,2,8,84,10,0,3,43,18.868,,0
069,069059,Paglieta,102,0,4,0.0,60.0,0.0,4155.0,0.0,0.0,0.0,0,0,3,0,0,0,0,38.716,,0
069,069060,Palena,2497,0,1,61.0,107.0,0.0,1220.0,0.0,0.0,5.372,2,1,13,15,0,3,1,52.933,,0
069,069061,Palmoli,98,0,3,18.0,21.0,0.0,815.0,0.0,0.0,0.0,1,1,5,0,0,1,2,63.264,,0
069,069062,Palombaro,1462,0,3,0.0,54.0,0.0,944.0,0.0,0.0,0.0,0,0,13,2,0,0,0,34.253,,0
069,069063,Pennadomo,25,0,1,0.0,7.0,0.0,207.0,0.0,0.0,1.178,0,0,2,1,0,1,0,48.91,,0
069,069064,Pennapiedimonte,422,0,1,18.0,29.0,100.0,399.0,0.0,0.0,0.164,0,2,5,9,0,1,0,32.144,,0
069,069065,Perano,1085,0,3,100.0,13.0,0.0,1481.0,0.0,0.0,0.0,0,0,1,0,0,0,0,40.186,,0
069,069066,Pizzoferrato,499,0,1,200.0,353.0,0.0,967.0,0.0,0.0,0.0,0,0,8,4,0,1,0,56.562,,0
069,069067,Poggiofiorito,93,0,4,0.0,17.0,0.0,777.0,0.0,0.0,0.0,0,1,5,0,0,0,0,23.645,,0
069,069068,Pollutri,1234,0,4,0.0,88.0,0.0,2068.0,0.0,0.0,0.295,0,2,7,0,0,0,0,47.605,,0
069,069069,Pretoro,23426,0,3,424.0,47.0,0.0,868.0,0.0,0.0,0.017,1,3,18,5,0,2,2,25.723,,0
069,069070,Quadri,83,0,1,0.0,0.0,0.0,691.0,0.0,0.0,0.0,0,0,2,0,0,0,0,56.698,,0
069,069071,Rapino,1682,0,3,23.0,61.0,0.0,1158.0,0.0,0.0,0.0,2,1,8,5,0,4,1,25.895,,0
069,069072,Ripa Teatina,3212,0,4,13.0,90.0,0.0,3879.0,0.0,0.0,0.0,0,1,14,1,0,3,16,9.233,,0
069,069073,Roccamontepiano,1715,0,3,0.0,85.0,0.0,1574.0,0.0,0.0,0.0,0,2,10,1,0,2,2,20.126,,0
069,069074,Rocca San Giovanni,31727,0,4,224.0,384.0,68.75,2307.0,4.593,0.137,0.0,0,2,12,2,0,4,3,29.749,,0
069,069075,Roccascalegna,124,0,3,0.0,40.0,0.0,1032.0,0.0,0.0,0.0,0,1,4,0,0,1,0,42.177,,0
069,069076,Roccaspinalveti,139,0,1,32.0,22.0,0.0,1161.0,0.0,0.401,0.0,0,0,3,0,0,0,0,60.551,,0
069,069077,Roio del Sangro,12,0,1,0.0,2.0,0.0,97.0,0.0,0.0,0.0,0,1,2,1,0,0,1,60.068,,0
069,069078,Rosello,773,0,1,0.0,89.0,0.0,166.0,0.0,0.0,0.0,0,1,7,3,0,0,0,61.515,,0
069,069079,San Buono,102,0,3,0.0,36.0,0.0,854.0,0.0,0.0,0.0,0,0,1,0,0,2,1,58.865,,0
069,069080,San Giovanni Lipioni,16,0,3,0.0,0.0,0.0,137.0,0.0,0.255,0.0,1,3,5,0,0,1,2,72.831,,0
069,069081,San Giovanni Teatino,94751,0,4,321.0,159.0,26.79,14451.0,0.0,0.0,0.0,0,11,57,0,0,17,81,2.17,,0
069,069082,San Martino sulla Marrucina,340,0,3,0.0,42.0,0.0,842.0,0.0,0.0,0.0,0,2,9,0,0,0,0,22.892,,0
069,069083,San Salvo,96795,0,4,463.0,461.0,20.73,19776.0,4.155,0.0,0.721,2,17,26,3,0,18,8,63.706,,0
069,069084,Santa Maria Imbaro,239,0,4,0.0,10.0,0.0,1996.0,0.0,0.0,0.0,0,0,3,0,0,0,0,33.033,,0
069,069085,Sant'Eusanio del Sangro,213,0,3,20.0,21.0,0.0,2253.0,0.0,0.129,0.103,0,3,21,0,0,0,4,33.726,,0
069,069086,San Vito Chietino,30962,0,4,129.0,633.0,22.48,5185.0,4.969,0.0,0.0,0,2,17,1,0,4,8,25.776,,0
069,069087,Scerni,248,0,4,0.0,140.0,0.0,2941.0,0.0,0.0,0.0,0,10,12,1,0,1,0,49.912,,0
069,069088,Schiavi di Abruzzo,153,0,1,62.0,7.0,0.0,651.0,0.0,0.0,0.0,2,5,8,0,0,0,0,74.191,,0
069,069089,Taranta Peligna,147,0,1,0.0,50.0,0.0,290.0,0.0,0.0,0.0,0,0,4,2,0,0,0,44.255,,0
069,069090,Tollo,839,0,4,0.0,86.0,0.0,3884.0,0.0,0.0,0.0,0,3,4,1,0,5,4,14.816,,0
069,069091,Torino di Sangro,95677,0,4,137.0,2599.0,0.0,2899.0,6.994,0.0,2.237,0,0,10,6,0,5,6,39.838,,0
069,069092,Tornareccio,135,0,3,0.0,41.0,0.0,1644.0,0.0,0.0,0.0,0,0,8,7,0,0,0,49.062,,0
069,069093,Torrebruna,80,0,1,0.0,7.0,0.0,668.0,0.0,0.0,0.0,0,0,1,0,0,2,1,69.471,,0
069,069094,Torrevecchia Teatina,269,0,4,0.0,40.0,0.0,4211.0,0.0,0.0,0.0,2,3,30,0,0,1,30,5.977,,0
069,069095,Torricella Peligna,144,0,1,62.0,72.0,0.0,1121.0,0.0,0.0,1.331,0,0,4,1,0,0,0,46.39,,0
069,069096,Treglio,1042,0,4,0.0,31.0,0.0,1711.0,0.0,0.0,0.0,0,0,14,0,0,0,1,27.183,,0
069,069097,Tufillo,40,0,3,0.0,7.0,0.0,334.0,0.0,0.0,0.0,0,4,3,0,0,0,0,67.965,,0
069,069098,Vacri,585,0,4,0.0,49.0,0.0,1494.0,0.0,0.0,0.0,0,1,3,0,0,1,2,16.095,,0
069,069099,Vasto,277220,0,4,2428.0,4547.0,13.8,40874.0,23.074,0.0,3.782,5,27,114,11,1,31,51,54.667,,0
069,069100,Villalfonsina,279,0,4,0.0,32.0,0.0,878.0,0.0,0.0,0.0,1,0,9,0,0,0,0,42.759,,0
069,069101,Villamagna,257,0,4,0.0,27.0,0.0,2148.0,0.0,0.0,0.0,0,2,3,0,0,2,2,12.169,,0
069,069102,Villa Santa Maria,738,0,1,37.0,124.0,0.0,1111.0,0.0,0.0,0.0,1,4,7,0,0,2,2,53.308,,0
069,069103,Pietraferrazzana,15,0,3,40.0,0.0,0.0,128.0,0.0,0.0,0.0,0,0,1,0,0,0,0,53.661,,0
069,069104,Fallo,14,0,1,26.0,0.0,0.0,116.0,0.0,0.0,0.0,0,0,2,0,0,0,0,55.131,,0
070,070001,Acquaviva Collecroce,14,0,3,0.0,11.0,0.0,558.0,0.0,0.0,0.0,0,1,2,0,0,2,0,79.636,,0
070,070002,Baranello,64,0,1,0.0,0.0,0.0,2464.0,0.0,0.0,0.0,1,0,6,0,0,0,2,75.186,,0
070,070003,Bojano,2721,0,1,0.0,18.0,0.0,7535.0,0.0,0.0,24.168,1,7,32,5,0,6,6,68.669,,0
070,070004,Bonefro,31,0,3,0.0,9.0,0.0,1195.0,0.0,0.0,0.002,1,1,1,0,0,0,0,60.152,,0
070,070005,Busso,30,0,1,0.0,35.0,0.0,1158.0,0.0,0.229,0.0,0,0,1,0,0,1,0,78.671,,0
070,070006,Campobasso,42854,0,1,480.0,326.0,100.0,47418.0,0.0,0.0,0.0,5,8,117,3,0,17,301,74.591,,0
070,070007,Campochiaro,15,0,1,0.0,0.0,0.0,580.0,0.0,0.0,49.777,0,0,3,9,0,0,1,64.747,,0
070,070008,Campodipietra,63,0,3,0.0,28.0,0.0,2425.0,0.0,0.0,0.0,0,0,12,0,0,0,1,67.851,,0
070,070009,Campolieto,22,0,1,0.0,0.0,0.0,846.0,0.0,0.0,0.0,0,0,1,1,0,2,3,68.432,,0
070,070010,Campomarino,59414,0,4,451.0,1658.0,0.0,7854.0,15.373,0.0,0.132,0,0,16,6,0,4,2,66.039,,0
070,070011,Casacalenda,48,0,3,0.0,34.0,0.0,1849.0,0.0,8.494,1.436,2,23,4,1,0,3,4,68.076,,0
070,070012,Casalciprano,12,0,1,0.0,21.0,0.0,444.0,0.0,0.0,0.0,0,0,3,1,0,0,0,80.078,,0
070,070013,Castelbottaccio,6,0,3,0.0,0.0,0.0,235.0,0.0,0.0,0.0,0,0,2,0,0,2,0,78.048,,0
070,070014,Castellino del Biferno,11,0,3,0.0,0.0,0.0,421.0,0.0,0.224,0.0,0,0,3,0,0,1,0,72.294,,0
070,070015,Castelmauro,30,0,1,25.0,12.0,0.0,1148.0,0.0,0.0,0.0,0,0,3,0,0,0,0,79.907,,0
070,070016,Castropignano,12470,0,1,448.0,16.0,75.89,864.0,0.0,0.0,0.0,0,1,9,1,1,1,0,84.039,,0
070,070017,Cercemaggiore,1140,0,1,35.0,16.0,0.0,3616.0,0.0,0.0,0.0,0,1,3,0,0,0,0,67.084,,0
070,070018,Cercepiccola,17,0,1,9.0,10.0,0.0,640.0,0.0,0.0,0.0,0,0,2,1,0,1,0,71.664,,0
070,070019,Civitacampomarano,311,0,1,0.0,14.0,0.0,308.0,0.0,0.0,0.0,0,5,3,0,0,1,0,81.547,,0
070,070020,Colle d'Anchise,19,0,1,0.0,24.0,0.0,738.0,0.0,0.0,0.0,0,0,5,0,0,0,0,72.566,,0
070,070021,Colletorto,43,0,3,20.0,0.0,0.0,1648.0,0.0,0.0,0.0,0,1,2,3,0,3,4,51.294,,0
070,070022,Duronia,10,0,1,0.0,4.0,0.0,393.0,0.0,0.0,0.011,0,0,1,0,0,0,0,87.127,,0
070,070023,Ferrazzano,335,0,1,0.0,32.0,0.0,3330.0,0.0,0.0,0.0,0,1,6,0,1,2,0,72.147,,0
070,070024,Fossalto,30,0,1,0.0,0.0,0.0,1153.0,0.0,0.0,0.0,0,0,1,0,0,0,0,85.815,,0
070,070025,Gambatesa,33,0,3,13.0,5.0,0.0,1277.0,0.0,0.0,0.0,0,1,2,6,0,1,0,53.297,,0
070,070026,Gildone,19,0,3,0.0,8.0,0.0,752.0,0.0,0.0,0.0,0,0,1,0,0,0,0,66.5,,0
070,070027,Guardialfiera,475,0,3,16.0,33.0,0.0,942.0,0.0,14.51,0.0,0,1,6,0,0,0,0,75.121,,0
070,070028,Guardiaregia,18,0,1,0.0,24.0,0.0,689.0,0.0,0.0,51.847,0,0,1,7,0,0,1,63.262,,0
070,070029,Guglionesi,2607,0,4,18.0,69.0,0.0,4880.0,0.0,0.0,0.0,0,3,13,0,0,4,6,76.853,,0
070,070030,Jelsi,116,0,3,0.0,42.0,0.0,1590.0,0.0,1.088,0.0,1,0,8,0,0,1,0,62.275,,0
070,070031,Larino,1140,0,3,108.0,59.0,0.0,6324.0,0.0,3.222,0.0,2,0,19,0,0,1,6,67.752,,0
070,070032,Limosano,17,0,1,22.0,6.0,0.0,672.0,0.0,0.0,0.0,0,0,2,0,0,0,0,80.769,,0
070,070033,Lucito,16,0,3,34.0,0.0,0.0,632.0,0.0,0.0,0.0,0,7,6,0,0,2,2,79.532,,0
070,070034,Lupara,10,0,3,0.0,6.0,0.0,400.0,0.0,0.38,0.0,0,1,1,0,0,1,2,75.526,,0
070,070035,Macchia Valfortore,12,0,3,21.0,0.0,0.0,470.0,0.0,0.0,0.0,1,1,6,3,0,2,0,55.023,,0
070,070036,Mafalda,28,0,4,0.0,12.0,0.0,1091.0,0.0,0.0,0.067,0,1,5,1,0,0,0,68.928,,0
070,070037,Matrice,27,0,1,0.0,0.0,0.0,1044.0,0.0,0.0,0.0,0,0,6,1,0,3,1,71.589,,0
070,070038,Mirabello Sannitico,53,0,1,0.0,14.0,0.0,2036.0,0.0,0.0,0.0,0,0,4,0,0,2,0,73.33,,0
070,070039,Molise,4,0,1,0.0,0.0,0.0,145.0,0.0,0.0,0.0,0,0,1,0,0,0,0,84.772,,0
070,070040,Monacilioni,12,0,1,0.0,0.0,0.0,464.0,0.0,0.0,0.0,0,0,1,0,0,1,0,63.551,,0
070,070041,Montagano,25,0,1,0.0,16.0,0.0,976.0,0.0,0.0,0.0,1,1,2,0,0,0,0,75.93,,0
070,070042,Montecilfone,806,0,4,20.0,28.0,100.0,1227.0,0.0,0.0,0.0,0,0,5,1,0,2,0,77.865,,0
070,070043,Montefalcone nel Sannio,35,0,1,0.0,6.0,0.0,1352.0,0.0,0.683,0.0,0,0,3,0,0,0,0,74.936,,0
070,070044,Montelongo,7,0,3,0.0,0.0,0.0,289.0,0.0,0.0,0.0,0,0,1,0,0,0,0,59.407,,0
070,070045,Montemitro,7,0,3,0.0,16.0,0.0,283.0,0.0,0.0,0.0,0,0,2,0,0,0,0,71.852,,0
070,070046,Montenero di Bisaccia,77055,0,4,306.0,1131.0,0.0,6235.0,8.742,0.0,12.409,0,1,28,6,0,6,0,70.455,,0
070,070047,Montorio nei Frentani,9,0,3,0.0,11.0,0.0,350.0,0.0,0.0,0.0,0,0,2,0,0,0,0,61.939,,0
070,070048,Morrone del Sannio,13,0,3,0.0,4.0,0.0,516.0,0.0,0.0,0.0,0,0,2,0,0,0,2,70.999,,0
070,070049,Oratino,233,0,1,0.0,21.0,0.0,1699.0,0.0,0.0,0.0,0,0,3,0,0,1,0,80.567,,0
070,070050,Palata,39,0,3,0.0,4.0,0.0,1498.0,0.0,0.483,0.0,0,0,3,0,0,2,0,77.474,,0
070,070051,Petacciato,91,0,4,0.0,168.0,0.0,3511.0,6.662,0.0,1.529,0,1,10,0,0,5,3,72.19,,0
070,070052,Petrella Tifernina,27,0,3,0.0,0.0,0.0,1033.0,0.0,0.0,0.0,0,3,3,0,0,2,1,75.354,,0
070,070053,Pietracatella,32,0,3,0.0,0.0,0.0,1234.0,0.0,0.0,0.0,0,0,3,8,0,2,1,58.16,,0
070,070054,Pietracupa,5,0,1,0.0,8.0,0.0,205.0,0.0,0.0,0.0,1,0,3,0,0,0,0,88.62,,0
070,070055,Portocannone,60,0,4,0.0,21.0,0.0,2314.0,0.0,0.0,0.0,0,3,2,0,0,0,0,68.898,,0
070,070056,Provvidenti,3,0,3,0.0,0.0,0.0,101.0,0.0,0.0,0.0,0,6,0,0,0,0,0,67.584,,0
070,070057,Riccia,476,0,1,14.0,18.0,0.0,4792.0,0.0,0.0,0.0,1,0,11,5,0,4,0,57.797,,0
070,070058,Ripabottoni,11,0,1,0.0,22.0,0.0,430.0,0.0,0.0,0.0,0,0,8,0,0,0,3,65.073,,0
070,070059,Ripalimosani,78,0,1,0.0,24.0,0.0,3004.0,0.0,0.0,0.0,0,1,12,0,0,4,7,76.951,,0
070,070060,Roccavivara,204,0,1,0.0,29.0,0.0,608.0,0.0,0.06,0.0,0,0,3,0,0,0,0,75.523,,0
070,070061,Rotello,29,0,3,49.0,6.0,0.0,1120.0,0.0,0.276,0.0,0,1,2,0,0,1,1,54.382,,0
070,070062,Salcito,16,0,1,0.0,8.0,0.0,633.0,0.0,0.0,4.844,0,2,3,0,0,1,0,82.707,,0
070,070063,San Biase,3,0,1,0.0,0.0,0.0,134.0,0.0,0.0,0.369,0,0,1,0,0,0,0,85.321,,0
070,070064,San Felice del Molise,14,0,3,0.0,3.0,0.0,544.0,0.0,0.0,0.0,0,1,1,0,0,0,0,73.686,,0
070,070065,San Giacomo degli Schiavoni,36,0,4,0.0,2.0,0.0,1372.0,0.0,0.0,0.0,0,0,5,1,0,2,0,77.309,,0
070,070066,San Giovanni in Galdo,13,0,3,0.0,2.0,0.0,506.0,0.0,0.0,0.0,0,0,2,1,0,3,0,67.451,,0
070,070067,San Giuliano del Sannio,25,0,1,0.0,24.0,0.0,981.0,0.0,0.0,0.0,0,1,3,0,0,0,1,70.535,,0
070,070068,San Giuliano di Puglia,25,0,3,0.0,11.0,0.0,975.0,0.0,0.0,0.0,1,27,6,0,0,0,0,51.473,,0
070,070069,San Martino in Pensilis,1633,0,4,25.0,24.0,0.0,4475.0,0.0,0.0,0.0,0,1,4,1,0,3,1,62.75,,0
070,070070,San Massimo,21230,0,1,339.0,150.0,15.93,823.0,0.0,0.0,22.788,0,0,42,3,0,1,0,67.197,,0
070,070071,San Polo Matese,12,0,1,0.0,18.0,0.0,456.0,0.0,0.0,10.542,0,1,4,3,0,0,2,66.339,,0
070,070072,Santa Croce di Magliano,101,0,3,0.0,18.0,0.0,3915.0,0.0,0.0,0.0,1,0,5,0,0,1,0,51.048,,0
070,070073,Sant'Angelo Limosano,8,0,1,0.0,16.0,0.0,299.0,0.0,0.0,0.394,0,0,3,0,0,0,0,83.543,,0
070,070074,Sant'Elia a Pianisi,39,0,3,20.0,25.0,0.0,1521.0,0.0,0.0,0.0,0,1,5,5,0,2,0,59.013,,0
070,070075,Sepino,47,0,1,0.0,49.0,0.0,1817.0,0.0,0.0,42.316,4,11,8,1,1,1,3,65.095,,0
070,070076,Spinete,30,0,1,0.0,0.0,0.0,1175.0,0.0,0.0,0.0,0,0,3,1,0,0,0,75.775,,0
070,070077,Tavenna,15,0,4,0.0,0.0,0.0,581.0,0.0,0.0,0.0,0,0,3,0,0,0,0,74.299,,0
070,070078,Termoli,151591,0,4,1206.0,1134.0,31.26,31957.0,18.749,0.0,0.242,2,9,65,1,0,24,88,77.532,,0
070,070079,Torella del Sannio,18,0,1,0.0,16.0,0.0,700.0,0.0,0.0,0.0,0,1,2,0,0,0,0,86.239,,0
070,070080,Toro,32,0,3,0.0,0.0,0.0,1221.0,0.0,0.0,0.0,0,0,4,1,0,1,0,64.617,,0
070,070081,Trivento,115,0,1,0.0,44.0,0.0,4351.0,0.0,0.0,3.601,1,1,4,1,0,1,2,79.999,,0
070,070082,Tufara,20,0,3,0.0,0.0,0.0,776.0,0.0,0.0,0.0,0,0,2,2,0,0,0,49.194,,0
070,070083,Ururi,62,0,3,0.0,12.0,0.0,2400.0,0.0,0.0,0.0,0,0,1,0,0,3,0,60.87,,0
070,070084,Vinchiaturo,87,0,1,210.0,28.0,11.43,3371.0,0.0,0.0,0.0,0,0,10,0,0,1,3,72.43,,0
071,071001,Accadia,120,0,1,0.0,62.0,0.0,2204.0,0.0,0.0,0.0,1,0,5,0,0,4,0,32.981,,0
071,071002,Alberona,464,0,3,0.0,42.0,0.0,857.0,0.0,0.0,0.0,0,0,3,1,0,0,0,32.409,,0
071,071003,Anzano di Puglia,244,0,1,0.0,4.0,0.0,1069.0,0.0,0.0,0.0,0,0,5,0,0,2,0,41.274,,0
071,071004,Apricena,1822,0,5,0.0,83.0,0.0,12513.0,0.0,0.0,0.0,0,2,12,1,0,0,5,38.796,,0
071,071005,Ascoli Satriano,652,0,3,0.0,43.0,0.0,5774.0,0.0,0.0,49.084,2,1,14,1,0,3,3,27.152,,0
071,071006,Biccari,965,0,3,0.0,33.0,0.0,2628.0,0.0,0.0,0.0,0,0,5,0,0,1,0,26.463,,0
071,071007,Bovino,6345,0,3,0.0,173.0,0.0,2903.0,0.0,0.0,0.0,2,1,4,0,0,0,4,22.876,,0
071,071008,Cagnano Varano,23605,0,4,24.0,1687.0,0.0,6587.0,9.449,0.0,0.282,0,1,19,0,0,0,1,48.736,,0
071,071009,Candela,3362,0,3,14.0,68.0,0.0,2497.0,0.0,0.0,13.759,0,1,5,0,0,7,3,33.386,,0
071,071010,Carapelle,1588,0,5,0.0,0.0,0.0,6948.0,0.0,0.0,0.0,0,0,4,0,0,0,0,16.064,,0
071,071011,Carlantino,181,0,3,0.0,0.0,0.0,791.0,0.0,0.0,0.0,0,0,2,3,0,2,0,50.532,,0
071,071012,Carpino,2935,0,4,56.0,60.0,0.0,3772.0,0.0,0.0,0.0,0,3,4,0,0,11,9,51.955,,0
071,071013,Casalnuovo Monterotaro,530,0,3,0.0,24.0,0.0,1366.0,0.0,0.0,0.0,0,0,0,2,0,1,0,44.207,,0
071,071014,Casalvecchio di Puglia,379,0,3,0.0,6.0,0.0,1659.0,0.0,0.0,0.0,0,0,5,0,0,0,0,40.204,,0
071,071015,Castelluccio dei Sauri,3323,0,3,75.0,16.0,0.0,2011.0,0.0,0.0,0.009,0,3,4,0,0,2,0,15.012,,0
071,071016,Castelluccio Valmaggiore,270,0,3,0.0,5.0,0.0,1182.0,0.0,0.0,0.0,0,0,2,1,0,0,0,28.664,,0
071,071017,Castelnuovo della Daunia,762,0,3,24.0,20.0,0.0,1286.0,0.0,0.0,0.0,0,2,8,1,0,3,0,37.67,,0
071,071018,Celenza Valfortore,414,0,3,24.0,30.0,0.0,1347.0,0.0,0.0,0.0,0,0,2,14,0,0,0,46.857,,0
071,071019,Celle di San Vito,164,0,1,0.0,39.0,0.0,148.0,0.0,0.0,0.0,0,0,1,0,0,0,0,31.043,,0
071,071020,Cerignola,25789,0,5,192.0,287.0,56.77,57066.0,0.0,0.0,49.199,1,3,106,1,0,24,67,33.565,,0
071,071021,Chieuti,5786,0,5,134.0,110.0,0.0,1490.0,8.148,0.0,0.0,0,0,5,1,0,3,3,58.523,,0
071,071022,Deliceto,1660,0,3,0.0,71.0,0.0,3494.0,0.0,0.0,0.0,0,1,7,0,0,6,0,24.775,,0
071,071023,Faeto,310,0,1,0.0,52.0,0.0,613.0,0.0,0.0,0.0,0,0,4,2,0,0,0,34.239,,0
071,071024,Foggia,144928,0,5,1001.0,1050.0,35.76,145652.0,0.0,0.0,21.714,4,5,181,2,0,27,187,4.835,,0
071,071025,Ischitella,37245,0,4,155.0,1672.0,0.0,4110.0,7.504,0.0,0.934,0,0,14,5,0,0,2,57.041,,0
071,071026,Isole Tremiti,51985,1,5,736.0,767.0,0.0,494.0,24.432,0.0,3.953,0,5,7,0,0,5,0,76.988,,0
071,071027,Lesina,63603,0,5,174.0,1035.0,45.98,6246.0,25.739,0.0,0.0,0,1,31,4,1,5,1,50.874,,0
071,071028,Lucera,28505,0,5,690.0,278.0,96.96,30723.0,0.0,0.0,0.0,1,6,52,0,0,6,101,16.885,,0
071,071029,Manfredonia,140493,0,5,446.0,3269.0,49.33,53722.0,28.951,0.0,0.0,1,3,118,2,1,4,14,26.178,,0
071,071031,Mattinata,229840,0,4,1284.0,3951.0,57.4,5918.0,18.762,0.0,0.0,1,0,29,6,0,4,7,56.365,,0
071,071032,Monteleone di Puglia,102,0,1,0.0,36.0,0.0,942.0,0.0,0.0,1.183,0,0,4,0,0,0,0,38.906,,0
071,071033,Monte Sant'Angelo,68671,0,4,358.0,714.0,70.11,11239.0,12.297,0.027,0.0,3,1,17,8,1,3,8,48.289,,0
071,071034,Motta Montecorvino,144,0,3,0.0,17.0,0.0,630.0,0.0,0.0,0.0,0,0,3,1,0,2,0,36.773,,0
071,071035,Orsara di Puglia,3715,0,1,50.0,46.0,0.0,2499.0,0.0,0.0,0.0,0,0,3,0,0,3,0,25.532,,0
071,071036,Orta Nova,1685,0,5,72.0,69.0,100.0,16645.0,0.0,0.0,0.0,0,0,12,0,0,6,8,20.017,,0
071,071037,Panni,156,0,1,0.0,18.0,0.0,682.0,0.0,0.0,0.045,0,0,1,2,0,1,0,32.387,,0
071,071038,Peschici,571086,0,4,4204.0,14744.0,51.45,4296.0,16.347,0.0,0.0,0,4,83,10,0,6,2,67.62,,0
071,071039,Pietramontecorvino,492,0,3,0.0,42.0,0.0,2457.0,0.0,0.0,0.0,0,0,3,4,0,0,0,34.089,,0
071,071040,Poggio Imperiale,568,0,5,0.0,0.0,0.0,2486.0,0.0,0.0,0.0,0,1,4,0,0,0,0,46.708,,0
071,071041,Rignano Garganico,409,0,3,19.0,30.0,100.0,1789.0,0.0,0.0,0.0,2,0,4,0,0,2,3,25.742,,0
071,071042,Rocchetta Sant'Antonio,377,0,3,0.0,26.0,0.0,1650.0,0.0,0.0,5.346,0,1,6,0,0,0,6,37.243,,0
071,071043,Rodi Garganico,317664,0,4,2940.0,4094.0,16.46,3338.0,11.634,0.0,0.0,0,3,55,10,1,1,7,61.65,,0
071,071044,Roseto Valfortore,1617,0,1,0.0,94.0,0.0,994.0,0.0,0.0,0.0,0,0,3,1,0,1,0,36.613,,0
071,071046,San Giovanni Rotondo,424662,0,3,4889.0,646.0,36.33,26314.0,0.0,0.0,0.0,3,5,84,3,0,5,11,30.729,,0
071,071047,San Marco in Lamis,5231,0,3,74.0,52.0,67.57,12469.0,0.0,0.0,0.0,3,1,10,2,0,1,2,31.425,,0
071,071048,San Marco la Catola,197,0,3,0.0,22.0,0.0,860.0,0.0,0.0,0.0,0,1,3,2,0,0,0,44.993,,0
071,071049,San Nicandro Garganico,16281,0,5,22.0,601.0,0.0,13618.0,5.479,0.0,0.0,0,1,15,2,0,3,3,45.777,,0
071,071050,San Paolo di Civitate,316,0,5,0.0,38.0,0.0,5397.0,0.0,0.0,0.0,1,2,6,0,0,0,1,43.356,,0
071,071051,San Severo,30451,0,5,133.0,224.0,51.88,49287.0,0.0,0.0,0.0,2,12,65,4,1,24,15,26.521,,0
071,071052,Sant'Agata di Puglia,1088,0,3,0.0,36.0,0.0,1793.0,0.0,0.0,0.0,0,1,6,1,0,0,0,34.463,,0
071,071053,Serracapriola,383,0,5,0.0,37.0,0.0,3615.0,8.369,0.0,0.0,0,3,5,2,0,5,0,51.927,,0
071,071054,Stornara,1319,0,5,0.0,49.0,0.0,5785.0,0.0,0.0,0.0,0,16,11,0,0,1,6,25.706,,0
071,071055,Stornarella,1218,0,5,0.0,10.0,0.0,5329.0,0.0,0.0,0.0,0,2,10,0,0,0,8,24.424,,0
071,071056,Torremaggiore,2438,0,5,0.0,129.0,0.0,16471.0,0.0,0.0,0.0,1,1,27,2,0,2,0,35.653,,0
071,071058,Troia,3610,0,5,25.0,191.0,0.0,6602.0,0.0,0.0,0.0,1,3,12,0,0,1,0,16.365,,0
071,071059,Vico del Gargano,127049,0,4,1154.0,2598.0,37.78,7290.0,5.087,0.0,0.0,0,5,29,6,0,2,4,61.153,,0
071,071060,Vieste,2042567,0,4,8133.0,34672.0,53.62,13296.0,44.481,0.0,0.0,0,1,189,46,0,11,6,66.827,,0
071,071061,Volturara Appula,84,0,3,0.0,2.0,0.0,366.0,0.0,0.0,0.0,0,0,3,1,0,1,0,39.702,,0
071,071062,Volturino,759,0,3,0.0,30.0,0.0,1517.0,0.0,0.0,0.0,0,0,3,3,0,1,0,31.932,,0
071,071063,Ordona,700,0,5,0.0,7.0,0.0,3063.0,0.0,0.0,0.0,0,0,6,0,0,0,3,15.73,,0
071,071064,Zapponeta,4062,0,5,112.0,39.0,0.0,3289.0,22.904,0.0,0.0,0,3,13,0,0,2,5,31.256,,0
072,072001,Acquaviva delle Fonti,9724,0,3,0.0,244.0,0.0,19826.0,0.0,0.0,0.0,0,3,43,1,0,7,5,29.5,,0
072,072002,Adelfia,3108,0,5,0.0,50.0,0.0,16473.0,0.0,0.0,0.0,0,4,39,0,0,2,11,19.0,,0
072,072003,Alberobello,299427,0,3,1539.0,2123.0,74.85,10177.0,0.0,0.0,0.0,2,1,36,6,0,9,6,34.796,The <I>Trulli</I> of Alberobello,1
072,072004,Altamura,52931,0,3,383.0,760.0,88.51,70093.0,0.0,0.0,130.423,5,5,106,4,2,4,79,35.396,,0
072,072006,Bari,1372257,0,5,4581.0,5104.0,67.61,316226.0,57.355,0.0,2.313,17,85,939,2,2,135,1106,8.587,,0
072,072008,Binetto,97,0,5,0.0,9.0,0.0,2151.0,0.0,0.0,0.0,0,0,11,0,0,1,11,15.03,,0
072,072010,Bitetto,2336,0,5,14.0,58.0,100.0,11743.0,0.0,0.0,0.0,0,0,18,0,0,1,14,10.986,,0
072,072011,Bitonto,11741,0,3,142.0,276.0,84.51,53103.0,0.0,0.173,22.643,3,6,93,5,0,9,18,14.265,,0
072,072012,Bitritto,4376,0,5,24.0,79.0,0.0,11333.0,0.0,0.0,0.0,0,11,27,0,0,1,8,12.616,,0
072,072014,Capurso,17227,0,5,160.0,46.0,100.0,15174.0,0.0,0.0,0.0,0,3,21,0,0,1,3,17.807,,0
072,072015,Casamassima,5265,0,3,54.0,116.0,0.0,19208.0,0.0,0.0,0.0,0,1,58,0,0,3,3,25.778,,0
072,072016,Cassano delle Murge,11930,0,3,85.0,334.0,72.94,15083.0,0.0,0.0,32.906,0,3,95,6,0,2,0,28.531,,0
072,072017,Castellana Grotte,92883,0,3,497.0,805.0,38.63,19675.0,0.0,0.0,0.0,1,1,98,2,1,5,10,43.738,,0
072,072018,Cellamare,263,0,5,0.0,30.0,0.0,5810.0,0.0,0.0,0.0,0,1,19,0,0,0,1,20.063,,0
072,072019,Conversano,87156,0,3,411.0,746.0,58.64,25827.0,0.0,0.0,0.126,2,4,84,2,0,5,7,35.915,,0
072,072020,Corato,51527,0,3,320.0,399.0,75.94,46985.0,0.0,0.0,54.933,1,1,252,1,0,22,14,32.897,,0
072,072021,Gioia del Colle,41526,0,3,252.0,318.0,58.33,26502.0,0.0,0.0,0.471,2,1,97,3,0,12,45,42.302,,0
072,072022,Giovinazzo,108468,0,5,442.0,898.0,81.45,19260.0,11.472,0.0,0.0,0,3,107,2,0,14,21,8.598,,0
072,072023,Gravina in Puglia,14631,0,3,351.0,581.0,4.27,42341.0,0.0,0.0,77.621,1,8,89,2,0,8,7,46.683,,0
072,072024,Grumo Appula,2150,0,3,0.0,55.0,0.0,12078.0,0.0,0.0,6.553,0,0,40,4,0,0,8,21.368,,0
072,072025,Locorotondo,78596,0,3,243.0,984.0,87.65,13896.0,0.0,0.0,0.0,1,2,60,3,0,10,11,29.608,,0
072,072027,Modugno,58368,0,5,387.0,150.0,58.14,36162.0,0.0,0.327,0.0,0,23,79,2,0,3,155,6.427,,0
072,072028,Mola di Bari,32124,0,5,95.0,759.0,0.0,24334.0,17.619,0.0,0.0,0,1,96,0,1,8,17,29.344,,0
072,072029,Molfetta,31193,0,5,224.0,262.0,40.62,57305.0,18.87,0.0,0.085,2,4,106,19,0,16,21,16.361,,0
072,072030,Monopoli,612001,0,5,3207.0,4301.0,45.28,47857.0,33.565,0.0,0.0,3,9,381,10,1,19,36,44.409,,0
072,072031,Noci,31185,0,3,256.0,549.0,73.44,18221.0,0.0,0.599,0.075,1,2,70,1,0,3,3,38.181,,0
072,072032,Noicattaro,42408,0,5,160.0,84.0,100.0,25912.0,0.0,0.0,0.0,0,0,137,0,0,2,11,22.206,,0
072,072033,Palo del Colle,6825,0,3,55.0,86.0,100.0,20475.0,0.0,0.0,0.0,0,0,19,1,0,0,6,13.665,,0
072,072034,Poggiorsini,58,0,3,0.0,79.0,0.0,1271.0,0.0,0.0,1.288,0,0,5,0,0,1,1,48.967,,0
072,072035,Polignano a Mare,379225,0,5,1916.0,3060.0,89.51,17463.0,22.796,0.0,0.03,3,2,174,1,0,23,17,41.233,,0
072,072036,Putignano,15640,0,3,31.0,323.0,0.0,25851.0,0.0,0.0,0.0,0,1,80,3,0,2,14,43.408,,0
072,072037,Rutigliano,14063,0,5,0.0,114.0,0.0,18219.0,0.0,0.0,0.0,3,0,24,0,0,0,5,26.737,,0
072,072038,Ruvo di Puglia,19044,0,3,78.0,254.0,100.0,24350.0,0.0,0.0,100.641,3,11,149,6,0,18,13,29.7,,0
072,072039,Sammichele di Bari,6242,0,3,42.0,80.0,0.0,5966.0,0.0,0.0,0.0,0,2,27,0,0,4,6,33.746,,0
072,072040,Sannicandro di Bari,1755,0,3,23.0,91.0,0.0,9515.0,0.0,0.0,0.0,0,1,27,0,0,1,6,18.079,,0
072,072041,Santeramo in Colle,12032,0,3,85.0,274.0,0.0,25721.0,0.0,0.0,8.956,0,0,60,1,0,13,1,39.773,,0
072,072043,Terlizzi,4902,0,3,0.0,196.0,0.0,26013.0,0.0,0.0,0.0,2,20,104,2,0,18,22,17.509,,0
072,072044,Toritto,1590,0,3,0.0,92.0,0.0,8000.0,0.0,0.0,19.327,0,5,42,0,0,3,3,21.566,,0
072,072046,Triggiano,734,0,5,0.0,28.0,0.0,25866.0,0.0,0.0,0.0,0,0,30,1,0,1,17,17.788,,0
072,072047,Turi,4335,0,3,86.0,184.0,23.26,13002.0,0.0,0.0,0.0,0,1,32,0,0,0,9,33.576,,0
072,072048,Valenzano,70831,0,5,128.0,171.0,100.0,17215.0,0.0,0.0,0.0,0,5,45,0,0,2,12,15.873,,0
073,073001,Avetrana,13828,0,5,171.0,311.0,86.55,6194.0,0.0,0.0,0.0,0,4,21,2,0,2,2,34.149,,0
073,073002,Carosino,172,0,5,0.0,30.0,0.0,6530.0,0.0,0.0,0.0,0,1,15,0,0,0,4,4.501,,0
073,073003,Castellaneta,312441,0,4,4656.0,394.0,79.98,16073.0,9.402,0.0,17.675,1,2,89,7,0,9,7,43.734,,0
073,073004,Crispiano,25841,0,5,108.0,265.0,100.0,13031.0,0.0,0.0,31.663,1,2,61,6,0,15,12,16.289,,0
073,073005,Faggiano,573,0,5,24.0,8.0,0.0,3392.0,0.0,0.0,0.0,0,2,14,0,0,0,1,10.971,,0
073,073006,Fragagnano,837,0,5,0.0,3.0,0.0,4952.0,0.0,0.0,0.0,0,0,15,0,0,1,0,11.176,,0
073,073007,Ginosa,145521,0,4,1221.0,596.0,93.78,21818.0,6.281,0.0,5.434,0,1,45,0,0,7,5,51.349,,0
073,073008,Grottaglie,14555,0,5,198.0,329.0,22.22,30472.0,0.0,0.0,20.201,3,24,126,3,1,36,78,3.065,,0
073,073009,Laterza,3147,0,4,19.0,237.0,100.0,14761.0,0.0,0.0,48.045,0,0,14,4,0,0,1,54.512,,0
073,073010,Leporano,49609,0,5,36.0,1653.0,0.0,8227.0,7.953,0.0,0.0,0,2,61,2,0,5,2,16.085,,0
073,073011,Lizzano,7125,0,5,38.0,195.0,100.0,9528.0,4.374,0.0,0.0,0,2,17,0,0,2,0,15.914,,0
073,073012,Manduria,94965,0,5,716.0,2469.0,37.99,29810.0,15.28,0.0,10.965,3,2,82,2,0,20,8,25.306,,0
073,073013,Martina Franca,144154,0,4,589.0,1362.0,79.8,46849.0,0.0,0.0,28.239,0,6,340,14,0,23,28,21.215,,0
073,073014,Maruggio,16278,0,5,426.0,428.0,89.67,5235.0,11.706,0.0,0.066,0,0,40,1,0,14,2,24.737,,0
073,073015,Massafra,12897,0,5,147.0,263.0,76.19,31966.0,5.923,0.0,37.989,0,1,108,5,0,26,20,26.07,,0
073,073016,Monteiasi,892,0,5,16.0,9.0,0.0,5281.0,0.0,0.0,0.0,0,1,3,0,0,2,3,2.09,,0
073,073017,Montemesola,593,0,5,0.0,0.0,0.0,3512.0,0.0,0.0,2.695,0,4,10,0,0,3,0,8.035,,0
073,073018,Monteparano,388,0,5,0.0,28.0,0.0,2295.0,0.0,0.0,0.0,0,1,5,0,0,0,0,7.042,,0
073,073019,Mottola,18538,0,4,321.0,220.0,62.93,15228.0,0.0,0.0,58.477,0,3,40,2,0,1,1,36.548,,0
073,073020,Palagianello,3181,0,5,23.0,92.0,13.04,7543.0,0.0,0.0,4.078,0,2,21,2,0,0,3,37.355,,0
073,073021,Palagiano,17022,0,5,138.0,81.0,66.67,15724.0,6.45,0.0,0.191,0,0,33,0,0,3,7,32.672,,0
073,073022,Pulsano,71065,0,5,868.0,490.0,29.61,11202.0,8.903,0.0,0.0,0,1,40,0,0,7,0,15.877,,0
073,073023,Roccaforzata,297,0,5,0.0,7.0,0.0,1758.0,0.0,0.0,0.0,0,2,6,0,0,0,0,8.313,,0
073,073024,San Giorgio Ionico,4897,0,5,52.0,47.0,100.0,14062.0,0.0,0.0,0.0,2,1,22,0,0,1,0,5.537,,0
073,073025,San Marzano di San Giuseppe,131,0,5,0.0,17.0,0.0,8874.0,0.0,0.0,0.086,0,0,20,0,0,14,8,11.106,,0
073,073026,Sava,4174,0,5,0.0,108.0,0.0,15262.0,0.0,0.0,0.0,2,0,33,0,0,5,2,17.126,,0
073,073027,Taranto,272198,0,5,1878.0,1971.0,64.06,187025.0,71.107,0.0,1.276,10,2,322,6,0,62,119,10.054,,0
073,073028,Torricella,17416,0,5,74.0,940.0,0.0,4110.0,4.071,0.0,0.0,0,2,21,0,0,1,7,20.021,,0
073,073029,Statte,105,0,5,0.0,31.0,0.0,12787.0,0.0,0.0,22.71,0,3,63,2,0,2,38,15.703,,0
074,074001,Brindisi,241945,0,5,1161.0,1020.0,47.89,82298.0,75.395,8.317,34.413,2,11,247,4,0,103,433,7.145,,0
074,074002,Carovigno,609927,0,5,3474.0,4266.0,80.2,16943.0,26.596,0.0,6.865,0,2,185,4,1,14,24,20.901,,0
074,074003,Ceglie Messapica,39032,0,4,191.0,530.0,79.58,18636.0,0.0,0.0,0.0,2,1,180,4,0,25,32,17.644,,0
074,074004,Cellino San Marco,23464,0,5,352.0,31.0,76.14,6023.0,0.0,0.0,0.0,0,6,25,0,1,3,10,19.916,,0
074,074005,Cisternino,78635,0,4,385.0,645.0,69.87,11095.0,0.0,0.0,0.0,1,4,54,1,0,17,3,26.75,,0
074,074006,Erchie,221,0,5,0.0,2.0,0.0,8173.0,0.0,0.0,0.0,0,2,31,0,0,14,12,30.096,,0
074,074007,Fasano,678526,0,4,3609.0,4355.0,85.73,38724.0,20.651,0.0,2.858,2,1,268,4,1,34,17,35.079,,0
074,074008,Francavilla Fontana,6919,0,5,24.0,223.0,0.0,34759.0,0.0,0.0,0.0,0,8,131,0,1,35,57,14.027,,0
074,074009,Latiano,1303,0,5,0.0,78.0,0.0,13461.0,0.0,0.0,0.0,1,1,33,0,0,14,16,22.35,,0
074,074010,Mesagne,53911,0,5,401.0,427.0,76.31,26077.0,0.0,0.0,0.016,2,7,125,0,0,29,67,17.887,,0
074,074011,Oria,8101,0,5,228.0,221.0,0.0,14455.0,0.0,0.0,0.0,0,4,64,0,0,9,20,22.248,,0
074,074012,Ostuni,590816,0,4,3240.0,6852.0,50.15,29942.0,30.939,0.0,6.457,2,27,456,13,1,42,44,27.501,,0
074,074013,San Donaci,166,0,5,0.0,17.0,0.0,6154.0,0.0,0.0,0.0,0,0,13,0,0,2,12,23.598,,0
074,074014,San Michele Salentino,5123,0,5,0.0,70.0,0.0,6079.0,0.0,0.0,0.0,0,0,19,0,0,0,6,22.643,,0
074,074015,San Pancrazio Salentino,2312,0,5,0.0,128.0,0.0,9130.0,0.0,0.0,0.0,0,0,28,0,0,6,8,27.575,,0
074,074016,San Pietro Vernotico,2645,0,5,0.0,77.0,0.0,13013.0,5.143,0.0,9.531,0,0,26,0,0,12,14,17.485,,0
074,074017,San Vito dei Normanni,27166,0,5,482.0,322.0,4.56,17931.0,0.0,0.0,0.0,1,2,131,1,0,18,34,20.205,,0
074,074018,Torchiarolo,3652,0,5,0.0,209.0,0.0,5280.0,5.176,0.0,0.0,0,2,36,0,0,3,16,20.112,,0
074,074019,Torre Santa Susanna,1869,0,5,0.0,58.0,0.0,10094.0,0.0,0.0,0.0,0,2,36,0,0,6,12,25.603,,0
074,074020,Villa Castelli,9099,0,4,0.0,228.0,0.0,8973.0,0.0,0.0,0.027,1,3,90,1,1,3,13,8.946,,0
075,075002,Alessano,6508,0,5,24.0,254.0,0.0,6038.0,1.359,0.0,0.47,0,2,39,0,0,2,5,42.374,,0
075,075003,Alezio,23065,0,5,159.0,472.0,70.44,5670.0,0.0,0.0,0.0,1,0,24,0,0,2,9,22.485,,0
075,075004,Alliste,24877,0,5,447.0,302.0,88.14,6419.0,6.81,0.0,0.0,0,1,38,0,0,1,3,34.742,,0
075,075005,Andrano,4506,0,5,24.0,107.0,0.0,4501.0,2.5,0.0,0.958,0,1,16,4,0,3,4,35.001,,0
075,075006,Aradeo,737,0,5,0.0,56.0,0.0,8863.0,0.0,0.0,0.0,0,1,36,0,0,0,0,12.081,,0
075,075007,Arnesano,1714,0,5,0.0,49.0,0.0,3899.0,0.0,0.0,0.0,0,1,28,0,0,1,3,11.908,,0
075,075008,Bagnolo del Salento,4127,0,5,47.0,40.0,0.0,1743.0,0.0,0.0,0.0,0,0,7,0,0,0,3,21.602,,0
075,075009,Botrugno,405,0,5,0.0,4.0,0.0,2623.0,0.0,0.0,0.0,0,0,11,0,0,0,0,25.388,,0
075,075010,Calimera,2119,0,5,10.0,37.0,100.0,6698.0,0.0,0.0,0.0,1,5,6,0,0,0,0,13.438,,0
075,075011,Campi Salentina,1165,0,5,0.0,21.0,0.0,9740.0,0.0,0.0,0.0,1,1,25,0,0,2,11,22.257,,0
075,075012,Cannole,32318,0,5,416.0,117.0,100.0,1576.0,0.0,0.0,0.0,0,1,15,0,0,0,1,23.305,,0
075,075013,Caprarica di Lecce,17884,0,5,0.0,89.0,0.0,2263.0,0.0,0.0,0.0,1,1,5,0,0,0,0,9.801,,0
075,075014,Carmiano,1243,0,5,0.0,71.0,0.0,11653.0,0.0,0.0,0.0,0,0,24,0,0,2,3,14.301,,0
075,075015,Carpignano Salentino,27311,0,5,211.0,410.0,55.92,3630.0,0.0,0.0,0.0,0,0,32,0,0,1,0,18.634,,0
075,075016,Casarano,7385,0,5,307.0,269.0,38.11,19151.0,0.0,0.0,0.033,0,1,106,0,0,20,62,25.059,,0
075,075017,Castri di Lecce,422,0,5,0.0,0.0,0.0,2732.0,0.0,0.0,0.0,0,3,4,0,0,0,0,12.119,,0
075,075018,Castrignano de' Greci,1944,0,5,40.0,34.0,0.0,3639.0,0.0,0.0,0.0,1,1,9,0,0,3,0,16.548,,0
075,075019,Castrignano del Capo,110679,0,5,875.0,765.0,59.89,5098.0,10.262,0.0,1.807,0,5,77,3,0,7,10,50.173,,0
075,075020,Cavallino,5158,0,5,17.0,225.0,0.0,12931.0,0.0,0.0,0.0,0,7,53,1,0,3,11,8.217,,0
075,075021,Collepasso,966,0,5,0.0,44.0,0.0,5554.0,0.0,0.0,0.0,0,1,30,0,0,6,12,19.095,,0
075,075022,Copertino,4757,0,5,55.0,154.0,54.55,22969.0,0.0,0.0,0.0,1,3,48,1,0,4,3,7.886,,0
075,075023,Corigliano d'Otranto,8410,0,5,20.0,244.0,0.0,5598.0,0.0,0.0,0.0,0,3,31,0,0,1,3,13.742,,0
075,075024,Corsano,1045,0,5,0.0,62.0,0.0,5119.0,4.308,0.0,1.529,0,0,13,1,0,1,0,45.124,,0
075,075025,Cursi,5015,0,5,0.0,85.0,0.0,3839.0,0.0,0.0,0.0,0,2,15,0,0,5,0,18.75,,0
075,075026,Cutrofiano,10274,0,5,70.0,209.0,70.0,8657.0,0.0,0.812,0.0,0,2,80,1,0,4,5,15.674,,0
075,075027,Diso,16438,0,5,89.0,406.0,100.0,2803.0,2.943,0.0,1.159,0,2,23,7,0,1,0,34.901,,0
075,075028,Gagliano del Capo,29357,0,5,109.0,1152.0,100.0,4863.0,10.944,0.0,3.62,2,5,47,5,0,4,9,49.019,,0
075,075029,Galatina,25632,0,5,113.0,474.0,73.45,25485.0,0.0,0.0,0.0,5,10,116,0,1,14,18,5.351,,0
075,075030,Galatone,17141,0,5,45.0,345.0,0.0,14884.0,1.834,0.0,0.0,0,4,59,0,0,1,4,12.248,,0
075,075031,Gallipoli,679453,0,5,2242.0,10374.0,40.81,19139.0,38.993,0.0,7.048,6,3,124,5,1,32,46,25.23,,0
075,075032,Giuggianello,1554,0,5,0.0,66.0,0.0,1127.0,0.0,0.0,0.0,1,4,15,0,0,1,1,26.153,,0
075,075033,Giurdignano,30483,0,5,229.0,352.0,35.37,1953.0,0.0,0.0,0.0,0,2,30,0,0,1,2,28.357,,0
075,075034,Guagnano,709,0,5,0.0,35.0,0.0,5321.0,0.0,0.0,0.0,0,0,17,0,0,4,11,26.534,,0
075,075035,Lecce,950511,0,5,3625.0,9031.0,88.0,94250.0,22.514,0.0,16.023,13,25,512,5,0,78,542,18.407,,0
075,075036,Lequile,8698,0,5,210.0,197.0,100.0,8581.0,0.0,0.0,0.0,0,0,48,0,0,4,0,3.767,,0
075,075037,Leverano,18077,0,5,93.0,451.0,100.0,13476.0,0.0,0.0,0.0,0,0,22,0,0,5,5,15.242,,0
075,075038,Lizzanello,4801,0,5,0.0,124.0,0.0,11759.0,0.0,0.0,0.0,0,4,75,0,0,2,3,12.462,,0
075,075039,Maglie,8020,0,5,46.0,205.0,100.0,13367.0,0.0,0.0,0.0,1,0,82,0,0,8,14,19.107,,0
075,075040,Martano,15797,0,5,0.0,444.0,0.0,8485.0,0.0,0.0,0.0,0,0,14,0,0,2,1,13.795,,0
075,075041,Martignano,242,0,5,0.0,35.0,0.0,1567.0,0.0,0.0,0.0,0,0,14,0,0,0,0,10.666,,0
075,075042,Matino,2110,0,5,25.0,141.0,0.0,10875.0,0.0,0.0,0.0,0,2,73,0,0,3,3,23.782,,0
075,075043,Melendugno,528316,0,5,5561.0,3522.0,44.15,9999.0,20.541,0.0,0.0,0,5,146,5,0,10,41,21.062,,0
075,075044,Melissano,110,0,5,0.0,28.0,0.0,6632.0,0.0,0.0,0.0,0,1,31,0,0,2,3,29.422,,0
075,075045,Melpignano,323,0,5,0.0,4.0,0.0,2089.0,0.0,0.0,0.0,0,1,28,0,0,3,2,16.605,,0
075,075046,Miggiano,499,0,5,0.0,18.0,0.0,3229.0,0.0,0.0,0.0,0,0,6,0,0,0,5,34.046,,0
075,075047,Minervino di Lecce,35688,0,5,417.0,173.0,89.21,3438.0,0.0,0.0,0.0,0,4,25,0,0,0,2,29.635,,0
075,075048,Monteroni di Lecce,3968,0,5,23.0,57.0,100.0,13236.0,0.0,0.0,0.0,2,1,57,0,0,3,5,9.409,,0
075,075049,Montesano Salentino,679,0,5,0.0,38.0,0.0,2603.0,0.0,0.0,0.0,0,0,20,0,0,0,3,32.402,,0
075,075050,Morciano di Leuca,60925,0,5,664.0,574.0,0.0,3030.0,3.651,0.0,0.0,0,2,22,0,0,2,5,46.295,,0
075,075051,Muro Leccese,7480,0,5,68.0,333.0,0.0,4655.0,0.0,0.0,0.0,1,1,43,0,0,5,5,22.667,,0
075,075052,Nardò,279102,0,5,1684.0,3305.0,77.38,30748.0,28.935,0.0,11.248,7,10,167,3,0,14,16,15.338,,0
075,075053,Neviano,2449,0,5,25.0,19.0,0.0,4872.0,0.0,0.0,0.0,2,0,19,0,0,0,0,15.988,,0
075,075054,Nociglia,1408,0,5,0.0,40.0,0.0,2100.0,0.0,0.0,0.0,0,0,4,0,0,0,0,28.494,,0
075,075055,Novoli,3332,0,5,0.0,179.0,0.0,7482.0,0.0,0.0,0.0,0,0,28,0,0,5,10,16.81,,0
075,075056,Ortelle,8150,0,5,40.0,201.0,100.0,2179.0,0.0,0.0,0.257,0,0,18,0,0,2,0,33.16,,0
075,075057,Otranto,695893,0,5,5070.0,7699.0,36.04,5612.0,38.182,15.303,10.126,2,3,104,17,1,14,22,28.962,,0
075,075058,Palmariggi,7963,0,5,0.0,101.0,0.0,1356.0,0.0,0.0,0.0,0,2,8,0,0,0,0,24.397,,0
075,075059,Parabita,8417,0,5,0.0,245.0,0.0,8676.0,0.0,0.0,0.0,1,3,94,0,0,3,4,20.6,,0
075,075060,Patù,28624,0,5,248.0,145.0,83.47,1652.0,4.083,0.0,0.0,0,1,23,0,0,2,2,48.688,,0
075,075061,Poggiardo,8963,0,5,72.0,103.0,100.0,5811.0,0.0,0.0,0.0,3,1,22,0,0,3,3,29.448,,0
075,075063,Racale,15422,0,5,92.0,412.0,0.0,10702.0,5.185,0.0,0.0,0,1,69,0,0,3,4,31.791,,0
075,075064,Ruffano,3189,0,5,24.0,113.0,0.0,9305.0,0.0,0.0,0.0,0,0,53,0,0,3,9,29.937,,0
075,075065,Salice Salentino,12467,0,5,76.0,141.0,100.0,7732.0,0.0,0.0,0.0,1,1,19,0,0,1,6,25.727,,0
075,075066,Salve,125160,0,5,1300.0,1585.0,8.46,4571.0,8.621,0.0,0.006,1,2,74,0,0,9,4,44.251,,0
075,075067,Sanarica,1392,0,5,0.0,72.0,0.0,1475.0,0.0,0.0,0.0,0,1,22,0,0,1,7,25.406,,0
075,075068,San Cesario di Lecce,6241,0,5,0.0,76.0,0.0,7887.0,0.0,0.0,0.0,1,0,37,0,0,1,5,7.625,,0
075,075069,San Donato di Lecce,1135,0,5,0.0,69.0,0.0,5413.0,0.0,0.0,0.0,0,0,25,1,0,1,4,5.181,,0
075,075070,Sannicola,26625,0,5,145.0,504.0,54.48,5571.0,0.0,0.0,0.0,0,2,42,1,0,3,3,17.801,,0
075,075071,San Pietro in Lama,1525,0,5,0.0,88.0,0.0,3369.0,0.0,0.0,0.0,0,0,8,0,0,0,0,6.614,,0
075,075072,Santa Cesarea Terme,106378,0,5,1425.0,1588.0,56.14,2827.0,11.935,0.0,5.405,1,2,45,3,0,6,1,33.86,,0
075,075073,Scorrano,945,0,5,0.0,40.0,0.0,6614.0,0.0,0.0,0.0,1,0,28,1,0,0,0,22.076,,0
075,075074,Seclì,281,0,5,0.0,39.0,0.0,1818.0,0.0,0.0,0.0,0,2,14,0,0,0,3,12.878,,0
075,075075,Sogliano Cavour,1145,0,5,0.0,44.0,0.0,3863.0,0.0,0.0,0.0,0,0,25,0,0,2,5,11.837,,0
075,075076,Soleto,398,0,5,0.0,51.0,0.0,5131.0,0.0,0.0,0.0,0,2,21,0,0,0,3,7.02,,0
075,075077,Specchia,7934,0,5,293.0,207.0,8.53,4540.0,0.0,0.0,0.0,0,2,40,1,0,0,5,35.92,,0
075,075078,Spongano,9347,0,5,23.0,81.0,0.0,3431.0,0.0,0.0,0.0,0,0,13,0,0,4,3,31.687,,0
075,075079,Squinzano,13929,0,5,194.0,165.0,0.0,13379.0,4.36,0.0,0.0,0,0,29,0,0,9,4,24.201,,0
075,075080,Sternatia,3234,0,5,25.0,115.0,0.0,2115.0,0.0,0.0,0.0,0,3,13,0,0,0,1,7.638,,0
075,075081,Supersano,3463,0,5,106.0,51.0,100.0,4118.0,0.0,0.0,0.0,0,2,11,0,0,2,2,24.942,,0
075,075082,Surano,721,0,5,0.0,30.0,0.0,1512.0,0.0,0.0,0.0,0,1,18,0,0,0,4,29.854,,0
075,075083,Surbo,1985,0,5,0.0,84.0,0.0,14603.0,0.0,0.0,0.0,0,0,23,0,0,3,6,19.37,,0
075,075084,Taurisano,514,0,5,0.0,34.0,0.0,11242.0,0.0,0.0,0.0,0,5,32,0,0,3,8,33.094,,0
075,075085,Taviano,19240,0,5,89.0,401.0,0.0,11449.0,1.53,0.0,0.0,0,0,28,0,0,5,6,28.629,,0
075,075086,Tiggiano,1746,0,5,0.0,64.0,0.0,2799.0,1.089,0.0,0.588,0,0,19,0,0,0,1,42.624,,0
075,075087,Trepuzzi,7218,0,5,0.0,130.0,0.0,13783.0,2.37,0.0,0.295,0,0,37,1,0,6,4,21.332,,0
075,075088,Tricase,36855,0,5,167.0,694.0,46.71,16990.0,9.562,0.0,3.893,0,5,117,9,0,7,6,38.625,,0
075,075089,Tuglie,11069,0,5,206.0,155.0,92.23,5054.0,0.0,0.0,0.0,0,0,30,0,0,4,5,18.604,,0
075,075090,Ugento,935567,0,5,9001.0,5605.0,49.31,11970.0,14.831,0.0,16.305,1,6,169,3,0,7,7,36.273,,0
075,075091,Uggiano la Chiesa,35138,0,5,184.0,580.0,85.87,4317.0,0.0,0.0,0.054,0,2,18,0,0,4,9,31.13,,0
075,075092,Veglie,4123,0,5,0.0,233.0,0.0,13237.0,0.0,0.0,0.0,0,0,24,0,0,5,3,21.38,,0
075,075093,Vernole,94449,0,5,599.0,745.0,41.07,6646.0,9.33,0.0,3.766,0,3,36,8,0,2,3,17.596,,0
075,075094,Zollino,6721,0,5,0.0,111.0,0.0,1838.0,0.0,0.0,0.0,0,5,9,0,0,4,4,10.572,,0
075,075095,San Cassiano,1587,0,5,0.0,31.0,0.0,1941.0,0.0,0.0,0.0,0,5,17,0,0,1,0,26.855,,0
075,075096,Castro,35106,0,5,441.0,363.0,78.68,2348.0,6.279,0.0,1.923,0,2,26,2,0,2,4,35.703,,0
075,075097,Porto Cesareo,429761,0,5,2972.0,4216.0,49.36,6463.0,36.319,0.0,0.228,0,0,82,4,0,12,14,26.351,,0
075,075098,Presicce-Acquarica,43087,0,5,460.0,328.0,39.35,9241.0,0.0,0.0,0.056,2,2,30,0,0,1,5,39.578,,0
076,076001,Abriola,452,0,1,58.0,21.0,74.14,1269.0,0.0,0.0,59.665,0,1,12,1,0,0,0,75.91,,0
076,076002,Acerenza,739,0,3,0.0,30.0,0.0,2074.0,0.0,0.0,0.0,0,1,2,0,0,0,3,77.725,,0
076,076003,Albano di Lucania,141,0,1,0.0,21.0,0.0,1309.0,0.0,0.0,0.122,0,0,2,0,0,0,2,85.134,,0
076,076004,Anzi,120,0,1,0.0,30.0,0.0,1504.0,0.0,0.0,18.573,0,0,5,1,0,1,0,86.111,,0
076,076005,Armento,195,0,1,0.0,15.0,0.0,547.0,0.0,0.0,3.324,0,0,3,0,0,1,1,104.834,,0
076,076006,Atella,1823,0,3,0.0,37.0,0.0,3632.0,0.0,1.498,27.92,1,0,6,3,0,0,0,62.471,,0
076,076007,Avigliano,2650,0,1,23.0,64.0,0.0,10555.0,0.0,0.0,0.0,0,4,19,2,0,2,9,73.936,,0
076,076008,Balvano,1169,0,1,0.0,30.0,0.0,1692.0,0.0,0.082,0.0,0,1,5,0,0,0,0,52.751,,0
076,076009,Banzi,183,0,3,0.0,38.0,0.0,1163.0,0.0,0.0,0.0,0,1,4,0,0,0,0,66.796,,0
076,076010,Baragiano,879,0,1,0.0,7.0,0.0,2469.0,0.0,0.0,0.0,0,0,6,0,0,2,6,59.142,,0
076,076011,Barile,7656,0,3,83.0,15.0,0.0,2569.0,0.0,0.0,6.026,0,0,4,0,0,2,2,55.367,,0
076,076012,Bella,172,0,1,0.0,50.0,0.0,4666.0,0.0,0.0,0.0,0,0,10,0,0,0,4,60.386,,0
076,076013,Brienza,5016,0,1,124.0,38.0,0.0,3853.0,0.0,0.0,18.639,0,1,7,0,0,0,1,61.475,,0
076,076014,Brindisi Montagna,276,0,1,23.0,20.0,0.0,774.0,0.0,0.0,0.0,0,0,2,0,1,0,0,85.919,,0
076,076015,Calvello,3414,0,1,75.0,16.0,0.0,1774.0,0.0,0.0,32.816,0,1,2,1,0,0,0,83.144,,0
076,076016,Calvera,126,0,1,0.0,0.0,0.0,355.0,0.0,0.0,0.0,0,0,1,0,0,0,0,114.014,,0
076,076017,Campomaggiore,251,0,1,0.0,8.0,0.0,704.0,0.0,0.0,0.144,1,1,4,0,0,0,2,85.096,,0
076,076018,Cancellara,403,0,1,0.0,14.0,0.0,1131.0,0.0,0.0,0.0,0,1,1,1,0,0,0,83.96,,0
076,076019,Carbone,178,0,1,0.0,0.0,0.0,500.0,0.0,0.0,4.799,0,0,1,0,0,0,0,112.894,,0
076,076020,San Paolo Albanese,77,0,1,0.0,0.0,0.0,215.0,0.0,0.0,0.0,1,0,1,0,0,1,0,105.696,,0
076,076021,Castelgrande,287,0,1,23.0,8.0,0.0,807.0,0.0,0.0,0.0,0,0,2,0,0,0,0,48.411,,0
076,076022,Castelluccio Inferiore,681,0,1,120.0,0.0,0.0,1911.0,0.0,0.0,0.0,1,0,3,0,0,1,2,115.658,,0
076,076023,Castelluccio Superiore,250,0,1,70.0,0.0,0.0,703.0,0.0,0.0,0.0,0,0,2,2,0,1,2,111.404,,0
076,076024,Castelmezzano,3368,0,1,48.0,143.0,0.0,704.0,0.0,0.0,30.922,0,0,3,4,0,2,0,91.629,,0
076,076025,Castelsaraceno,1128,0,1,0.0,62.0,0.0,1148.0,0.0,0.0,52.85,0,0,3,6,0,0,0,103.917,,0
076,076026,Castronuovo di Sant'Andrea,307,0,1,0.0,0.0,0.0,862.0,0.0,0.0,0.0,0,0,3,1,0,1,0,110.978,,0
076,076027,Cersosimo,183,0,3,0.0,0.0,0.0,513.0,0.0,0.0,0.0,1,0,3,0,0,2,0,102.492,,0
076,076028,Chiaromonte,2077,0,1,36.0,130.0,0.0,1722.0,0.0,0.0,2.438,0,4,6,6,0,0,2,112.463,,0
076,076029,Corleto Perticara,5680,0,1,84.0,58.0,0.0,2283.0,0.0,0.0,0.711,1,0,3,0,0,1,4,98.882,,0
076,076030,Episcopia,451,0,1,0.0,14.0,0.0,1267.0,0.0,0.0,0.0,0,0,3,0,0,0,0,117.784,,0
076,076031,Fardella,203,0,1,0.0,0.0,0.0,570.0,0.0,0.0,3.572,0,0,4,5,0,0,1,117.056,,0
076,076032,Filiano,294,0,1,116.0,24.0,100.0,2687.0,0.0,0.0,0.495,0,0,5,2,0,1,6,69.354,,0
076,076033,Forenza,639,0,3,0.0,13.0,0.0,1795.0,0.0,0.0,0.188,0,1,7,0,0,2,0,69.68,,0
076,076034,Francavilla in Sinni,633,0,1,27.0,93.0,0.0,3875.0,0.0,0.0,4.039,0,0,8,1,0,2,0,113.29,,0
076,076035,Gallicchio,262,0,1,0.0,20.0,0.0,786.0,0.0,0.0,7.821,0,0,5,0,0,0,2,108.043,,0
076,076036,Genzano di Lucania,1846,0,3,35.0,6.0,0.0,5183.0,0.0,0.0,0.0,0,2,8,1,0,0,4,62.669,,0
076,076037,Grumento Nova,16336,0,1,278.0,66.0,0.0,1538.0,0.0,18.912,28.081,1,0,5,1,0,3,0,90.189,,0
076,076038,Guardia Perticara,187,0,1,0.0,35.0,0.0,526.0,0.0,0.0,0.0,0,1,6,1,0,0,1,102.673,,0
076,076039,Lagonegro,25249,0,1,186.0,90.0,68.82,4989.0,0.0,0.631,27.612,0,0,18,10,0,2,2,89.946,,0
076,076040,Latronico,2176,0,1,76.0,45.0,0.0,4016.0,0.0,0.0,11.16,2,2,14,4,0,7,0,111.274,,0
076,076041,Laurenzana,873,0,1,0.0,40.0,0.0,1563.0,0.0,0.0,37.61,0,1,5,0,0,0,0,92.759,,0
076,076042,Lauria,8709,0,1,135.0,124.0,0.0,11771.0,0.0,0.085,20.797,0,3,15,3,0,3,18,103.042,,0
076,076043,Lavello,18163,0,3,220.0,10.0,27.27,12922.0,0.0,0.0,3.25,0,1,22,1,0,3,1,47.431,,0
076,076044,Maratea,238851,0,2,1105.0,2376.0,49.59,4609.0,27.32,0.0,0.0,1,2,74,11,0,2,14,98.381,,0
076,076045,Marsico Nuovo,424,0,1,0.0,27.0,0.0,3775.0,0.0,0.0,40.795,0,1,12,11,0,5,0,73.255,,0
076,076046,Marsicovetere,17639,0,1,88.0,45.0,0.0,5668.0,0.0,0.0,32.96,0,0,12,6,0,1,0,82.077,,0
076,076047,Maschito,518,0,3,0.0,3.0,0.0,1454.0,0.0,0.0,0.028,0,0,2,1,0,0,0,63.13,,0
076,076048,Melfi,37586,0,3,489.0,121.0,70.96,17031.0,0.0,0.181,37.75,3,10,41,6,0,4,25,45.322,,0
076,076049,Missanello,171,0,3,0.0,2.0,0.0,480.0,0.0,0.0,0.073,0,1,4,0,0,0,4,105.738,,0
076,076050,Moliterno,2754,0,1,38.0,50.0,0.0,3526.0,0.0,0.0,89.775,8,2,11,0,0,0,3,92.022,,0
076,076051,Montemilone,489,0,3,0.0,0.0,0.0,1372.0,0.0,0.934,0.158,1,4,5,0,0,6,1,58.098,,0
076,076052,Montemurro,101,0,1,0.0,16.0,0.0,1057.0,0.0,9.929,14.857,1,0,3,0,0,0,6,98.474,,0
076,076053,Muro Lucano,2851,0,1,60.0,48.0,0.0,4897.0,0.0,0.0,0.003,2,1,8,1,0,4,0,49.194,,0
076,076054,Nemoli,2546,0,1,18.0,60.0,0.0,1374.0,0.0,0.918,11.934,0,0,7,2,1,1,2,97.171,,0
076,076055,Noepoli,263,0,3,0.0,13.0,0.0,739.0,0.0,0.0,2.499,0,0,5,2,0,0,1,102.48,,0
076,076056,Oppido Lucano,1255,0,3,56.0,0.0,0.0,3524.0,0.0,0.0,0.0,0,1,5,0,0,0,0,73.733,,0
076,076057,Palazzo San Gervasio,7968,0,3,19.0,30.0,0.0,4360.0,0.0,0.0,0.0,1,2,6,1,1,0,2,67.946,,0
076,076058,Pescopagano,587,0,1,0.0,6.0,0.0,1648.0,0.0,0.0,0.0,0,0,8,0,0,0,0,49.53,,0
076,076059,Picerno,13179,0,1,130.0,23.0,100.0,5612.0,0.0,0.175,0.0,0,0,7,10,0,1,3,62.018,,0
076,076060,Pietragalla,1360,0,1,0.0,10.0,0.0,3818.0,0.0,0.0,0.0,1,1,4,0,0,0,3,79.998,,0
076,076061,Pietrapertosa,2549,0,1,18.0,126.0,0.0,870.0,0.0,0.0,66.777,0,1,2,6,0,1,0,92.365,,0
076,076062,Pignola,11211,0,1,259.0,42.0,93.82,6811.0,0.0,5.272,21.277,0,1,18,1,0,9,0,74.864,,0
076,076063,Potenza,51746,0,1,612.0,441.0,78.43,64070.0,0.0,0.0,0.071,4,1,68,5,0,65,358,76.348,,0
076,076064,Rapolla,1991,0,3,93.0,52.0,0.0,4137.0,0.0,0.0,8.333,0,0,6,1,0,1,1,51.81,,0
076,076065,Rapone,300,0,1,0.0,6.0,0.0,841.0,0.0,0.128,0.0,1,0,4,0,0,4,1,56.379,,0
076,076066,Rionero in Vulture,16874,0,3,181.0,64.0,0.0,12446.0,0.0,2.455,24.643,1,1,14,5,0,2,4,57.155,,0
076,076067,Ripacandida,198,0,3,0.0,34.0,0.0,1565.0,0.0,0.0,10.418,0,0,7,1,0,1,0,61.89,,0
076,076068,Rivello,985,0,2,0.0,54.0,0.0,2513.0,0.0,0.0,5.374,1,0,7,3,0,1,3,92.419,,0
076,076069,Roccanova,459,0,3,0.0,6.0,0.0,1288.0,0.0,0.0,0.0,0,0,2,0,0,0,1,106.533,,0
076,076070,Rotonda,9606,0,1,118.0,146.0,19.49,3147.0,0.0,0.0,0.0,2,0,6,5,0,1,1,115.575,,0
076,076071,Ruoti,149,0,1,0.0,15.0,0.0,3236.0,0.0,0.571,0.0,0,0,7,3,0,0,0,67.028,,0
076,076072,Ruvo del Monte,347,0,3,0.0,12.0,0.0,974.0,0.0,0.0,2.846,0,0,6,0,0,0,0,60.618,,0
076,076073,San Chirico Nuovo,405,0,3,0.0,12.0,0.0,1138.0,0.0,0.0,0.0,0,0,4,0,0,0,2,77.801,,0
076,076074,San Chirico Raparo,659,0,1,0.0,42.0,0.0,914.0,0.0,0.0,38.519,0,0,3,0,0,0,0,109.606,,0
076,076075,San Costantino Albanese,1006,0,1,18.0,64.0,0.0,601.0,0.0,0.0,0.512,1,0,2,1,0,0,0,109.082,,0
076,076076,San Fele,902,0,1,0.0,4.0,0.0,2533.0,0.0,0.0,5.214,0,0,2,1,0,1,0,61.93,,0
076,076077,San Martino d'Agri,216,0,1,0.0,21.0,0.0,643.0,0.0,0.0,50.635,0,0,0,0,0,1,0,105.796,,0
076,076078,San Severino Lucano,9419,0,1,160.0,88.0,10.0,1373.0,0.0,0.0,7.093,4,1,4,12,0,3,0,119.046,,0
076,076079,Sant'Angelo Le Fratte,460,0,1,0.0,4.0,0.0,1290.0,0.0,0.0,0.0,0,0,0,0,0,0,0,56.368,,0
076,076080,Sant'Arcangelo,1163,0,3,32.0,29.0,0.0,5955.0,0.0,0.0,0.0,0,0,11,0,0,1,4,97.54,,0
076,076081,Sarconi,507,0,1,0.0,12.0,0.0,1422.0,0.0,0.0,18.414,0,0,3,0,0,0,1,95.613,,0
076,076082,Sasso di Castalda,286,0,1,0.0,29.0,0.0,725.0,0.0,0.0,32.307,0,1,10,10,0,1,0,68.268,,0
076,076083,Satriano di Lucania,870,0,1,0.0,51.0,0.0,2262.0,0.0,0.0,8.187,0,35,3,0,0,0,0,62.274,,0
076,076084,Savoia di Lucania,351,0,1,0.0,10.0,0.0,986.0,0.0,0.0,0.751,1,1,1,1,0,1,1,57.505,,0
076,076085,Senise,399,0,3,11.0,91.0,0.0,6463.0,0.0,0.0,0.0,1,1,10,0,0,12,4,101.266,,0
076,076086,Spinoso,301,0,1,0.0,28.0,0.0,1296.0,0.0,8.813,41.941,0,1,2,1,0,1,1,98.818,,0
076,076087,Teana,181,0,1,0.0,22.0,0.0,509.0,0.0,0.0,0.0,0,5,2,0,0,0,3,115.142,,0
076,076088,Terranova di Pollino,3298,0,1,98.0,106.0,0.0,1006.0,0.0,0.187,18.122,0,0,2,20,0,4,0,113.915,,0
076,076089,Tito,21832,0,1,327.0,18.0,63.91,7053.0,0.0,0.0,18.327,1,1,6,2,0,16,12,66.161,,0
076,076090,Tolve,1045,0,3,24.0,20.0,0.0,2933.0,0.0,0.0,0.0,0,0,2,0,0,0,0,77.25,,0
076,076091,Tramutola,1024,0,1,0.0,14.0,0.0,2876.0,0.0,0.0,28.679,0,1,14,0,1,0,2,81.058,,0
076,076092,Trecchina,4571,0,2,98.0,215.0,0.0,2148.0,0.0,0.0,0.0,0,1,10,0,0,3,1,99.407,,0
076,076093,Trivigno,207,0,1,0.0,26.0,0.0,581.0,0.0,0.0,0.037,0,0,2,0,0,2,2,91.221,,0
076,076094,Vaglio Basilicata,767,0,1,12.0,43.0,0.0,1831.0,0.0,0.0,0.0,1,0,4,5,0,0,1,86.158,,0
076,076095,Venosa,18377,0,3,175.0,134.0,0.0,10795.0,0.0,0.0,0.492,1,2,23,0,0,4,5,56.326,,0
076,076096,Vietri di Potenza,944,0,1,88.0,0.0,77.27,2650.0,0.0,0.0,0.008,0,7,10,0,0,1,0,52.125,,0
076,076097,Viggianello,7897,0,1,246.0,198.0,0.0,2659.0,0.0,0.0,1.188,0,0,9,15,0,7,1,119.703,,0
076,076098,Viggiano,29962,0,1,372.0,106.0,0.0,3208.0,0.0,0.0,26.779,1,6,12,1,0,2,8,89.643,,0
076,076099,Ginestra,239,0,3,0.0,0.0,0.0,671.0,0.0,0.0,22.882,0,0,5,0,0,0,1,59.977,,0
076,076100,Paterno,1066,0,1,0.0,16.0,0.0,2993.0,0.0,0.0,21.078,0,0,4,0,0,0,1,76.372,,0
077,077001,Accettura,2363,0,1,54.0,4.0,0.0,1602.0,0.0,0.0,89.842,0,9,9,8,1,6,1,88.298,,0
077,077002,Aliano,729,0,3,0.0,37.0,0.0,859.0,0.0,0.0,0.0,4,1,5,0,0,2,0,100.555,,0
077,077003,Bernalda,225776,0,5,2228.0,4735.0,28.32,11912.0,7.317,0.0,6.154,2,8,23,6,1,5,11,55.607,,0
077,077004,Calciano,262,0,3,0.0,0.0,0.0,655.0,0.0,0.0,45.762,0,0,1,4,0,0,1,78.728,,0
077,077005,Cirigliano,109,0,1,0.0,0.0,0.0,273.0,0.0,0.0,0.871,0,1,5,0,1,0,0,94.745,,0
077,077006,Colobraro,361,0,3,0.0,58.0,0.0,1055.0,0.0,0.0,0.0,0,1,4,0,0,0,0,91.436,,0
077,077007,Craco,237,0,3,0.0,0.0,0.0,592.0,0.0,0.0,0.0,0,2,3,0,0,1,0,84.196,,0
077,077008,Ferrandina,13096,0,3,116.0,11.0,0.0,7922.0,0.0,0.696,1.164,1,0,8,0,0,1,36,78.494,,0
077,077009,Garaguso,376,0,3,21.0,4.0,0.0,940.0,0.0,0.0,2.343,0,0,2,0,0,0,4,78.305,,0
077,077010,Gorgoglione,340,0,1,0.0,0.0,0.0,850.0,0.0,0.0,0.055,0,0,3,0,0,1,0,98.147,,0
077,077011,Grassano,447,0,3,0.0,17.0,0.0,4655.0,0.0,0.0,1.903,0,0,6,0,0,0,3,69.681,,0
077,077012,Grottole,1056,0,3,0.0,15.0,0.0,1985.0,0.0,0.0,0.0,0,2,5,1,0,0,5,64.644,,0
077,077013,Irsina,1598,0,3,56.0,35.0,0.0,4364.0,0.0,0.0,0.0,1,0,6,1,0,0,2,60.954,,0
077,077014,Matera,586336,0,3,1985.0,3389.0,73.15,59652.0,0.0,0.0,0.004,20,18,97,9,0,51,349,54.188,The Sassi and the Park of the Rupestrian Churches of Matera,1
077,077015,Miglionico,4374,0,3,22.0,160.0,0.0,2358.0,0.0,0.0,0.319,1,6,3,1,0,1,0,66.098,,0
077,077016,Montalbano Jonico,422,0,5,0.0,40.0,0.0,6612.0,0.0,0.0,0.0,6,5,9,1,0,0,3,74.153,,0
077,077017,Montescaglioso,3189,0,5,18.0,184.0,0.0,9252.0,0.0,0.0,0.0,0,1,11,2,0,8,3,62.569,,0
077,077018,Nova Siri,436160,0,3,3850.0,587.0,63.4,6810.0,2.346,0.0,0.0,0,1,35,1,0,1,3,82.017,,0
077,077019,Oliveto Lucano,138,0,1,0.0,0.0,0.0,345.0,0.0,0.0,31.064,0,0,1,2,0,0,2,83.0,,0
077,077020,Pisticci,185921,0,5,1218.0,806.0,100.0,16864.0,11.443,0.0,7.022,2,2,53,0,0,4,7,65.783,,0
077,077021,Policoro,123982,0,5,604.0,1000.0,75.0,17738.0,10.872,0.09,19.812,2,1,51,3,0,5,3,71.772,,0
077,077022,Pomarico,1506,0,3,0.0,10.0,0.0,3767.0,0.0,0.0,5.916,0,12,3,1,0,1,0,71.523,,0
077,077023,Rotondella,3233,0,3,0.0,134.0,0.0,2404.0,2.524,0.0,1.78,0,0,11,1,0,1,1,80.986,,0
077,077024,Salandra,994,0,3,48.0,0.0,0.0,2486.0,0.0,0.0,0.496,0,0,9,0,0,0,3,75.78,,0
077,077025,San Giorgio Lucano,404,0,3,35.0,4.0,0.0,1010.0,0.0,0.0,0.0,0,0,4,1,0,0,1,97.397,,0
077,077026,San Mauro Forte,493,0,3,0.0,0.0,0.0,1233.0,0.0,0.0,0.468,1,2,3,0,0,1,1,84.326,,0
077,077027,Stigliano,1409,0,3,36.0,0.0,44.44,3523.0,0.0,2.471,0.03,4,78,6,0,0,1,1,93.138,,0
077,077028,Tricarico,641,0,3,0.0,40.0,0.0,4710.0,0.0,0.0,0.156,1,0,11,3,0,19,8,74.982,,0
077,077029,Tursi,2736,0,3,132.0,79.0,66.67,4748.0,0.0,3.328,0.0,1,0,12,0,0,1,0,83.089,,0
077,077030,Valsinni,525,0,3,0.0,14.0,0.0,1314.0,0.0,0.0,0.0,0,0,4,1,0,0,1,90.285,,0
077,077031,Scanzano Jonico,262946,0,5,2238.0,420.0,15.28,7491.0,9.591,0.0,7.74,0,2,23,1,0,2,3,65.382,,0
078,078001,Acquaformosa,16,0,1,0.0,12.0,0.0,959.0,0.0,0.0,0.0,0,0,1,1,0,0,0,92.349,,0
078,078002,Acquappesa,36142,0,2,849.0,240.0,47.11,1748.0,4.401,0.0,0.004,0,1,12,0,0,2,3,69.126,,0
078,078003,Acri,2425,0,1,66.0,133.0,0.0,18548.0,0.0,0.0,0.005,4,1,47,3,0,11,3,67.44,,0
078,078004,Aiello Calabro,24,0,4,0.0,20.0,0.0,1374.0,0.0,0.0,0.0,1,1,4,0,0,1,0,23.944,,0
078,078005,Aieta,13,0,2,20.0,5.0,0.0,742.0,0.0,0.0,0.0,0,1,2,1,0,0,3,111.85,,0
078,078006,Albidona,4655,0,4,0.0,46.0,0.0,1109.0,0.194,0.0,0.0,0,0,3,0,0,0,0,101.877,,0
078,078007,Alessandria del Carretto,6,0,3,0.0,28.0,0.0,352.0,0.0,0.0,0.0,3,0,1,1,0,0,0,105.668,,0
078,078008,Altilia,12,0,1,0.0,4.0,0.0,687.0,0.0,0.0,0.0,0,0,5,0,0,3,0,24.644,,0
078,078009,Altomonte,7390,0,3,209.0,42.0,86.6,3993.0,0.0,1.326,0.0,3,1,13,0,0,2,1,87.031,,0
078,078010,Amantea,152442,0,4,2279.0,409.0,72.53,13829.0,5.72,0.243,0.0,2,6,31,1,1,11,11,25.557,,0
078,078011,Amendolara,2754,0,4,0.0,310.0,0.0,2671.0,8.514,0.0,0.0,1,0,1,1,0,1,3,94.974,,0
078,078012,Aprigliano,40,0,1,0.0,7.0,0.0,2345.0,0.0,17.212,0.0,0,0,3,4,0,0,1,39.528,,0
078,078013,Belmonte Calabro,29,0,2,140.0,37.0,100.0,1698.0,3.604,0.0,0.047,1,0,6,0,0,3,4,32.476,,0
078,078014,Belsito,15,0,1,0.0,0.0,0.0,900.0,0.0,0.0,0.0,0,0,2,0,0,0,0,29.829,,0
078,078015,Belvedere Marittimo,115239,0,2,2057.0,268.0,40.2,9032.0,4.776,0.0,0.0,0,1,37,2,0,6,3,87.915,,0
078,078016,Bianchi,20,0,1,0.0,32.0,0.0,1174.0,0.0,0.0,0.0,0,0,3,0,0,0,0,27.209,,0
078,078017,Bisignano,4311,0,3,35.0,80.0,0.0,9480.0,0.0,0.0,0.0,3,9,22,0,0,11,10,68.631,,0
078,078018,Bocchigliero,18,0,1,114.0,19.0,0.0,1050.0,0.0,0.0,3.283,1,1,2,1,0,1,0,54.393,,0
078,078019,Bonifati,37277,0,2,799.0,209.0,8.76,2551.0,5.151,0.0,0.0,0,0,16,0,0,1,4,79.783,,0
078,078020,Buonvicino,34,0,2,0.0,33.0,0.0,1992.0,0.0,0.0,0.0,1,0,2,8,0,0,1,91.459,,0
078,078021,Calopezzati,3454,0,4,266.0,396.0,40.6,1252.0,3.317,0.0,0.0,0,2,10,0,0,1,4,67.262,,0
078,078022,Caloveto,19,0,4,0.0,0.0,0.0,1087.0,0.0,0.0,0.0,0,0,1,0,0,0,0,63.727,,0
078,078023,Campana,25,0,1,0.0,0.0,0.0,1435.0,0.0,0.0,0.0,0,0,2,1,0,9,2,49.772,,0
078,078024,Canna,10,0,3,0.0,19.0,0.0,610.0,0.0,0.0,0.0,0,0,1,0,0,0,0,89.314,,0
078,078025,Cariati,116787,0,4,1122.0,304.0,72.99,7525.0,14.184,0.0,0.0,0,0,17,2,0,1,5,55.904,,0
078,078026,Carolei,53,0,1,0.0,11.0,0.0,3106.0,0.0,0.0,0.0,0,2,5,1,0,1,3,38.637,,0
078,078027,Carpanzano,3,0,1,0.0,0.0,0.0,195.0,0.0,0.0,0.0,0,0,0,0,0,1,0,27.696,,0
078,078029,Cassano all'Ionio,449232,0,5,5958.0,7337.0,70.85,16432.0,0.0,0.0,0.0,5,2,77,1,0,5,20,95.158,,0
078,078030,Castiglione Cosentino,46,0,3,0.0,30.0,0.0,2688.0,0.0,0.0,0.0,0,0,3,0,0,0,1,51.05,,0
078,078031,Castrolibero,158,0,3,0.0,0.0,0.0,9177.0,0.0,0.0,0.0,0,4,11,0,0,2,31,45.177,,0
078,078032,Castroregio,4,0,3,0.0,20.0,0.0,220.0,0.0,0.0,0.0,0,0,1,0,0,1,0,99.48,,0
078,078033,Castrovillari,3253,0,3,69.0,211.0,0.0,20673.0,0.0,0.121,0.0,2,2,38,12,0,49,6,100.983,,0
078,078034,Celico,8580,0,1,115.0,679.0,0.0,2517.0,0.0,40.86,10.89,0,0,9,5,0,0,0,56.437,,0
078,078035,Cellara,8,0,1,0.0,44.0,0.0,481.0,0.0,0.0,0.0,0,0,1,0,0,0,0,35.555,,0
078,078036,Cerchiara di Calabria,195,0,3,0.0,125.0,0.0,2140.0,0.0,0.096,0.162,0,0,7,10,1,0,0,106.346,,0
078,078037,Cerisano,50,0,1,0.0,16.0,0.0,2905.0,0.0,0.0,0.0,0,2,7,0,0,0,0,42.259,,0
078,078038,Cervicati,14,0,3,0.0,15.0,0.0,787.0,0.0,0.0,0.0,0,0,1,0,0,0,0,72.057,,0
078,078039,Cerzeto,21,0,3,0.0,0.0,0.0,1217.0,0.0,0.0,0.005,0,0,1,1,0,0,0,68.019,,0
078,078040,Cetraro,27176,0,2,635.0,597.0,58.9,9356.0,8.294,0.0,0.0,3,79,32,3,1,7,8,74.341,,0
078,078041,Civita,2625,0,3,0.0,144.0,0.0,809.0,0.0,0.139,0.0,4,2,3,7,0,1,1,105.304,,0
078,078042,Cleto,21,0,4,0.0,15.0,0.0,1207.0,0.0,0.0,0.0,0,2,2,0,0,0,0,20.64,,0
078,078043,Colosimi,19,0,1,0.0,8.0,0.0,1111.0,0.0,0.0,0.0,0,1,4,2,0,0,0,29.746,,0
078,078045,Cosenza,46268,0,3,380.0,473.0,67.89,63701.0,0.0,0.231,0.0,10,31,112,1,0,47,158,41.54,,0
078,078046,Cropalati,17,0,4,0.0,0.0,0.0,986.0,0.0,0.085,0.0,0,1,3,0,0,3,0,66.499,,0
078,078047,Crosia,873,0,4,32.0,130.0,0.0,9679.0,5.789,0.0,0.0,0,0,14,0,0,0,4,70.802,,0
078,078048,Diamante,125471,0,2,2273.0,1345.0,44.92,4996.0,5.445,0.0,0.073,0,2,15,1,0,2,9,95.887,,0
078,078049,Dipignano,70,0,1,0.0,34.0,0.0,4054.0,0.0,0.0,0.0,2,2,10,1,0,1,4,37.266,,0
078,078050,Domanico,559,0,1,0.0,20.0,0.0,930.0,0.0,0.0,0.0,0,0,6,0,0,1,1,33.352,,0
078,078051,Fagnano Castello,57,0,3,28.0,21.0,0.0,3343.0,0.0,0.0,0.0,0,0,4,0,0,0,0,74.427,,0
078,078052,Falconara Albanese,25,0,2,0.0,24.0,0.0,1478.0,2.482,0.0,0.0,0,0,14,0,1,1,5,43.253,,0
078,078053,Figline Vegliaturo,19,0,1,0.0,0.0,0.0,1106.0,0.0,0.0,0.0,0,0,6,0,0,0,2,35.977,,0
078,078054,Firmo,31,0,3,0.0,0.0,0.0,1817.0,0.0,0.0,0.0,1,0,4,0,0,0,0,90.747,,0
078,078055,Fiumefreddo Bruzio,1003,0,2,31.0,44.0,0.0,3168.0,4.279,0.0,0.0,0,6,6,1,0,4,5,39.322,,0
078,078056,Francavilla Marittima,491,0,5,0.0,56.0,0.0,2769.0,0.0,0.0,0.0,2,0,4,0,0,0,2,101.069,,0
078,078057,Frascineto,634,0,3,0.0,107.0,0.0,1874.0,0.0,0.0,0.0,1,0,5,9,0,0,2,105.306,,0
078,078058,Fuscaldo,20736,0,2,593.0,926.0,24.28,7790.0,7.068,0.0,0.002,0,1,25,9,1,1,5,61.726,,0
078,078059,Grimaldi,26,0,1,0.0,4.0,0.0,1518.0,0.0,0.0,0.0,1,0,3,0,0,0,0,25.561,,0
078,078060,Grisolia,65788,0,2,559.0,1158.0,78.53,2189.0,1.551,0.0,0.0,1,0,2,2,0,0,4,95.265,,0
078,078061,Guardia Piemontese,10841,0,2,414.0,3.0,20.53,1775.0,2.492,0.0,0.115,3,3,4,1,0,2,4,67.831,,0
078,078062,Lago,1679,0,1,0.0,48.0,0.0,2298.0,0.0,0.0,0.0,0,0,2,0,0,3,0,30.012,,0
078,078063,Laino Borgo,3042,0,1,49.0,101.0,0.0,1692.0,0.0,0.0,0.0,0,3,9,5,0,7,0,114.261,,0
078,078064,Laino Castello,13,0,1,0.0,4.0,0.0,769.0,0.0,0.0,0.0,0,0,2,0,0,0,3,117.138,,0
078,078065,Lappano,15,0,3,0.0,0.0,0.0,868.0,0.0,0.0,0.0,0,0,4,0,0,0,6,47.537,,0
078,078066,Lattarico,249,0,3,0.0,60.0,0.0,3728.0,0.0,0.0,0.0,0,0,5,0,0,0,0,61.044,,0
078,078067,Longobardi,4667,0,2,104.0,46.0,0.0,2886.0,4.203,0.0,0.0,0,2,5,1,0,0,3,35.935,,0
078,078068,Longobucco,44,0,1,55.0,407.0,0.0,2548.0,0.0,4.182,4.006,1,0,3,10,0,0,0,65.256,,0
078,078069,Lungro,37,0,1,0.0,13.0,0.0,2133.0,0.0,0.13,0.0,1,0,1,1,0,0,5,94.375,,0
078,078070,Luzzi,430,0,3,32.0,60.0,100.0,8735.0,0.0,0.0,0.0,0,1,8,1,0,5,2,60.748,,0
078,078071,Maierà,907,0,2,89.0,19.0,37.08,1123.0,0.0,0.0,0.0,2,0,2,3,0,0,0,94.981,,0
078,078072,Malito,12,0,1,62.0,0.0,0.0,717.0,0.0,0.0,0.0,0,0,5,0,0,0,0,28.971,,0
078,078073,Malvito,28,0,3,0.0,22.0,0.0,1617.0,0.0,0.0,0.0,0,1,2,0,0,2,1,80.056,,0
078,078074,Mandatoriccio,66879,0,4,1133.0,1286.0,92.59,2423.0,4.275,0.0,0.0,1,2,19,1,0,1,5,59.377,,0
078,078075,Mangone,2988,0,1,179.0,0.0,0.0,1910.0,0.0,0.0,0.0,1,0,4,0,0,0,4,34.194,,0
078,078076,Marano Marchesato,459,0,3,0.0,46.0,0.0,3348.0,0.0,0.0,0.0,0,0,3,1,0,0,0,45.5,,0
078,078077,Marano Principato,52,0,1,0.0,4.0,0.0,3023.0,0.0,0.0,0.0,0,0,7,1,0,0,0,43.965,,0
078,078078,Marzi,17,0,1,0.0,0.0,0.0,978.0,0.0,0.0,0.0,0,0,0,0,0,0,0,29.591,,0
078,078079,Mendicino,155,0,1,0.0,42.0,0.0,9004.0,0.0,0.0,0.0,1,0,8,0,0,0,2,39.23,,0
078,078080,Mongrassano,25,0,3,0.0,0.0,0.0,1457.0,0.0,0.0,1.329,0,0,1,4,0,1,1,70.361,,0
078,078081,Montalto Uffugo,10515,0,3,0.0,118.0,0.0,20111.0,0.0,0.0,0.0,0,1,18,0,0,5,2,55.573,,0
078,078082,Montegiordano,132,0,4,21.0,687.0,0.0,1542.0,3.611,0.0,0.0,0,1,9,0,0,0,3,89.306,,0
078,078083,Morano Calabro,3000,0,1,48.0,136.0,100.0,3826.0,0.0,0.0,0.0,3,10,9,9,0,1,0,107.272,,0
078,078084,Mormanno,1262,0,1,0.0,269.0,0.0,2573.0,0.0,2.566,0.0,0,0,2,4,0,0,7,110.439,,0
078,078085,Mottafollone,18,0,1,0.0,0.0,0.0,1073.0,0.0,0.0,0.0,0,1,2,0,0,0,2,84.973,,0
078,078086,Nocara,5,0,3,0.0,22.0,0.0,309.0,0.0,0.0,0.0,0,0,1,0,0,0,0,91.701,,0
078,078087,Oriolo,31,0,3,0.0,43.0,0.0,1828.0,0.0,0.0,0.0,1,2,3,0,0,0,0,95.865,,0
078,078088,Orsomarso,1084,0,2,22.0,63.0,0.0,1090.0,0.0,0.067,0.0,0,1,1,4,0,3,0,103.369,,0
078,078089,Paludi,17,0,4,0.0,19.0,0.0,972.0,0.0,0.0,0.0,0,2,3,0,0,0,0,69.189,,0
078,078090,Panettieri,5,0,1,0.0,0.0,0.0,310.0,0.0,0.0,0.0,0,0,1,0,0,0,0,26.71,,0
078,078091,Paola,110084,0,2,325.0,4447.0,0.0,14809.0,6.312,0.0,0.0,2,4,24,2,0,2,15,53.202,,0
078,078092,Papasidero,713,0,2,0.0,100.0,0.0,604.0,0.0,0.0,0.0,0,1,1,1,0,0,0,111.568,,0
078,078093,Parenti,34,0,1,102.0,15.0,0.0,1980.0,0.0,0.0,0.0,0,0,3,0,0,1,0,33.919,,0
078,078094,Paterno Calabro,23,0,1,0.0,28.0,0.0,1329.0,0.0,0.0,0.0,0,0,3,0,0,0,0,34.157,,0
078,078096,Pedivigliano,13,0,1,0.0,8.0,0.0,730.0,0.0,0.0,0.0,0,1,3,0,0,0,0,24.056,,0
078,078097,Piane Crati,23,0,3,0.0,6.0,0.0,1330.0,0.0,0.0,0.0,0,0,4,0,0,0,1,37.077,,0
078,078098,Pietrafitta,20,0,1,0.0,0.0,0.0,1156.0,0.0,0.0,0.0,0,0,3,0,0,2,0,40.192,,0
078,078099,Pietrapaola,5516,0,4,356.0,480.0,18.82,1004.0,3.111,0.0,0.0,0,1,9,1,0,0,1,61.009,,0
078,078100,Plataci,11,0,3,0.0,11.0,0.0,639.0,0.0,0.0,0.0,0,0,2,1,0,0,0,107.873,,0
078,078101,Praia a Mare,180077,0,2,2120.0,3849.0,51.93,6379.0,7.338,0.0,0.386,1,1,36,1,0,1,8,111.258,,0
078,078102,Rende,141201,0,3,1530.0,507.0,71.57,36662.0,0.0,0.292,0.085,4,5,94,1,1,17,53,49.283,,0
078,078103,Rocca Imperiale,2753,0,4,0.0,386.0,0.0,3165.0,8.332,0.0,0.0,8,3,10,2,0,1,7,83.879,,0
078,078104,Roggiano Gravina,116,0,3,25.0,8.0,0.0,6772.0,0.0,6.419,0.0,0,0,11,1,0,4,6,81.089,,0
078,078105,Rogliano,251,0,1,0.0,47.0,0.0,5172.0,0.0,0.0,0.0,2,5,5,0,0,0,2,32.851,,0
078,078106,Rose,71,0,1,0.0,10.0,0.0,4124.0,0.0,0.0,0.021,0,0,2,0,0,0,0,55.25,,0
078,078107,Roseto Capo Spulico,35468,0,4,448.0,157.0,90.62,1872.0,7.7,0.0,0.0,0,0,6,0,0,5,3,90.485,,0
078,078109,Rota Greca,16,0,3,0.0,0.0,0.0,956.0,0.0,0.0,0.0,0,0,1,1,0,0,0,63.269,,0
078,078110,Rovito,51,0,3,0.0,16.0,0.0,2971.0,0.0,0.0,0.0,0,0,8,1,0,2,5,45.363,,0
078,078111,San Basile,16,0,1,0.0,7.0,0.0,916.0,0.0,0.0,0.0,0,0,3,0,0,0,0,99.438,,0
078,078112,San Benedetto Ullano,23,0,3,26.0,4.0,0.0,1367.0,0.0,0.0,0.0,0,0,1,0,0,0,0,58.931,,0
078,078113,San Cosmo Albanese,10,0,4,0.0,0.0,0.0,558.0,0.0,0.0,0.0,0,1,1,0,0,0,0,78.859,,0
078,078114,San Demetrio Corone,717,0,3,0.0,92.0,0.0,3009.0,0.0,0.0,0.0,1,0,7,0,0,13,1,77.61,,0
078,078115,San Donato di Ninea,18,0,1,0.0,33.0,0.0,1076.0,0.0,0.212,0.0,1,0,3,6,0,0,0,92.695,,0
078,078116,San Fili,450,0,1,0.0,27.0,0.0,2475.0,0.0,0.0,0.0,0,1,7,0,0,5,0,48.793,,0
078,078117,Sangineto,45085,0,2,1002.0,65.0,68.36,1215.0,0.28,0.47,0.0,0,1,6,10,0,0,0,83.705,,0
078,078118,San Giorgio Albanese,22,0,4,0.0,0.0,0.0,1308.0,0.0,0.0,0.0,0,0,3,0,0,0,0,79.788,,0
078,078119,San Giovanni in Fiore,22822,0,1,261.0,3511.0,81.61,15710.0,0.0,27.164,0.0,1,2,19,14,0,0,1,48.124,,0
078,078120,San Lorenzo Bellizzi,9,0,3,0.0,33.0,0.0,511.0,0.0,0.0,0.041,0,0,2,5,0,0,0,111.633,,0
078,078121,San Lorenzo del Vallo,53,0,5,0.0,12.0,0.0,3080.0,0.0,0.0,0.0,0,2,2,0,0,0,0,86.803,,0
078,078122,San Lucido,305,0,2,238.0,86.0,9.24,6911.0,4.756,0.0,0.0,0,1,18,0,0,0,5,46.881,,0
078,078123,San Marco Argentano,4420,0,3,42.0,79.0,57.14,6862.0,0.0,0.0,0.0,1,1,7,1,0,5,5,75.673,,0
078,078124,San Martino di Finita,16,0,3,0.0,0.0,0.0,948.0,0.0,0.0,0.0,0,0,3,1,0,1,0,64.868,,0
078,078125,San Nicola Arcella,18951,0,2,391.0,184.0,32.74,1974.0,5.738,0.0,0.0,0,0,36,0,0,2,1,111.981,,0
078,078126,San Pietro in Amantea,8,0,4,0.0,0.0,0.0,466.0,0.0,0.0,0.0,1,0,0,0,0,0,0,26.808,,0
078,078127,San Pietro in Guarano,58,0,1,0.0,144.0,0.0,3364.0,0.0,0.0,0.001,0,0,11,4,0,1,1,51.137,,0
078,078128,San Sosti,32,0,1,24.0,13.0,0.0,1872.0,0.0,0.882,0.0,0,0,2,0,0,0,2,86.778,,0
078,078129,Santa Caterina Albanese,19,0,3,0.0,0.0,0.0,1114.0,0.0,0.0,0.0,0,0,2,0,0,1,0,78.084,,0
078,078130,Santa Domenica Talao,19,0,2,0.0,32.0,0.0,1132.0,0.0,0.25,0.0,0,0,5,0,0,0,0,108.299,,0
078,078131,Sant'Agata di Esaro,29,0,1,0.0,12.0,0.0,1672.0,0.0,0.0,0.0,0,0,3,6,0,0,0,83.321,,0
078,078132,Santa Maria del Cedro,38655,0,2,1155.0,97.0,4.42,5074.0,2.09,0.0,0.0,1,2,13,0,0,9,5,100.832,,0
078,078133,Santa Sofia d'Epiro,37,0,3,0.0,32.0,0.0,2132.0,0.0,5.156,0.0,1,0,6,0,0,2,0,74.78,,0
078,078134,Santo Stefano di Rogliano,30,0,1,0.0,8.0,0.0,1748.0,0.0,0.0,0.0,0,0,2,0,0,0,1,34.939,,0
078,078135,San Vincenzo La Costa,34,0,1,0.0,12.0,0.0,1969.0,0.0,0.0,0.0,0,0,3,0,0,0,0,52.152,,0
078,078136,Saracena,58,0,1,0.0,32.0,0.0,3360.0,0.0,0.0,0.0,2,0,6,8,0,0,1,98.0,,0
078,078137,Scala Coeli,13,0,4,0.0,0.0,0.0,779.0,1.229,0.0,0.0,0,0,2,0,0,0,0,53.123,,0
078,078138,Scalea,336431,0,2,3022.0,3452.0,66.61,11301.0,9.537,0.0,0.0,2,11,70,4,3,24,9,106.848,,0
078,078139,Scigliano,297,0,1,0.0,29.0,0.0,1108.0,0.0,0.0,0.0,0,0,3,0,0,2,0,25.255,,0
078,078140,Serra d'Aiello,9,0,4,0.0,4.0,0.0,529.0,0.0,0.0,0.0,2,0,1,0,0,0,0,22.669,,0
078,078142,Spezzano Albanese,2101,0,5,314.0,47.0,33.12,6553.0,0.0,0.0,0.0,0,1,6,0,0,1,2,87.888,,0
078,078143,Spezzano della Sila,59718,0,1,997.0,181.0,33.5,4240.0,0.0,19.528,3.227,5,3,20,13,0,10,2,53.62,,0
078,078145,Tarsia,4778,0,3,75.0,53.0,0.0,1825.0,0.0,8.131,0.0,0,0,4,0,0,1,2,80.293,,0
078,078146,Terranova da Sibari,78,0,5,0.0,6.0,0.0,4541.0,0.0,0.0,0.0,0,1,3,0,0,1,0,84.955,,0
078,078147,Terravecchia,10,0,4,0.0,0.0,0.0,575.0,0.0,0.0,0.0,0,0,2,0,0,0,0,52.916,,0
078,078148,Torano Castello,74,0,3,21.0,18.0,0.0,4277.0,0.0,0.0,0.0,1,1,13,0,0,2,3,67.114,,0
078,078149,Tortora,8546,0,2,316.0,260.0,22.15,5948.0,2.092,0.0,0.0,2,1,11,8,0,5,2,106.998,,0
078,078150,Trebisacce,194,0,5,221.0,31.0,59.28,8627.0,8.763,0.0,0.0,2,0,10,0,0,0,4,103.087,,0
078,078152,Vaccarizzo Albanese,676,0,4,0.0,26.0,0.0,1001.0,0.0,0.0,0.0,0,0,2,0,0,2,0,77.736,,0
078,078153,Verbicaro,509,0,2,0.0,35.0,0.0,2592.0,0.0,0.0,0.0,0,0,5,1,0,1,1,98.894,,0
078,078154,Villapiana,192494,0,5,2334.0,304.0,85.6,5490.0,7.636,0.0,0.0,0,2,50,0,0,3,4,104.913,,0
078,078155,Zumpano,45,0,3,0.0,16.0,0.0,2599.0,0.0,0.0,0.0,1,1,4,0,0,0,0,45.793,,0
078,078156,Casali del Manco,5823,0,1,72.0,245.0,0.0,9410.0,0.0,7.622,0.0,0,2,20,33,0,0,5,47.759,,0
078,078157,Corigliano-Rossano,764100,0,4,4183.0,9127.0,50.71,74268.0,35.128,0.102,0.075,5,28,153,9,1,19,53,81.886,,0
079,079002,Albi,99,0,1,0.0,6.0,0.0,779.0,0.0,0.0,5.991,1,0,1,3,0,0,0,34.64,,0
079,079003,Amaroni,209,0,3,0.0,9.0,0.0,1642.0,0.0,0.0,0.0,0,0,4,0,0,0,0,21.415,,0
079,079004,Amato,100,0,3,0.0,0.0,0.0,785.0,0.0,0.0,0.0,1,0,1,0,0,0,0,18.293,,0
079,079005,Andali,78,0,4,0.0,26.0,0.0,614.0,0.0,0.0,0.0,0,0,4,0,0,0,0,23.853,,0
079,079007,Argusto,54,0,3,0.0,0.0,0.0,423.0,0.0,0.0,0.0,0,0,0,0,0,0,0,30.2,,0
079,079008,Badolato,40372,0,4,264.0,911.0,0.0,2827.0,4.884,0.0,1.393,0,3,18,3,0,1,5,44.114,,0
079,079009,Belcastro,10710,0,4,341.0,26.0,0.0,1229.0,1.231,0.0,0.0,0,1,3,0,0,0,0,20.661,,0
079,079011,Borgia,27931,0,4,268.0,822.0,20.9,7226.0,3.289,0.0,0.0,3,1,13,2,0,2,0,27.456,,0
079,079012,Botricello,3111,0,4,332.0,101.0,92.77,4984.0,4.81,0.0,0.0,0,0,20,0,0,10,3,21.054,,0
079,079017,Caraffa di Catanzaro,217,0,3,25.0,45.0,0.0,1702.0,0.0,0.0,0.0,2,1,2,2,0,1,0,23.099,,0
079,079018,Cardinale,229,0,1,0.0,4.0,0.0,1794.0,0.0,0.0,11.461,0,0,5,0,0,3,0,33.19,,0
079,079020,Carlopoli,170,0,1,0.0,28.0,0.0,1335.0,0.0,0.0,0.0,0,0,4,0,0,0,1,23.299,,0
079,079023,Catanzaro,113694,0,4,1034.0,494.0,69.05,84109.0,9.658,0.0,0.0,9,7,120,1,0,41,42,31.078,,0
079,079024,Cenadi,66,0,3,0.0,0.0,0.0,515.0,0.0,0.0,0.0,0,2,3,0,0,0,0,23.03,,0
079,079025,Centrache,45,0,3,0.0,11.0,0.0,350.0,0.0,0.0,0.0,0,0,0,0,0,0,0,24.998,,0
079,079027,Cerva,134,0,1,0.0,0.0,0.0,1052.0,0.0,0.0,0.0,0,0,2,0,0,0,0,28.758,,0
079,079029,Chiaravalle Centrale,650,0,3,68.0,26.0,100.0,5105.0,0.0,0.0,0.0,1,0,3,2,0,0,0,27.29,,0
079,079030,Cicala,108,0,1,0.0,20.0,0.0,851.0,0.0,0.0,0.0,0,1,5,0,0,0,2,23.991,,0
079,079033,Conflenti,167,0,1,0.0,26.0,0.0,1308.0,0.0,0.0,0.0,0,0,2,2,0,3,0,15.721,,0
079,079034,Cortale,232,0,3,17.0,5.0,0.0,1825.0,0.0,0.0,0.0,0,0,4,0,0,0,0,16.342,,0
079,079036,Cropani,26280,0,4,1374.0,800.0,0.0,4749.0,2.299,0.0,0.0,0,2,14,2,0,7,3,26.028,,0
079,079039,Curinga,142214,0,4,1836.0,50.0,100.0,6454.0,4.372,0.0,0.0,0,4,20,0,0,2,3,9.264,,0
079,079042,Davoli,5018,0,4,212.0,114.0,0.0,5657.0,1.549,0.0,0.463,0,0,15,0,0,2,0,35.846,,0
079,079043,Decollatura,1636,0,1,168.0,24.0,61.9,2847.0,0.0,0.0,0.197,1,0,7,0,0,1,3,18.659,,0
079,079047,Falerna,69502,0,4,757.0,139.0,54.69,3873.0,0.971,0.227,0.0,0,2,15,1,0,8,4,12.426,,0
079,079048,Feroleto Antico,26885,0,3,238.0,14.0,100.0,1956.0,0.0,0.0,0.0,1,0,5,0,0,1,5,11.404,,0
079,079052,Fossato Serralta,70,0,1,0.0,0.0,0.0,548.0,0.0,0.0,0.0,0,0,0,0,0,0,0,29.595,,0
079,079055,Gagliato,54,0,3,0.0,7.0,0.0,423.0,0.0,0.0,0.0,0,1,1,0,0,1,2,32.025,,0
079,079056,Gasperina,238,0,4,210.0,0.0,100.0,1869.0,0.0,0.0,0.0,0,0,4,0,0,0,0,29.494,,0
079,079058,Gimigliano,377,0,1,0.0,4.0,0.0,2956.0,0.0,0.0,0.0,0,0,6,1,0,0,10,25.654,,0
079,079059,Girifalco,692,0,3,0.0,26.0,0.0,5434.0,0.0,0.0,0.0,1,13,5,1,0,0,0,19.05,,0
079,079060,Gizzeria,22629,0,4,228.0,198.0,52.19,5245.0,6.654,8.733,1.781,0,1,16,1,0,3,5,7.954,,0
079,079061,Guardavalle,25530,0,4,66.0,1913.0,0.0,4118.0,3.995,0.0,7.441,1,0,18,1,0,0,6,49.763,,0
079,079063,Isca sullo Ionio,20013,0,4,438.0,158.0,100.0,1469.0,1.901,0.0,0.015,1,1,21,2,0,3,2,41.673,,0
079,079065,Jacurso,67,0,3,0.0,0.0,0.0,528.0,0.0,0.0,0.0,0,0,4,0,0,1,1,14.431,,0
079,079068,Magisano,137,0,1,0.0,0.0,0.0,1076.0,0.0,0.0,0.0,1,0,2,5,0,0,0,36.616,,0
079,079069,Maida,6989,0,3,108.0,72.0,0.0,4493.0,0.0,0.0,0.0,1,3,6,0,0,2,0,12.433,,0
079,079071,Marcedusa,47,0,4,0.0,0.0,0.0,369.0,0.0,0.0,0.0,0,0,0,0,0,0,0,19.369,,0
079,079072,Marcellinara,277,0,3,0.0,8.0,0.0,2173.0,0.0,0.0,0.0,0,6,4,0,0,3,1,19.118,,0
079,079073,Martirano,1791,0,1,77.0,11.0,57.14,822.0,0.0,0.0,0.0,0,0,2,0,0,1,0,18.652,,0
079,079074,Martirano Lombardo,121,0,1,0.0,0.0,0.0,948.0,0.0,0.0,0.0,0,0,2,0,0,3,0,17.233,,0
079,079077,Miglierina,89,0,3,45.0,2.0,0.0,699.0,0.0,0.0,0.0,0,0,2,0,0,0,0,20.63,,0
079,079080,Montauro,21213,0,4,363.0,32.0,70.52,1852.0,1.653,0.0,0.0,0,0,13,0,0,1,0,29.956,,0
079,079081,Montepaone,41872,0,4,1022.0,137.0,52.94,5747.0,3.056,0.0,0.0,0,6,27,0,0,4,3,30.036,,0
079,079083,Motta Santa Lucia,102,0,1,0.0,15.0,0.0,797.0,0.0,0.0,0.0,0,0,3,0,0,0,0,20.985,,0
079,079087,Nocera Terinese,2291,0,4,336.0,412.0,100.0,4713.0,5.593,0.176,0.0,0,0,41,1,0,2,4,16.052,,0
079,079088,Olivadi,62,0,3,0.0,36.0,0.0,490.0,0.0,0.43,0.0,0,0,5,0,0,0,0,24.602,,0
079,079089,Palermiti,131,0,3,0.0,12.0,0.0,1025.0,0.0,0.0,0.0,0,0,2,0,0,0,0,25.281,,0
079,079092,Pentone,235,0,1,0.0,0.0,0.0,1844.0,0.0,0.0,0.0,0,0,0,0,0,0,0,30.504,,0
079,079094,Petrizzi,327,0,4,0.0,76.0,0.0,1002.0,0.0,0.0,0.0,0,2,3,1,0,0,0,30.712,,0
079,079095,Petronà,299,0,1,0.0,8.0,0.0,2348.0,0.0,0.0,0.0,0,0,2,2,0,0,0,31.611,,0
079,079096,Pianopoli,1024,0,3,25.0,17.0,0.0,2547.0,0.0,0.0,0.0,0,0,9,0,0,1,2,12.819,,0
079,079099,Platania,247,0,1,40.0,6.0,0.0,1943.0,0.0,0.0,0.0,1,0,6,0,0,2,0,13.229,,0
079,079108,San Floro,89,0,3,0.0,8.0,0.0,695.0,0.0,0.0,0.0,2,1,1,0,0,0,0,24.193,,0
079,079110,San Mango d'Aquino,179,0,4,0.0,26.0,0.0,1409.0,0.0,0.0,0.0,0,9,1,0,0,3,0,17.933,,0
079,079114,San Pietro a Maida,484,0,3,0.0,6.0,0.0,3801.0,0.0,0.0,0.0,0,0,6,0,0,1,0,9.106,,0
079,079115,San Pietro Apostolo,258,0,1,24.0,26.0,0.0,1493.0,0.0,0.0,0.0,0,0,2,0,0,0,0,21.908,,0
079,079116,San Sostene,179,0,4,0.0,46.0,0.0,1409.0,1.537,0.0,2.866,0,0,5,2,0,0,1,37.766,,0
079,079117,Santa Caterina dello Ionio,13207,0,4,0.0,379.0,0.0,1922.0,6.34,0.0,0.483,0,3,20,1,0,0,3,47.864,,0
079,079118,Sant'Andrea Apostolo dello Ionio,80327,0,4,1125.0,22.0,0.0,1672.0,3.625,0.0,0.0,1,0,13,0,0,2,3,40.128,,0
079,079122,San Vito sullo Ionio,201,0,3,0.0,14.0,0.0,1576.0,0.0,0.258,0.0,0,1,0,1,0,0,0,24.434,,0
079,079123,Satriano,432,0,4,0.0,114.0,0.0,3391.0,1.266,0.0,3.189,0,0,11,0,0,0,0,34.19,,0
079,079126,Sellia,61,0,4,0.0,0.0,0.0,475.0,0.0,0.0,0.0,2,9,3,0,0,0,0,34.433,,0
079,079127,Sellia Marina,135855,0,4,2118.0,533.0,4.53,7702.0,8.989,0.0,0.0,0,1,44,1,0,1,1,31.312,,0
079,079129,Serrastretta,370,0,1,0.0,41.0,0.0,2901.0,0.0,0.0,0.829,0,0,2,1,0,0,0,16.362,,0
079,079130,Sersale,534,0,1,0.0,19.0,0.0,4196.0,0.0,0.0,0.0,0,0,6,2,0,1,0,31.796,,0
079,079131,Settingiano,416,0,3,0.0,25.0,0.0,3268.0,0.0,0.0,0.0,0,3,4,1,0,0,0,23.725,,0
079,079133,Simeri Crichi,148877,0,4,1311.0,8.0,100.0,4712.0,2.608,0.123,0.0,0,0,27,0,0,3,0,36.211,,0
079,079134,Sorbo San Basile,94,0,1,127.0,0.0,0.0,735.0,0.0,0.0,0.0,0,0,2,2,0,0,0,28.674,,0
079,079137,Soverato,29566,0,4,566.0,525.0,19.43,8569.0,3.977,0.0,0.007,0,1,23,1,0,7,5,34.682,,0
079,079138,Soveria Mannelli,355,0,1,0.0,20.0,0.0,2784.0,0.0,0.0,0.0,1,1,10,0,0,1,3,22.31,,0
079,079139,Soveria Simeri,1737,0,4,0.0,41.0,0.0,1452.0,0.0,0.0,0.0,0,1,5,1,0,0,0,35.128,,0
079,079142,Squillace,79569,0,4,1219.0,73.0,100.0,3577.0,2.904,0.0,0.0,1,1,15,0,0,9,3,27.508,,0
079,079143,Stalettì,4520,0,4,404.0,597.0,5.94,2384.0,5.894,0.0,0.0,1,1,22,0,0,1,0,30.591,,0
079,079146,Taverna,23094,0,1,428.0,76.0,39.95,2502.0,0.0,2.65,15.53,2,3,7,44,0,2,0,37.126,,0
079,079147,Tiriolo,3391,0,3,74.0,48.0,0.0,3536.0,0.0,0.0,0.0,3,1,5,0,0,5,1,24.088,,0
079,079148,Torre di Ruggiero,120,0,3,0.0,63.0,0.0,946.0,0.0,0.0,0.005,0,0,2,1,0,0,0,29.292,,0
079,079151,Vallefiorita,184,0,3,0.0,8.0,0.0,1443.0,0.0,0.0,0.0,0,0,3,0,0,0,0,22.44,,0
079,079157,Zagarise,178,0,1,0.0,102.0,0.0,1394.0,0.0,0.0,0.017,2,0,5,11,0,3,0,35.552,,0
079,079160,Lamezia Terme,47877,0,5,747.0,716.0,74.43,67246.0,8.397,0.0,0.0,3,7,120,3,0,13,86,4.475,,0
080,080001,Africo,396,0,2,0.0,0.0,0.0,2701.0,1.514,0.0,50.833,0,0,2,4,0,0,2,29.163,,0
080,080002,Agnana Calabra,67,0,2,0.0,4.0,0.0,456.0,0.0,0.0,0.421,0,0,1,0,0,0,0,57.472,,0
080,080003,Anoia,296,0,4,0.0,0.0,0.0,2019.0,0.0,0.0,0.0,0,0,2,0,0,0,0,53.842,,0
080,080004,Antonimina,173,0,2,21.0,7.0,0.0,1178.0,0.0,0.0,8.691,0,0,1,1,0,0,0,50.532,,0
080,080005,Ardore,710,0,4,48.0,15.0,0.0,4841.0,4.316,0.0,0.0,0,2,13,0,0,0,3,47.988,,0
080,080006,Bagaladi,136,0,2,0.0,0.0,0.0,929.0,0.0,0.0,15.368,1,0,1,1,0,0,1,14.875,,0
080,080007,Bagnara Calabra,7032,0,4,322.0,88.0,52.17,9238.0,6.342,0.0,0.0,0,2,20,0,0,7,5,27.631,,0
080,080008,Benestare,364,0,4,0.0,0.0,0.0,2481.0,0.0,0.0,0.0,0,0,4,0,0,0,0,43.891,,0
080,080009,Bianco,622,0,4,25.0,8.0,0.0,4241.0,9.098,0.0,0.0,0,0,13,1,0,6,5,42.583,,0
080,080010,Bivongi,171,0,4,0.0,12.0,0.0,1166.0,0.0,0.0,12.413,1,6,6,1,0,0,1,48.179,,0
080,080011,Bova,262,0,4,0.0,26.0,0.0,423.0,0.0,0.0,27.872,2,1,2,3,0,0,2,28.214,,0
080,080012,Bovalino,3390,0,4,102.0,30.0,76.47,8677.0,4.412,0.0,0.0,0,0,8,0,0,0,3,45.862,,0
080,080013,Bova Marina,404,0,4,25.0,303.0,0.0,4067.0,7.989,0.0,0.007,2,0,10,0,0,0,3,29.52,,0
080,080014,Brancaleone,35699,0,4,812.0,50.0,20.69,3235.0,7.846,0.0,0.0,1,0,12,0,0,0,4,39.152,,0
080,080015,Bruzzano Zeffirio,148,0,4,0.0,10.0,0.0,1013.0,2.298,0.0,0.09,0,0,0,0,0,0,0,37.454,,0
080,080016,Calanna,110,0,4,0.0,8.0,0.0,748.0,0.0,0.0,0.0,0,0,0,0,0,0,9,14.824,,0
080,080017,Camini,115,0,4,0.0,10.0,0.0,782.0,2.87,0.0,0.0,0,3,2,0,0,0,1,58.632,,0
080,080018,Campo Calabro,655,0,4,0.0,10.0,0.0,4471.0,0.0,0.0,0.0,0,0,4,0,0,0,0,16.204,,0
080,080019,Candidoni,62,0,5,0.0,0.0,0.0,420.0,0.0,0.0,0.0,0,0,2,0,0,0,1,47.935,,0
080,080020,Canolo,101,0,2,0.0,8.0,0.0,688.0,0.0,0.159,22.117,0,0,2,0,0,2,0,54.483,,0
080,080021,Caraffa del Bianco,66,0,4,0.0,0.0,0.0,451.0,0.0,0.0,0.0,0,0,1,0,0,0,0,39.935,,0
080,080022,Cardeto,188,0,2,0.0,0.0,0.0,1285.0,0.0,0.0,4.901,0,0,0,0,0,0,74,13.783,,0
080,080023,Careri,308,0,2,0.0,0.0,0.0,2100.0,0.0,0.0,12.844,0,0,2,3,0,0,0,38.853,,0
080,080024,Casignana,98,0,4,0.0,220.0,0.0,670.0,1.608,0.0,0.0,0,0,4,0,0,0,0,40.361,,0
080,080025,Caulonia,8279,0,4,58.0,809.0,0.0,6704.0,4.765,0.0,0.0,0,1,29,3,0,10,11,58.663,,0
080,080026,Ciminà,77,0,2,0.0,16.0,0.0,522.0,0.0,0.0,26.295,0,1,0,1,0,0,0,46.401,,0
080,080027,Cinquefrondi,732,0,2,0.0,24.0,0.0,6242.0,0.0,0.0,9.611,0,0,5,0,0,0,1,56.153,,0
080,080028,Cittanova,8384,0,2,164.0,84.0,100.0,9632.0,0.0,0.027,12.961,2,9,22,1,0,14,4,49.333,,0
080,080029,Condofuri,225,0,4,40.0,1212.0,0.0,4550.0,5.311,0.0,25.924,0,1,3,5,0,4,4,22.847,,0
080,080030,Cosoleto,110,0,2,0.0,0.0,0.0,753.0,0.0,0.0,13.348,0,0,1,2,0,0,0,29.047,,0
080,080031,Delianuova,448,0,2,25.0,18.0,0.0,3056.0,0.0,0.0,8.032,0,0,3,2,0,0,0,29.195,,0
080,080032,Feroleto della Chiesa,223,0,4,0.0,0.0,0.0,1518.0,0.0,0.0,0.0,0,0,3,0,0,1,1,51.245,,0
080,080033,Ferruzzano,107,0,4,0.0,36.0,0.0,733.0,3.204,0.0,0.0,0,0,3,0,0,0,3,40.124,,0
080,080034,Fiumara,123,0,4,0.0,0.0,0.0,840.0,0.0,0.0,0.0,0,0,1,0,0,0,0,16.54,,0
080,080035,Galatro,472,0,1,104.0,30.0,100.0,1444.0,0.0,0.0,0.0,0,0,4,1,0,0,1,49.967,,0
080,080036,Gerace,3135,0,2,62.0,103.0,100.0,2313.0,0.0,0.0,6.53,3,4,2,0,0,3,2,54.024,,0
080,080037,Giffone,235,0,1,0.0,4.0,0.0,1606.0,0.0,0.0,0.001,0,0,1,0,0,0,0,53.231,,0
080,080038,Gioia Tauro,10556,0,5,157.0,112.0,68.15,19280.0,5.692,0.0,0.0,1,0,32,0,0,4,12,46.42,,0
080,080039,Gioiosa Ionica,671,0,4,0.0,81.0,0.0,6840.0,0.0,0.0,0.0,0,1,16,0,0,0,0,61.499,,0
080,080040,Grotteria,417,0,2,0.0,30.0,0.0,2844.0,0.508,0.0,0.002,0,0,7,0,0,0,2,59.16,,0
080,080041,Laganadi,49,0,4,0.0,0.0,0.0,335.0,0.0,0.0,0.0,0,0,2,0,0,0,22,15.8,,0
080,080042,Laureana di Borrello,340,0,4,0.0,19.0,0.0,4602.0,0.0,0.0,0.0,0,2,9,0,0,2,1,48.47,,0
080,080043,Locri,3136,0,4,76.0,192.0,39.47,11815.0,6.484,0.0,0.0,2,0,19,0,0,2,5,55.209,,0
080,080044,Mammola,299,0,2,0.0,58.0,0.0,2426.0,0.0,0.0,38.354,1,8,3,4,0,2,1,59.184,,0
080,080045,Marina di Gioiosa Ionica,9333,0,4,239.0,88.0,41.42,6307.0,2.893,0.0,0.0,0,0,7,0,0,1,3,65.821,,0
080,080046,Maropati,192,0,4,0.0,0.0,0.0,1308.0,0.0,0.0,0.0,0,0,1,0,0,0,1,52.724,,0
080,080047,Martone,72,0,2,0.0,0.0,0.0,491.0,0.0,0.0,0.0,0,0,4,0,0,0,0,57.12,,0
080,080048,Melicuccà,118,0,4,0.0,0.0,0.0,805.0,0.0,0.0,0.0,0,0,2,0,0,0,0,31.455,,0
080,080049,Melicucco,712,0,5,0.0,0.0,0.0,4858.0,0.0,0.0,0.0,0,0,4,0,0,0,0,54.275,,0
080,080050,Melito di Porto Salvo,124,0,4,20.0,387.0,0.0,10453.0,6.055,0.0,0.0,3,0,15,0,0,0,8,18.053,,0
080,080051,Molochio,322,0,2,0.0,8.0,0.0,2199.0,0.0,0.0,13.887,0,0,2,4,0,8,6,44.325,,0
080,080052,Monasterace,1063,0,4,0.0,122.0,0.0,3272.0,4.85,0.0,0.0,2,4,10,0,0,3,6,57.829,,0
080,080053,Montebello Jonico,4207,0,4,164.0,35.0,0.0,5575.0,5.847,0.0,0.0,0,1,15,0,0,0,8,13.04,,0
080,080054,Motta San Giovanni,18702,0,4,164.0,503.0,48.78,5522.0,6.725,0.678,0.0,1,1,19,2,0,1,36,9.245,,0
080,080055,Oppido Mamertina,693,0,2,20.0,0.0,0.0,4725.0,0.0,0.0,13.559,2,0,8,3,0,0,2,37.642,,0
080,080056,Palizzi,279,0,4,0.0,261.0,0.0,1903.0,9.24,0.0,0.23,0,1,5,3,0,0,3,34.383,,0
080,080057,Palmi,38122,0,4,559.0,1410.0,56.89,18117.0,10.883,0.0,0.0,5,14,83,2,0,8,16,39.343,,0
080,080058,Pazzano,71,0,4,0.0,0.0,0.0,487.0,0.0,0.0,0.0,2,3,1,1,0,0,1,51.325,,0
080,080059,Placanica,150,0,4,0.0,0.0,0.0,1023.0,0.0,0.0,0.0,0,1,4,0,0,0,0,56.349,,0
080,080060,Platì,549,0,2,0.0,0.0,0.0,3747.0,0.0,0.0,21.611,0,0,1,3,0,0,0,40.382,,0
080,080061,Polistena,8800,0,2,80.0,84.0,0.0,9877.0,0.0,0.0,0.0,1,2,31,0,0,9,8,52.452,,0
080,080062,Portigliola,149,0,4,0.0,212.0,0.0,1019.0,0.778,0.0,0.0,0,0,2,0,0,0,0,52.327,,0
080,080063,Reggio di Calabria,143795,0,4,1388.0,1925.0,61.53,169679.0,34.248,0.0,26.274,11,11,192,9,1,31,1525,7.648,,0
080,080064,Riace,8436,0,4,158.0,16.0,84.81,1785.0,4.006,0.0,0.0,0,43,6,0,0,0,5,60.435,,0
080,080065,Rizziconi,1124,0,5,21.0,7.0,0.0,7669.0,0.0,0.0,0.0,0,0,9,0,0,1,0,47.543,,0
080,080066,Roccaforte del Greco,46,0,2,0.0,0.0,0.0,317.0,0.0,3.963,44.636,0,0,1,4,0,0,0,20.879,,0
080,080067,Roccella Ionica,37745,0,4,415.0,133.0,100.0,6131.0,11.79,0.0,0.0,1,7,29,1,0,4,6,63.375,,0
080,080068,Roghudi,137,0,2,0.0,0.0,0.0,932.0,0.0,3.51,45.621,0,0,1,3,0,0,0,23.143,,0
080,080069,Rosarno,2114,0,5,142.0,0.0,0.0,14419.0,0.186,0.0,0.0,1,3,10,0,0,6,10,53.419,,0
080,080070,Samo,102,0,2,0.0,0.0,0.0,699.0,0.0,0.0,33.575,0,0,2,3,0,0,0,31.023,,0
080,080071,San Giorgio Morgeto,432,0,2,0.0,3.0,0.0,2949.0,0.0,0.0,16.19,0,1,3,2,0,0,0,53.564,,0
080,080072,San Giovanni di Gerace,60,0,2,0.0,0.0,0.0,408.0,0.0,0.0,0.0,0,0,1,0,0,0,0,57.084,,0
080,080073,San Lorenzo,316,0,4,0.0,22.0,0.0,2159.0,3.139,0.0,19.314,0,1,7,2,0,1,2,18.261,,0
080,080074,San Luca,497,0,2,0.0,0.0,0.0,3390.0,0.0,0.0,79.847,1,0,2,11,0,0,0,32.893,,0
080,080075,San Pietro di Caridà,144,0,1,0.0,20.0,0.0,985.0,0.0,0.0,0.113,0,0,3,1,0,1,0,46.648,,0
080,080076,San Procopio,70,0,4,0.0,0.0,0.0,480.0,0.0,0.0,0.0,0,0,1,0,0,0,0,33.979,,0
080,080077,San Roberto,222,0,4,0.0,28.0,0.0,1516.0,0.0,0.0,0.611,0,0,1,0,0,0,1,18.869,,0
080,080078,Santa Cristina d'Aspromonte,108,0,2,0.0,0.0,0.0,736.0,0.0,0.0,7.713,0,0,2,3,0,0,0,34.064,,0
080,080079,Sant'Agata del Bianco,82,0,4,0.0,0.0,0.0,556.0,0.0,0.0,5.154,0,1,0,1,0,1,0,36.194,,0
080,080080,Sant'Alessio in Aspromonte,46,0,4,0.0,10.0,0.0,316.0,0.0,0.0,0.0,0,0,1,0,0,0,14,15.212,,0
080,080081,Sant'Eufemia d'Aspromonte,540,0,2,471.0,0.0,100.0,3685.0,0.0,0.0,7.03,1,0,2,3,0,0,0,24.977,,0
080,080082,Sant'Ilario dello Ionio,193,0,4,0.0,19.0,0.0,1316.0,1.393,0.0,0.0,0,1,3,0,0,3,0,50.697,,0
080,080083,Santo Stefano in Aspromonte,16966,0,2,540.0,421.0,4.63,1029.0,0.0,0.0,5.241,0,0,9,4,0,0,66,18.498,,0
080,080084,Scido,116,0,2,0.0,0.0,0.0,790.0,0.0,0.0,4.234,1,0,5,1,0,0,0,31.796,,0
080,080085,Scilla,20006,0,4,175.0,393.0,49.71,4517.0,7.372,0.0,2.575,0,3,6,1,0,15,6,21.239,,0
080,080086,Seminara,360,0,4,0.0,83.0,0.0,2457.0,2.589,0.0,0.0,0,0,2,0,1,2,0,35.979,,0
080,080087,Serrata,115,0,4,0.0,0.0,0.0,785.0,0.0,0.0,0.0,0,0,5,0,0,1,0,44.373,,0
080,080088,Siderno,33572,0,4,354.0,270.0,72.88,17558.0,5.701,0.0,0.0,0,0,63,0,0,10,4,60.192,,0
080,080089,Sinopoli,273,0,2,0.0,0.0,0.0,1862.0,0.0,0.0,8.47,0,0,0,1,0,0,0,27.712,,0
080,080090,Staiti,26,0,4,0.0,0.0,0.0,174.0,0.0,0.0,3.92,0,0,1,0,0,0,0,35.507,,0
080,080091,Stignano,172,0,4,0.0,46.0,0.0,1172.0,3.673,0.0,0.0,0,1,3,1,0,0,0,61.588,,0
080,080092,Stilo,3813,0,4,48.0,26.0,0.0,2337.0,0.564,0.0,40.629,0,7,5,5,0,1,3,48.469,,0
080,080093,Taurianova,314,0,5,20.0,52.0,0.0,14763.0,0.0,0.0,0.0,0,8,12,0,0,2,9,45.064,,0
080,080094,Terranova Sappo Minulio,63,0,5,0.0,0.0,0.0,430.0,0.0,0.0,0.0,0,0,4,0,0,0,4,43.111,,0
080,080095,Varapodio,367,0,2,0.0,27.0,0.0,2016.0,0.0,0.0,8.241,0,0,5,0,0,0,2,40.423,,0
080,080096,Villa San Giovanni,18342,0,4,728.0,191.0,51.24,12775.0,12.107,0.0,0.0,1,4,20,1,0,6,15,17.48,,0
080,080097,San Ferdinando,27795,0,5,261.0,319.0,86.59,4338.0,3.776,0.0,0.0,0,6,18,1,0,0,0,52.306,,0
081,081001,Alcamo,65609,0,4,487.0,167.0,70.84,44659.0,6.42,0.0,1.841,4,3,46,5,0,21,3,26.16,,0
081,081002,Buseto Palizzolo,3508,0,4,68.0,184.0,0.0,2745.0,0.0,0.0,0.0,1,0,7,1,0,1,1,23.296,,0
081,081003,Calatafimi-Segesta,7325,0,3,45.0,144.0,0.0,6066.0,0.0,0.0,2.412,2,2,6,7,0,0,20,34.125,,0
081,081004,Campobello di Mazara,1196,0,5,255.0,565.0,100.0,11340.0,9.963,0.0,0.0,1,1,40,1,1,6,5,39.506,,0
081,081005,Castellammare del Golfo,223251,0,4,1065.0,1312.0,13.62,14691.0,9.69,0.0,0.814,1,1,41,10,0,15,3,30.293,,0
081,081006,Castelvetrano,198686,0,5,2967.0,592.0,88.81,29281.0,10.079,0.0,2.36,3,2,141,4,0,16,31,40.596,,0
081,081007,Custonaci,32022,0,4,320.0,220.0,68.75,5258.0,8.463,0.0,0.0,1,1,26,3,0,9,2,26.615,,0
081,081008,Erice,95156,0,4,646.0,317.0,36.69,26010.0,6.686,0.0,0.0,4,10,95,20,0,4,8,15.546,,0
081,081009,Favignana,250276,1,5,2324.0,1362.0,29.95,4512.0,70.821,0.0,4.401,3,4,33,27,0,7,2,22.893,,0
081,081010,Gibellina,1989,0,3,0.0,31.0,0.0,3676.0,0.0,0.0,0.0,6,89,6,0,0,9,0,42.202,,0
081,081011,Marsala,500154,0,5,1392.0,1214.0,41.31,79835.0,47.337,0.0,6.873,6,12,74,1,0,20,51,11.693,,0
081,081012,Mazara del Vallo,124388,0,5,1102.0,822.0,52.18,50029.0,17.305,0.27,3.536,9,5,105,4,0,15,54,27.096,,0
096,096042,Pettinengo,823,0,3,0.0,59.0,0.0,1449.0,0.0,0.0,0.0,1,2,1,11,0,0,0,51.48,,0
096,096043,Piatto,2848,0,3,0.0,45.0,0.0,472.0,0.0,0.0,0.783,0,0,15,0,0,0,0,46.717,,0
096,096044,Piedicavallo,1162,0,1,20.0,20.0,0.0,170.0,0.0,0.223,0.0,0,0,2,17,0,0,1,46.203,,0
096,096046,Pollone,1010,0,1,0.0,77.0,0.0,1984.0,0.0,0.018,0.624,0,0,3,20,0,1,1,48.824,,0
096,096047,Ponderano,600,0,5,0.0,0.0,0.0,3661.0,0.0,0.0,0.01,0,0,25,0,0,0,2,48.194,,0
096,096048,Portula,182,0,1,0.0,24.0,0.0,1109.0,0.0,0.267,0.361,0,2,3,7,0,1,4,45.789,,0
096,096049,Pralungo,372,0,1,0.0,7.0,0.0,2269.0,0.0,0.0,0.009,0,0,2,0,0,0,2,53.06,,0
096,096050,Pray,327,0,1,0.0,5.0,0.0,1997.0,0.0,0.0,0.0,4,0,7,1,0,0,7,40.581,,0
096,096053,Ronco Biellese,233,0,3,0.0,0.0,0.0,1421.0,0.0,0.0,0.383,1,1,5,1,0,1,0,49.547,,0
096,096054,Roppolo,3530,0,3,0.0,82.0,0.0,825.0,0.0,0.0,0.012,0,15,5,1,0,0,4,41.191,,0
096,096055,Rosazza,368,0,1,0.0,40.0,0.0,97.0,0.0,0.0,0.0,1,20,4,5,0,0,3,46.73,,0
096,096056,Sagliano Micca,1415,0,1,0.0,37.0,0.0,1556.0,0.0,1.199,0.194,0,0,3,16,0,0,0,49.359,,0
096,096057,Sala Biellese,88,0,3,0.0,141.0,0.0,539.0,0.0,0.471,3.605,1,0,0,12,0,1,0,41.982,,0
096,096058,Salussola,7925,0,5,40.0,9.0,0.0,1835.0,0.0,0.375,0.315,1,1,4,3,0,0,2,47.314,,0
096,096059,Sandigliano,28197,0,5,161.0,52.0,100.0,2573.0,0.0,0.0,0.0,0,2,7,0,0,0,16,48.129,,0
096,096063,Sordevolo,1875,0,1,0.0,102.0,0.0,1267.0,0.0,0.0,4.429,2,0,2,15,0,1,0,47.936,,0
096,096064,Sostegno,120,0,3,0.0,4.0,0.0,733.0,0.0,0.0,0.0,1,0,3,6,0,0,4,34.681,,0
096,096065,Strona,154,0,3,0.0,0.0,0.0,939.0,0.0,0.0,0.0,0,1,3,4,0,0,0,43.185,,0
096,096066,Tavigliano,308,0,1,25.0,14.0,0.0,902.0,0.0,0.0,1.469,0,0,0,13,0,0,0,52.616,,0
096,096067,Ternengo,42,0,3,0.0,0.0,0.0,256.0,0.0,0.0,0.0,0,3,2,0,0,0,0,47.784,,0
096,096068,Tollegno,385,0,1,0.0,14.0,0.0,2352.0,0.0,0.0,0.0,0,0,3,1,0,0,3,53.207,,0
096,096069,Torrazzo,1342,0,3,0.0,146.0,0.0,199.0,0.0,0.104,4.389,0,0,4,8,0,0,0,40.543,,0
096,096071,Valdengo,620,0,3,0.0,16.0,0.0,2360.0,0.0,0.0,0.078,0,0,19,1,0,3,2,46.416,,0
096,096072,Vallanzengo,33,0,3,0.0,14.0,0.0,199.0,0.0,0.107,2.449,0,0,14,1,0,0,0,49.021,,0
096,096074,Valle San Nicolao,137,0,3,0.0,0.0,0.0,836.0,0.0,0.0,0.0,0,0,3,4,0,0,0,50.5,,0
096,096075,Veglio,5042,0,1,42.0,14.0,0.0,470.0,0.0,0.0,1.952,0,0,2,8,1,0,2,49.496,,0
096,096076,Verrone,192,0,5,0.0,4.0,0.0,1170.0,0.0,0.0,1.057,1,1,9,0,0,0,1,49.296,,0
096,096077,Vigliano Biellese,845,0,3,0.0,18.0,0.0,7573.0,0.0,0.0,0.003,0,2,13,1,0,5,6,48.503,,0
096,096078,Villa del Bosco,50,0,3,0.0,0.0,0.0,307.0,0.0,0.0,0.0,0,3,2,0,0,0,2,34.052,,0
096,096079,Villanova Biellese,29,0,5,21.0,4.0,0.0,175.0,0.0,0.0,0.384,0,0,0,0,0,0,1,44.707,,0
096,096080,Viverone,29117,0,3,209.0,1685.0,56.94,1340.0,0.0,9.572,5.713,0,5,32,10,1,4,5,39.355,,0
096,096081,Zimone,62,0,3,0.0,5.0,0.0,376.0,0.0,0.0,0.626,1,0,2,3,0,0,2,41.315,,0
096,096082,Zubiena,1114,0,3,0.0,31.0,0.0,1136.0,0.0,0.0,7.937,1,0,2,7,0,0,0,42.573,,0
096,096083,Zumaglia,157,0,3,0.0,6.0,0.0,961.0,0.0,0.0,0.06,0,0,1,0,0,0,0,50.024,,0
096,096085,Lessona,2166,0,3,17.0,40.0,0.0,2600.0,0.0,0.0,0.0,0,0,19,2,0,0,0,40.681,,0
096,096086,Campiglia Cervo,3536,0,1,0.0,107.0,0.0,500.0,0.0,0.0,0.331,0,4,4,27,0,0,0,50.064,,0
111,111098,Villamassargia,670,0,3,0.0,40.0,0.0,3326.0,0.0,0.0,0.0,0,2,12,4,0,0,0,27.747,,0
111,111099,Villanova Tulo,88,0,3,0.0,3.0,0.0,1007.0,0.0,0.0,0.0,0,2,2,1,0,0,0,48.461,,0
111,111100,Villanovaforru,57,0,3,72.0,2.0,0.0,655.0,0.0,0.0,0.0,1,2,3,0,0,0,0,31.053,,0
111,111101,Villanovafranca,293,0,3,0.0,14.0,0.0,1163.0,0.0,0.0,0.0,1,0,8,0,0,0,0,32.693,,0
111,111102,Villaperuccio,88,0,3,0.0,14.0,0.0,1006.0,0.0,0.0,0.0,1,1,4,0,0,0,0,38.147,,0
111,111103,Villaputzu,18396,0,4,20.0,453.0,0.0,4438.0,13.647,0.121,7.966,1,2,32,8,0,4,0,53.036,,0
111,111104,Villasalto,82,0,3,0.0,4.0,0.0,938.0,0.0,0.0,112.716,1,0,3,10,0,0,0,37.837,,0
111,111105,Villasimius,687588,0,4,6691.0,2050.0,70.83,3721.0,25.86,0.0,3.745,2,1,116,1,0,1,0,40.613,,0
111,111106,Villasor,575,0,5,13.0,6.0,0.0,6600.0,0.0,0.0,0.0,0,2,20,0,0,2,0,5.745,,0
111,111107,Villaspeciosa,228,0,5,0.0,4.0,0.0,2616.0,0.0,0.0,0.0,0,0,14,0,0,0,0,8.869,,0
081,081013,Paceco,19115,0,5,89.0,187.0,43.82,10635.0,3.827,0.0,4.277,2,0,12,1,0,1,10,9.831,,0
081,081014,Pantelleria,108352,1,4,1207.0,358.0,46.06,7268.0,42.924,1.747,29.768,2,4,346,21,0,12,214,3.833,,0
081,081015,Partanna,1308,0,3,0.0,39.0,0.0,9788.0,0.0,0.0,0.0,2,1,36,2,0,4,2,41.358,,0
081,081016,Poggioreale,64,0,3,0.0,24.0,0.0,1292.0,0.0,0.0,0.0,1,1,3,0,0,1,0,43.473,,0
081,081017,Salaparuta,76,0,3,0.0,4.0,0.0,1552.0,0.0,0.0,0.0,1,2,1,0,0,2,2,46.303,,0
081,081018,Salemi,8935,0,3,0.0,133.0,0.0,9942.0,0.0,0.0,0.0,5,11,18,3,0,1,4,26.28,,0
081,081019,Santa Ninfa,3747,0,3,0.0,45.0,0.0,4753.0,0.0,0.0,0.0,3,8,8,0,0,0,0,35.619,,0
081,081020,San Vito Lo Capo,516183,0,4,1993.0,4230.0,10.19,4804.0,27.281,0.0,15.853,6,0,46,8,0,11,7,30.556,,0
081,081021,Trapani,244753,0,5,1244.0,1369.0,65.35,55229.0,12.341,0.554,3.768,7,7,60,2,0,18,61,15.706,,0
081,081022,Valderice,81594,0,4,621.0,193.0,65.22,11395.0,4.004,0.0,0.0,2,0,71,3,0,6,0,18.678,,0
081,081023,Vita,87,0,3,0.0,14.0,0.0,1768.0,0.0,0.0,0.0,0,0,4,0,0,0,0,31.188,,0
081,081024,Petrosino,33057,0,5,611.0,219.0,67.1,7927.0,6.504,0.757,0.0,1,1,12,1,0,0,5,22.694,,0
081,081025,Misiliscemi,23895,0,5,28.0,313.0,0.0,8491.0,4.454,0.0,0.595,0,0,20,1,0,0,11,5.038,,0
082,082001,Alia,520,0,1,0.0,76.0,0.0,3241.0,0.0,0.0,0.0,3,0,8,0,0,0,2,72.159,,0
082,082002,Alimena,287,0,3,0.0,0.0,0.0,1793.0,0.0,0.0,0.0,0,0,4,0,0,0,0,86.724,,0
082,082003,Aliminusa,167,0,3,0.0,0.0,0.0,1043.0,0.0,0.0,0.0,0,0,3,1,0,0,0,69.283,,0
082,082004,Altavilla Milicia,55416,0,4,781.0,63.0,64.15,8837.0,3.48,0.0,9.028,0,1,1,1,0,1,5,44.698,,0
082,082005,Altofonte,1567,0,3,0.0,4.0,0.0,9775.0,0.0,0.0,0.0,0,1,8,9,0,0,10,24.961,,0
082,082006,Bagheria,18091,0,4,110.0,174.0,15.45,53010.0,5.559,0.0,0.0,3,21,30,1,0,4,20,36.55,,0
082,082007,Balestrate,25550,0,5,246.0,169.0,71.14,6283.0,3.157,0.0,0.0,0,0,5,1,0,1,6,16.54,,0
082,082008,Baucina,296,0,3,0.0,0.0,0.0,1848.0,0.0,0.0,2.598,0,0,2,0,0,1,0,46.748,,0
082,082009,Belmonte Mezzagno,1738,0,3,0.0,0.0,0.0,10839.0,0.0,0.0,0.0,0,1,3,1,0,2,0,29.196,,0
082,082010,Bisacquino,651,0,3,0.0,12.0,0.0,4061.0,0.0,0.0,0.365,1,0,4,3,0,0,0,50.754,,0
082,082011,Bolognetta,661,0,3,32.0,6.0,0.0,4126.0,0.0,0.0,0.0,0,0,3,0,0,2,1,40.271,,0
082,082012,Bompietro,185,0,3,0.0,0.0,0.0,1153.0,0.0,0.0,0.0,0,0,5,0,0,0,0,87.712,,0
082,082013,Borgetto,1146,0,3,0.0,0.0,0.0,7148.0,0.0,0.0,0.0,0,0,9,1,0,0,1,15.759,,0
082,082014,Caccamo,1764,0,3,0.0,41.0,0.0,7625.0,0.0,18.653,24.851,0,2,7,13,0,1,3,58.966,,0
082,082015,Caltavuturo,1142,0,1,0.0,43.0,0.0,3430.0,0.0,0.0,20.609,1,4,6,3,0,0,0,83.321,,0
082,082016,Campofelice di Fitalia,70,0,3,0.0,42.0,0.0,435.0,0.0,0.0,0.0,1,0,5,0,0,2,0,53.704,,0
082,082017,Campofelice di Roccella,348774,0,4,2487.0,714.0,92.28,7759.0,8.403,0.0,0.0,0,1,27,2,0,6,4,71.097,,0
082,082018,Campofiorito,180,0,3,0.0,38.0,0.0,1123.0,0.0,0.0,0.0,0,0,1,0,0,0,0,48.644,,0
082,082019,Camporeale,471,0,3,0.0,4.0,0.0,2936.0,0.0,0.0,0.0,1,0,7,1,0,1,1,31.439,,0
082,082020,Capaci,1817,0,4,0.0,0.0,0.0,11334.0,1.577,0.0,0.0,1,0,33,0,0,0,4,12.128,,0
082,082021,Carini,4874,0,4,13.0,62.0,0.0,40254.0,7.671,0.0,0.0,1,3,286,3,0,5,18,7.626,,0
082,082022,Castelbuono,23593,0,2,60.0,240.0,60.0,8018.0,0.0,0.0,25.247,2,1,11,6,0,5,3,91.605,,0
082,082023,Casteldaccia,7145,0,4,155.0,40.0,100.0,11690.0,1.803,0.0,14.18,0,1,17,1,0,1,7,42.812,,0
082,082024,Castellana Sicula,2280,0,1,0.0,70.0,0.0,2974.0,0.0,0.0,11.174,0,0,8,5,0,4,0,92.574,,0
082,082025,Castronovo di Sicilia,446,0,1,0.0,4.0,0.0,2779.0,0.0,10.806,87.186,0,0,5,4,0,1,3,68.991,,0
082,082026,Cefalà Diana,156,0,3,0.0,0.0,0.0,976.0,0.0,0.0,0.0,0,2,2,0,0,0,1,43.416,,0
082,082027,Cefalù,929175,0,4,4129.0,2321.0,74.4,13861.0,10.906,0.095,25.456,0,1,141,5,1,16,20,83.497,,0
082,082028,Cerda,780,0,3,0.0,26.0,0.0,4866.0,0.0,0.0,0.0,0,1,1,0,0,0,1,70.9,,0
082,082029,Chiusa Sclafani,581,0,3,0.0,48.0,0.0,2475.0,0.0,0.0,35.651,0,0,6,2,0,0,0,58.716,,0
082,082030,Ciminna,538,0,3,0.0,5.0,0.0,3354.0,0.0,0.0,0.0,1,1,9,1,0,8,0,52.169,,0
082,082031,Cinisi,88953,0,4,601.0,162.0,100.0,11948.0,8.186,0.0,0.0,1,0,14,1,0,2,16,2.773,,0
082,082032,Collesano,2036,0,2,0.0,182.0,0.0,3654.0,0.0,0.056,43.012,2,2,8,1,0,1,0,75.788,,0
082,082033,Contessa Entellina,236,0,3,0.0,10.0,0.0,1473.0,0.0,0.0,24.457,1,1,4,3,0,0,0,48.95,,0
082,082034,Corleone,2376,0,1,13.0,43.0,0.0,10279.0,0.0,0.0,0.24,4,7,23,3,0,0,1,45.993,,0
082,082035,Ficarazzi,2056,0,5,58.0,0.0,0.0,12823.0,2.373,0.0,0.0,0,1,2,0,0,0,3,33.353,,0
082,082036,Gangi,5137,0,1,72.0,104.0,66.67,5997.0,0.0,0.0,0.0,4,1,14,1,0,1,8,80.868,,0
082,082037,Geraci Siculo,7814,0,1,43.0,24.0,100.0,1684.0,0.0,0.0,42.72,0,1,5,5,0,1,0,89.847,,0
082,082038,Giardinello,360,0,3,0.0,8.0,0.0,2245.0,0.0,0.0,0.0,0,0,2,0,0,1,0,13.925,,0
082,082039,Giuliana,267,0,3,0.0,0.0,0.0,1668.0,0.0,0.0,18.191,0,1,2,0,0,0,0,57.079,,0
082,082040,Godrano,165,0,1,0.0,26.0,0.0,1032.0,0.0,0.0,13.236,0,0,2,5,0,1,0,45.056,,0
082,082041,Gratteri,136,0,2,24.0,4.0,100.0,848.0,0.0,0.0,26.361,2,0,6,1,0,0,1,80.342,,0
082,082042,Isnello,282,0,2,0.0,126.0,0.0,1283.0,0.0,0.0,44.963,0,0,9,7,1,5,1,84.807,,0
082,082043,Isola delle Femmine,153644,0,4,860.0,264.0,86.74,7031.0,5.695,0.0,0.174,0,4,40,4,0,6,5,13.082,,0
082,082044,Lascari,15762,0,4,0.0,227.0,0.0,3706.0,1.964,0.0,0.04,0,1,5,0,0,3,4,75.845,,0
082,082045,Lercara Friddi,980,0,3,0.0,7.0,0.0,6115.0,0.0,0.0,0.076,2,0,10,0,0,0,1,65.922,,0
082,082046,Marineo,971,0,3,0.0,3.0,0.0,6054.0,0.0,0.0,0.033,2,1,4,0,0,0,3,37.791,,0
082,082047,Mezzojuso,413,0,3,0.0,5.0,0.0,2578.0,0.0,0.0,4.299,3,0,2,1,0,0,0,47.936,,0
082,082048,Misilmeri,4639,0,3,33.0,0.0,0.0,28939.0,0.0,0.0,0.0,0,1,9,1,0,2,7,34.513,,0
082,082049,Monreale,13404,0,3,219.0,394.0,100.0,38726.0,0.0,10.477,17.378,2,4,24,22,1,2,33,28.832,,0
082,082050,Montelepre,909,0,3,48.0,0.0,0.0,5670.0,0.0,0.0,0.0,0,0,5,0,0,0,0,12.853,,0
082,082051,Montemaggiore Belsito,464,0,1,0.0,0.0,0.0,2893.0,0.0,0.0,0.0,3,0,4,0,0,0,2,69.647,,0
082,082052,Palazzo Adriano,283,0,1,16.0,7.0,0.0,1765.0,0.0,5.354,73.386,0,5,3,5,0,0,1,63.104,,0
082,082053,Palermo,1964765,0,5,8259.0,5637.0,67.51,630427.0,27.625,0.0,14.408,31,155,825,41,1,190,1485,20.878,Arab-Norman Palermo and the Cathedral Churches of Cefalú and Monreale,1
082,082054,Partinico,7713,0,5,0.0,343.0,0.0,30678.0,0.0,1.174,0.0,0,2,31,0,0,1,3,17.146,,0
082,082055,Petralia Soprana,3008,0,1,69.0,22.0,0.0,2905.0,0.0,0.0,18.365,3,1,4,4,0,1,1,90.188,,0
082,082056,Petralia Sottana,7994,0,1,0.0,166.0,0.0,2412.0,0.0,0.0,59.029,2,1,22,20,0,2,2,95.378,,0
082,082057,Piana degli Albanesi,1016,0,3,24.0,49.0,0.0,5321.0,0.0,12.081,4.45,1,0,11,17,0,0,1,30.196,,0
082,082058,Polizzi Generosa,13412,0,1,14.0,203.0,0.0,2860.0,0.0,0.0,42.836,4,1,11,7,0,0,1,88.862,,0
082,082059,Pollina,122395,0,4,963.0,801.0,100.0,2829.0,5.125,0.0,17.448,0,1,33,2,0,4,4,92.367,,0
082,082060,Prizzi,662,0,1,0.0,33.0,0.0,4130.0,0.0,4.152,15.426,1,2,4,1,0,0,0,57.981,,0
082,082061,Roccamena,209,0,3,0.0,0.0,0.0,1305.0,0.0,0.0,0.0,0,0,1,0,0,0,0,38.958,,0
082,082062,Roccapalumba,349,0,3,15.0,0.0,0.0,2177.0,0.0,0.0,0.0,0,0,4,0,0,0,4,63.602,,0
082,082063,San Cipirello,783,0,3,0.0,0.0,0.0,4886.0,0.0,0.0,0.0,1,0,1,0,0,1,0,27.312,,0
082,082064,San Giuseppe Jato,1284,0,3,0.0,48.0,0.0,8010.0,0.0,0.0,0.0,0,0,3,1,0,0,0,23.84,,0
082,082065,San Mauro Castelverde,660,0,2,13.0,24.0,0.0,1315.0,0.297,0.0,2.198,1,0,2,1,0,0,0,91.1,,0
082,082066,Santa Cristina Gela,1211,0,3,45.0,24.0,0.0,993.0,0.0,3.584,0.0,0,0,4,2,0,1,0,31.627,,0
082,082067,Santa Flavia,113032,0,4,831.0,238.0,100.0,11042.0,7.459,0.0,0.0,1,2,26,1,0,2,5,38.796,,0
082,082068,Sciara,400,0,4,0.0,0.0,0.0,2492.0,0.0,0.0,10.517,0,1,3,0,0,0,0,64.484,,0
082,082069,Sclafani Bagni,1600,0,1,0.0,44.0,0.0,369.0,0.0,0.327,3.246,0,4,3,3,0,1,2,76.973,,0
082,082070,Termini Imerese,9128,0,4,102.0,94.0,0.0,24865.0,12.97,0.0,5.035,4,1,33,3,0,9,7,61.443,,0
082,082071,Terrasini,270261,0,5,2419.0,366.0,85.7,12982.0,9.078,0.0,0.318,1,2,25,1,0,5,0,6.785,,0
082,082072,Torretta,703,0,4,0.0,20.0,0.0,4384.0,0.0,0.0,0.0,0,0,8,7,0,0,0,12.833,,0
082,082073,Trabia,7217,0,4,243.0,95.0,100.0,10644.0,4.408,0.0,4.728,0,1,21,0,0,0,6,49.768,,0
082,082074,Trappeto,3830,0,5,0.0,66.0,0.0,3106.0,4.181,0.0,0.0,0,2,4,0,0,0,4,12.081,,0
082,082075,Ustica,15507,1,5,269.0,120.0,0.0,1309.0,14.501,0.0,4.74,0,1,22,2,0,2,5,59.067,,0
082,082076,Valledolmo,501,0,1,0.0,0.0,0.0,3124.0,0.0,0.0,0.0,0,0,4,0,0,1,0,78.702,,0
082,082077,Ventimiglia di Sicilia,283,0,3,0.0,20.0,0.0,1768.0,0.0,0.0,5.789,0,0,5,0,0,0,0,45.762,,0
082,082078,Vicari,383,0,3,0.0,0.0,0.0,2389.0,0.0,0.0,0.0,0,1,5,0,0,0,0,59.251,,0
082,082079,Villabate,3129,0,5,0.0,0.0,0.0,19521.0,0.0,0.0,0.0,0,0,10,0,0,4,6,31.99,,0
082,082080,Villafrati,498,0,3,0.0,0.0,0.0,3104.0,0.0,0.0,0.0,0,0,1,1,0,0,0,44.2,,0
082,082081,Scillato,95,0,2,0.0,5.0,0.0,590.0,0.0,0.0,19.328,0,0,5,0,0,0,0,80.032,,0
082,082082,Blufi,138,0,3,0.0,12.0,0.0,859.0,0.0,0.0,0.0,0,0,1,0,0,0,1,88.75,,0
083,083001,Alcara li Fusi,757,0,1,0.0,19.0,0.0,1654.0,0.0,1.137,52.172,1,1,5,2,0,1,1,66.009,,0
083,083002,Alì,289,0,2,0.0,0.0,0.0,632.0,0.0,0.0,4.852,0,0,2,1,0,0,1,21.783,,0
083,083003,Alì Terme,12264,0,2,92.0,46.0,82.61,2318.0,3.154,0.0,0.0,0,0,16,1,0,1,13,20.818,,0
083,083004,Antillo,364,0,1,0.0,28.0,0.0,795.0,0.0,0.0,0.0,0,0,7,2,0,0,2,39.431,,0
083,083005,Barcellona Pozzo di Gotto,7559,0,4,38.0,79.0,0.0,39817.0,5.042,0.0,0.0,2,2,47,0,0,4,4,37.592,,0
083,083006,Basicò,290,0,4,0.0,0.0,0.0,635.0,0.0,0.0,0.0,0,1,3,0,0,1,3,51.346,,0
083,083007,Brolo,16628,0,4,266.0,29.0,0.0,5748.0,2.687,0.0,0.0,0,3,19,0,0,1,5,72.219,,0
083,083008,Capizzi,1288,0,1,0.0,0.0,0.0,2816.0,0.0,0.0,50.268,0,2,3,2,0,0,2,67.778,,0
083,083009,Capo d'Orlando,84576,0,4,1071.0,569.0,52.85,13111.0,7.726,0.0,0.0,2,2,32,0,0,6,4,80.162,,0
083,083010,Capri Leone,2990,0,4,0.0,22.0,0.0,4361.0,0.0,0.0,0.0,0,0,8,0,0,0,0,75.979,,0
083,083011,Caronia,8348,0,2,74.0,37.0,0.0,3001.0,13.469,0.0,193.476,0,2,20,0,0,5,5,75.826,,0
083,083012,Casalvecchio Siculo,328,0,1,0.0,6.0,0.0,718.0,0.0,0.0,0.0,1,2,3,8,0,0,0,34.06,,0
083,083013,Castel di Lucio,607,0,1,0.0,9.0,0.0,1328.0,0.0,0.0,0.0,0,4,3,1,0,0,0,82.298,,0
083,083014,Castell'Umberto,198,0,4,20.0,10.0,100.0,2815.0,0.0,0.0,0.0,0,1,6,0,0,0,0,71.052,,0
083,083015,Castelmola,27269,0,4,136.0,70.0,63.24,1071.0,0.0,0.0,0.0,0,1,4,4,0,0,6,41.244,,0
083,083016,Castroreale,1036,0,4,0.0,3.0,0.0,2266.0,0.0,0.0,0.0,0,0,3,5,0,1,0,37.253,,0
083,083017,Cesarò,6329,0,1,62.0,189.0,0.0,2115.0,0.0,7.676,137.066,1,0,3,13,0,0,1,57.095,,0
083,083018,Condrò,220,0,4,0.0,0.0,0.0,481.0,0.0,0.0,0.0,0,0,2,0,0,0,0,29.976,,0
083,083019,Falcone,892,0,4,85.0,12.0,58.82,2812.0,1.986,0.0,0.0,0,0,9,1,0,2,4,51.302,,0
083,083020,Ficarra,3075,0,4,0.0,53.0,0.0,1283.0,0.0,0.0,0.0,0,0,3,0,0,0,0,71.856,,0
083,083021,Fiumedinisi,587,0,2,0.0,10.0,0.0,1283.0,0.0,0.0,22.878,0,0,2,8,0,0,1,24.867,,0
083,083022,Floresta,214,0,1,0.0,92.0,0.0,468.0,0.0,0.0,26.389,0,0,3,3,0,0,4,57.525,,0
083,083023,Fondachelli-Fantina,495,0,1,0.0,12.0,0.0,1083.0,0.0,0.0,0.0,0,0,5,2,0,0,1,41.95,,0
083,083024,Forza d'Agrò,23809,0,2,399.0,151.0,95.99,847.0,1.069,0.0,0.0,0,1,8,2,0,1,3,34.372,,0
083,083025,Francavilla di Sicilia,2952,0,1,98.0,94.0,0.0,3533.0,0.0,0.0,10.084,1,2,28,6,0,0,1,49.304,,0
083,083026,Frazzanò,257,0,4,0.0,0.0,0.0,561.0,0.0,0.0,0.002,0,0,2,0,0,0,0,71.981,,0
083,083027,Furci Siculo,9099,0,2,80.0,77.0,0.0,3193.0,0.979,0.0,0.119,1,1,23,4,0,0,5,30.301,,0
083,083028,Furnari,61068,0,4,632.0,170.0,94.94,4178.0,2.958,0.0,0.0,0,0,57,0,0,1,0,47.476,,0
083,083029,Gaggi,6746,0,4,61.0,39.0,100.0,3088.0,0.0,0.0,0.641,0,0,11,0,0,0,6,43.896,,0
083,083030,Galati Mamertino,1009,0,1,0.0,0.0,0.0,2206.0,0.0,0.0,25.744,0,1,6,3,0,1,0,64.408,,0
083,083031,Gallodoro,148,0,2,0.0,0.0,0.0,323.0,0.0,0.0,0.0,0,0,1,2,0,1,1,35.506,,0
083,083032,Giardini-Naxos,750474,0,4,5773.0,983.0,79.08,9363.0,3.642,0.0,0.083,0,7,60,0,2,9,22,43.437,,0
083,083033,Gioiosa Marea,333001,0,4,744.0,1303.0,46.24,6767.0,4.143,0.0,0.0,2,0,37,4,0,7,5,64.708,,0
083,083034,Graniti,5671,0,4,0.0,76.0,0.0,1453.0,0.0,0.0,0.847,0,7,6,1,0,0,2,43.276,,0
083,083035,Gualtieri Sicaminò,711,0,4,0.0,0.0,0.0,1555.0,0.0,0.0,0.0,1,0,2,0,0,0,0,28.172,,0
083,083036,Itala,724,0,2,43.0,19.0,0.0,1479.0,1.964,0.0,2.598,0,0,7,1,0,0,9,19.442,,0
083,083037,Leni,7954,1,4,70.0,32.0,37.14,677.0,5.992,0.0,0.0,0,0,2,0,0,3,6,89.968,,0
083,083038,Letojanni,294522,0,2,1566.0,1036.0,61.88,2910.0,2.753,0.0,0.0,0,0,20,5,0,2,20,36.147,,0
083,083039,Librizzi,716,0,4,0.0,55.0,0.0,1566.0,0.0,0.0,0.0,0,0,3,0,0,3,4,60.144,,0
083,083040,Limina,332,0,1,0.0,0.0,0.0,725.0,0.0,0.0,0.0,1,0,5,1,0,4,1,35.928,,0
083,083041,Lipari,411221,1,4,3296.0,1009.0,41.57,12676.0,106.464,0.0,11.309,5,5,78,15,0,28,33,81.642,Isole Eolie (Aeolian Islands),1
083,083042,Longi,590,0,1,0.0,69.0,0.0,1290.0,0.0,0.0,34.782,1,1,2,7,0,0,0,61.406,,0
083,083043,Malfa,35143,1,4,291.0,123.0,72.85,1004.0,6.634,0.0,0.0,1,0,3,1,0,4,10,90.923,,0
083,083044,Malvagna,278,0,1,0.0,23.0,0.0,608.0,0.0,0.0,4.04,0,0,1,2,0,2,1,51.162,,0
083,083045,Mandanici,225,0,2,0.0,0.0,0.0,493.0,0.0,0.0,0.002,0,0,1,0,0,2,3,29.074,,0
083,083046,Mazzarrà Sant'Andrea,636,0,1,0.0,0.0,0.0,1390.0,0.0,0.0,0.0,1,1,5,0,0,0,0,45.393,,0
083,083047,Merì,1056,0,4,0.0,0.0,0.0,2309.0,0.0,0.0,0.0,0,1,2,0,0,1,0,36.029,,0
083,083048,Messina,163615,0,2,456.0,871.0,20.18,217959.0,43.384,5.612,0.885,4,39,179,39,0,49,955,17.898,,0
083,083049,Milazzo,126961,0,4,636.0,1042.0,67.45,30028.0,21.569,0.0,0.121,3,3,103,3,1,15,12,38.539,,0
083,083050,Militello Rosmarino,525,0,2,0.0,0.0,0.0,1147.0,0.0,0.104,18.122,0,0,2,0,0,0,0,69.28,,0
083,083051,Mirto,399,0,4,0.0,8.0,0.0,873.0,0.0,0.0,0.0,0,0,1,0,0,0,0,74.686,,0
083,083052,Mistretta,1970,0,1,0.0,16.0,0.0,4308.0,0.0,0.324,49.629,1,7,17,1,0,1,1,78.403,,0
083,083053,Moio Alcantara,314,0,1,0.0,55.0,0.0,686.0,0.0,0.0,2.825,0,0,4,1,0,1,0,49.355,,0
083,083054,Monforte San Giorgio,846,0,4,0.0,56.0,0.0,2442.0,1.267,0.0,0.211,0,0,6,5,0,0,2,23.377,,0
083,083055,Mongiuffi Melia,238,0,1,0.0,0.0,0.0,520.0,0.0,0.0,0.0,0,0,0,7,0,0,0,39.142,,0
083,083056,Montagnareale,628,0,4,0.0,13.0,0.0,1373.0,0.0,0.0,0.0,0,0,4,0,0,2,0,62.727,,0
083,083057,Montalbano Elicona,1352,0,1,0.0,46.0,0.0,2065.0,0.0,0.0,11.706,0,3,3,5,0,1,1,55.698,,0
083,083058,Motta Camastra,8077,0,4,0.0,142.0,0.0,790.0,0.0,0.0,0.859,0,0,17,5,1,0,6,44.697,,0
083,083059,Motta d'Affermo,299,0,4,0.0,0.0,0.0,654.0,3.416,0.0,0.0,0,1,4,0,0,0,0,88.867,,0
083,083060,Naso,2193,0,4,0.0,49.0,0.0,3419.0,1.83,0.0,0.0,1,1,2,0,0,0,1,77.08,,0
083,083061,Nizza di Sicilia,3277,0,2,0.0,40.0,0.0,3520.0,1.818,0.0,7.242,1,0,10,5,0,4,5,25.826,,0
083,083062,Novara di Sicilia,517,0,1,0.0,0.0,0.0,1131.0,0.0,0.0,0.0,0,3,2,1,0,2,1,46.123,,0
083,083063,Oliveri,4951,0,4,61.0,27.0,81.97,2174.0,1.288,0.0,0.0,0,3,9,1,0,0,3,53.223,,0
083,083064,Pace del Mela,2727,0,4,0.0,2.0,0.0,5962.0,2.437,0.0,0.0,0,1,19,0,0,2,4,32.801,,0
083,083065,Pagliara,510,0,2,0.0,20.0,0.0,1116.0,0.0,0.0,0.0,0,0,2,1,0,2,0,29.052,,0
083,083066,Patti,47726,0,4,263.0,495.0,7.98,12680.0,9.334,0.0,3.354,4,3,32,3,0,13,10,57.34,,0
083,083067,Pettineo,567,0,4,0.0,39.0,0.0,1239.0,0.0,0.0,0.0,0,2,4,1,0,0,0,87.45,,0
083,083068,Piraino,84936,0,4,610.0,1309.0,53.11,3794.0,5.032,0.0,0.0,2,0,20,1,0,0,0,68.938,,0
083,083069,Raccuja,381,0,1,0.0,0.0,0.0,834.0,0.0,0.0,0.006,0,1,2,0,0,0,0,63.673,,0
083,083070,Reitano,454,0,4,0.0,39.0,0.0,716.0,1.443,0.0,0.0,1,1,12,1,0,0,0,86.003,,0
083,083071,Roccafiorita,81,0,1,0.0,0.0,0.0,178.0,0.0,0.0,0.0,0,0,0,0,0,1,1,37.308,,0
083,083072,Roccalumera,23783,0,2,257.0,23.0,78.21,4062.0,2.723,0.0,0.0,2,7,13,3,0,8,18,25.412,,0
083,083073,Roccavaldina,459,0,4,0.0,4.0,0.0,1004.0,0.0,0.0,0.0,1,1,5,0,0,0,0,26.317,,0
083,083074,Roccella Valdemone,257,0,1,0.0,30.0,0.0,561.0,0.0,0.0,2.919,0,2,2,2,0,1,0,53.379,,0
083,083075,Rodì Milici,1420,0,4,0.0,78.0,0.0,1948.0,0.0,0.0,0.0,0,1,11,5,0,0,0,41.817,,0
083,083076,Rometta,7510,0,2,0.0,17.0,0.0,6584.0,2.528,0.0,0.0,0,1,18,10,0,0,7,22.937,,0
083,083077,San Filippo del Mela,186,0,4,0.0,45.0,0.0,6694.0,2.102,0.0,0.0,0,2,16,0,1,1,0,34.956,,0
083,083078,San Fratello,1474,0,2,0.0,6.0,0.0,3222.0,0.0,0.0,47.906,0,0,4,0,0,3,1,69.341,,0
083,083079,San Marco d'Alunzio,134,0,4,0.0,54.0,0.0,1818.0,0.0,0.0,11.574,3,3,4,2,0,3,1,72.722,,0
083,083080,San Pier Niceto,1023,0,4,0.0,55.0,0.0,2588.0,0.917,0.0,5.352,0,0,3,2,0,0,1,25.866,,0
083,083081,San Piero Patti,2326,0,1,0.0,100.0,0.0,2601.0,0.0,0.0,0.0,1,26,7,8,0,5,1,60.472,,0
083,083082,San Salvatore di Fitalia,512,0,4,0.0,23.0,0.0,1119.0,0.0,0.0,0.0,0,0,1,0,0,0,0,70.903,,0
083,083083,Santa Domenica Vittoria,4442,0,1,47.0,20.0,0.0,861.0,0.0,0.0,4.828,0,0,5,2,0,2,0,52.656,,0
083,083084,Sant'Agata di Militello,20644,0,2,49.0,382.0,100.0,11939.0,4.291,0.0,8.251,0,2,26,0,0,4,5,73.758,,0
083,083085,Sant'Alessio Siculo,59058,0,2,954.0,347.0,65.93,1547.0,3.248,0.0,0.0,0,4,18,1,0,0,16,32.189,,0
083,083086,Santa Lucia del Mela,2000,0,1,0.0,22.0,0.0,4373.0,0.0,0.0,2.923,0,1,4,8,0,1,0,30.761,,0
083,083087,Santa Marina Salina,28927,1,4,297.0,101.0,42.76,856.0,6.288,0.0,0.0,0,0,5,4,0,2,4,87.61,,0
083,083088,Sant'Angelo di Brolo,725,0,4,0.0,58.0,0.0,2717.0,0.0,0.0,0.0,0,0,3,0,0,0,1,66.505,,0
083,083089,Santa Teresa di Riva,5853,0,2,0.0,235.0,0.0,9265.0,3.559,0.0,0.0,0,8,39,1,0,4,9,29.573,,0
083,083090,San Teodoro,571,0,1,0.0,0.0,0.0,1248.0,0.0,0.0,1.259,0,0,3,0,0,0,0,52.416,,0
083,083091,Santo Stefano di Camastra,3420,0,4,82.0,70.0,100.0,4349.0,4.398,0.0,7.989,1,0,7,0,0,2,3,84.812,,0
083,083092,Saponara,1681,0,2,0.0,0.0,0.0,3675.0,0.601,0.0,0.0,0,0,20,4,0,1,4,21.839,,0
083,083093,Savoca,7843,0,2,87.0,36.0,56.32,1727.0,0.0,0.0,0.0,1,4,5,2,0,0,0,30.488,,0
083,083094,Scaletta Zanclea,844,0,2,0.0,0.0,0.0,1845.0,2.512,0.0,0.0,0,1,3,0,0,0,8,17.171,,0
083,083095,Sinagra,461,0,4,14.0,38.0,0.0,2465.0,0.0,0.0,0.0,0,0,3,0,0,0,0,70.258,,0
083,083096,Spadafora,2129,0,4,0.0,19.0,0.0,4654.0,1.827,0.0,0.0,1,1,9,0,0,2,4,26.907,,0
083,083097,Taormina,1153927,0,4,5794.0,1636.0,78.89,10498.0,5.568,0.0,0.571,5,15,83,5,0,24,53,42.3,,0
083,083098,Torregrotta,3334,0,4,89.0,0.0,0.0,7289.0,1.239,0.0,0.0,0,1,13,0,0,2,4,29.679,,0
083,083099,Tortorici,696,0,1,0.0,20.0,0.0,5630.0,0.0,1.92,40.001,1,1,5,5,0,0,1,62.091,,0
083,083100,Tripi,341,0,4,43.0,6.0,100.0,746.0,0.0,0.0,3.157,1,1,3,8,0,0,1,50.019,,0
083,083101,Tusa,25948,0,4,71.0,319.0,100.0,2540.0,6.205,0.0,0.0,2,2,9,6,0,1,5,92.849,,0
083,083102,Ucria,400,0,1,0.0,6.0,0.0,875.0,0.0,0.0,3.994,0,0,2,0,0,0,2,64.394,,0
083,083103,Valdina,574,0,4,0.0,0.0,0.0,1255.0,0.342,0.0,0.0,0,0,7,0,0,0,4,28.992,,0
083,083104,Venetico,6298,0,4,24.0,61.0,0.0,3965.0,1.414,0.0,0.0,0,1,3,0,0,1,0,28.19,,0
083,083105,Villafranca Tirrena,2907,0,2,87.0,24.0,100.0,7924.0,1.879,0.0,0.0,1,1,16,2,0,2,14,23.588,,0
083,083106,Terme Vigliatore,21556,0,4,153.0,372.0,0.0,7222.0,2.976,0.222,0.0,0,0,19,2,0,0,7,44.107,,0
083,083107,Acquedolci,732,0,2,19.0,23.0,0.0,5485.0,5.058,0.0,0.011,0,2,14,0,0,5,3,77.555,,0
083,083108,Torrenova,19034,0,4,42.0,141.0,0.0,4507.0,5.655,0.0,0.0,0,2,8,1,0,1,5,77.325,,0
084,084001,Agrigento,334760,0,4,2033.0,2523.0,67.83,55367.0,9.224,0.195,0.0,5,11,429,2,1,19,153,99.62,Archaeological Area of Agrigento,1
084,084002,Alessandria della Rocca,167,0,3,0.0,0.0,0.0,2399.0,0.0,0.0,0.0,0,1,2,0,0,1,0,77.117,,0
084,084003,Aragona,3418,0,3,0.0,84.0,0.0,8682.0,0.0,0.0,2.038,0,2,51,2,1,8,9,95.426,,0
084,084004,Bivona,217,0,1,0.0,12.0,0.0,3120.0,0.0,0.678,21.697,0,0,6,2,0,0,0,71.81,,0
084,084005,Burgio,172,0,3,54.0,8.0,0.0,2474.0,0.0,0.0,31.759,2,3,5,5,0,5,0,64.304,,0
084,084006,Calamonaci,79,0,3,0.0,9.0,0.0,1143.0,0.0,0.0,0.0,0,0,2,0,0,0,1,75.762,,0
084,084007,Caltabellotta,219,0,3,0.0,39.0,0.0,3144.0,0.0,0.0,0.054,1,3,6,1,0,1,0,66.627,,0
084,084008,Camastra,138,0,3,0.0,12.0,0.0,1980.0,0.0,0.0,0.0,0,0,12,0,0,0,3,76.798,,0
084,084009,Cammarata,10762,0,1,45.0,107.0,0.0,5837.0,0.0,0.0,38.445,0,6,13,7,1,0,8,80.163,,0
084,084010,Campobello di Licata,273,0,3,0.0,47.0,0.0,9018.0,0.0,0.0,0.0,0,7,15,0,1,0,4,66.958,,0
084,084011,Canicattì,11390,0,3,76.0,89.0,0.0,34394.0,0.0,0.0,0.0,1,3,15,1,0,4,4,80.273,,0
084,084012,Casteltermini,258,0,3,0.0,41.0,0.0,7217.0,0.0,0.0,0.0,1,0,10,1,0,1,8,85.645,,0
084,084013,Castrofilippo,975,0,3,0.0,36.0,0.0,2592.0,0.0,0.0,0.0,0,0,1,0,0,0,0,85.916,,0
084,084014,Cattolica Eraclea,15217,0,4,0.0,466.0,0.0,3273.0,1.301,0.164,0.186,1,0,5,1,0,0,0,86.763,,0
084,084015,Cianciana,211,0,3,0.0,0.0,0.0,3040.0,0.0,0.0,0.0,1,0,9,0,0,7,1,80.874,,0
084,084016,Comitini,58,0,3,0.0,54.0,0.0,836.0,0.0,0.0,0.0,0,0,11,0,0,0,2,96.316,,0
084,084017,Favara,11251,0,4,63.0,77.0,100.0,31515.0,0.0,0.0,0.0,1,7,25,3,0,15,4,90.604,,0
084,084018,Grotte,357,0,3,0.0,9.0,0.0,5141.0,0.0,0.0,0.0,0,1,8,0,0,0,0,94.745,,0
084,084019,Joppolo Giancaxio,74,0,3,0.0,747.0,0.0,1059.0,0.0,0.0,0.47,0,0,4,1,0,0,2,97.527,,0
084,084020,Lampedusa e Linosa,204150,1,5,1255.0,590.0,25.74,6522.0,52.6,0.0,5.038,0,2,33,4,0,11,3,9.922,,0
084,084021,Licata,174947,0,4,1600.0,169.0,95.5,34290.0,17.432,0.0,0.0,1,4,71,1,0,6,14,63.84,,0
084,084022,Lucca Sicula,118,0,3,0.0,123.0,0.0,1697.0,0.0,0.0,0.0,0,0,6,0,0,0,2,71.198,,0
084,084023,Menfi,32667,0,5,258.0,526.0,57.36,11834.0,10.852,0.0,0.006,2,4,54,1,0,4,56,53.574,,0
084,084024,Montallegro,2134,0,4,0.0,22.0,0.0,2357.0,0.715,0.0,0.002,0,0,6,0,0,4,0,90.14,,0
084,084025,Montevago,185,0,3,0.0,4.0,0.0,2654.0,0.0,0.0,0.0,0,1,7,0,0,0,15,47.58,,0
084,084026,Naro,3770,0,3,0.0,156.0,0.0,6971.0,0.0,10.892,0.0,1,3,4,1,0,0,4,77.225,,0
084,084027,Palma di Montechiaro,8224,0,4,192.0,200.0,0.0,21369.0,16.02,0.152,0.0,0,1,25,0,0,1,3,77.83,,0
084,084028,Porto Empedocle,105853,0,4,443.0,122.0,74.94,15600.0,4.589,0.0,0.0,0,5,26,0,0,3,4,102.73,,0
084,084029,Racalmuto,1281,0,3,86.0,28.0,0.0,7484.0,0.0,0.0,0.0,1,5,15,0,0,1,8,88.731,,0
084,084030,Raffadali,511,0,3,0.0,21.0,0.0,11877.0,0.0,0.0,0.0,0,1,14,0,0,1,5,94.105,,0
084,084031,Ravanusa,332,0,3,0.0,94.0,0.0,10284.0,0.0,0.0,0.0,1,0,10,1,0,1,1,62.177,,0
084,084032,Realmonte,24644,0,4,188.0,135.0,47.87,4395.0,4.435,0.0,0.0,0,0,8,0,0,7,2,100.96,,0
084,084033,Ribera,22885,0,5,86.0,548.0,0.0,17802.0,8.731,0.234,1.826,1,2,14,2,0,5,3,80.637,,0
084,084034,Sambuca di Sicilia,5696,0,3,50.0,40.0,100.0,5301.0,0.0,0.0,23.014,6,0,8,0,0,2,2,57.945,,0
084,084035,San Biagio Platani,197,0,3,0.0,0.0,0.0,2836.0,0.0,0.0,0.0,0,0,7,0,0,0,0,83.608,,0
084,084036,San Giovanni Gemini,520,0,1,0.0,16.0,0.0,7480.0,0.0,0.0,14.799,0,1,16,2,0,0,0,78.798,,0
084,084037,Santa Elisabetta,151,0,3,0.0,10.0,0.0,2176.0,0.0,0.0,0.0,0,0,0,0,0,0,0,90.987,,0
084,084038,Santa Margherita di Belice,414,0,3,0.0,12.0,0.0,5961.0,0.0,0.0,0.0,4,0,4,1,0,3,31,53.188,,0
084,084039,Sant'Angelo Muxaro,81,0,3,0.0,44.0,0.0,1170.0,0.0,0.0,0.206,0,0,1,1,0,0,0,86.991,,0
084,084040,Santo Stefano Quisquina,815,0,1,82.0,666.0,74.39,3998.0,0.0,0.0,52.556,1,1,12,5,0,0,0,73.55,,0
084,084041,Sciacca,365409,0,5,2070.0,355.0,80.19,38749.0,16.516,0.0,0.232,6,21,148,2,0,17,8,67.79,,0
084,084042,Siculiana,85362,0,4,253.0,241.0,83.79,4149.0,6.814,0.0,7.412,1,3,9,3,0,0,0,94.291,,0
084,084043,Villafranca Sicula,92,0,3,0.0,0.0,0.0,1321.0,0.0,0.0,0.0,0,1,5,0,0,1,2,69.84,,0
085,085001,Acquaviva Platani,128,0,3,0.0,13.0,0.0,855.0,0.0,0.0,0.0,1,0,8,2,0,0,4,85.823,,0
085,085002,Bompensiere,72,0,3,0.0,20.0,0.0,478.0,0.0,0.0,0.0,0,0,2,0,0,0,0,89.704,,0
085,085003,Butera,88438,0,4,1099.0,23.0,72.79,4118.0,6.321,0.0,0.0,0,1,38,4,1,0,1,47.855,,0
085,085004,Caltanissetta,89495,0,3,494.0,664.0,57.89,58343.0,0.0,0.273,0.145,3,6,77,4,1,1,198,75.046,,0
085,085005,Campofranco,389,0,3,13.0,0.0,0.0,2599.0,0.0,0.0,2.497,0,1,9,6,0,0,1,93.06,,0
085,085006,Delia,162,0,3,0.0,17.0,0.0,3871.0,0.0,0.0,0.0,0,1,5,0,0,0,0,73.101,,0
085,085007,Gela,42624,0,5,437.0,147.0,36.61,70856.0,17.156,7.406,3.391,2,7,113,2,0,30,55,30.106,,0
085,085008,Marianopoli,233,0,3,0.0,0.0,0.0,1553.0,0.0,0.0,0.0,1,0,2,0,0,1,0,92.33,,0
085,085009,Mazzarino,1939,0,3,0.0,88.0,0.0,10819.0,0.0,6.845,0.0,0,2,14,0,0,1,9,44.413,,0
085,085010,Milena,400,0,3,0.0,8.0,0.0,2670.0,0.0,0.0,0.0,1,0,9,1,0,1,0,92.849,,0
085,085011,Montedoro,204,0,3,0.0,8.0,0.0,1360.0,0.0,0.0,0.0,1,18,5,0,0,0,1,86.363,,0
085,085012,Mussomeli,3271,0,3,0.0,107.0,0.0,9915.0,0.0,0.0,0.0,1,1,14,0,0,0,3,93.519,,0
085,085013,Niscemi,3726,0,3,0.0,39.0,0.0,24885.0,0.0,1.929,2.843,1,1,30,1,0,1,2,24.13,,0
085,085014,Resuttano,258,0,3,0.0,0.0,0.0,1720.0,0.0,0.0,0.0,0,0,5,1,0,0,0,90.923,,0
085,085015,Riesi,2095,0,3,0.0,98.0,0.0,10409.0,0.0,0.0,0.0,2,0,8,0,0,5,2,56.828,,0
085,085016,San Cataldo,4837,0,3,92.0,96.0,100.0,20668.0,0.0,0.0,0.001,0,0,22,0,1,2,0,82.512,,0
085,085017,Santa Caterina Villarmosa,2696,0,3,0.0,28.0,0.0,4572.0,0.0,0.0,0.129,0,0,8,1,0,1,0,81.093,,0
085,085018,Serradifalco,1604,0,3,0.0,29.0,0.0,5456.0,0.0,1.612,0.578,0,0,6,1,0,1,0,81.998,,0
085,085019,Sommatino,953,0,3,0.0,8.0,0.0,6363.0,0.0,0.0,0.0,0,0,14,0,2,1,0,64.756,,0
085,085020,Sutera,532,0,3,0.0,32.0,0.0,1156.0,0.0,0.0,0.0,1,2,4,0,0,0,0,92.501,,0
085,085021,Vallelunga Pratameno,458,0,3,0.0,8.0,0.0,3061.0,0.0,0.0,0.0,0,0,4,0,0,0,1,81.555,,0
085,085022,Villalba,208,0,3,0.0,21.0,0.0,1391.0,0.0,0.0,0.0,1,0,3,0,2,0,3,89.365,,0
086,086001,Agira,1877,0,3,0.0,39.0,0.0,7632.0,0.0,0.0,5.993,2,1,8,3,0,0,19,48.373,,0
086,086002,Aidone,1453,0,3,0.0,38.0,0.0,4208.0,0.0,0.0,5.506,1,3,13,1,0,0,1,48.382,,0
086,086003,Assoro,2255,0,3,0.0,47.0,0.0,4776.0,0.0,0.0,0.005,0,3,10,2,0,0,6,55.733,,0
086,086004,Barrafranca,726,0,3,0.0,8.0,0.0,11664.0,0.0,0.0,0.0,1,1,16,0,0,0,11,54.986,,0
086,086005,Calascibetta,2831,0,3,0.0,50.0,0.0,4029.0,0.0,0.745,0.039,0,3,9,0,0,0,0,74.941,,0
086,086006,Catenanuova,4784,0,3,0.0,26.0,0.0,4454.0,0.0,0.0,0.0,0,1,3,0,0,0,4,34.809,,0
086,086007,Centuripe,312,0,3,0.0,22.0,0.0,5011.0,0.0,0.0,0.0,1,5,13,26,0,0,1,31.283,,0
086,086008,Cerami,334,0,1,0.0,28.0,0.0,1857.0,0.0,4.236,11.127,0,0,3,5,0,0,0,64.101,,0
086,086009,Enna,60111,0,3,416.0,507.0,47.6,25332.0,0.0,7.451,13.325,3,11,116,2,0,0,125,64.842,,0
086,086010,Gagliano Castelferrato,487,0,3,0.0,30.0,0.0,3201.0,0.0,0.0,0.0,0,1,8,0,0,0,2,54.608,,0
086,086011,Leonforte,348,0,3,0.0,19.0,0.0,12191.0,0.0,3.514,0.389,1,4,19,0,0,0,6,65.039,,0
086,086012,Nicosia,3844,0,1,11.0,173.0,0.0,12594.0,0.0,0.499,7.153,2,1,24,13,0,0,3,69.813,,0
086,086013,Nissoria,176,0,3,0.0,31.0,0.0,2833.0,0.0,0.0,0.0,0,1,12,2,0,1,2,60.119,,0
086,086014,Piazza Armerina,33326,0,3,380.0,631.0,63.16,20619.0,0.0,0.0,4.935,4,5,39,2,0,13,11,49.11,Villa Romana del Casale,1
086,086015,Pietraperzia,3894,0,3,40.0,22.0,0.0,6315.0,0.0,0.0,0.0,0,1,5,0,0,3,3,62.621,,0
086,086016,Regalbuto,9799,0,3,22.0,71.0,0.0,6626.0,0.0,9.814,0.0,0,15,9,0,0,9,4,43.198,,0
086,086017,Sperlinga,42,0,1,0.0,0.0,0.0,675.0,0.0,0.0,0.0,0,3,2,2,0,0,0,73.709,,0
086,086018,Troina,13451,0,1,122.0,92.0,0.0,8405.0,0.0,1.487,0.0,2,6,13,1,0,1,13,50.149,,0
086,086019,Valguarnera Caropepe,692,0,3,0.0,41.0,0.0,6846.0,0.0,0.0,0.0,3,0,6,0,0,0,1,59.972,,0
086,086020,Villarosa,267,0,3,0.0,27.0,0.0,4288.0,0.0,2.485,0.0,2,0,8,0,0,2,2,76.664,,0
087,087001,Aci Bonaccorsi,63,0,4,0.0,0.0,0.0,3558.0,0.0,0.0,0.0,0,1,25,0,0,0,0,14.72,,0
087,087002,Aci Castello,247675,0,5,1505.0,151.0,85.98,17755.0,8.505,0.0,0.399,2,4,108,3,0,2,59,11.806,,0
087,087003,Aci Catena,16395,0,4,46.0,60.0,0.0,27740.0,0.0,0.0,0.0,0,2,64,0,0,0,0,14.722,,0
087,087004,Acireale,180979,0,4,1240.0,1321.0,98.87,50505.0,12.739,0.0,2.787,4,18,157,12,0,10,89,20.4,,0
087,087005,Aci Sant'Antonio,2800,0,4,0.0,59.0,0.0,18079.0,0.0,0.0,1.327,1,1,182,1,0,0,0,18.029,,0
087,087006,Adrano,594,0,1,0.0,15.0,0.0,33781.0,0.0,0.16,57.481,1,3,28,11,0,1,12,31.292,,0
087,087007,Belpasso,12239,0,4,82.0,190.0,0.0,28177.0,0.0,0.0,18.507,0,19,115,6,2,3,2,13.258,,0
087,087008,Biancavilla,14964,0,1,45.0,113.0,0.0,22962.0,0.0,0.0,53.084,0,0,34,8,0,0,15,26.916,,0
087,087009,Bronte,4042,0,1,18.0,67.0,0.0,18222.0,0.0,0.0,196.111,3,10,49,24,0,2,26,42.601,,0
087,087010,Calatabiano,17603,0,4,105.0,434.0,100.0,5118.0,2.319,0.0,1.1,1,2,18,3,0,0,4,41.449,,0
087,087011,Caltagirone,37243,0,3,273.0,553.0,66.67,35610.0,0.0,0.208,22.877,9,8,65,7,0,2,69,23.393,,0
087,087012,Camporotondo Etneo,91,0,4,0.0,0.0,0.0,5185.0,0.0,0.0,0.0,0,1,16,0,0,0,1,10.963,,0
087,087013,Castel di Iudica,75,0,3,0.0,0.0,0.0,4256.0,0.0,0.0,0.0,1,0,24,0,0,1,0,34.454,,0
087,087014,Castiglione di Sicilia,39499,0,2,342.0,291.0,87.72,2889.0,0.0,0.0,89.276,0,2,21,24,0,0,13,43.269,Mount Etna,1
087,087015,Catania,967248,0,5,4610.0,4210.0,60.61,298680.0,22.922,0.0,0.0,27,149,494,4,1,73,1310,3.866,,0
087,087016,Fiumefreddo di Sicilia,6918,0,4,32.0,139.0,0.0,9034.0,2.606,0.0,0.447,1,0,11,2,0,0,5,37.799,,0
087,087017,Giarre,30189,0,4,104.0,228.0,0.0,26508.0,0.0,0.0,0.017,2,1,53,0,0,4,17,29.412,,0
087,087018,Grammichele,9651,0,3,69.0,86.0,0.0,12353.0,0.0,0.0,0.0,1,3,19,0,0,0,2,25.639,,0
087,087019,Gravina di Catania,1636,0,5,0.0,29.0,0.0,25317.0,0.0,0.0,0.0,0,1,92,0,0,3,49,9.736,,0
087,087020,Licodia Eubea,158,0,3,0.0,14.0,0.0,2755.0,0.0,0.0,0.0,2,1,7,3,0,0,0,17.128,,0
087,087021,Linguaglossa,20149,0,2,196.0,192.0,24.49,5055.0,0.0,0.0,61.866,0,0,28,16,0,0,5,38.459,,0
087,087022,Maletto,63,0,1,0.0,0.0,0.0,3567.0,0.0,0.0,49.243,1,0,6,7,0,0,6,39.574,,0
087,087023,Mascali,58661,0,4,407.0,476.0,73.46,14401.0,3.928,0.0,3.266,0,0,65,6,0,0,15,34.47,,0
087,087024,Mascalucia,6495,0,4,0.0,118.0,0.0,32103.0,0.0,0.0,0.0,0,1,209,1,0,1,45,13.573,,0
087,087025,Militello in Val di Catania,119,0,3,0.0,15.0,0.0,6747.0,0.0,0.086,0.0,3,3,40,9,0,0,7,32.215,,0
087,087026,Milo,2366,0,2,17.0,72.0,0.0,1023.0,0.0,0.0,11.111,0,1,9,11,0,0,2,29.99,,0
087,087027,Mineo,78,0,3,0.0,30.0,0.0,4418.0,0.0,0.0,0.0,1,3,15,3,0,0,0,34.638,,0
087,087028,Mirabella Imbaccari,74,0,3,0.0,21.0,0.0,4233.0,0.0,0.0,0.0,1,0,8,0,0,1,0,38.32,,0
087,087029,Misterbianco,36279,0,5,172.0,126.0,0.0,48878.0,0.0,0.0,0.0,1,1,88,0,0,1,133,6.188,,0
087,087030,Motta Sant'Anastasia,27265,0,5,206.0,70.0,0.0,12072.0,0.0,0.0,0.0,0,1,17,1,0,0,19,9.403,,0
087,087031,Nicolosi,53191,0,2,273.0,200.0,85.35,7587.0,0.0,0.0,34.737,2,1,41,10,0,2,5,21.462,,0
087,087032,Palagonia,275,0,3,64.0,0.0,100.0,15654.0,0.0,0.0,0.0,0,0,31,0,0,3,2,29.492,,0
087,087033,Paternò,4436,0,4,0.0,122.0,0.0,44954.0,0.0,0.0,1.055,2,3,70,3,0,2,6,19.919,,0
087,087034,Pedara,7531,0,4,0.0,57.0,0.0,15161.0,0.0,0.0,9.228,1,0,30,8,0,1,0,19.122,,0
087,087035,Piedimonte Etneo,3067,0,2,0.0,80.0,0.0,3905.0,0.0,0.0,13.183,0,1,11,5,0,0,8,37.789,,0
087,087036,Raddusa,49,0,3,0.0,0.0,0.0,2783.0,0.0,0.0,0.0,0,0,6,0,0,0,0,47.225,,0
087,087037,Ramacca,2199,0,3,20.0,31.0,0.0,10188.0,0.0,0.43,0.0,1,0,10,0,0,0,0,32.638,,0
087,087038,Randazzo,14434,0,1,52.0,247.0,0.0,10151.0,0.0,1.217,151.177,2,8,23,38,0,0,12,44.771,,0
087,087039,Riposto,42130,0,4,155.0,437.0,100.0,13983.0,7.526,0.0,0.0,0,0,39,0,0,0,6,28.661,,0
087,087040,San Cono,43,0,3,0.0,0.0,0.0,2445.0,0.0,0.0,0.0,0,0,13,0,0,0,0,39.339,,0
087,087041,San Giovanni la Punta,7650,0,4,245.0,11.0,64.9,24022.0,0.0,0.0,0.0,1,9,130,0,0,1,1,12.402,,0
087,087042,San Gregorio di Catania,41987,0,5,111.0,113.0,0.0,11483.0,0.0,0.0,0.396,0,1,68,1,0,0,15,10.792,,0
087,087043,San Michele di Ganzaria,11073,0,3,87.0,34.0,0.0,2846.0,0.0,0.0,0.0,0,0,11,1,0,0,1,35.462,,0
087,087044,San Pietro Clarenza,2604,0,4,0.0,50.0,0.0,8349.0,0.0,0.0,0.0,0,0,10,0,0,0,25,11.642,,0
087,087045,Sant'Agata li Battiati,163,0,5,0.0,12.0,0.0,9270.0,0.0,0.0,0.0,0,7,89,0,0,0,26,9.659,,0
087,087046,Sant'Alfio,4708,0,2,0.0,124.0,0.0,1520.0,0.0,0.0,34.81,0,1,13,9,0,0,1,32.742,,0
087,087047,Santa Maria di Licodia,8179,0,4,61.0,34.0,65.57,7563.0,0.0,0.0,4.605,0,0,25,1,0,0,5,22.981,,0
087,087048,Santa Venerina,14403,0,4,35.0,122.0,0.0,8424.0,0.0,0.0,0.251,1,1,32,1,0,0,3,24.986,,0
087,087049,Scordia,282,0,3,0.0,10.0,0.0,16042.0,0.0,0.0,0.0,0,0,110,1,0,1,5,26.672,,0
087,087050,Trecastagni,6871,0,4,0.0,148.0,0.0,11313.0,0.0,0.0,15.005,0,1,22,6,0,0,1,20.075,,0
087,087051,Tremestieri Etneo,2414,0,4,0.0,33.0,0.0,19397.0,0.0,0.0,0.0,0,3,44,0,0,0,24,11.914,,0
087,087052,Valverde,2650,0,4,0.0,36.0,0.0,7850.0,0.0,0.0,0.0,0,0,20,0,0,0,0,13.498,,0
087,087053,Viagrande,45978,0,4,227.0,112.0,100.0,8922.0,0.0,0.0,1.22,1,0,85,1,0,0,1,17.414,,0
087,087054,Vizzini,2847,0,3,0.0,69.0,0.0,5674.0,0.0,0.0,0.0,0,2,12,3,0,0,4,25.569,,0
087,087055,Zafferana Etnea,64569,0,2,384.0,217.0,65.89,9384.0,0.0,0.0,148.261,0,4,36,21,1,1,5,26.999,,0
087,087056,Mazzarrone,130,0,3,0.0,45.0,0.0,3982.0,0.0,0.0,0.0,0,0,15,0,0,0,0,10.855,,0
087,087057,Maniace,66,0,1,0.0,11.0,0.0,3763.0,0.0,0.0,16.444,0,0,2,0,0,0,2,51.826,,0
087,087058,Ragalna,3178,0,2,21.0,62.0,0.0,4217.0,0.0,0.0,28.099,0,0,44,16,0,1,1,23.652,,0
088,088001,Acate,190,0,5,0.0,41.0,0.0,10400.0,7.329,0.0,0.024,0,3,29,0,0,1,2,14.86,,0
088,088002,Chiaramonte Gulfi,16682,0,3,135.0,252.0,0.0,7981.0,0.0,0.0,0.0,2,2,79,6,0,1,0,6.939,,0
088,088003,Comiso,12674,0,5,126.0,167.0,17.46,30086.0,0.0,0.0,3.971,1,6,48,1,0,4,6,3.682,,0
090,090008,Benetutti,8105,0,3,166.0,28.0,27.71,1664.0,0.0,0.0,0.0,0,6,6,0,0,0,0,60.011,,0
090,090009,Berchidda,3849,0,3,103.0,330.0,0.0,2584.0,0.0,0.0,0.0,1,0,18,8,0,0,0,28.827,,0
090,090010,Bessude,46,0,3,0.0,20.0,0.0,375.0,0.0,0.0,0.0,0,0,2,0,0,0,0,33.729,,0
090,090011,Bonnanaro,111,0,3,0.0,6.0,0.0,910.0,0.0,0.0,0.0,0,0,4,0,0,0,0,42.239,,0
090,090012,Bono,537,0,3,34.0,38.0,0.0,3293.0,0.0,0.0,0.004,0,1,6,0,0,0,0,66.949,,0
090,090013,Bonorva,517,0,3,0.0,106.0,0.0,3126.0,0.0,0.0,0.0,1,0,9,0,0,0,0,51.531,,0
090,090014,Bortigiadas,1482,0,4,21.0,23.0,0.0,709.0,0.0,0.0,0.0,1,0,3,1,0,0,0,44.377,,0
090,090015,Borutta,29,0,3,0.0,0.0,0.0,242.0,0.0,0.0,0.0,1,1,3,0,0,0,0,40.0,,0
090,090016,Bottidda,79,0,3,0.0,9.0,0.0,654.0,0.0,0.0,0.0,1,3,4,0,0,0,0,64.003,,0
090,090017,Buddusò,430,0,1,99.0,10.0,57.58,3542.0,0.0,3.131,0.0,0,1,9,0,0,0,0,39.924,,0
090,090018,Bultei,98,0,1,25.0,6.0,0.0,804.0,0.0,0.0,0.0,0,1,23,2,0,0,0,58.67,,0
090,090019,Bulzi,56,0,4,0.0,0.0,0.0,459.0,0.0,0.0,0.0,0,0,3,0,0,0,0,53.295,,0
090,090020,Burgos,101,0,3,0.0,0.0,0.0,834.0,0.0,0.0,0.0,1,1,2,0,0,1,0,63.027,,0
090,090021,Calangianus,2481,0,3,0.0,53.0,0.0,3785.0,0.0,0.0,0.0,1,0,6,3,0,0,0,23.327,,0
090,090022,Cargeghe,71,0,3,0.0,0.0,0.0,586.0,0.0,0.0,0.0,0,3,5,1,0,0,0,29.732,,0
090,090023,Castelsardo,163642,0,4,1457.0,1467.0,63.07,5625.0,15.032,0.0,0.459,0,1,43,0,0,2,0,46.291,,0
090,090024,Cheremule,48,0,3,0.0,9.0,0.0,393.0,0.0,0.0,0.0,0,1,4,0,0,0,0,38.467,,0
090,090025,Chiaramonti,185,0,3,0.0,26.0,0.0,1526.0,0.0,0.0,0.0,0,5,3,0,0,1,0,48.232,,0
090,090026,Codrongianos,154,0,3,0.0,19.0,0.0,1267.0,0.0,0.0,0.0,2,0,7,0,0,0,0,33.873,,0
090,090027,Cossoine,500,0,3,0.0,30.0,0.0,753.0,0.0,0.0,0.0,1,5,5,0,0,0,0,38.818,,0
090,090028,Esporlatu,44,0,3,0.0,0.0,0.0,366.0,0.0,0.0,0.0,0,0,2,0,0,0,0,61.043,,0
090,090029,Florinas,176,0,3,0.0,0.0,0.0,1445.0,0.0,0.0,0.0,0,1,5,0,0,0,0,30.827,,0
090,090030,Giave,58,0,3,0.0,15.0,0.0,477.0,0.0,0.0,0.025,0,1,5,2,0,0,0,41.208,,0
090,090031,Illorai,89,0,3,0.0,0.0,0.0,730.0,0.0,0.0,0.0,0,1,5,0,0,0,0,59.111,,0
090,090032,Ittireddu,56,0,3,11.0,0.0,0.0,462.0,0.0,0.0,0.0,1,11,4,0,0,1,0,53.005,,0
090,090033,Ittiri,717,0,3,0.0,38.0,0.0,7937.0,0.0,0.0,0.0,0,7,18,0,0,1,0,22.972,,0
090,090034,Laerru,100,0,3,0.0,3.0,0.0,822.0,0.0,0.0,0.0,1,1,5,2,0,0,0,50.591,,0
090,090035,La Maddalena,244287,1,4,1801.0,2524.0,23.99,10582.0,192.952,0.0,9.224,6,4,58,18,0,4,0,37.236,,0
090,090036,Luogosanto,9878,0,4,148.0,69.0,0.0,1802.0,0.0,0.0,0.0,2,4,4,3,0,0,0,31.687,,0
090,090037,Luras,313,0,3,40.0,26.0,50.0,2375.0,0.0,0.0,0.0,1,0,5,1,0,0,0,29.048,,0
090,090038,Mara,64,0,3,0.0,6.0,0.0,528.0,0.0,0.0,0.0,1,2,3,0,0,0,0,36.352,,0
090,090039,Martis,509,0,3,0.0,25.0,0.0,459.0,0.0,0.0,0.0,0,1,4,0,0,0,0,48.025,,0
090,090040,Monteleone Rocca Doria,13,0,3,0.0,11.0,0.0,103.0,0.0,0.0,0.0,1,2,3,0,0,0,0,28.7,,0
090,090041,Monti,559,0,3,0.0,68.0,0.0,2348.0,0.0,0.0,0.0,1,1,10,1,0,0,0,17.786,,0
090,090042,Mores,2832,0,3,20.0,27.0,0.0,1698.0,0.0,0.0,0.0,1,3,6,1,0,0,0,47.711,,0
090,090043,Muros,99,0,3,0.0,12.0,0.0,814.0,0.0,0.0,0.0,0,1,5,0,0,0,0,28.468,,0
090,090044,Nughedu San Nicolò,88,0,3,0.0,111.0,0.0,725.0,0.0,0.0,0.0,0,0,5,0,0,0,0,59.995,,0
090,090045,Nule,156,0,3,0.0,0.0,0.0,1286.0,0.0,0.0,0.0,0,1,3,0,0,0,0,52.591,,0
090,090046,Nulvi,1857,0,3,0.0,137.0,0.0,2588.0,0.0,0.0,0.0,2,1,12,0,0,0,0,43.23,,0
090,090047,Olbia,850336,0,4,6363.0,4994.0,67.69,61481.0,96.692,0.0,0.0,1,5,480,2,0,5,0,4.168,,0
090,090048,Olmedo,4773,0,5,0.0,158.0,0.0,4208.0,0.0,0.0,0.0,0,1,33,0,0,0,0,8.102,,0
090,090049,Oschiri,547,0,3,15.0,20.0,0.0,2970.0,0.0,0.0,0.0,1,0,16,0,0,1,0,40.021,,0
090,090050,Osilo,339,0,3,0.0,14.0,0.0,2791.0,0.0,0.0,0.0,0,1,12,0,0,1,0,35.505,,0
090,090051,Ossi,396,0,3,0.0,36.0,0.0,5438.0,0.0,0.0,0.0,1,0,20,0,0,0,0,26.529,,0
090,090052,Ozieri,3134,0,3,28.0,90.0,0.0,9762.0,0.0,0.0,0.0,4,2,36,1,0,0,0,55.957,,0
090,090053,Padria,71,0,3,0.0,0.0,0.0,585.0,0.0,0.0,0.0,1,1,4,0,0,0,0,35.948,,0
090,090054,Palau,625983,0,4,3456.0,5280.0,59.35,4113.0,25.981,0.0,0.683,0,2,108,4,0,4,0,32.836,,0
090,090055,Pattada,128,0,1,93.0,12.0,0.0,2827.0,0.0,0.0,0.0,3,2,6,0,0,1,0,47.835,,0
090,090056,Perfugas,922,0,3,18.0,41.0,0.0,2243.0,0.0,0.0,0.0,2,0,5,0,0,0,0,50.088,,0
090,090057,Ploaghe,444,0,3,0.0,38.0,0.0,4242.0,0.0,0.0,0.0,0,0,13,0,0,0,0,39.558,,0
090,090058,Porto Torres,35074,0,5,172.0,446.0,50.58,21041.0,92.48,0.0,60.553,2,2,44,11,0,1,0,34.158,,0
090,090059,Pozzomaggiore,1124,0,3,0.0,45.0,0.0,2339.0,0.0,0.0,0.0,2,0,11,0,0,0,0,42.681,,0
090,090060,Putifigari,81,0,4,0.0,14.0,0.0,665.0,0.0,0.0,0.0,0,0,5,0,0,0,0,14.82,,0
090,090061,Romana,58,0,3,0.0,0.0,0.0,476.0,0.0,0.0,0.0,0,3,3,0,0,0,0,29.399,,0
090,090062,Aglientu,302722,0,4,929.0,4288.0,1.72,1177.0,18.62,0.0,0.432,1,0,29,2,2,2,0,40.837,,0
090,090063,Santa Teresa Gallura,361974,0,4,5718.0,3028.0,37.11,5044.0,66.461,0.0,5.234,2,4,111,4,0,5,0,41.741,,0
090,090064,Sassari,216682,0,5,1018.0,1046.0,42.34,121085.0,30.139,3.795,0.072,10,21,719,5,0,12,0,13.895,,0
090,090065,Sedini,201,0,4,0.0,33.0,0.0,1223.0,0.0,0.0,0.0,3,2,6,0,0,0,0,50.17,,0
090,090066,Semestene,15,0,3,0.0,0.0,0.0,125.0,0.0,0.0,0.0,0,0,4,0,0,0,0,46.087,,0
090,090067,Sennori,833,0,3,17.0,19.0,0.0,6856.0,0.0,0.0,0.0,0,10,15,0,0,1,0,33.668,,0
090,090068,Siligo,93,0,3,0.0,0.0,0.0,765.0,0.0,0.0,0.0,1,1,7,0,0,0,0,38.293,,0
090,090069,Sorso,70641,0,5,1369.0,1248.0,16.87,14374.0,15.263,0.0,0.096,1,1,58,7,0,0,0,31.942,,0
090,090070,Tempio Pausania,33615,0,4,640.0,209.0,35.16,13133.0,0.0,0.0,0.0,4,3,32,14,0,3,0,32.681,,0
090,090071,Thiesi,2157,0,3,31.0,19.0,0.0,2715.0,0.0,0.0,0.0,1,3,7,0,0,0,0,33.218,,0
090,090072,Tissi,285,0,5,0.0,6.0,0.0,2342.0,0.0,0.0,0.0,1,0,9,0,0,0,0,23.578,,0
090,090073,Torralba,106,0,3,0.0,2.0,0.0,874.0,0.0,0.0,0.0,1,1,8,0,0,0,0,44.954,,0
090,090074,Trinità d'Agultu e Vignola,303061,0,4,1465.0,2789.0,94.2,2351.0,35.64,0.0,1.749,0,2,85,0,1,4,0,48.649,,0
090,090075,Tula,1284,0,3,20.0,30.0,0.0,1431.0,0.0,0.0,0.0,0,1,6,0,0,1,0,47.827,,0
090,090076,Uri,1789,0,5,29.0,24.0,0.0,2842.0,0.0,0.0,0.0,0,0,11,0,0,0,0,14.856,,0
090,090077,Usini,327,0,5,0.0,16.0,0.0,4187.0,0.0,0.0,0.0,1,6,12,0,0,0,0,20.276,,0
090,090078,Villanova Monteleone,1901,0,4,24.0,32.0,0.0,2074.0,9.221,0.0,0.0,1,2,11,0,0,0,0,23.429,,0
090,090079,Valledoria,160910,0,4,1160.0,2588.0,40.69,4314.0,3.141,0.0,0.07,0,0,37,6,0,2,0,54.848,,0
090,090080,Telti,1208,0,3,0.0,104.0,0.0,2217.0,0.0,0.0,0.0,1,0,6,0,0,1,0,13.592,,0
090,090081,Badesi,360504,0,4,2839.0,2517.0,95.0,1838.0,8.373,0.0,0.075,0,0,61,1,0,2,0,54.146,,0
090,090082,Viddalba,846,0,4,0.0,55.0,0.0,1595.0,0.0,0.0,0.0,1,1,3,1,0,0,0,49.376,,0
090,090083,Golfo Aranci,184393,0,4,2434.0,1574.0,73.66,2375.0,28.321,0.0,0.0,0,10,102,0,0,1,0,10.834,,0
090,090084,Loiri Porto San Paolo,121229,0,4,654.0,2382.0,52.14,3741.0,6.783,0.884,0.0,0,0,40,1,0,1,0,7.876,,0
090,090085,Sant'Antonio di Gallura,12130,0,3,90.0,33.0,66.67,1427.0,0.0,0.0,0.0,0,0,7,1,0,0,0,18.416,,0
090,090086,Tergu,12019,0,3,18.0,219.0,0.0,608.0,0.0,0.0,0.0,0,0,3,0,0,0,0,42.858,,0
090,090087,Santa Maria Coghinas,16986,0,4,96.0,160.0,100.0,1303.0,0.0,0.0,0.0,0,1,7,0,0,0,0,54.703,,0
090,090088,Erula,84,0,3,0.0,0.0,0.0,688.0,0.0,0.0,0.0,1,0,1,0,0,0,0,50.542,,0
090,090089,Stintino,290212,0,5,4769.0,1122.0,33.32,1529.0,42.085,0.0,0.264,1,0,252,2,0,1,0,29.063,,0
090,090090,Padru,1110,0,1,18.0,137.0,0.0,2089.0,0.0,0.0,10.347,1,0,3,2,0,1,0,19.737,,0
090,090091,Budoni,719384,0,4,4941.0,3577.0,66.89,5504.0,13.407,2.629,0.001,1,1,159,5,0,6,0,25.774,,0
090,090092,San Teodoro,743819,0,4,4909.0,6201.0,45.87,5113.0,28.474,2.584,5.61,1,0,190,6,0,7,0,17.178,,0
091,091001,Aritzo,3442,0,1,203.0,40.0,55.67,1217.0,0.0,0.0,77.161,4,4,7,8,0,0,0,48.241,,0
091,091002,Arzana,324,0,1,0.0,17.0,0.0,2215.0,9.238,0.0,99.802,0,3,4,7,0,0,0,69.445,,0
091,091003,Atzara,143,0,3,0.0,6.0,0.0,978.0,0.0,0.0,0.393,1,0,5,0,0,0,0,36.744,,0
091,091004,Austis,190,0,3,0.0,38.0,0.0,741.0,0.0,0.0,0.0,0,10,3,2,0,0,0,41.531,,0
091,091005,Bari Sardo,207158,0,4,499.0,1834.0,50.7,3823.0,7.928,0.0,0.0,0,1,28,5,0,2,0,79.868,,0
091,091006,Baunei,56200,0,4,322.0,361.0,27.02,3402.0,27.983,0.0,84.826,1,0,15,11,0,1,0,87.452,,0
091,091007,Belvì,80,0,1,24.0,8.0,0.0,548.0,0.0,0.0,6.528,1,0,3,0,1,1,0,44.721,,0
091,091008,Birori,72,0,3,0.0,0.0,0.0,490.0,0.0,0.0,0.0,0,1,4,0,0,0,0,42.555,,0
091,091009,Bitti,3658,0,1,40.0,82.0,100.0,2547.0,0.0,0.977,46.001,1,2,11,10,0,0,0,40.628,,0
091,091010,Bolotana,518,0,3,84.0,11.0,0.0,2317.0,0.0,0.0,0.0,1,2,4,12,0,1,0,53.976,,0
091,091011,Borore,282,0,3,0.0,11.0,0.0,1930.0,0.0,0.0,0.0,1,1,9,0,0,0,0,37.317,,0
091,091012,Bortigali,182,0,3,0.0,6.0,0.0,1248.0,0.0,0.0,0.0,1,0,6,2,0,0,0,48.214,,0
091,091016,Desulo,459,0,1,19.0,23.0,0.0,2042.0,0.0,0.0,101.925,1,0,8,7,0,0,0,53.789,,0
091,091017,Dorgali,361067,0,4,2924.0,1968.0,74.62,8320.0,13.204,0.0,104.243,4,0,64,28,0,5,0,67.013,,0
091,091018,Dualchi,82,0,3,0.0,6.0,0.0,562.0,0.0,0.0,0.0,0,1,2,0,0,0,0,42.952,,0
091,091019,Elini,219,0,4,0.0,18.0,0.0,551.0,0.0,0.0,0.0,0,2,3,0,0,0,0,81.255,,0
091,091024,Fonni,3464,0,1,169.0,147.0,0.0,3620.0,0.0,0.0,56.006,1,0,13,1,0,0,0,59.264,,0
091,091025,Gadoni,517,0,1,0.0,34.0,0.0,658.0,0.0,0.0,0.813,0,1,4,0,0,0,0,45.506,,0
091,091026,Gairo,18500,0,4,0.0,418.0,0.0,1260.0,2.432,0.0,31.93,0,3,9,10,0,0,0,71.72,,0
091,091027,Galtellì,9822,0,4,37.0,145.0,0.0,2365.0,0.0,0.0,0.038,2,3,5,1,0,0,0,57.69,,0
091,091028,Gavoi,970,0,1,297.0,43.0,60.61,2451.0,0.0,0.0,14.786,3,0,16,0,0,0,0,56.717,,0
091,091031,Girasole,5632,0,4,18.0,37.0,0.0,1366.0,0.0,0.0,0.0,0,4,14,1,0,0,0,85.895,,0
091,091032,Ilbono,2954,0,4,20.0,104.0,0.0,1971.0,0.0,0.0,0.0,0,3,9,0,0,1,0,79.919,,0
091,091033,Irgoli,1217,0,4,21.0,51.0,0.0,2208.0,0.0,0.0,3.83,1,1,8,1,0,0,0,49.158,,0
091,091035,Jerzu,1946,0,4,64.0,35.0,0.0,2947.0,0.0,0.0,0.0,0,2,20,6,0,0,0,65.104,,0
091,091037,Lanusei,6540,0,4,238.0,109.0,68.91,5024.0,3.267,0.0,0.0,4,0,31,2,0,0,0,72.026,,0
091,091038,Lei,65,0,3,0.0,0.0,0.0,447.0,0.0,0.0,0.0,0,4,2,3,0,0,0,51.916,,0
091,091039,Loceri,3220,0,4,16.0,107.0,0.0,1303.0,0.804,0.0,0.0,1,3,7,1,0,0,0,74.364,,0
091,091040,Loculi,71,0,4,0.0,44.0,0.0,489.0,0.0,0.0,1.989,0,2,4,0,0,0,0,52.526,,0
091,091041,Lodè,218,0,4,22.0,10.0,0.0,1491.0,0.0,0.0,12.835,0,4,9,4,0,0,0,35.187,,0
091,091042,Lotzorai,106674,0,4,251.0,1900.0,0.0,2116.0,5.054,0.0,0.0,1,0,9,5,0,2,0,86.817,,0
091,091043,Lula,211,0,1,0.0,38.0,0.0,1242.0,0.0,0.0,49.479,1,3,5,3,0,0,0,47.928,,0
091,091044,Macomer,11483,0,3,53.0,33.0,0.0,9166.0,0.0,0.0,0.0,2,6,26,0,0,1,0,45.176,,0
091,091046,Mamoiada,1033,0,1,0.0,75.0,0.0,2389.0,0.0,0.0,0.0,3,2,9,0,0,0,0,64.428,,0
091,091047,Meana Sardo,329,0,3,0.0,44.0,0.0,1579.0,0.0,0.0,7.736,0,1,6,4,0,0,0,36.572,,0
091,091050,Noragugume,40,0,3,0.0,0.0,0.0,274.0,0.0,0.0,0.0,0,1,3,1,0,0,0,45.656,,0
091,091051,Nuoro,51239,0,3,323.0,372.0,0.0,33622.0,0.0,0.0,21.568,9,1,64,2,0,2,0,64.84,,0
091,091055,Oliena,25687,0,3,166.0,122.0,80.72,6530.0,0.0,0.0,95.364,0,0,18,20,0,0,0,67.645,,0
091,091056,Ollolai,151,0,1,0.0,40.0,0.0,1154.0,0.0,0.0,5.572,0,0,3,0,0,0,0,55.221,,0
091,091057,Olzai,110,0,3,0.0,0.0,0.0,756.0,0.0,0.0,2.487,1,0,2,0,0,0,0,48.937,,0
091,091058,Onanì,52,0,1,0.0,0.0,0.0,353.0,0.0,0.0,0.0,0,9,4,0,0,0,0,41.008,,0
091,091059,Onifai,105,0,4,0.0,29.0,0.0,718.0,0.0,0.0,0.0,0,0,3,0,0,0,0,53.261,,0
091,091060,Oniferi,124,0,3,0.0,0.0,0.0,852.0,0.0,0.0,0.0,0,4,5,1,0,0,0,63.458,,0
091,091061,Orani,1165,0,3,0.0,46.0,0.0,2664.0,0.0,0.0,0.0,2,4,8,0,0,1,0,61.915,,0
091,091062,Orgosolo,4265,0,1,55.0,127.0,0.0,3905.0,0.0,0.0,162.136,2,17,9,12,0,0,0,70.722,,0
091,091063,Orosei,780256,0,4,4883.0,3882.0,66.09,6833.0,18.26,0.0,5.503,1,4,73,7,0,18,0,57.449,,0
091,091064,Orotelli,272,0,3,0.0,9.0,0.0,1862.0,0.0,0.0,0.0,0,3,3,0,0,0,0,61.199,,0
091,091066,Ortueri,251,0,3,13.0,12.0,0.0,1002.0,0.0,0.0,0.0,0,0,3,0,0,0,0,32.637,,0
091,091067,Orune,306,0,1,0.0,12.0,0.0,2098.0,0.0,0.0,0.0,0,1,5,0,0,0,0,55.74,,0
091,091068,Osidda,33,0,1,0.0,26.0,0.0,224.0,0.0,0.0,0.0,1,0,2,0,0,0,0,48.531,,0
091,091069,Osini,1328,0,4,38.0,17.0,0.0,701.0,0.0,0.0,0.004,0,2,4,4,0,0,0,66.748,,0
091,091070,Ottana,317,0,3,39.0,0.0,0.0,2173.0,0.0,0.0,0.0,2,1,6,0,0,0,0,49.926,,0
091,091071,Ovodda,216,0,1,0.0,13.0,0.0,1481.0,0.0,0.0,24.68,1,0,2,0,0,0,0,50.978,,0
091,091072,Perdasdefogu,113,0,3,0.0,12.0,0.0,1717.0,0.0,0.0,0.0,0,1,8,4,0,0,0,54.596,,0
091,091073,Posada,21182,0,4,288.0,928.0,51.74,3024.0,5.699,0.0,0.0,0,2,14,1,0,0,0,32.89,,0
091,091077,Sarule,218,0,1,0.0,12.0,0.0,1492.0,0.0,0.0,0.0,1,4,3,0,0,0,0,55.365,,0
091,091083,Silanus,284,0,3,0.0,12.0,0.0,1946.0,0.0,0.0,0.0,1,12,3,0,0,0,0,48.933,,0
091,091084,Sindia,233,0,3,0.0,59.0,0.0,1593.0,0.0,0.0,0.0,0,4,6,1,0,0,0,43.731,,0
091,091085,Siniscola,86824,0,4,617.0,2301.0,69.85,11189.0,20.288,0.0,34.407,0,0,34,6,0,1,0,43.089,,0
091,091086,Sorgono,662,0,3,24.0,53.0,0.0,1462.0,0.0,0.0,25.918,0,0,6,1,0,0,0,39.804,,0
091,091088,Talana,403,0,1,20.0,24.0,0.0,957.0,0.0,0.0,20.075,0,0,5,4,0,0,0,74.6,,0
091,091089,Tertenia,20003,0,4,143.0,219.0,58.04,3862.0,8.105,0.0,0.0,1,9,67,4,0,6,0,65.505,,0
091,091090,Teti,338,0,3,0.0,28.0,0.0,588.0,0.0,0.0,0.0,1,8,4,4,0,0,0,46.298,,0
091,091091,Tiana,63,0,1,0.0,0.0,0.0,431.0,0.0,0.0,10.478,0,0,3,0,0,0,0,47.467,,0
091,091093,Tonara,723,0,1,46.0,245.0,0.0,1757.0,0.0,0.0,27.981,1,1,5,5,0,0,0,47.313,,0
091,091094,Torpè,3612,0,4,45.0,146.0,0.0,2730.0,0.0,0.0,6.422,0,9,18,11,0,1,0,28.855,,0
091,091095,Tortolì,560946,0,4,3242.0,3583.0,85.87,11000.0,12.024,0.0,0.0,0,4,97,3,0,3,0,86.412,,0
091,091097,Triei,1196,0,4,0.0,47.0,0.0,1056.0,0.0,0.0,0.0,0,3,7,0,0,0,0,84.893,,0
091,091098,Ulassai,6368,0,3,24.0,120.0,0.0,1361.0,0.0,0.0,0.0,2,2,4,8,0,0,0,60.584,,0
091,091099,Urzulei,3512,0,1,70.0,64.0,0.0,1071.0,0.0,0.0,107.576,1,1,5,6,0,0,0,78.603,,0
091,091100,Ussassai,193,0,1,0.0,21.0,0.0,445.0,0.0,0.0,23.883,0,7,3,3,0,0,0,63.806,,0
091,091101,Villagrande Strisaili,224,0,1,86.0,51.0,83.72,2911.0,0.0,0.0,125.4,0,6,13,6,0,1,0,69.259,,0
091,091103,Cardedu,160668,0,4,1066.0,233.0,85.65,1973.0,4.374,0.0,0.0,0,0,39,2,0,3,0,74.11,,0
091,091104,Lodine,44,0,1,0.0,12.0,0.0,300.0,0.0,0.0,6.696,0,2,3,0,0,0,0,57.505,,0
092,092003,Assemini,27471,0,5,182.0,197.0,100.0,25762.0,0.0,0.0,0.0,1,1,78,5,0,5,0,9.589,,0
092,092009,Cagliari,669187,0,5,2703.0,4581.0,57.27,147411.0,26.627,0.724,13.844,23,53,501,5,1,28,0,4.036,,0
092,092011,Capoterra,40891,0,4,193.0,312.0,79.27,23130.0,2.507,0.953,0.0,1,3,107,1,0,0,0,13.82,,0
092,092015,Decimomannu,626,0,5,0.0,26.0,0.0,8385.0,0.0,0.0,0.0,0,1,23,0,0,1,0,6.84,,0
092,092037,Maracalagonis,94045,0,4,866.0,301.0,96.54,7934.0,3.658,0.0,1.737,1,3,62,1,0,1,0,27.374,,0
092,092050,Pula,511429,0,4,4605.0,2589.0,82.02,7122.0,16.465,0.0,0.0,1,2,107,6,0,2,0,29.331,,0
092,092051,Quartu Sant'Elena,161803,0,5,1203.0,858.0,70.24,68509.0,18.92,0.0,13.642,2,1,296,6,0,2,0,20.599,,0
092,092066,Sarroch,8806,0,4,49.0,81.0,0.0,5008.0,11.774,0.0,0.0,0,3,37,0,1,0,0,20.191,,0
092,092068,Selargius,26492,0,5,147.0,54.0,0.0,28437.0,0.0,0.0,0.0,2,5,85,1,0,1,0,7.948,,0
092,092074,Sestu,4374,0,5,0.0,92.0,0.0,20792.0,0.0,0.0,0.0,1,0,47,0,1,2,0,7.628,,0
092,092075,Settimo San Pietro,377,0,5,20.0,8.0,0.0,6963.0,0.0,0.0,0.0,2,0,20,0,0,0,0,11.562,,0
092,092080,Sinnai,14008,0,4,119.0,305.0,0.0,17279.0,4.238,0.0,100.696,3,2,59,50,0,2,0,24.93,,0
092,092090,Uta,1826,0,5,20.0,82.0,0.0,8892.0,0.0,0.0,0.0,0,1,22,9,0,0,0,12.292,,0
092,092099,Villa San Pietro,3850,0,4,20.0,100.0,0.0,2159.0,0.0,0.0,0.0,0,0,14,4,0,0,0,23.526,,0
092,092105,Quartucciu,11086,0,5,83.0,127.0,0.0,12831.0,0.0,0.0,0.136,1,0,35,0,1,1,0,18.043,,0
092,092108,Elmas,9617,0,5,66.0,27.0,0.0,9521.0,0.0,0.0,0.0,0,2,33,0,0,1,0,1.393,,0
092,092109,Monserrato,3473,0,5,0.0,66.0,0.0,18827.0,0.0,0.0,0.0,2,10,43,0,0,1,0,6.886,,0
093,093001,Andreis,375,0,1,0.0,68.0,0.0,245.0,0.0,0.0,10.099,1,0,1,8,0,3,2,19.927,,0
093,093002,Arba,1224,0,3,17.0,33.0,0.0,1295.0,0.0,0.0,0.0,0,0,5,2,0,0,3,20.234,,0
093,093004,Aviano,100886,0,3,854.0,561.0,22.01,9008.0,0.0,0.0,0.0,0,5,135,30,0,12,26,6.505,,0
093,093005,Azzano Decimo,677,0,5,55.0,23.0,0.0,15767.0,0.0,0.0,0.0,0,1,32,0,0,16,53,18.085,,0
093,093006,Barcis,28162,0,1,165.0,319.0,0.0,227.0,0.0,0.0,18.036,0,5,3,20,0,2,2,18.6,,0
093,093007,Brugnera,6159,0,5,128.0,9.0,100.0,9277.0,0.0,0.0,0.088,0,1,19,0,0,0,2,14.612,,0
093,093008,Budoia,16463,0,3,74.0,57.0,0.0,2521.0,0.0,0.0,9.959,0,1,19,9,0,0,5,7.182,,0
093,093009,Caneva,4729,0,3,35.0,71.0,54.29,6226.0,0.0,0.0,10.401,2,2,17,12,0,3,0,12.339,,0
093,093010,Casarsa della Delizia,22038,0,5,157.0,15.0,0.0,8258.0,0.0,0.0,0.0,0,0,25,1,0,7,10,20.474,,0
093,093011,Castelnovo del Friuli,574,0,3,0.0,29.0,0.0,827.0,0.0,0.039,6.573,1,0,3,2,0,1,4,30.016,,0
093,093012,Cavasso Nuovo,746,0,3,0.0,20.0,0.0,1496.0,0.0,0.0,0.0,1,1,7,0,0,3,9,22.537,,0
093,093013,Chions,3392,0,5,0.0,44.0,0.0,5054.0,0.0,0.0,0.051,0,6,27,1,0,7,38,21.964,,0
093,093014,Cimolais,3845,0,1,46.0,191.0,0.0,349.0,0.0,0.0,83.965,0,0,4,21,0,2,2,24.302,,0
093,093015,Claut,6592,0,1,172.0,102.0,0.0,874.0,0.0,0.0,96.124,1,2,12,35,0,4,10,25.938,,0
093,093016,Clauzetto,1074,0,1,110.0,55.0,0.0,373.0,0.0,0.0,1.67,1,0,1,4,0,0,0,33.799,,0
093,093017,Cordenons,20934,0,5,110.0,44.0,0.0,17818.0,0.0,0.0,20.801,0,0,41,1,0,6,71,10.552,,0
093,093018,Cordovado,1905,0,5,25.0,7.0,0.0,2746.0,0.0,0.0,0.0,0,6,25,0,0,0,7,31.24,,0
093,093019,Erto e Casso,162,0,1,0.0,174.0,0.0,362.0,0.0,3.327,27.984,3,1,4,23,0,3,6,15.164,,0
093,093020,Fanna,1756,0,3,49.0,8.0,0.0,1467.0,0.0,0.0,0.0,0,0,2,0,0,2,5,20.319,,0
093,093021,Fiume Veneto,8876,0,5,39.0,175.0,100.0,11821.0,0.0,0.189,0.093,1,1,80,0,0,14,56,16.203,,0
093,093022,Fontanafredda,19637,0,5,217.0,55.0,0.0,12900.0,0.0,0.79,0.0,0,0,41,1,0,7,5,6.433,,0
093,093024,Frisanco,415,0,1,33.0,88.0,0.0,593.0,0.0,0.0,27.11,0,0,6,14,0,2,3,22.754,,0
093,093025,Maniago,8047,0,3,96.0,67.0,72.92,11490.0,0.0,0.0,8.633,1,2,22,3,0,11,9,15.713,,0
093,093026,Meduno,3731,0,3,14.0,106.0,0.0,1496.0,0.0,0.0,0.0,0,4,8,3,0,0,2,26.152,,0
093,093027,Montereale Valcellina,3843,0,3,92.0,32.0,0.0,4221.0,0.0,0.0,3.469,2,1,18,12,0,3,4,11.88,,0
093,093028,Morsano al Tagliamento,1860,0,5,0.0,33.0,0.0,2681.0,0.0,0.0,0.922,0,0,9,1,0,6,20,32.888,,0
093,093029,Pasiano di Pordenone,26414,0,5,154.0,87.0,62.34,7859.0,0.0,0.0,0.227,1,0,14,1,0,9,53,19.745,,0
093,093030,Pinzano al Tagliamento,2068,0,3,0.0,59.0,0.0,1519.0,0.0,0.125,6.299,1,0,11,4,0,3,25,30.507,,0
093,093031,Polcenigo,16875,0,3,90.0,95.0,0.0,3109.0,0.0,0.0,35.905,0,3,5,18,0,2,0,9.641,,0
093,093032,Porcia,6727,0,5,82.0,25.0,0.0,14925.0,0.0,2.163,0.0,0,1,34,0,0,4,55,9.482,,0
093,093033,Pordenone,122359,0,5,845.0,577.0,54.44,52147.0,0.0,1.897,0.0,9,6,106,0,1,41,271,9.772,,0
093,093034,Prata di Pordenone,22190,0,5,160.0,28.0,0.0,8309.0,0.0,0.0,0.247,2,1,20,0,0,4,2,17.199,,0
093,093035,Pravisdomini,2405,0,5,25.0,9.0,0.0,3467.0,0.0,0.0,0.0,0,2,17,0,0,3,20,24.64,,0
093,093036,Roveredo in Piano,1345,0,5,22.0,18.0,0.0,5801.0,0.0,0.0,0.0,0,0,32,0,0,3,34,2.368,,0
093,093037,Sacile,44035,0,5,188.0,152.0,69.15,20030.0,0.0,0.0,0.0,0,5,44,1,0,28,12,11.915,,0
093,093038,San Giorgio della Richinvelda,1629,0,5,0.0,33.0,0.0,4538.0,0.0,0.0,0.661,1,9,15,1,0,3,1,19.492,,0
093,093039,San Martino al Tagliamento,1023,0,5,24.0,0.0,0.0,1475.0,0.0,0.0,0.0,0,3,2,1,0,2,0,21.591,,0
093,093040,San Quirino,535,0,5,14.0,4.0,0.0,4272.0,0.0,0.0,4.375,0,0,33,2,0,4,2,6.735,,0
093,093041,San Vito al Tagliamento,30299,0,5,160.0,178.0,45.0,15215.0,0.0,1.5,0.467,3,8,63,11,0,22,43,24.272,,0
093,093042,Sequals,11667,0,3,101.0,99.0,0.0,2185.0,0.0,0.0,0.546,2,4,14,2,0,1,8,23.935,,0
093,093043,Sesto al Reghena,9959,0,5,114.0,107.0,0.0,6311.0,0.0,1.716,0.147,0,8,32,1,0,9,67,26.518,,0
093,093044,Spilimbergo,21359,0,5,215.0,115.0,31.16,11778.0,0.0,0.391,12.95,1,32,34,1,0,7,30,23.219,,0
093,093045,Tramonti di Sopra,185,0,1,0.0,21.0,0.0,267.0,0.0,0.0,59.359,0,0,0,19,0,0,0,31.786,,0
093,093046,Tramonti di Sotto,442,0,1,91.0,78.0,0.0,335.0,0.0,0.0,3.147,0,0,4,13,0,2,0,34.085,,0
093,093047,Travesio,1267,0,3,0.0,42.0,0.0,1827.0,0.0,0.202,0.552,0,1,5,9,0,6,3,27.336,,0
093,093049,Vito d'Asio,267,0,1,14.0,51.0,0.0,721.0,0.0,0.0,4.808,0,2,5,3,0,1,2,38.387,,0
093,093050,Vivaro,16611,0,5,161.0,30.0,13.66,1329.0,0.0,0.0,7.664,1,0,15,0,0,0,0,15.201,,0
093,093051,Zoppola,11925,0,5,121.0,31.0,62.81,8352.0,0.0,0.379,2.836,0,1,12,1,0,10,6,15.502,,0
093,093052,Vajont,1138,0,3,70.0,0.0,0.0,1640.0,0.0,0.0,0.0,0,0,4,1,0,0,1,14.436,,0
093,093053,Valvasone Arzene,1206,0,5,0.0,43.0,0.0,3960.0,0.0,0.0,0.0,1,5,11,1,0,1,4,21.101,,0
094,094001,Acquaviva d'Isernia,139,0,1,0.0,0.0,0.0,352.0,0.0,0.0,0.0,0,0,2,0,0,0,0,83.804,,0
094,094002,Agnone,5875,0,1,51.0,152.0,100.0,4602.0,0.0,0.0,0.193,4,7,29,6,0,5,2,71.767,,0
094,094003,Bagnoli del Trigno,246,0,1,38.0,4.0,100.0,621.0,0.0,0.0,0.0,0,1,2,1,0,0,0,85.119,,0
094,094004,Belmonte del Sannio,247,0,1,0.0,0.0,0.0,626.0,0.0,0.0,0.0,0,2,4,0,0,0,2,68.499,,0
094,094005,Cantalupo nel Sannio,282,0,1,0.0,12.0,0.0,713.0,0.0,0.0,8.777,0,1,8,0,0,1,4,71.787,,0
094,094006,Capracotta,607,0,1,107.0,28.0,50.47,774.0,0.0,0.0,0.07,1,1,16,6,0,0,0,67.872,,0
094,094007,Carovilli,1450,0,1,0.0,36.0,0.0,1242.0,0.0,0.0,41.344,0,0,3,3,0,3,1,80.983,,0
094,094008,Carpinone,402,0,1,0.0,0.0,0.0,1017.0,0.0,0.0,7.807,0,7,11,3,0,1,6,79.545,,0
094,094009,Castel del Giudice,121,0,1,22.0,66.0,0.0,305.0,0.0,0.0,0.008,0,0,2,0,0,1,0,64.724,,0
094,094010,Castelpetroso,7036,0,1,166.0,12.0,100.0,1516.0,0.0,0.0,7.315,1,1,17,1,0,4,0,74.598,,0
094,094011,Castelpizzuto,52,0,1,0.0,9.0,0.0,131.0,0.0,0.0,15.331,0,1,2,1,0,0,0,71.201,,0
094,094012,Castel San Vincenzo,171,0,1,0.0,4.0,0.0,433.0,0.0,4.745,8.038,0,1,3,2,0,6,0,87.364,,0
094,094013,Castelverrino,37,0,1,0.0,0.0,0.0,93.0,0.0,0.0,0.028,0,1,4,0,0,0,0,75.731,,0
094,094014,Cerro al Volturno,443,0,1,0.0,0.0,0.0,1120.0,0.0,0.0,0.0,0,1,5,0,0,1,0,86.174,,0
094,094015,Chiauci,78,0,1,0.0,0.0,0.0,198.0,0.0,3.227,16.04,0,0,5,0,0,0,0,85.008,,0
094,094016,Civitanova del Sannio,346,0,1,30.0,45.0,0.0,874.0,0.0,0.0,13.555,0,2,4,1,0,2,2,85.677,,0
094,094017,Colli a Volturno,500,0,3,24.0,7.0,0.0,1265.0,0.0,0.0,6.696,0,0,3,1,0,2,0,80.205,,0
094,094018,Conca Casale,64,0,3,0.0,0.0,0.0,162.0,0.0,0.0,0.179,0,0,2,0,0,1,0,72.48,,0
094,094019,Filignano,224,0,1,0.0,6.0,0.0,567.0,0.0,0.0,1.35,0,0,7,0,0,2,1,78.57,,0
094,094020,Forlì del Sannio,250,0,1,0.0,9.0,0.0,632.0,0.0,0.0,0.147,0,1,5,0,0,1,0,82.819,,0
094,094021,Fornelli,708,0,3,0.0,12.0,0.0,1792.0,0.0,0.0,0.424,2,4,8,0,0,6,0,82.177,,0
094,094022,Frosolone,1100,0,1,35.0,85.0,0.0,2781.0,0.0,0.0,25.312,0,0,5,2,0,0,0,81.876,,0
094,094023,Isernia,24310,0,3,252.0,110.0,0.0,20684.0,0.0,0.0,4.005,4,0,40,1,0,12,7,80.717,,0
094,094024,Longano,247,0,1,0.0,0.0,0.0,626.0,0.0,0.0,27.079,0,1,2,0,0,0,0,70.398,,0
094,094025,Macchia d'Isernia,406,0,3,0.0,8.0,0.0,1028.0,0.0,0.0,12.915,0,1,3,0,0,0,0,77.434,,0
094,094026,Macchiagodena,932,0,1,0.0,50.0,0.0,1626.0,0.0,0.0,12.679,0,1,8,3,0,0,0,75.724,,0
094,094027,Miranda,369,0,1,0.0,0.0,0.0,934.0,0.0,0.0,0.195,0,0,3,3,0,2,0,84.339,,0
094,094028,Montaquila,902,0,3,0.0,4.0,0.0,2282.0,0.0,0.0,5.045,0,1,5,0,0,2,3,75.78,,0
094,094029,Montenero Val Cocchiara,189,0,1,0.0,6.0,0.0,477.0,0.0,0.0,0.0,0,0,3,0,0,0,0,80.869,,0
094,094030,Monteroduni,839,0,1,0.0,2.0,0.0,2121.0,0.0,0.0,37.196,0,1,4,0,0,0,0,71.264,,0
094,094031,Pesche,584,0,1,82.0,5.0,0.0,1477.0,0.0,0.0,5.358,0,4,8,1,0,1,0,81.219,,0
094,094032,Pescolanciano,312,0,1,18.0,14.0,0.0,788.0,0.0,0.0,38.004,3,1,1,2,0,4,1,83.381,,0
094,094033,Pescopennataro,91,0,1,0.0,168.0,0.0,229.0,0.0,0.649,0.0,1,2,4,0,0,0,0,63.158,,0
094,094034,Pettoranello del Molise,176,0,1,0.0,0.0,0.0,446.0,0.0,0.0,8.569,0,2,3,1,0,1,0,75.767,,0
094,094035,Pietrabbondante,236,0,1,0.0,0.0,0.0,598.0,0.0,0.0,27.155,0,2,1,0,0,0,0,79.201,,0
094,094036,Pizzone,119,0,1,0.0,4.0,0.0,301.0,0.0,0.0,22.175,0,0,1,5,0,1,0,85.088,,0
094,094037,Poggio Sannita,221,0,1,0.0,0.0,0.0,559.0,0.0,0.0,0.048,0,3,7,0,0,0,0,77.062,,0
094,094038,Pozzilli,14893,0,3,140.0,72.0,68.57,2172.0,0.0,0.0,1.786,0,3,13,0,0,3,0,72.777,,0
094,094039,Rionero Sannitico,379,0,1,0.0,0.0,0.0,958.0,0.0,0.0,0.037,0,0,4,0,0,0,0,78.974,,0
094,094040,Roccamandolfi,323,0,1,17.0,34.0,0.0,817.0,0.0,0.0,53.254,1,4,4,7,1,5,0,66.98,,0
094,094041,Roccasicura,406,0,1,0.0,46.0,0.0,472.0,0.0,0.0,28.772,0,0,1,0,0,0,0,82.256,,0
094,094042,Rocchetta a Volturno,420,0,1,0.0,38.0,0.0,1063.0,0.0,0.0,7.401,2,1,11,1,0,4,1,85.2,,0
094,094043,San Pietro Avellana,161,0,1,0.0,3.0,0.0,408.0,0.0,0.0,43.943,0,0,3,0,0,0,2,69.314,,0
094,094044,Sant'Agapito,529,0,1,0.0,1.0,0.0,1339.0,0.0,0.0,13.524,0,0,3,0,0,1,0,73.762,,0
094,094045,Santa Maria del Molise,262,0,1,0.0,20.0,0.0,662.0,0.0,0.0,8.071,0,0,6,2,0,1,1,75.318,,0
094,094046,Sant'Angelo del Pesco,125,0,1,0.0,0.0,0.0,317.0,0.0,0.0,0.0,0,0,2,0,0,0,0,61.756,,0
094,094047,Sant'Elena Sannita,111,0,1,0.0,0.0,0.0,281.0,0.0,0.0,0.112,0,0,1,0,0,0,0,78.073,,0
094,094048,Scapoli,231,0,1,0.0,6.0,0.0,584.0,0.0,0.0,1.723,2,0,3,0,0,0,0,82.11,,0
094,094049,Sessano del Molise,270,0,1,0.0,0.0,0.0,682.0,0.0,0.117,6.116,0,0,3,3,0,1,2,84.325,,0
094,094050,Sesto Campano,842,0,3,0.0,45.0,0.0,2129.0,0.0,0.0,0.0,0,0,5,0,0,0,2,62.656,,0
094,094051,Vastogirardi,234,0,1,0.0,43.0,0.0,592.0,0.0,0.0,63.604,1,2,4,5,0,2,3,75.133,,0
094,094052,Venafro,8069,0,3,92.0,35.0,100.0,10768.0,0.0,0.0,7.414,3,3,11,3,0,3,5,68.313,,0
095,095001,Abbasanta,2607,0,3,25.0,16.0,100.0,2567.0,0.0,0.0,0.0,1,1,11,1,0,0,0,29.305,,0
095,095002,Aidomaggiore,478,0,3,0.0,0.0,0.0,382.0,0.0,0.0,0.0,0,0,2,0,0,0,0,36.012,,0
095,095003,Albagiara,287,0,3,0.0,0.0,0.0,229.0,0.0,0.0,0.177,0,0,0,0,0,0,0,22.409,,0
095,095004,Ales,817,0,3,0.0,41.0,0.0,1257.0,0.0,0.0,0.0,2,2,10,0,0,0,0,19.34,,0
095,095005,Allai,437,0,3,0.0,16.0,0.0,349.0,0.0,0.0,0.0,1,0,3,1,0,0,0,19.209,,0
095,095006,Arborea,87090,0,5,1156.0,717.0,63.15,3733.0,10.61,0.0,0.0,1,0,25,3,0,6,0,14.755,,0
095,095007,Ardauli,952,0,3,0.0,0.0,0.0,760.0,0.0,0.0,0.0,1,0,5,1,0,0,0,31.28,Funerary Tradition in the Prehistory of Sardinia – <em>The domus de janas</em>,1
095,095008,Assolo,412,0,3,0.0,13.0,0.0,329.0,0.0,0.0,0.05,0,0,2,0,0,0,0,24.602,,0
095,095009,Asuni,376,0,3,0.0,0.0,0.0,300.0,0.0,0.0,0.0,1,0,3,0,0,0,0,26.353,,0
095,095010,Baradili,100,0,3,0.0,24.0,0.0,80.0,0.0,0.0,0.0,0,1,5,0,1,0,0,28.603,,0
095,095011,Baratili San Pietro,160,0,5,0.0,46.0,0.0,1210.0,0.0,0.0,0.0,0,0,5,0,0,0,0,11.576,,0
095,095012,Baressa,1085,0,3,24.0,3.0,0.0,553.0,0.0,0.0,0.0,1,1,5,0,0,0,0,28.101,,0
095,095013,Bauladu,665,0,5,0.0,19.0,0.0,612.0,0.0,0.0,0.027,0,0,7,0,0,0,0,14.734,,0
095,095014,Bidonì,153,0,3,0.0,0.0,0.0,122.0,0.0,0.0,0.0,1,1,1,1,0,0,0,36.345,,0
095,095015,Bonarcado,1920,0,3,67.0,4.0,0.0,1533.0,0.0,0.0,0.0,0,0,5,0,0,0,0,22.396,,0
095,095016,Boroneddu,195,0,5,0.0,0.0,0.0,156.0,0.0,0.0,0.0,1,0,0,0,0,0,0,30.431,,0
095,095017,Busachi,1416,0,3,0.0,12.0,0.0,1131.0,0.0,0.0,0.0,1,0,2,0,0,0,0,24.362,,0
095,095018,Cabras,55607,0,5,136.0,1398.0,41.18,8831.0,28.304,0.0,0.42,1,6,29,3,0,4,0,15.649,,0
095,095019,Cuglieri,123444,0,3,81.0,1463.0,70.37,2446.0,9.814,0.0,0.0,1,2,20,2,0,4,0,29.831,,0
095,095020,Fordongianus,1020,0,3,200.0,3.0,100.0,815.0,0.0,0.0,0.0,0,1,14,1,0,0,0,18.212,,0
095,095021,Ghilarza,2704,0,5,0.0,44.0,0.0,4121.0,0.0,0.0,0.0,1,0,23,0,0,1,0,27.509,,0
095,095022,Gonnoscodina,535,0,3,0.0,0.0,0.0,427.0,0.0,0.0,0.0,0,0,4,0,0,0,0,27.456,,0
095,095023,Gonnosnò,846,0,3,0.0,0.0,0.0,676.0,0.0,0.0,0.057,1,0,2,0,0,0,0,24.581,,0
095,095024,Gonnostramatza,997,0,3,0.0,23.0,0.0,796.0,0.0,0.0,0.0,1,1,2,0,0,0,0,29.004,,0
095,095025,Marrubiu,819,0,5,0.0,77.0,0.0,4559.0,0.0,0.0,0.152,1,1,12,1,0,1,0,13.346,,0
095,095026,Masullas,1252,0,3,0.0,5.0,0.0,1000.0,0.0,0.0,0.0,3,0,6,2,0,1,0,23.519,,0
095,095027,Milis,187,0,5,0.0,9.0,0.0,1395.0,0.0,0.0,0.0,1,0,6,0,0,0,0,17.033,,0
095,095028,Mogorella,503,0,3,0.0,0.0,0.0,402.0,0.0,0.0,0.0,0,1,3,0,0,0,0,18.73,,0
095,095029,Mogoro,4845,0,5,0.0,6.0,0.0,3869.0,0.0,0.0,0.0,1,14,13,1,0,0,0,27.068,,0
095,095030,Morgongiori,805,0,3,0.0,0.0,0.0,643.0,0.0,0.0,0.074,1,0,7,4,0,0,0,17.846,,0
095,095031,Narbolia,80846,0,5,356.0,1628.0,93.26,1640.0,1.881,0.0,0.0,0,0,11,2,0,3,0,19.091,,0
095,095032,Neoneli,760,0,3,0.0,0.0,0.0,607.0,0.0,0.0,0.0,0,0,3,4,0,0,0,34.521,,0
095,095033,Norbello,1404,0,3,0.0,204.0,0.0,1121.0,0.0,0.0,0.0,3,2,7,1,0,0,0,32.54,,0
095,095034,Nughedu Santa Vittoria,532,0,3,0.0,4.0,0.0,425.0,0.0,0.0,0.0,1,0,4,4,0,0,0,37.78,,0
095,095035,Nurachi,2079,0,5,0.0,46.0,0.0,1660.0,0.0,0.0,0.0,1,2,10,0,0,0,0,11.71,,0
095,095036,Nureci,387,0,3,0.0,8.0,0.0,309.0,0.0,0.0,0.109,1,2,4,0,0,0,0,29.067,,0
095,095037,Ollastra,1381,0,5,0.0,0.0,0.0,1103.0,0.0,0.0,0.0,0,1,4,0,0,0,0,12.142,,0
095,095038,Oristano,165992,0,5,639.0,1133.0,62.44,30287.0,6.863,0.0,0.0,3,9,131,2,1,12,0,2.82,,0
095,095039,Palmas Arborea,1879,0,5,0.0,28.0,0.0,1501.0,0.0,0.0,0.0,0,0,16,0,0,0,0,6.16,,0
095,095040,Pau,338,0,3,0.0,0.0,0.0,270.0,0.0,0.0,0.0,1,6,1,2,0,0,0,15.771,,0
095,095041,Paulilatino,2416,0,5,20.0,25.0,0.0,2105.0,0.0,0.0,2.225,1,1,5,2,0,0,0,21.293,,0
095,095042,Pompu,275,0,3,0.0,7.0,0.0,220.0,0.0,0.0,0.0,1,1,6,0,0,0,0,22.797,,0
095,095043,Riola Sardo,10005,0,5,17.0,213.0,0.0,2010.0,1.579,0.0,0.0,0,1,8,0,0,0,0,16.699,,0
095,095044,Ruinas,734,0,3,0.0,0.0,0.0,586.0,0.0,0.0,0.0,0,0,3,0,0,0,0,20.93,,0
095,095045,Samugheo,422,0,3,0.0,61.0,0.0,2708.0,0.0,0.0,0.0,1,1,7,0,0,0,0,26.812,,0
095,095046,San Nicolò d'Arcidano,3069,0,5,0.0,14.0,0.0,2451.0,0.0,0.0,0.0,1,12,5,0,0,1,0,25.34,,0
095,095047,Santa Giusta,5761,0,5,0.0,10.0,0.0,4601.0,10.036,0.0,0.0,0,2,21,0,0,4,0,5.707,,0
095,095048,Villa Sant'Antonio,407,0,3,0.0,0.0,0.0,325.0,0.0,0.0,0.0,0,1,2,0,0,0,0,22.442,,0
095,095049,Santu Lussurgiu,7225,0,3,89.0,83.0,0.0,2197.0,0.0,0.0,0.0,1,1,12,1,0,0,0,29.289,,0
095,095050,San Vero Milis,21193,0,5,140.0,184.0,72.86,2408.0,17.905,0.0,0.0,1,0,19,0,0,1,0,18.452,,0
095,095051,Scano di Montiferro,301,0,3,0.0,26.0,0.0,1384.0,0.0,0.0,0.008,0,2,5,1,0,0,0,36.404,,0
095,095052,Sedilo,1431,0,3,0.0,43.0,0.0,1934.0,0.0,0.0,3.049,1,1,17,9,0,1,0,40.672,,0
095,095053,Seneghe,124,0,3,0.0,33.0,0.0,1620.0,0.0,0.0,0.0,0,0,3,0,0,0,0,21.803,,0
095,095054,Senis,483,0,3,0.0,0.0,0.0,386.0,0.0,0.0,0.0,0,0,4,0,0,0,0,26.275,,0
095,095055,Sennariolo,988,0,3,0.0,38.0,0.0,153.0,0.0,0.0,0.0,0,6,1,0,0,0,0,36.808,,0
095,095056,Siamaggiore,3128,0,5,0.0,32.0,0.0,866.0,0.0,0.0,0.0,0,0,8,0,0,0,0,6.408,,0
095,095057,Siamanna,942,0,5,0.0,5.0,0.0,752.0,0.0,0.0,0.0,0,0,5,0,0,0,0,11.735,,0
095,095058,Simala,367,0,3,0.0,0.0,0.0,293.0,0.0,0.0,0.0,0,0,4,0,0,0,0,24.798,,0
095,095059,Simaxis,207,0,5,0.0,15.0,0.0,2100.0,0.0,0.0,0.0,0,3,9,0,0,0,0,5.948,,0
095,095060,Sini,619,0,3,0.0,7.0,0.0,494.0,0.0,0.0,0.143,0,1,2,0,0,0,0,27.175,,0
095,095061,Siris,285,0,3,0.0,0.0,0.0,228.0,0.0,0.0,0.0,0,0,2,0,0,0,0,22.157,,0
095,095062,Solarussa,2821,0,5,0.0,14.0,0.0,2253.0,0.0,0.0,0.124,1,5,8,0,0,0,0,9.117,,0
095,095063,Sorradile,418,0,3,0.0,34.0,0.0,334.0,0.0,0.0,1.625,0,0,2,1,0,0,0,38.283,,0
095,095064,Tadasuni,158,0,5,0.0,0.0,0.0,126.0,0.0,0.0,0.0,1,0,8,0,0,0,0,31.272,,0
095,095065,Terralba,3043,0,5,9.0,31.0,0.0,9633.0,4.306,0.0,0.0,3,0,34,0,0,13,0,20.387,,0
095,095066,Tramatza,4585,0,5,27.0,22.0,0.0,921.0,0.0,0.0,0.0,0,2,11,0,0,0,0,11.477,,0
095,095067,Tresnuraghes,19770,0,3,179.0,53.0,0.0,1011.0,9.658,0.0,0.0,1,1,10,0,0,0,0,38.763,,0
095,095068,Ulà Tirso,566,0,3,0.0,10.0,0.0,452.0,0.0,0.0,0.0,0,0,1,0,0,0,0,27.596,,0
095,095069,Uras,646,0,5,0.0,31.0,0.0,2669.0,0.0,0.0,0.009,1,0,8,0,0,1,0,21.477,,0
095,095070,Usellus,869,0,3,0.0,0.0,0.0,694.0,0.0,0.0,0.0,0,0,7,0,0,0,0,18.385,,0
095,095071,Villanova Truschedu,372,0,5,0.0,0.0,0.0,297.0,0.0,0.0,0.0,0,2,6,1,0,0,0,15.109,,0
095,095072,Villaurbana,1813,0,3,0.0,20.0,0.0,1448.0,0.0,0.0,0.0,0,1,6,0,0,0,0,12.222,,0
095,095073,Villa Verde,334,0,3,0.0,0.0,0.0,267.0,0.0,0.0,0.0,1,0,2,0,0,0,0,16.505,,0
095,095074,Zeddiani,1411,0,5,0.0,4.0,0.0,1127.0,0.0,0.0,0.0,0,2,5,0,0,0,0,10.303,,0
095,095075,Zerfaliu,1227,0,5,0.0,0.0,0.0,980.0,0.0,0.0,0.062,0,1,8,0,0,0,0,11.181,,0
095,095076,Siapiccia,438,0,5,0.0,0.0,0.0,350.0,0.0,0.0,0.0,0,0,3,0,0,0,0,12.797,,0
095,095077,Curcuris,378,0,3,0.0,0.0,0.0,302.0,0.0,0.0,0.0,0,1,2,0,0,0,0,22.832,,0
095,095078,Soddì,152,0,5,0.0,0.0,0.0,121.0,0.0,0.0,0.0,0,0,0,0,0,0,0,33.268,,0
095,095079,Bosa,78657,0,4,764.0,668.0,33.25,7398.0,25.979,0.0,0.0,4,3,33,3,0,0,0,35.741,,0
095,095080,Flussio,498,0,4,0.0,0.0,0.0,398.0,0.0,0.0,0.0,1,7,2,0,0,0,0,40.449,,0
095,095082,Laconi,1177,0,3,0.0,64.0,0.0,1645.0,0.0,0.0,8.532,3,1,9,9,0,0,0,35.02,,0
095,095083,Magomadas,5217,0,4,28.0,104.0,0.0,604.0,2.296,0.0,0.0,1,1,9,0,0,0,0,41.776,,0
095,095084,Modolo,982,0,4,0.0,17.0,0.0,175.0,0.0,0.0,0.0,0,3,1,0,0,0,0,43.839,,0
095,095085,Montresta,555,0,4,0.0,0.0,0.0,443.0,0.0,0.0,0.0,1,4,3,0,0,0,0,32.598,,0
095,095086,Sagama,235,0,3,0.0,33.0,0.0,188.0,0.0,0.0,0.0,0,7,2,0,0,0,0,40.943,,0
095,095087,Suni,175,0,3,0.0,32.0,0.0,980.0,0.0,0.0,0.005,1,6,8,0,0,0,0,43.393,,0
095,095088,Tinnura,311,0,3,0.0,3.0,0.0,248.0,0.0,0.0,0.0,0,24,2,0,0,0,0,42.102,,0
096,096001,Ailoche,49,0,1,0.0,0.0,0.0,300.0,0.0,0.0,0.0,0,0,1,5,0,0,0,42.055,,0
096,096002,Andorno Micca,1038,0,1,0.0,50.0,0.0,3006.0,0.0,0.0,0.022,0,0,2,9,0,0,0,50.751,,0
096,096003,Benna,1401,0,5,0.0,33.0,0.0,1148.0,0.0,0.0,3.25,0,1,3,1,0,0,0,47.68,,0
096,096004,Biella,120119,0,3,549.0,796.0,50.09,42850.0,0.0,1.055,15.502,5,13,71,47,0,10,52,52.246,,0
096,096005,Bioglio,1560,0,3,0.0,48.0,0.0,913.0,0.0,0.0,1.97,0,0,2,7,0,0,0,50.239,,0
096,096006,Borriana,141,0,5,0.0,0.0,0.0,860.0,0.0,0.0,0.726,0,0,0,0,0,0,0,45.557,,0
096,096007,Brusnengo,314,0,3,0.0,8.0,0.0,1916.0,0.0,0.345,1.064,0,0,8,0,0,1,0,36.307,,0
096,096008,Callabiana,23,0,1,0.0,12.0,0.0,143.0,0.0,0.0,1.1,0,1,3,7,0,0,1,51.804,,0
096,096009,Camandona,51,0,1,0.0,18.0,0.0,309.0,0.0,0.0,0.475,0,5,2,10,0,0,2,50.352,,0
096,096010,Camburzano,181,0,3,0.0,0.0,0.0,1106.0,0.0,0.0,0.0,1,0,2,2,0,0,0,46.869,,0
096,096012,Candelo,2663,0,5,0.0,64.0,0.0,7245.0,0.0,0.315,3.424,2,0,7,2,0,0,1,48.011,,0
096,096013,Caprile,31,0,1,23.0,5.0,0.0,187.0,0.0,0.0,0.0,0,0,0,4,0,0,0,44.916,,0
096,096014,Casapinta,62,0,3,0.0,0.0,0.0,376.0,0.0,0.0,0.0,0,0,0,5,0,0,0,41.036,,0
096,096015,Castelletto Cervo,129,0,3,0.0,4.0,0.0,788.0,0.0,0.0,0.49,0,0,2,1,0,0,0,39.616,,0
096,096016,Cavaglià,9586,0,3,97.0,60.0,75.26,3492.0,0.0,0.0,0.0,0,5,14,2,0,0,8,42.383,,0
096,096018,Cerrione,1400,0,3,0.0,55.0,0.0,2753.0,0.0,0.0,3.28,0,3,2,6,0,0,12,44.861,,0
096,096019,Coggiola,267,0,1,0.0,24.0,0.0,1632.0,0.0,0.133,0.0,0,0,5,20,0,0,3,45.229,,0
096,096020,Cossato,5055,0,3,20.0,48.0,0.0,13891.0,0.0,0.338,3.501,1,2,25,4,0,3,6,43.062,,0
096,096021,Crevacuore,224,0,3,0.0,6.0,0.0,1365.0,0.0,0.0,0.0,0,1,3,5,0,1,3,40.741,,0
096,096023,Curino,78,0,3,0.0,0.0,0.0,477.0,0.0,0.0,0.0,0,0,1,12,0,0,0,38.08,,0
096,096024,Donato,970,0,1,0.0,76.0,0.0,688.0,0.0,0.178,0.23,1,0,3,13,0,0,0,42.994,,0
096,096025,Dorzano,87,0,3,0.0,8.0,0.0,532.0,0.0,0.0,0.0,0,1,0,0,0,1,2,43.788,,0
096,096026,Gaglianico,2261,0,5,16.0,21.0,0.0,3813.0,0.0,0.0,0.0,0,3,8,0,0,3,7,50.14,,0
096,096027,Gifflenga,17,0,5,0.0,0.0,0.0,101.0,0.0,0.0,0.0,0,0,0,0,0,0,0,41.157,,0
096,096028,Graglia,11706,0,1,0.0,246.0,0.0,1431.0,0.0,0.04,0.565,1,1,6,20,0,0,6,46.975,,0
096,096030,Magnano,1631,0,3,25.0,44.0,0.0,344.0,0.0,0.0,9.021,0,0,1,6,0,0,0,40.673,,0
096,096031,Massazza,92,0,5,0.0,10.0,0.0,560.0,0.0,0.0,1.918,0,2,1,0,0,0,1,46.714,,0
096,096032,Masserano,518,0,3,0.0,14.0,0.0,1902.0,0.0,0.0,0.972,0,1,5,6,0,1,0,38.271,,0
096,096033,Mezzana Mortigliengo,78,0,3,0.0,0.0,0.0,476.0,0.0,0.0,0.0,1,0,1,5,0,0,0,41.791,,0
096,096034,Miagliano,89,0,1,0.0,0.0,0.0,542.0,0.0,0.0,0.0,0,0,0,2,0,1,0,53.197,,0
096,096035,Mongrando,590,0,3,0.0,4.0,0.0,3603.0,0.0,0.0,3.402,3,1,6,5,0,0,4,44.704,,0
096,096037,Mottalciata,213,0,3,0.0,0.0,0.0,1299.0,0.0,0.472,2.356,0,0,10,0,0,0,0,43.113,,0
096,096038,Muzzano,1381,0,1,0.0,64.0,0.0,572.0,0.0,0.0,3.228,1,0,0,6,0,0,2,47.968,,0
096,096039,Netro,438,0,1,0.0,21.0,0.0,934.0,0.0,0.0,0.0,0,0,0,10,0,0,3,44.495,,0
096,096040,Occhieppo Inferiore,616,0,3,0.0,6.0,0.0,3759.0,0.0,0.0,2.043,0,2,8,2,0,3,11,48.043,,0
096,096041,Occhieppo Superiore,422,0,1,0.0,9.0,0.0,2578.0,0.0,0.0,0.759,0,0,5,1,0,0,4,49.208,,0
096,096087,Quaregna Cerreto,334,0,3,0.0,0.0,0.0,2040.0,0.0,0.0,0.0,0,2,14,5,0,2,0,44.318,,0
096,096088,Valdilana,4530,0,1,16.0,112.0,0.0,10044.0,0.0,0.264,12.532,2,58,62,48,0,7,7,46.794,,0
097,097001,Abbadia Lariana,36014,0,1,56.0,484.0,0.0,3187.0,0.0,6.129,10.509,2,3,13,12,0,2,18,36.243,,0
097,097002,Airuno,4510,0,3,25.0,31.0,0.0,2868.0,0.0,0.0,0.722,0,0,5,4,0,0,5,23.35,,0
097,097003,Annone di Brianza,666,0,3,0.0,6.0,0.0,2280.0,0.0,7.843,0.0,0,2,20,2,0,0,5,32.015,,0
097,097004,Ballabio,3992,0,1,22.0,324.0,0.0,4187.0,0.0,0.0,5.326,0,1,13,13,0,4,18,33.306,,0
097,097005,Barzago,690,0,3,0.0,0.0,0.0,2362.0,0.0,0.0,1.044,0,1,6,0,0,0,0,30.971,,0
097,097006,Barzanò,4328,0,3,66.0,14.0,100.0,5039.0,0.0,0.0,1.016,0,2,32,0,0,0,3,30.739,,0
097,097007,Barzio,7313,0,1,43.0,161.0,0.0,1265.0,0.0,0.0,0.258,2,8,85,29,0,3,10,34.494,,0
097,097008,Bellano,31444,0,1,23.0,409.0,0.0,3420.0,0.0,5.003,0.243,3,13,21,21,0,2,45,50.315,,0
097,097009,Bosisio Parini,12011,0,3,96.0,5.0,0.0,3251.0,0.0,3.764,2.534,0,1,15,0,0,2,1,34.374,,0
097,097010,Brivio,1291,0,3,0.0,8.0,0.0,4419.0,0.0,1.029,3.907,0,1,6,1,0,2,9,21.944,,0
097,097011,Bulciago,1137,0,3,0.0,21.0,0.0,2910.0,0.0,0.0,0.171,1,1,5,0,0,0,1,33.113,,0
097,097012,Calco,3642,0,3,0.0,63.0,0.0,5411.0,0.0,0.0,1.424,0,0,30,0,0,0,6,22.008,,0
097,097013,Calolziocorte,3154,0,3,41.0,28.0,0.0,13635.0,0.0,2.119,1.172,0,3,24,2,0,1,36,23.905,,0
097,097014,Carenno,407,0,1,18.0,3.0,0.0,1392.0,0.0,0.0,0.0,0,0,11,7,0,0,0,22.485,,0
097,097015,Casargo,6511,0,1,25.0,282.0,0.0,836.0,0.0,0.0,0.0,0,3,8,20,0,1,4,46.694,,0
097,097016,Casatenovo,3882,0,3,0.0,0.0,0.0,13286.0,0.0,0.0,0.957,0,1,42,0,0,4,2,26.775,,0
097,097017,Cassago Brianza,1293,0,3,34.0,0.0,100.0,4425.0,0.0,0.0,1.418,0,1,7,0,0,1,9,32.553,,0
097,097018,Cassina Valsassina,305,0,1,0.0,22.0,0.0,541.0,0.0,0.0,0.0,0,7,2,3,0,0,4,31.239,,0
097,097019,Castello di Brianza,765,0,3,0.0,0.0,0.0,2619.0,0.0,0.0,0.0,0,0,4,0,0,0,1,28.729,,0
097,097020,Cernusco Lombardone,3252,0,3,16.0,29.0,0.0,3845.0,0.0,0.0,0.0,0,1,24,2,0,1,13,23.838,,0
097,097021,Cesana Brianza,687,0,3,0.0,12.0,0.0,2350.0,0.0,0.58,0.613,0,1,6,1,0,0,6,35.049,,0
097,097022,Civate,2674,0,3,0.0,499.0,0.0,3707.0,0.0,11.186,0.0,1,4,13,9,1,4,2,33.314,,0
097,097023,Colico,119020,0,1,265.0,2184.0,27.17,8155.0,0.0,13.396,0.001,1,11,132,32,1,3,27,56.276,,0
097,097024,Colle Brianza,1243,0,3,0.0,57.0,0.0,1823.0,0.0,0.0,0.0,0,4,10,6,0,1,3,26.83,,0
097,097025,Cortenova,336,0,1,0.0,0.0,0.0,1150.0,0.0,0.0,10.271,0,1,7,6,0,0,12,43.282,,0
097,097026,Costa Masnaga,1394,0,3,24.0,0.0,0.0,4772.0,0.0,0.0,3.427,0,0,10,0,0,2,3,35.105,,0
097,097027,Crandola Valsassina,77,0,1,64.0,0.0,0.0,264.0,0.0,0.0,0.0,0,0,1,5,0,1,1,44.061,,0
097,097028,Cremella,486,0,3,0.0,10.0,0.0,1663.0,0.0,0.0,0.728,0,1,7,0,0,0,2,31.614,,0
097,097029,Cremeno,3721,0,1,25.0,54.0,0.0,1730.0,0.0,0.0,0.0,0,2,21,3,0,2,9,32.252,,0
097,097030,Dervio,44921,0,1,114.0,1159.0,0.0,2559.0,0.0,6.496,0.0,0,2,22,7,0,0,12,53.442,,0
097,097031,Dolzago,747,0,3,0.0,12.0,0.0,2555.0,0.0,0.0,0.0,0,1,8,0,0,3,0,29.623,,0
097,097032,Dorio,6297,0,1,0.0,55.0,0.0,329.0,0.0,3.719,0.0,0,0,5,7,0,0,4,55.13,,0
097,097033,Ello,346,0,3,0.0,0.0,0.0,1185.0,0.0,0.0,0.0,0,1,13,1,0,0,0,28.782,,0
097,097034,Erve,197,0,1,0.0,0.0,0.0,674.0,0.0,0.0,0.0,0,1,4,5,0,0,0,25.174,,0
097,097035,Esino Lario,4438,0,1,162.0,68.0,0.0,755.0,0.0,0.0,26.095,2,3,9,12,0,1,5,44.011,,0
097,097036,Galbiate,7201,0,3,0.0,112.0,0.0,8413.0,0.0,5.12,3.23,4,9,34,12,0,6,31,29.391,,0
097,097037,Garbagnate Monastero,737,0,3,164.0,4.0,0.0,2523.0,0.0,0.0,0.0,0,0,12,0,0,0,0,32.413,,0
097,097038,Garlate,12507,0,3,108.0,56.0,0.0,2594.0,0.0,0.0,1.796,1,0,16,0,0,3,8,27.649,,0
097,097039,Imbersago,725,0,3,0.0,22.0,0.0,2482.0,0.0,0.0,1.968,0,3,12,0,0,0,2,20.088,,0
097,097040,Introbio,1120,0,1,0.0,109.0,0.0,1944.0,0.0,0.605,0.356,0,6,7,22,0,2,6,39.687,,0
097,097042,Lecco,166075,0,1,282.0,1259.0,78.01,47125.0,0.0,4.302,12.547,6,15,114,106,0,30,121,29.524,,0
097,097043,Lierna,12723,0,1,0.0,190.0,0.0,2155.0,0.0,3.714,6.681,0,2,36,1,0,0,4,43.343,,0
097,097044,Lomagna,1467,0,3,0.0,3.0,0.0,5020.0,0.0,0.0,0.023,0,1,14,0,0,0,4,25.666,,0
097,097045,Malgrate,65078,0,1,271.0,98.0,100.0,4172.0,0.0,1.583,0.246,0,0,19,0,0,2,1,31.471,,0
097,097046,Mandello del Lario,41873,0,1,93.0,628.0,23.66,9900.0,0.0,10.526,49.607,4,5,37,41,0,1,78,38.948,,0
097,097047,Margno,1625,0,1,18.0,26.0,0.0,392.0,0.0,0.0,0.0,1,0,16,2,0,2,3,45.948,,0
097,097048,Merate,13922,0,3,81.0,37.0,100.0,14882.0,0.0,3.148,0.217,1,26,78,0,1,2,21,22.105,,0
097,097049,Missaglia,2602,0,3,0.0,5.0,0.0,8903.0,0.0,0.0,0.833,1,5,30,8,0,3,22,27.671,,0
097,097050,Moggio,145,0,1,0.0,0.0,0.0,495.0,0.0,0.0,0.006,1,11,20,25,0,4,4,30.598,,0
097,097051,Molteno,1028,0,3,0.0,12.0,0.0,3517.0,0.0,0.0,0.0,0,0,19,0,0,3,4,33.101,,0
097,097052,Monte Marenzo,533,0,3,0.0,0.0,0.0,1823.0,0.0,0.0,0.289,0,0,11,0,0,2,8,21.743,,0
097,097053,Montevecchia,4961,0,3,21.0,18.0,0.0,2681.0,0.0,0.0,0.737,0,17,19,7,0,0,4,25.604,,0
097,097054,Monticello Brianza,1205,0,3,0.0,0.0,0.0,4123.0,0.0,0.0,2.047,0,1,35,0,0,1,10,30.045,,0
097,097055,Morterone,10,0,1,0.0,0.0,0.0,33.0,0.0,0.0,0.0,1,13,2,12,0,0,0,28.446,,0
097,097056,Nibionno,1046,0,3,0.0,0.0,0.0,3578.0,0.0,0.0,1.38,0,1,15,0,0,2,0,33.924,,0
097,097057,Oggiono,4476,0,3,20.0,66.0,100.0,9127.0,0.0,4.776,0.0,0,0,33,2,1,1,20,30.436,,0
097,097058,Olgiate Molgora,1836,0,3,0.0,7.0,0.0,6284.0,0.0,0.0,0.0,0,3,29,3,0,0,6,24.148,,0
097,097059,Olginate,2022,0,3,0.0,24.0,0.0,6921.0,0.0,2.067,1.747,0,2,12,0,0,4,9,25.559,,0
097,097060,Oliveto Lario,25734,0,1,0.0,500.0,0.0,1171.0,0.0,9.354,0.0,0,0,13,6,0,2,11,42.849,,0
097,097061,Osnago,1377,0,3,0.0,13.0,0.0,4712.0,0.0,0.0,0.008,0,0,11,1,0,2,5,24.27,,0
097,097062,Paderno d'Adda,1133,0,3,0.0,5.0,0.0,3878.0,0.0,0.0,1.229,0,1,21,0,0,2,5,19.2,,0
097,097063,Pagnona,93,0,1,0.0,0.0,0.0,317.0,0.0,0.0,0.021,0,1,1,10,0,0,1,49.854,,0
097,097064,Parlasco,40,0,1,0.0,0.0,0.0,137.0,0.0,0.0,2.068,0,1,2,0,0,0,0,46.568,,0
097,097065,Pasturo,3592,0,1,80.0,108.0,0.0,1972.0,0.0,0.0,32.186,1,5,4,12,0,2,12,36.869,,0
097,097067,Perledo,34810,0,1,46.0,422.0,0.0,841.0,0.0,2.656,5.624,0,6,8,2,0,1,18,49.331,,0
097,097068,Pescate,633,0,3,14.0,4.0,0.0,2165.0,0.0,0.0,0.974,0,0,5,1,0,0,9,29.238,,0
097,097069,Premana,363,0,1,0.0,32.0,0.0,2169.0,0.0,0.653,0.192,1,2,2,32,0,1,6,45.922,,0
097,097070,Primaluna,2266,0,1,24.0,14.0,0.0,2274.0,0.0,0.0,5.917,1,4,13,7,0,0,9,40.736,,0
097,097071,Robbiate,1848,0,3,0.0,8.0,0.0,6324.0,0.0,0.0,1.282,0,1,22,0,0,3,2,20.518,,0
097,097072,Rogeno,874,0,3,0.0,0.0,0.0,2991.0,0.0,1.629,2.912,0,2,22,0,0,3,2,35.43,,0
097,097074,Santa Maria Hoè,617,0,3,0.0,0.0,0.0,2113.0,0.0,0.0,0.0,0,1,18,6,0,0,0,25.994,,0
097,097075,Sirone,686,0,3,0.0,0.0,0.0,2348.0,0.0,0.0,0.0,0,0,5,0,0,0,0,31.227,,0
097,097076,Sirtori,925,0,3,0.0,29.0,0.0,2774.0,0.0,0.0,0.652,1,1,63,0,0,1,1,29.126,,0
097,097077,Sueglio,1653,0,1,24.0,16.0,0.0,144.0,0.0,0.0,0.0,1,2,2,7,0,0,7,54.073,,0
097,097078,Suello,1041,0,3,0.0,19.0,0.0,1741.0,0.0,1.898,0.0,1,0,7,0,0,1,2,33.829,,0
097,097079,Taceno,174,0,1,0.0,0.0,0.0,594.0,0.0,0.0,0.673,0,0,6,1,0,1,5,46.028,,0
097,097082,Valgreghentino,982,0,3,0.0,10.0,0.0,3360.0,0.0,0.0,0.003,0,2,11,4,0,2,3,25.228,,0
097,097083,Valmadrera,15797,0,1,69.0,60.0,0.0,11284.0,0.0,2.904,1.512,1,1,19,8,0,0,3,33.46,,0
097,097084,Varenna,95503,0,1,288.0,550.0,65.97,681.0,0.0,6.637,5.752,3,8,11,2,0,1,4,47.239,,0
097,097086,Vercurago,2223,0,3,0.0,33.0,0.0,2695.0,0.0,0.113,0.703,0,1,17,0,0,2,5,25.952,,0
097,097090,Viganò,604,0,3,0.0,6.0,0.0,2067.0,0.0,0.0,0.006,0,0,12,0,0,0,1,29.415,,0
097,097091,Verderio,1593,0,3,0.0,0.0,0.0,5452.0,0.0,0.0,1.745,0,1,40,1,0,1,13,20.317,,0
097,097092,La Valletta Brianza,1669,0,3,0.0,66.0,0.0,4644.0,0.0,0.0,0.857,0,2,25,7,0,3,4,26.722,,0
097,097093,Valvarrone,1102,0,1,0.0,17.0,0.0,486.0,0.0,0.0,0.0,2,2,10,12,0,0,12,52.168,,0
098,098001,Abbadia Cerreto,166,0,5,0.0,0.0,0.0,273.0,0.0,0.0,6.03,1,0,3,1,0,0,1,29.049,,0
098,098002,Bertonico,647,0,5,0.0,14.0,0.0,1063.0,0.0,0.0,15.507,0,1,6,3,0,0,5,38.401,,0
098,098003,Boffalora d'Adda,1062,0,5,0.0,6.0,0.0,1744.0,0.0,0.0,7.126,0,2,2,2,0,1,3,19.379,,0
098,098004,Borghetto Lodigiano,2655,0,5,0.0,13.0,0.0,4361.0,0.0,0.0,1.27,1,4,21,1,0,0,10,31.424,,0
098,098005,Borgo San Giovanni,1502,0,5,0.0,0.0,0.0,2466.0,0.0,0.0,0.285,0,0,6,1,0,0,0,22.21,,0
098,098006,Brembio,1667,0,5,0.0,0.0,0.0,2738.0,0.0,0.0,2.582,0,0,7,1,0,0,4,34.635,,0
098,098008,Casaletto Lodigiano,1819,0,5,0.0,0.0,0.0,2988.0,0.0,0.0,0.112,0,0,10,0,0,1,7,17.444,,0
098,098009,Casalmaiocco,1936,0,5,0.0,0.0,0.0,3179.0,0.0,0.0,0.773,0,0,7,0,0,0,13,12.374,,0
098,098010,Casalpusterlengo,4957,0,5,87.0,14.0,0.0,15630.0,0.0,0.0,1.682,0,4,47,1,1,9,9,39.57,,0
098,098011,Caselle Landi,879,0,5,0.0,4.0,0.0,1444.0,0.0,0.0,0.0,0,2,23,0,0,0,11,48.92,,0
098,098012,Caselle Lurani,1870,0,5,0.0,0.0,0.0,3071.0,0.0,0.0,0.0,0,1,8,1,0,2,11,20.359,,0
098,098013,Castelnuovo Bocca d'Adda,932,0,5,0.0,0.0,0.0,1531.0,0.0,0.0,4.183,0,4,7,0,0,0,11,46.021,,0
098,098014,Castiglione d'Adda,2742,0,5,0.0,0.0,0.0,4503.0,0.0,0.0,10.441,0,1,21,2,0,1,3,41.793,,0
098,098015,Castiraga Vidardo,1854,0,5,0.0,0.0,0.0,3045.0,0.0,0.0,0.0,0,1,7,0,0,1,1,22.46,,0
098,098017,Cavenago d'Adda,1296,0,5,0.0,0.0,0.0,2128.0,0.0,0.0,9.595,2,4,24,0,0,1,7,31.067,,0
098,098018,Cervignano d'Adda,1360,0,5,25.0,0.0,0.0,2233.0,0.0,0.0,0.175,0,0,6,0,0,0,0,14.603,,0
098,098019,Codogno,9550,0,5,0.0,81.0,0.0,15684.0,0.0,0.0,0.1,2,1,46,1,0,14,11,45.285,,0
098,098020,Comazzo,1425,0,5,0.0,0.0,0.0,2341.0,0.0,0.0,12.482,0,2,3,0,0,0,12,14.282,,0
098,098021,Cornegliano Laudense,18472,0,5,165.0,20.0,0.0,2841.0,0.0,0.0,0.0,0,1,20,0,1,0,6,24.025,,0
098,098022,Corno Giovine,691,0,5,0.0,0.0,0.0,1134.0,0.0,0.0,0.0,0,0,9,0,0,1,1,52.117,,0
098,098023,Cornovecchio,120,0,5,0.0,0.0,0.0,197.0,0.0,0.0,5.157,0,1,1,0,0,0,2,51.357,,0
098,098024,Corte Palasio,935,0,5,0.0,22.0,0.0,1536.0,0.0,0.0,12.487,0,2,11,1,0,0,4,27.556,,0
098,098025,Crespiatica,1332,0,5,0.0,0.0,0.0,2188.0,0.0,0.0,1.47,0,1,4,1,0,1,8,26.194,,0
098,098026,Fombio,1374,0,5,0.0,6.0,0.0,2256.0,0.0,0.0,0.286,0,3,16,1,0,2,3,47.604,,0
098,098027,Galgagnano,803,0,5,0.0,0.0,0.0,1319.0,0.0,0.0,4.428,0,0,2,1,0,1,2,17.331,,0
098,098028,Graffignana,1904,0,5,0.0,76.0,0.0,2616.0,0.0,0.0,0.037,0,1,9,0,0,0,12,29.542,,0
098,098029,Guardamiglio,1620,0,5,178.0,0.0,89.89,2660.0,0.0,0.0,1.029,0,0,13,1,0,2,1,48.487,,0
098,098030,Livraga,1522,0,5,0.0,64.0,0.0,2500.0,0.0,0.0,0.0,1,1,8,0,0,0,4,35.695,,0
098,098031,Lodi,46840,0,5,375.0,173.0,51.2,45158.0,0.0,0.0,13.306,12,38,166,2,0,7,177,23.234,,0
098,098032,Lodi Vecchio,4679,0,5,13.0,16.0,0.0,7684.0,0.0,0.0,0.51,2,1,19,3,0,2,4,19.527,,0
098,098033,Maccastorna,37,0,5,0.0,0.0,0.0,61.0,0.0,0.0,5.392,0,1,0,0,0,0,2,48.821,,0
098,098034,Mairago,837,0,5,0.0,20.0,0.0,1375.0,0.0,2.239,0.804,1,0,5,1,0,0,3,32.614,,0
098,098035,Maleo,1847,0,5,0.0,12.0,0.0,3034.0,0.0,1.398,8.12,0,3,9,0,0,0,10,49.761,,0
098,098036,Marudo,1074,0,5,0.0,24.0,0.0,1763.0,0.0,0.0,0.0,0,0,6,1,0,0,0,22.518,,0
098,098037,Massalengo,2716,0,5,0.0,22.0,0.0,4461.0,0.0,0.0,0.001,1,2,12,0,0,0,15,26.639,,0
098,098038,Meleti,275,0,5,0.0,6.0,0.0,452.0,0.0,0.0,3.096,0,2,2,1,0,0,8,50.077,,0
098,098039,Merlino,1028,0,5,16.0,0.0,0.0,1688.0,0.0,0.0,8.444,0,2,12,2,0,2,7,13.757,,0
098,098040,Montanaso Lombardo,1362,0,5,0.0,0.0,0.0,2236.0,0.0,0.0,5.163,2,0,15,1,0,0,11,19.139,,0
098,098041,Mulazzano,3544,0,5,0.0,4.0,0.0,5821.0,0.0,0.0,2.119,0,1,10,2,0,0,15,13.214,,0
098,098042,Orio Litta,1239,0,5,0.0,14.0,0.0,2034.0,0.0,0.0,0.0,1,1,13,0,0,3,5,38.975,,0
098,098043,Ospedaletto Lodigiano,12759,0,5,120.0,21.0,100.0,1991.0,0.0,0.0,0.0,0,1,6,3,0,0,7,39.098,,0
098,098044,Ossago Lodigiano,862,0,5,25.0,0.0,0.0,1415.0,0.0,0.0,0.215,0,0,7,2,0,0,0,30.514,,0
098,098045,Pieve Fissiraga,1067,0,5,0.0,20.0,0.0,1753.0,0.0,0.0,2.097,0,0,14,1,0,0,7,24.336,,0
098,098046,Salerano sul Lambro,1618,0,5,0.0,0.0,0.0,2657.0,0.0,0.0,0.0,1,1,1,1,0,0,2,19.361,,0
098,098047,San Fiorano,1144,0,5,0.0,20.0,0.0,1879.0,0.0,0.0,0.0,0,1,8,1,0,0,1,49.003,,0
098,098048,San Martino in Strada,167,0,5,118.0,13.0,100.0,3776.0,0.0,0.0,1.383,0,1,19,0,0,0,7,27.952,,0
098,098049,San Rocco al Porto,2059,0,5,0.0,0.0,0.0,3381.0,0.0,0.0,0.301,0,1,13,1,0,0,4,52.145,,0
098,098050,Sant'Angelo Lodigiano,4812,0,5,27.0,23.0,0.0,13408.0,0.0,0.0,0.0,3,1,28,1,0,1,10,25.95,,0
098,098051,Santo Stefano Lodigiano,1120,0,5,0.0,6.0,0.0,1839.0,0.0,0.0,0.0,1,0,13,1,0,1,10,51.687,,0
098,098052,Secugnago,1217,0,5,0.0,0.0,0.0,1998.0,0.0,0.0,0.0,0,0,3,0,0,0,2,34.727,,0
098,098053,Senna Lodigiana,1099,0,5,0.0,0.0,0.0,1805.0,0.0,0.0,1.907,0,1,13,0,0,1,0,42.86,,0
098,098054,Somaglia,2307,0,5,33.0,14.0,0.0,3789.0,0.0,0.0,5.062,1,1,17,2,0,2,3,44.014,,0
098,098055,Sordio,2095,0,5,38.0,0.0,0.0,3440.0,0.0,0.0,0.005,0,0,8,0,0,0,5,14.111,,0
098,098056,Tavazzano con Villavesco,10219,0,5,163.0,28.0,0.0,5969.0,0.0,0.0,3.31,0,0,10,1,0,0,15,16.411,,0
098,098057,Terranova dei Passerini,571,0,5,0.0,6.0,0.0,937.0,0.0,0.0,0.163,0,0,5,1,0,0,1,41.283,,0
098,098058,Turano Lodigiano,924,0,5,0.0,4.0,0.0,1518.0,0.0,0.346,8.805,0,1,7,0,0,0,7,35.191,,0
098,098059,Valera Fratta,1066,0,5,0.0,22.0,0.0,1750.0,0.0,0.0,0.0,0,0,3,0,0,0,0,21.582,,0
098,098060,Villanova del Sillaro,1139,0,5,0.0,0.0,0.0,1870.0,0.0,0.0,3.055,0,1,5,0,0,0,15,27.601,,0
098,098061,Zelo Buon Persico,4519,0,5,70.0,0.0,0.0,7422.0,0.0,0.0,11.874,0,0,14,1,1,0,15,14.23,,0
098,098062,Castelgerundo,877,0,5,0.0,0.0,0.0,1440.0,0.0,0.0,11.294,1,1,12,2,0,2,0,45.535,,0
099,099001,Bellaria-Igea Marina,2135560,0,5,22049.0,5256.0,6.56,19453.0,7.204,0.988,0.0,4,25,107,3,3,28,32,17.163,,0
099,099002,Cattolica,1543275,0,5,17913.0,790.0,15.45,16579.0,2.776,0.0,0.041,1,1,55,2,0,11,14,12.034,,0
099,099003,Coriano,12457,0,4,35.0,174.0,100.0,10455.0,0.0,0.241,0.0,1,2,27,2,0,7,20,6.71,,0
099,099004,Gemmano,6929,0,4,61.0,74.0,0.0,1148.0,0.0,0.0,2.798,0,0,3,6,0,1,0,14.508,,0
099,099005,Misano Adriatico,792049,0,5,8035.0,4250.0,2.35,14162.0,6.018,0.0,0.029,0,1,38,2,3,11,17,7.968,,0
099,099006,Mondaino,3062,0,4,0.0,122.0,0.0,1344.0,0.0,0.0,0.062,3,2,5,2,0,0,1,19.691,,0
099,099008,Montefiore Conca,1128,0,4,0.0,329.0,0.0,2313.0,0.0,0.0,0.0,0,2,3,5,0,1,1,15.29,,0
099,099009,Montegridolfo,4842,0,4,77.0,91.0,100.0,981.0,0.0,0.0,0.0,1,0,4,0,0,1,1,18.692,,0
099,099011,Morciano di Romagna,9449,0,4,32.0,64.0,0.0,7183.0,0.0,0.0,0.0,0,1,8,1,0,0,1,12.25,,0
099,099013,Riccione,3421764,0,5,24748.0,9554.0,15.08,34465.0,6.289,0.0,0.0,3,11,171,3,7,42,170,3.768,,0
099,099014,Rimini,6938992,0,5,67895.0,4320.0,13.95,150046.0,17.108,1.833,0.43,9,20,295,13,5,91,518,6.767,,0
099,099015,Saludecio,3591,0,4,0.0,142.0,0.0,3153.0,0.0,0.0,0.0,1,2,5,1,0,0,0,15.874,,0
099,099016,San Clemente,18140,0,4,60.0,144.0,0.0,5795.0,0.0,0.0,0.0,0,1,7,1,0,2,6,9.925,,0
099,099017,San Giovanni in Marignano,18018,0,5,88.0,132.0,100.0,9410.0,0.0,0.0,0.0,2,2,15,1,0,3,0,12.152,,0
099,099018,Santarcangelo di Romagna,38558,0,5,167.0,258.0,64.07,22228.0,0.0,1.094,0.0,5,3,42,6,0,8,98,14.535,,0
099,099020,Verucchio,17987,0,3,66.0,119.0,74.24,10058.0,0.0,3.352,0.0,1,6,46,6,0,4,45,15.18,,0
099,099021,Casteldelci,575,0,1,23.0,27.0,100.0,364.0,0.0,0.0,0.0,1,0,5,5,0,0,0,45.629,,0
099,099022,Maiolo,427,0,3,0.0,21.0,0.0,799.0,0.0,0.038,0.0,0,1,0,4,0,0,1,28.439,,0
099,099023,Novafeltria,4577,0,3,111.0,66.0,0.0,6990.0,0.0,0.0,0.0,2,2,11,8,1,4,13,29.864,,0
099,099024,Pennabilli,10125,0,1,109.0,210.0,67.89,2640.0,0.0,0.0,0.142,4,1,15,19,0,4,0,35.93,,0
099,099025,San Leo,8306,0,3,32.0,297.0,100.0,2815.0,0.0,0.0,0.0,2,3,14,5,0,2,11,22.237,,0
099,099026,Sant'Agata Feltria,5430,0,3,117.0,61.0,0.0,1960.0,0.0,0.0,0.0,1,3,11,5,0,0,4,37.68,,0
099,099027,Talamello,919,0,3,0.0,19.0,0.0,1064.0,0.0,0.423,0.0,1,0,3,0,0,2,5,29.138,,0
099,099028,Poggio Torriana,5111,0,3,24.0,157.0,100.0,5144.0,0.0,1.3,0.0,1,2,10,4,0,0,28,18.119,,0
099,099029,Montescudo-Monte Colombo,10801,0,4,106.0,134.0,84.91,6880.0,0.0,0.0,0.0,2,3,11,0,0,2,0,11.516,,0
099,099030,Montecopiolo,9279,0,1,178.0,71.0,61.24,1046.0,0.0,0.0,0.0,0,1,5,15,0,3,7,28.112,,0
099,099031,Sassofeltrio,1230,0,3,0.0,50.0,0.0,1362.0,0.0,0.243,0.0,0,0,11,2,0,0,0,17.797,,0
100,100001,Cantagallo,1550,0,1,0.0,78.0,0.0,3131.0,0.0,0.0,28.686,1,6,17,50,0,1,70,25.352,,0
100,100002,Carmignano,44695,0,3,116.0,531.0,62.93,14618.0,0.0,1.358,8.973,3,28,50,10,0,4,104,14.842,,0
100,100003,Montemurlo,17152,0,3,72.0,143.0,0.0,19134.0,0.0,0.0,21.275,0,24,26,8,0,2,103,18.354,,0
100,100004,Poggio a Caiano,23502,0,3,114.0,64.0,0.0,9917.0,0.0,0.0,1.085,2,7,9,2,0,3,40,12.718,,0
100,100005,Prato,420561,0,3,1604.0,741.0,60.66,197088.0,0.0,0.0,29.991,13,75,252,23,0,66,747,12.14,,0
100,100006,Vaiano,8071,0,1,0.0,105.0,0.0,9884.0,0.0,0.0,21.861,2,10,43,8,0,4,87,16.859,,0
100,100007,Vernio,12254,0,1,50.0,124.0,0.0,6149.0,0.0,0.225,3.785,1,7,20,16,0,3,101,28.937,,0
101,101001,Belvedere di Spinello,12,0,3,0.0,8.0,0.0,1943.0,0.0,0.0,0.0,0,0,5,0,0,0,0,27.536,,0
101,101002,Caccuri,10,0,1,0.0,16.0,0.0,1537.0,0.0,0.0,0.0,0,1,4,0,0,0,2,33.712,,0
101,101003,Carfizzi,3,0,3,0.0,0.0,0.0,521.0,0.0,0.0,0.0,0,0,5,0,0,0,0,37.227,,0
101,101004,Casabona,14,0,3,0.0,0.0,0.0,2263.0,0.0,0.0,0.0,0,0,9,0,0,0,0,29.742,,0
101,101005,Castelsilano,6,0,1,0.0,24.0,0.0,886.0,0.0,0.0,0.0,3,0,1,0,0,0,0,36.668,,0
101,101006,Cerenzia,6,0,1,0.0,0.0,0.0,1031.0,0.0,0.0,0.0,1,0,4,0,0,0,0,36.382,,0
101,101007,Cirò,15,0,4,156.0,32.0,0.0,2444.0,4.58,0.0,0.64,1,4,2,1,0,0,0,43.302,,0
101,101008,Cirò Marina,65935,0,4,260.0,1503.0,42.31,14127.0,17.377,0.0,0.004,1,1,24,2,0,9,4,41.179,,0
101,101009,Cotronei,14282,0,1,641.0,50.0,26.52,5179.0,0.0,8.815,0.0,2,0,35,7,0,1,0,37.028,,0
101,101010,Crotone,87827,0,5,797.0,986.0,89.08,58478.0,45.664,0.172,0.0,6,84,123,6,1,58,109,10.703,,0
101,101011,Crucoli,396,0,4,0.0,44.0,0.0,2762.0,5.527,0.0,0.0,1,1,10,0,0,1,4,48.906,,0
101,101012,Cutro,194326,0,5,3185.0,428.0,58.02,9305.0,8.32,0.0,0.0,0,5,35,0,0,3,5,8.449,,0
101,101013,Isola di Capo Rizzuto,285108,0,5,4439.0,4877.0,46.45,17679.0,40.086,1.162,0.0,1,8,90,11,0,32,5,4.27,,0
101,101014,Melissa,19529,0,4,457.0,46.0,49.89,3221.0,4.204,0.0,0.0,1,0,8,0,0,2,3,34.475,,0
101,101015,Mesoraca,36,0,1,0.0,0.0,0.0,5777.0,0.0,0.0,0.062,0,0,7,1,0,0,0,24.823,,0
101,101016,Pallagorio,6,0,3,0.0,0.0,0.0,947.0,0.0,0.0,0.0,1,1,2,0,0,0,0,38.284,,0
101,101017,Petilia Policastro,54,0,1,13.0,20.0,0.0,8568.0,0.0,0.0,0.902,0,0,16,1,1,0,1,29.241,,0
101,101018,Roccabernarda,20,0,3,0.0,20.0,0.0,3125.0,0.0,0.206,0.0,0,0,2,0,0,1,0,20.55,,0
101,101019,Rocca di Neto,33,0,5,0.0,0.0,0.0,5315.0,0.0,0.0,0.0,1,2,2,2,0,1,0,22.334,,0
101,101020,San Mauro Marchesato,12,0,3,0.0,0.0,0.0,1902.0,0.0,0.0,0.0,0,0,2,0,0,0,0,16.366,,0
101,101021,San Nicola dell'Alto,4,0,3,0.0,18.0,0.0,687.0,0.0,0.0,0.0,1,0,1,0,0,0,0,32.69,,0
101,101022,Santa Severina,1497,0,3,0.0,51.0,0.0,1885.0,0.0,0.0,0.0,3,4,8,0,0,2,1,22.906,,0
101,101023,Savelli,6,0,1,0.0,0.0,0.0,1029.0,0.0,0.0,0.0,0,1,3,1,0,2,0,46.092,,0
101,101024,Scandale,18,0,5,0.0,10.0,0.0,2837.0,0.0,0.0,0.0,0,0,5,0,0,2,0,16.469,,0
101,101025,Strongoli,871,0,5,60.0,63.0,0.0,6170.0,11.188,0.0,0.0,0,3,11,0,0,2,4,27.29,,0
101,101026,Umbriatico,5,0,3,0.0,0.0,0.0,726.0,0.0,0.0,0.0,0,0,0,0,0,0,0,42.315,,0
101,101027,Verzino,10,0,3,0.0,0.0,0.0,1558.0,0.0,0.0,0.0,0,1,4,0,0,0,0,40.215,,0
102,102001,Acquaro,1008,0,3,0.0,0.0,0.0,1830.0,0.0,0.0,6.327,0,0,4,3,0,0,0,41.655,,0
102,102002,Arena,693,0,1,0.0,12.0,0.0,1259.0,0.0,0.0,17.768,0,2,1,3,0,0,0,41.261,,0
102,102003,Briatico,142031,0,4,2106.0,2962.0,17.24,3640.0,5.579,0.0,0.0,0,4,44,0,0,1,9,30.072,,0
102,102004,Brognaturo,368,0,1,0.0,0.0,0.0,668.0,0.0,0.0,17.79,0,1,5,0,0,1,0,37.703,,0
102,102005,Capistrano,525,0,3,0.0,20.0,0.0,954.0,0.0,0.0,0.0,1,0,2,1,0,0,0,23.746,,0
102,102006,Cessaniti,367,0,4,38.0,13.0,0.0,2928.0,0.0,0.0,0.0,0,0,5,0,0,0,1,31.527,,0
102,102007,Dasà,596,0,3,0.0,0.0,0.0,1082.0,0.0,0.0,0.0,0,0,3,0,0,0,0,38.489,,0
102,102008,Dinami,967,0,3,0.0,0.0,0.0,1756.0,0.0,0.0,0.015,0,0,6,0,0,4,0,41.203,,0
102,102009,Drapia,57025,0,4,1022.0,339.0,43.54,2136.0,0.0,0.0,0.0,0,2,44,0,0,4,2,40.99,,0
102,102010,Fabrizia,1064,0,1,0.0,0.0,0.0,1931.0,0.0,0.0,11.108,0,1,3,5,0,0,0,48.133,,0
102,102011,Filadelfia,1424,0,3,40.0,32.0,0.0,5022.0,0.0,0.0,0.0,0,0,8,0,0,0,1,14.131,,0
102,102012,Filandari,959,0,3,0.0,30.0,0.0,1741.0,0.0,0.0,0.0,0,1,8,0,0,0,0,37.241,,0
102,102013,Filogaso,734,0,3,0.0,4.0,0.0,1332.0,0.0,0.0,0.0,0,2,6,0,0,0,0,25.038,,0
102,102014,Francavilla Angitola,997,0,4,0.0,10.0,0.0,1810.0,0.0,0.0,0.664,1,0,8,0,0,2,5,14.158,,0
102,102015,Francica,884,0,3,0.0,6.0,0.0,1605.0,0.0,0.0,0.0,0,0,3,0,0,1,0,33.995,,0
102,102016,Gerocarne,1070,0,3,0.0,0.0,0.0,1943.0,0.0,0.0,7.795,0,0,5,0,0,4,0,35.861,,0
102,102017,Ionadi,230,0,3,22.0,13.0,0.0,4581.0,0.0,0.0,0.0,0,0,5,0,0,0,0,34.007,,0
102,102018,Joppolo,2869,0,4,192.0,26.0,61.46,1668.0,6.39,0.0,0.0,0,2,35,1,0,0,7,46.277,,0
102,102019,Limbadi,1771,0,3,50.0,8.0,0.0,3215.0,0.0,0.0,0.0,0,1,9,0,0,3,1,44.836,,0
102,102020,Maierato,1171,0,3,195.0,0.0,100.0,2126.0,0.0,7.048,5.359,1,2,15,1,0,1,2,20.458,,0
102,102021,Mileto,1055,0,3,14.0,111.0,0.0,6292.0,0.0,0.0,0.0,1,2,7,0,0,0,5,38.849,,0
102,102022,Mongiana,541,0,1,50.0,22.0,0.0,618.0,0.0,0.0,8.091,2,8,2,1,0,0,0,45.261,,0
102,102023,Monterosso Calabro,726,0,3,0.0,33.0,0.0,1467.0,0.0,3.517,1.601,1,0,1,0,0,1,0,20.666,,0
102,102024,Nardodipace,581,0,1,0.0,0.0,0.0,1055.0,0.0,0.0,0.279,1,1,4,0,0,0,2,51.026,,0
102,102025,Nicotera,111381,0,4,1456.0,967.0,69.02,6493.0,7.089,0.0,0.0,2,7,34,3,0,3,3,47.715,,0
102,102026,Parghelia,182249,0,4,2561.0,528.0,41.19,1287.0,4.841,0.0,0.0,1,1,68,0,0,6,5,36.939,,0
102,102027,Pizzo,365622,0,4,3276.0,1033.0,99.27,8773.0,12.553,0.0,0.586,1,7,118,0,0,9,15,17.446,,0
102,102028,Pizzoni,533,0,3,0.0,0.0,0.0,967.0,0.0,0.0,3.024,0,0,4,0,0,0,0,31.783,,0
102,102029,Polia,443,0,3,0.0,19.0,0.0,805.0,0.0,0.0,0.028,1,1,2,0,0,3,0,18.662,,0
102,102030,Ricadi,932371,0,4,8963.0,5244.0,27.45,5014.0,11.005,0.042,0.0,6,8,260,8,0,18,26,45.353,,0
102,102031,Rombiolo,2358,0,3,0.0,0.0,0.0,4282.0,0.0,0.0,0.0,0,1,8,0,0,0,2,40.21,,0
102,102032,San Calogero,2122,0,3,23.0,4.0,0.0,3853.0,0.0,0.0,0.0,0,1,4,0,0,3,1,43.892,,0
102,102033,San Costantino Calabro,1119,0,3,0.0,6.0,0.0,2031.0,0.0,0.0,0.0,0,0,4,0,0,0,0,34.019,,0
102,102034,San Gregorio d'Ippona,1376,0,3,0.0,0.0,0.0,2499.0,0.0,0.0,0.0,0,1,1,0,0,0,1,31.463,,0
102,102035,San Nicola da Crissa,663,0,3,0.0,10.0,0.0,1203.0,0.0,0.0,0.0,0,0,3,0,0,0,0,26.429,,0
102,102036,Sant'Onofrio,217,0,3,0.0,25.0,0.0,2764.0,0.0,0.0,0.0,0,0,6,0,0,0,1,25.69,,0
102,102037,Serra San Bruno,6467,0,1,100.0,106.0,0.0,6292.0,0.0,0.0,27.833,3,5,15,8,1,10,1,39.51,,0
102,102038,Simbario,507,0,1,0.0,8.0,0.0,921.0,0.0,0.0,1.169,0,0,1,2,0,0,0,33.035,,0
102,102039,Sorianello,601,0,3,0.0,8.0,0.0,1091.0,0.0,0.0,2.567,1,0,3,0,0,1,0,34.617,,0
102,102040,Soriano Calabro,1266,0,3,0.0,11.0,0.0,2299.0,0.0,0.0,0.0,1,0,4,0,0,5,0,32.511,,0
102,102041,Spadola,3808,0,1,104.0,10.0,0.0,791.0,0.0,0.0,4.226,0,0,4,0,0,0,0,36.566,,0
102,102042,Spilinga,756,0,4,40.0,14.0,0.0,1372.0,0.0,0.0,0.0,0,0,9,0,0,0,0,42.99,,0
102,102043,Stefanaconi,1265,0,3,0.0,0.0,0.0,2296.0,0.0,0.0,0.0,0,1,9,0,0,0,0,28.252,,0
102,102044,Tropea,335502,0,4,2216.0,3041.0,56.5,5797.0,4.273,0.0,0.0,4,6,30,2,0,22,14,40.454,,0
102,102045,Vallelonga,437,0,3,0.0,12.0,0.0,793.0,0.0,0.0,0.0,0,0,3,0,0,0,0,29.055,,0
102,102046,Vazzano,515,0,3,0.0,8.0,0.0,935.0,0.0,0.0,0.0,0,0,6,0,0,0,0,29.522,,0
102,102047,Vibo Valentia,49473,0,4,792.0,996.0,68.81,31038.0,4.125,0.0,0.0,2,9,113,2,0,13,26,28.367,,0
102,102048,Zaccanopoli,354,0,4,0.0,14.0,0.0,642.0,0.0,0.0,0.0,0,0,2,0,0,1,0,37.997,,0
102,102049,Zambrone,241585,0,4,2042.0,2404.0,31.73,1752.0,4.087,0.0,0.0,0,1,78,3,0,2,6,33.764,,0
102,102050,Zungri,1012,0,3,0.0,12.0,0.0,1837.0,0.0,0.0,0.0,1,0,3,0,0,2,0,36.911,,0
103,103001,Antrona Schieranco,8713,0,1,44.0,432.0,0.0,398.0,0.0,0.0,65.78,3,5,5,73,0,0,7,65.926,,0
103,103002,Anzola d'Ossola,408,0,1,0.0,0.0,0.0,377.0,0.0,0.0,0.0,0,4,5,4,0,1,0,48.226,,0
103,103003,Arizzano,112,0,1,0.0,8.0,0.0,1970.0,0.0,0.0,0.0,0,8,23,1,0,0,2,37.828,,0
103,103004,Arola,262,0,1,0.0,0.0,0.0,242.0,0.0,0.0,0.0,0,5,2,3,0,0,0,36.114,,0
103,103005,Aurano,111,0,1,0.0,11.0,0.0,102.0,0.0,0.0,10.912,0,2,0,13,0,0,1,45.283,,0
103,103006,Baceno,15290,0,1,105.0,2412.0,0.0,872.0,0.0,1.477,56.232,2,15,21,39,0,4,10,83.844,,0
103,103007,Bannio Anzino,470,0,1,20.0,18.0,0.0,444.0,0.0,0.0,0.124,1,4,3,17,0,1,1,58.379,,0
103,103008,Baveno,590080,0,1,2043.0,3614.0,65.74,4604.0,0.0,6.847,0.315,3,17,44,12,0,7,8,36.504,,0
103,103009,Bee,15639,0,1,99.0,53.0,0.0,772.0,0.0,0.0,0.0,0,5,6,1,0,0,3,39.388,,0
103,103010,Belgirate,6247,0,3,282.0,64.0,91.13,479.0,0.0,3.161,0.0,1,5,21,0,0,2,2,26.526,,0
103,103011,Beura-Cardezza,261,0,1,0.0,29.0,0.0,1407.0,0.0,0.0,3.993,1,9,8,12,0,0,12,56.892,,0
103,103012,Bognanco,6208,0,1,170.0,283.0,0.0,191.0,0.0,0.171,0.005,0,38,3,42,0,0,14,69.924,,0
103,103013,Brovello-Carpugnino,298,0,1,12.0,30.0,0.0,793.0,0.0,0.0,0.0,0,8,14,2,0,0,3,28.783,,0
103,103014,Calasca-Castiglione,340,0,1,14.0,28.0,0.0,600.0,0.0,0.0,0.184,1,3,1,29,0,0,9,58.806,,0
103,103015,Cambiasca,1709,0,1,0.0,24.0,0.0,1577.0,0.0,0.0,0.077,0,4,2,0,0,0,0,40.269,,0
103,103016,Cannero Riviera,155423,0,1,285.0,890.0,74.74,916.0,0.0,4.492,0.0,3,13,29,6,0,3,6,42.875,,0
103,103017,Cannobio,305147,0,1,833.0,4196.0,4.92,5043.0,0.0,12.609,0.0,0,68,55,37,0,17,31,48.902,,0
103,103018,Caprezzo,190,0,1,0.0,6.0,0.0,175.0,0.0,0.0,7.007,0,2,1,7,0,0,0,42.525,,0
103,103019,Casale Corte Cerro,8426,0,1,45.0,35.0,0.0,3350.0,0.0,0.0,0.0,1,5,14,11,0,1,4,40.845,,0
103,103021,Ceppo Morelli,316,0,1,20.0,30.0,0.0,292.0,0.0,0.0,0.097,0,0,1,12,0,0,4,59.211,,0
103,103022,Cesara,661,0,1,0.0,61.0,0.0,610.0,0.0,0.0,0.0,0,6,6,2,0,0,2,36.535,,0
103,103023,Cossogno,2560,0,1,0.0,73.0,0.0,689.0,0.0,1.242,45.502,1,11,3,32,0,1,1,47.372,,0
103,103024,Craveggia,15613,0,1,57.0,842.0,0.0,794.0,0.0,0.861,0.0,0,31,14,23,0,1,5,62.877,,0
103,103025,Crevoladossola,590,0,1,0.0,44.0,0.0,4491.0,0.0,0.0,0.0,0,3,17,7,0,3,19,68.81,,0
103,103026,Crodo,24819,0,1,172.0,259.0,0.0,1436.0,0.0,0.542,10.432,3,18,22,17,0,0,10,75.862,,0
103,103028,Domodossola,80209,0,1,337.0,353.0,29.38,17723.0,0.0,0.0,0.262,5,9,64,16,0,14,19,65.89,,0
103,103029,Druogno,14329,0,1,180.0,217.0,0.0,1046.0,0.0,0.0,0.072,1,4,6,14,2,4,22,60.834,,0
103,103031,Formazza,28042,0,1,157.0,1527.0,0.0,434.0,0.0,8.956,0.086,1,15,73,53,0,1,11,88.984,,0
103,103032,Germagno,200,0,1,0.0,11.0,0.0,185.0,0.0,0.0,0.0,0,0,2,1,0,0,0,39.897,,0
103,103033,Ghiffa,23134,0,1,102.0,445.0,75.49,2246.0,0.0,5.431,1.733,2,8,50,6,0,2,19,37.411,,0
103,103034,Gignese,1755,0,1,44.0,372.0,0.0,1063.0,0.0,0.0,0.0,1,12,38,5,0,1,2,31.428,,0
103,103035,Gravellona Toce,3767,0,1,19.0,33.0,0.0,7566.0,0.0,0.0,0.103,1,3,15,4,0,5,10,39.092,,0
103,103036,Gurro,190,0,1,0.0,0.0,0.0,175.0,0.0,0.0,0.343,2,17,2,8,0,0,1,51.987,,0
103,103037,Intragna,102,0,1,0.0,31.0,0.0,94.0,0.0,0.0,3.329,0,2,0,9,0,0,1,43.874,,0
103,103038,Loreglia,226,0,1,0.0,3.0,0.0,209.0,0.0,0.0,0.0,0,0,0,4,0,0,1,42.77,,0
103,103039,Macugnaga,53109,0,1,468.0,1050.0,0.0,505.0,0.0,1.553,0.179,4,3,43,58,0,6,13,51.428,,0
103,103040,Madonna del Sasso,563,0,1,23.0,10.0,0.0,359.0,0.0,0.0,0.0,1,14,5,6,0,1,0,34.58,,0
103,103041,Malesco,10823,0,1,151.0,192.0,0.0,1337.0,0.0,0.381,18.335,2,34,9,30,0,1,8,54.658,,0
103,103042,Masera,2400,0,1,0.0,44.0,0.0,1449.0,0.0,0.455,0.0,1,4,6,6,0,0,3,63.947,,0
103,103043,Massiola,119,0,1,0.0,5.0,0.0,110.0,0.0,0.0,0.0,0,0,0,4,0,0,1,46.143,,0
103,103044,Mergozzo,31145,0,1,113.0,317.0,0.0,2149.0,0.0,0.0,6.411,3,6,25,14,0,10,9,44.434,,0
103,103045,Miazzina,3371,0,1,46.0,4.0,0.0,363.0,0.0,0.0,15.661,0,11,5,15,0,0,0,45.755,,0
103,103046,Montecrestese,781,0,1,0.0,31.0,0.0,1258.0,0.0,3.311,0.0,0,9,8,17,0,2,2,70.063,,0
103,103047,Montescheno,400,0,1,0.0,7.0,0.0,369.0,0.0,0.0,0.0,0,1,1,31,0,0,1,64.754,,0
103,103048,Nonio,896,0,1,0.0,7.0,0.0,827.0,0.0,2.832,0.0,0,7,4,3,0,0,2,37.423,,0
103,103049,Oggebbio,20869,0,1,98.0,242.0,0.0,833.0,0.0,4.345,0.0,0,6,31,12,0,2,5,41.014,,0
103,103050,Omegna,21492,0,1,86.0,144.0,0.0,14256.0,0.0,6.523,0.0,3,18,79,16,0,13,13,35.875,,0
103,103051,Ornavasso,884,0,1,0.0,43.0,0.0,3310.0,0.0,0.0,2.109,1,10,32,9,0,4,4,45.343,,0
103,103052,Pallanzeno,1186,0,1,0.0,0.0,0.0,1095.0,0.0,0.0,0.167,0,0,4,13,0,0,4,58.856,,0
103,103053,Piedimulera,1581,0,1,0.0,0.0,0.0,1459.0,0.0,0.0,0.0,1,1,4,6,0,0,6,57.364,,0
103,103054,Pieve Vergonte,7286,0,1,32.0,38.0,0.0,2408.0,0.0,0.0,0.047,0,6,15,10,0,1,11,52.658,,0
103,103055,Premeno,46619,0,1,376.0,240.0,0.0,775.0,0.0,0.0,0.251,0,6,13,5,0,1,2,40.397,,0
103,103056,Premia,12140,0,1,127.0,121.0,0.0,550.0,0.0,5.577,0.12,4,25,13,41,0,2,17,80.241,,0
103,103057,Premosello-Chiovenda,2869,0,1,25.0,27.0,0.0,1846.0,0.0,0.0,15.943,3,16,23,11,0,0,6,51.384,,0
103,103058,Quarna Sopra,16483,0,1,19.0,63.0,0.0,235.0,0.0,0.0,0.0,0,2,2,3,0,0,0,40.307,,0
103,103059,Quarna Sotto,108,0,1,0.0,39.0,0.0,377.0,0.0,0.0,0.0,1,3,3,8,0,0,0,41.316,,0
103,103060,Re,5369,0,1,172.0,41.0,0.0,718.0,0.0,0.0,0.0,0,0,2,12,0,2,9,58.952,,0
103,103061,San Bernardino Verbano,2194,0,1,0.0,47.0,0.0,1254.0,0.0,1.371,14.812,0,9,13,20,0,0,1,45.155,,0
103,103062,Santa Maria Maggiore,32282,0,1,399.0,534.0,0.0,1303.0,0.0,1.954,4.183,4,0,19,23,1,5,9,62.933,,0
103,103064,Stresa,566474,0,1,3466.0,385.0,62.38,4650.0,0.0,10.167,0.0,4,30,139,8,0,8,16,32.528,,0
103,103065,Toceno,748,0,1,0.0,58.0,0.0,739.0,0.0,0.858,0.0,0,2,11,8,0,2,1,63.521,,0
103,103066,Trarego Viggiona,5020,0,1,38.0,41.0,0.0,398.0,0.0,0.0,0.079,0,6,36,13,0,0,3,45.85,,0
103,103067,Trasquera,192,0,1,23.0,6.0,0.0,177.0,0.0,0.0,1.13,1,1,0,18,0,0,8,77.611,,0
103,103068,Trontano,144,0,1,0.0,36.0,0.0,1648.0,0.0,0.406,32.91,1,4,4,20,0,0,17,58.201,,0
103,103069,Valstrona,1251,0,1,34.0,17.0,0.0,1155.0,0.0,0.084,17.427,2,4,4,31,0,1,2,47.669,,0
103,103070,Vanzone con San Carlo,414,0,1,0.0,170.0,0.0,382.0,0.0,0.0,0.033,2,6,1,19,0,0,3,62.34,,0
103,103071,Varzo,4528,0,1,300.0,237.0,51.33,1945.0,0.0,0.749,39.776,1,5,49,39,0,3,6,79.514,,0
103,103072,Verbania,893782,0,1,1628.0,7424.0,39.5,30024.0,0.0,14.438,8.637,3,57,152,23,3,51,54,36.823,,0
103,103074,Vignone,1285,0,1,0.0,9.0,0.0,1186.0,0.0,0.0,0.047,0,9,10,1,1,0,0,39.216,,0
103,103075,Villadossola,2085,0,1,22.0,8.0,0.0,6238.0,0.0,0.0,0.0,1,5,14,31,0,0,19,60.986,,0
103,103076,Villette,300,0,1,18.0,0.0,0.0,277.0,0.0,0.0,0.0,1,9,2,6,0,0,2,57.921,,0
103,103077,Vogogna,10854,0,1,295.0,0.0,74.58,1690.0,0.0,0.0,9.726,0,8,8,11,0,2,10,54.764,,0
103,103078,Borgomezzavalle,518,0,1,0.0,35.0,0.0,290.0,0.0,0.0,8.117,0,12,2,19,0,0,6,62.347,,0
103,103079,Valle Cannobina,252,0,1,32.0,80.0,0.0,453.0,0.0,0.0,7.907,3,9,3,36,0,6,7,51.797,,0
108,108001,Agrate Brianza,59519,0,5,335.0,7.0,100.0,15663.0,0.0,0.0,2.896,0,0,27,0,0,3,31,16.015,,0
108,108002,Aicurzio,991,0,5,0.0,0.0,0.0,2057.0,0.0,0.0,1.058,0,0,8,1,0,0,4,22.329,,0
108,108003,Albiate,3233,0,5,0.0,2.0,0.0,6712.0,0.0,0.0,1.128,0,1,14,0,0,5,6,23.512,,0
108,108004,Arcore,46976,0,5,262.0,68.0,65.65,17852.0,0.0,0.0,1.943,0,3,41,0,0,6,17,21.01,,0
108,108005,Barlassina,3322,0,5,14.0,12.0,0.0,6896.0,0.0,0.0,0.762,0,0,19,1,0,4,1,25.911,,0
108,108006,Bellusco,3597,0,5,18.0,0.0,0.0,7467.0,0.0,0.664,1.013,0,2,13,7,0,2,18,22.363,,0
108,108007,Bernareggio,5569,0,5,0.0,0.0,0.0,11559.0,0.0,0.0,0.048,0,0,32,0,0,2,22,23.32,,0
108,108008,Besana in Brianza,706,0,3,0.0,18.0,0.0,15445.0,0.0,0.0,8.818,1,2,67,3,0,5,33,27.936,,0
108,108009,Biassono,472,0,5,0.0,22.0,0.0,12336.0,0.0,0.0,1.742,1,1,37,1,0,4,9,20.63,,0
108,108010,Bovisio-Masciago,8115,0,5,0.0,0.0,0.0,16844.0,0.0,0.0,1.211,0,1,22,0,0,5,7,20.885,,0
108,108011,Briosco,1960,0,3,0.0,48.0,0.0,6126.0,0.0,0.0,5.58,1,1,25,0,0,2,7,30.303,,0
108,108012,Brugherio,20342,0,5,87.0,149.0,0.0,35237.0,0.0,1.718,0.0,0,1,55,0,0,9,29,12.237,,0
108,108013,Burago di Molgora,25668,0,5,141.0,18.0,91.49,4269.0,0.0,0.0,0.554,0,0,23,1,0,0,8,18.931,,0
108,108014,Camparada,1018,0,3,0.0,0.0,0.0,2114.0,0.0,0.0,0.0,0,0,8,0,0,0,1,23.867,,0
108,108015,Carate Brianza,16775,0,3,96.0,18.0,0.0,17922.0,0.0,0.0,3.699,0,3,53,0,0,12,31,25.509,,0
108,108016,Carnate,3767,0,5,30.0,0.0,0.0,7820.0,0.0,0.0,0.792,0,0,11,0,0,4,21,24.128,,0
108,108017,Cavenago di Brianza,3610,0,5,292.0,0.0,100.0,7494.0,0.0,0.0,1.904,0,0,13,0,0,0,12,19.381,,0
108,108018,Ceriano Laghetto,3209,0,5,0.0,11.0,0.0,6661.0,0.0,0.0,2.344,0,0,21,1,0,3,12,25.317,,0
108,108019,Cesano Maderno,66608,0,5,395.0,21.0,84.05,39541.0,0.0,0.0,2.589,0,6,66,1,0,15,45,22.565,,0
108,108020,Cogliate,306,0,5,0.0,28.0,0.0,8492.0,0.0,0.0,2.478,0,0,27,0,0,9,11,26.642,,0
108,108021,Concorezzo,89214,0,5,412.0,45.0,100.0,15978.0,0.0,0.0,0.0,0,0,50,1,1,7,17,17.004,,0
108,108022,Correzzana,1542,0,3,0.0,0.0,0.0,3201.0,0.0,0.0,0.355,0,0,8,0,0,0,0,24.806,,0
108,108023,Desio,31190,0,5,221.0,25.0,0.0,41570.0,0.0,0.0,5.799,0,1,57,2,1,23,46,19.952,,0
108,108024,Giussano,12642,0,3,144.0,10.0,100.0,26242.0,0.0,0.0,1.84,0,13,46,0,1,14,8,28.057,,0
108,108025,Lazzate,3700,0,5,0.0,0.0,0.0,7680.0,0.0,0.0,0.664,1,0,11,0,0,5,9,28.157,,0
108,108026,Lesmo,4023,0,3,0.0,7.0,0.0,8351.0,0.0,0.0,1.467,0,0,53,0,0,2,2,22.649,,0
108,108027,Limbiate,41882,0,5,514.0,22.0,100.0,34993.0,0.0,0.75,4.49,0,4,44,1,0,10,54,20.943,,0
108,108028,Lissone,73921,0,5,433.0,141.0,32.33,46699.0,0.0,0.0,1.562,1,6,75,0,0,12,41,19.331,,0
108,108029,Macherio,3644,0,5,0.0,7.0,0.0,7565.0,0.0,0.0,0.426,0,1,17,0,0,3,4,21.486,,0
108,108030,Meda,1192,0,5,0.0,19.0,0.0,23534.0,0.0,0.0,1.961,0,3,36,2,0,14,28,25.971,,0
108,108031,Mezzago,2156,0,5,0.0,28.0,0.0,4476.0,0.0,0.056,2.467,0,1,6,2,0,0,7,20.533,,0
108,108032,Misinto,2750,0,5,0.0,7.0,0.0,5708.0,0.0,0.0,1.266,0,0,11,0,0,2,4,27.702,,0
108,108033,Monza,258843,0,5,918.0,1233.0,52.61,122883.0,0.0,0.753,7.225,4,26,286,1,0,66,389,15.67,,0
108,108034,Muggiò,2783,0,5,19.0,33.0,0.0,23680.0,0.0,0.0,1.02,0,3,34,0,0,7,45,16.412,,0
108,108035,Nova Milanese,11157,0,5,0.0,6.0,0.0,23160.0,0.0,0.0,1.488,0,3,30,0,0,5,42,17.032,,0
108,108036,Ornago,31123,0,5,144.0,76.0,100.0,5388.0,0.0,0.0,3.923,0,0,7,3,0,2,8,20.829,,0
108,108037,Renate,1918,0,3,0.0,0.0,0.0,3981.0,0.0,0.0,1.284,0,1,12,0,0,0,4,30.903,,0
108,108038,Ronco Briantino,1778,0,5,0.0,0.0,0.0,3690.0,0.0,0.0,0.329,0,0,5,0,0,1,6,23.026,,0
108,108039,Seregno,5791,0,5,47.0,36.0,0.0,45010.0,0.0,0.0,8.54,0,5,62,1,0,23,73,23.425,,0
108,108040,Seveso,2506,0,5,23.0,12.0,0.0,24023.0,0.0,0.0,1.042,0,1,36,2,0,11,16,24.216,,0
108,108041,Sovico,1456,0,5,0.0,22.0,0.0,8323.0,0.0,0.0,0.546,0,1,24,0,0,1,3,22.444,,0
108,108042,Sulbiate,2170,0,5,0.0,40.0,0.0,4504.0,0.0,0.0,1.34,1,0,9,0,0,0,10,21.647,,0
108,108043,Triuggio,4205,0,3,88.0,4.0,0.0,8729.0,0.0,0.0,7.39,0,2,26,0,0,1,14,24.514,,0
108,108044,Usmate Velate,5876,0,3,106.0,8.0,0.0,10611.0,0.0,1.476,1.117,0,0,32,1,0,1,17,24.036,,0
108,108045,Varedo,42683,0,5,189.0,2.0,61.38,13876.0,0.0,0.0,0.957,0,3,21,0,0,3,29,19.018,,0
108,108046,Vedano al Lambro,250,0,5,0.0,18.0,0.0,7436.0,0.0,0.0,0.453,0,1,29,0,0,4,11,18.624,,0
108,108047,Veduggio con Colzano,2009,0,3,0.0,0.0,0.0,4170.0,0.0,0.0,1.852,0,0,7,0,0,0,2,32.324,,0
108,108048,Verano Brianza,928,0,3,0.0,25.0,0.0,9154.0,0.0,0.0,0.584,0,0,22,0,0,5,1,27.018,,0
108,108049,Villasanta,813,0,5,0.0,16.0,0.0,14243.0,0.0,0.0,0.345,1,2,39,1,0,3,28,18.326,,0
108,108050,Vimercate,101730,0,5,679.0,50.0,50.96,25925.0,0.0,0.052,3.843,1,2,75,3,0,17,52,20.493,,0
108,108051,Busnago,3311,0,5,47.0,0.0,0.0,6872.0,0.0,0.0,3.068,0,0,30,0,0,3,10,19.486,,0
108,108052,Caponago,2458,0,5,126.0,0.0,100.0,5102.0,0.0,0.0,1.037,0,0,11,0,0,3,7,15.86,,0
108,108053,Cornate d'Adda,1736,0,5,0.0,29.0,0.0,10904.0,0.0,1.01,8.395,0,1,37,1,0,5,20,17.993,,0
108,108054,Lentate sul Seveso,10812,0,5,66.0,51.0,0.0,15823.0,0.0,0.0,8.258,1,3,31,2,0,13,31,28.395,,0
108,108055,Roncello,2313,0,5,0.0,0.0,0.0,4801.0,0.0,0.0,0.374,0,0,3,0,0,1,8,20.607,,0
109,109001,Altidona,177063,0,4,18.0,7108.0,0.0,3573.0,3.167,0.0,0.0,0,0,9,4,1,1,6,67.525,,0
109,109002,Amandola,4532,0,3,24.0,304.0,0.0,3239.0,0.0,3.043,0.0,2,2,15,15,0,0,10,69.65,,0
109,109003,Belmonte Piceno,167,0,3,0.0,57.0,0.0,562.0,0.0,0.0,0.0,0,0,8,0,0,0,0,60.562,,0
109,109004,Campofilone,35075,0,4,40.0,963.0,0.0,1898.0,1.653,0.0,0.0,1,3,1,0,0,1,4,70.569,,0
109,109005,Falerone,1756,0,3,0.0,111.0,0.0,3139.0,0.0,0.0,0.0,0,0,5,0,0,0,0,58.255,,0
109,109006,Fermo,592651,0,4,448.0,11988.0,43.75,35842.0,8.667,0.0,0.236,7,11,157,13,0,17,32,58.341,,0
109,109007,Francavilla d'Ete,304,0,4,0.0,28.0,0.0,901.0,0.0,0.0,0.0,0,1,0,1,0,0,0,49.235,,0
109,109008,Grottazzolina,433,0,4,0.0,80.0,0.0,3214.0,0.0,0.0,0.0,0,1,6,1,0,1,0,59.21,,0
109,109009,Lapedona,3937,0,4,0.0,212.0,0.0,1149.0,0.0,0.0,0.0,0,0,3,0,0,1,0,65.805,,0
109,109010,Magliano di Tenna,220,0,4,13.0,25.0,0.0,1418.0,0.0,0.0,0.0,0,0,3,0,0,0,0,56.816,,0
109,109011,Massa Fermana,293,0,3,0.0,0.0,0.0,869.0,0.0,0.0,0.0,0,0,2,0,0,0,0,52.465,,0
109,109012,Monsampietro Morico,1750,0,3,0.0,38.0,0.0,590.0,0.0,0.0,0.0,0,0,8,1,0,0,0,64.23,,0
109,109013,Montappone,1504,0,3,21.0,48.0,0.0,1539.0,0.0,0.0,0.0,0,0,4,1,0,1,0,54.013,,0
109,109014,Montefalcone Appennino,1704,0,3,0.0,108.0,0.0,366.0,0.0,0.0,2.278,1,1,1,2,0,0,0,70.266,,0
109,109015,Montefortino,10232,0,1,23.0,426.0,0.0,1037.0,0.0,1.712,0.0,0,0,7,19,0,1,0,67.583,,0
109,109016,Monte Giberto,1546,0,4,0.0,78.0,0.0,727.0,0.0,0.0,0.0,0,0,1,0,0,0,0,61.92,,0
109,109017,Montegiorgio,16277,0,3,155.0,126.0,100.0,6281.0,0.0,0.0,0.0,0,0,14,0,0,0,0,55.548,,0
109,109018,Montegranaro,23670,0,4,120.0,102.0,100.0,12441.0,0.0,0.765,0.0,0,1,18,0,0,4,0,47.461,,0
109,109019,Monteleone di Fermo,1881,0,3,0.0,37.0,0.0,350.0,0.0,0.0,0.0,0,0,7,0,0,0,0,63.779,,0
109,109020,Montelparo,9277,0,3,92.0,187.0,0.0,694.0,0.0,0.0,0.0,0,0,21,2,0,0,0,68.812,,0
109,109021,Monte Rinaldo,1778,0,3,0.0,82.0,0.0,314.0,0.0,0.0,0.0,1,0,2,0,0,0,0,67.734,,0
109,109022,Monterubbiano,3717,0,4,24.0,73.0,0.0,2002.0,0.0,0.0,0.0,0,2,8,1,0,0,0,65.294,,0
109,109023,Monte San Pietrangeli,2006,0,4,11.0,78.0,0.0,2198.0,0.0,0.0,0.0,0,0,6,0,0,0,0,50.169,,0
109,109024,Monte Urano,1698,0,4,34.0,58.0,0.0,7844.0,0.0,0.0,0.0,0,0,20,0,0,6,0,53.081,,0
109,109025,Monte Vidon Combatte,1622,0,4,0.0,97.0,0.0,399.0,0.0,0.0,0.0,0,0,2,1,0,0,0,65.995,,0
109,109026,Monte Vidon Corrado,229,0,3,0.0,6.0,0.0,679.0,0.0,0.0,0.0,1,0,3,0,0,0,7,56.081,,0
109,109027,Montottone,328,0,3,0.0,33.0,0.0,885.0,0.0,0.0,0.0,0,0,3,0,0,2,0,63.423,,0
109,109028,Moresco,1877,0,4,0.0,179.0,0.0,522.0,0.0,0.0,0.0,0,0,1,0,0,0,0,67.642,,0
109,109029,Ortezzano,8292,0,3,0.0,245.0,0.0,738.0,0.0,0.0,0.0,1,1,10,1,0,1,0,68.302,,0
109,109030,Pedaso,30411,0,4,158.0,177.0,0.0,2856.0,4.228,0.0,0.0,0,1,13,0,0,3,11,70.096,,0
109,109031,Petritoli,3564,0,4,15.0,174.0,0.0,2149.0,0.0,0.0,0.0,1,3,12,0,0,2,2,66.109,,0
109,109032,Ponzano di Fermo,3713,0,4,0.0,88.0,0.0,1624.0,0.0,0.0,0.0,0,0,5,0,0,0,0,61.464,,0
109,109033,Porto San Giorgio,167585,0,4,1325.0,880.0,26.42,15615.0,8.252,0.0,0.0,1,5,29,1,0,5,21,59.746,,0
109,109034,Porto Sant'Elpidio,308883,0,4,433.0,5562.0,5.08,25860.0,7.581,0.0,0.011,0,8,80,0,1,13,16,50.811,,0
109,109035,Rapagnano,2686,0,4,0.0,66.0,0.0,1919.0,0.0,0.0,0.0,0,0,5,0,0,0,0,54.805,,0
109,109036,Santa Vittoria in Matenano,1390,0,3,18.0,73.0,0.0,1140.0,0.0,0.0,0.0,0,1,4,0,0,0,0,67.366,,0
109,109037,Sant'Elpidio a Mare,11162,0,4,0.0,311.0,0.0,16469.0,0.0,0.0,0.0,1,1,67,0,0,1,1,49.648,,0
111,111024,Genuri,26,0,3,0.0,3.0,0.0,299.0,0.0,0.0,0.117,1,0,3,0,0,0,0,29.558,,0
111,111025,Gergei,387,0,3,0.0,34.0,0.0,1101.0,0.0,0.0,0.0,0,2,5,1,0,0,0,39.177,,0
111,111026,Gesico,63,0,3,0.0,0.0,0.0,728.0,0.0,0.0,0.0,1,0,6,0,0,0,0,31.407,,0
111,111027,Gesturi,841,0,3,0.0,37.0,0.0,1136.0,0.0,0.0,19.934,2,2,3,0,0,0,0,35.658,,0
111,111028,Giba,1791,0,4,28.0,18.0,0.0,1914.0,3.514,0.0,0.0,0,0,6,1,0,0,0,44.548,,0
111,111029,Goni,38,0,3,0.0,6.0,0.0,439.0,0.0,0.0,0.0,0,0,6,0,0,0,0,36.562,,0
111,111030,Gonnesa,7785,0,4,0.0,157.0,0.0,4557.0,7.737,0.0,0.0,1,0,8,9,0,0,0,45.965,,0
111,111031,Gonnosfanadiga,1533,0,3,0.0,38.0,0.0,6090.0,0.0,0.0,0.0,0,1,25,13,0,0,0,33.138,,0
111,111032,Guamaggiore,78,0,3,0.0,7.0,0.0,894.0,0.0,0.0,0.0,1,0,6,0,0,0,0,27.114,,0
111,111033,Guasila,214,0,5,12.0,6.0,0.0,2460.0,0.0,0.0,0.0,1,0,15,0,0,0,0,23.89,,0
111,111034,Guspini,8410,0,5,147.0,103.0,78.23,10856.0,0.0,0.0,0.0,3,1,20,0,0,0,0,32.121,,0
111,111035,Iglesias,34525,0,4,159.0,425.0,39.62,24908.0,14.157,0.0,0.0,3,6,108,23,0,2,0,37.398,,0
111,111036,Isili,1576,0,3,25.0,22.0,0.0,2443.0,0.0,0.0,0.0,1,4,20,0,0,0,0,44.051,,0
111,111037,Las Plassas,18,0,3,0.0,7.0,0.0,205.0,0.0,0.0,0.0,1,1,1,0,0,0,0,35.65,,0
111,111038,Lunamatrona,139,0,5,0.0,259.0,0.0,1597.0,0.0,0.0,0.0,0,1,7,0,0,0,0,31.87,,0
111,111039,Mandas,1246,0,3,0.0,52.0,0.0,1968.0,0.0,0.0,0.0,3,0,7,0,0,0,0,35.565,,0
111,111040,Masainas,198,0,4,0.0,59.0,0.0,1198.0,2.01,0.0,0.0,0,0,3,1,0,0,0,44.929,,0
111,111041,Monastir,6320,0,5,46.0,22.0,0.0,4718.0,0.0,0.0,0.0,0,1,14,0,0,0,0,7.513,,0
111,111042,Muravera,678002,0,4,3489.0,4676.0,74.58,5085.0,23.714,0.165,7.385,4,1,70,14,0,12,0,45.995,,0
111,111043,Musei,130,0,3,0.0,2.0,0.0,1498.0,0.0,0.0,0.0,0,0,9,0,0,0,0,24.565,,0
111,111044,Narcao,264,0,3,17.0,43.0,0.0,3035.0,0.0,0.0,0.0,1,0,15,0,0,2,0,30.731,,0
111,111045,Nuragus,71,0,3,0.0,9.0,0.0,815.0,0.0,0.0,0.043,0,0,2,0,0,0,0,36.985,,0
111,111046,Nurallao,538,0,3,0.0,23.0,0.0,1126.0,0.0,0.0,0.0,0,0,6,0,0,0,0,40.016,,0
111,111047,Nuraminis,203,0,5,37.0,0.0,0.0,2328.0,0.0,0.0,0.0,0,0,12,1,0,1,0,10.499,,0
111,111048,Nurri,176,0,3,20.0,6.0,0.0,2017.0,0.0,0.0,0.0,0,0,8,1,0,0,0,44.898,,0
111,111049,Nuxis,124,0,3,0.0,11.0,0.0,1420.0,0.0,0.0,0.0,2,0,7,5,0,0,0,27.811,,0
111,111050,Orroli,630,0,3,61.0,16.0,0.0,1956.0,0.0,0.0,0.0,3,2,6,2,0,0,0,41.697,,0
111,111051,Ortacesus,76,0,5,0.0,0.0,0.0,875.0,0.0,0.0,0.0,1,0,10,0,0,0,0,21.578,,0
111,111052,Pabillonis,171,0,5,0.0,16.0,0.0,2438.0,0.0,0.0,0.0,1,4,11,0,0,2,0,32.405,,0
111,111053,Pauli Arbarei,48,0,5,0.0,24.0,0.0,546.0,0.0,0.0,0.0,2,0,4,0,0,0,0,34.239,,0
111,111054,Perdaxius,113,0,3,0.0,12.0,0.0,1301.0,0.0,0.0,0.0,0,0,11,0,0,0,0,36.921,,0
111,111055,Pimentel,96,0,5,0.0,0.0,0.0,1102.0,0.0,0.0,0.0,0,0,6,0,0,0,0,18.221,,0
111,111056,Piscinas,451,0,4,0.0,31.0,0.0,771.0,0.0,0.0,0.0,0,0,4,1,0,0,0,39.19,,0
111,111057,Portoscuso,19114,0,4,219.0,70.0,47.49,4792.0,20.346,0.0,0.0,0,0,18,2,0,0,0,50.693,,0
111,111058,Sadali,1331,0,1,0.0,38.0,0.0,802.0,0.0,0.0,1.277,1,1,5,5,0,0,0,53.102,,0
111,111059,Samassi,414,0,5,0.0,0.0,0.0,4757.0,0.0,0.0,0.0,0,0,10,1,0,1,0,15.739,,0
111,111060,Samatzai,133,0,5,0.0,0.0,0.0,1528.0,0.0,0.0,0.0,0,0,8,0,0,0,0,15.89,,0
111,111061,San Basilio,95,0,3,0.0,6.0,0.0,1095.0,0.0,0.0,0.0,0,0,10,1,0,0,0,27.912,,0
111,111062,San Gavino Monreale,1118,0,5,32.0,15.0,0.0,7959.0,0.0,0.0,0.0,2,0,26,0,0,0,0,27.183,,0
111,111063,San Giovanni Suergiu,8648,0,4,20.0,142.0,0.0,5621.0,12.974,0.0,0.0,1,0,26,2,0,0,0,47.995,,0
111,111064,San Nicolò Gerrei,63,0,3,0.0,6.0,0.0,727.0,0.0,0.0,24.594,0,1,3,0,0,0,0,31.513,,0
111,111065,San Sperate,587,0,5,23.0,18.0,0.0,8488.0,0.0,0.0,0.0,1,40,30,0,0,0,0,4.144,,0
111,111066,San Vito,3934,0,4,0.0,89.0,0.0,3418.0,0.0,0.409,96.736,0,1,9,8,0,0,0,42.601,,0
111,111067,Sanluri,3401,0,5,19.0,15.0,0.0,8070.0,0.0,0.0,0.0,0,2,31,0,0,0,0,22.72,,0
111,111068,Santadi,278,0,3,33.0,33.0,100.0,3094.0,0.0,0.0,0.0,2,1,7,5,0,0,0,31.74,,0
111,111069,Sant'Andrea Frius,145,0,3,0.0,0.0,0.0,1665.0,0.0,0.0,0.0,0,0,5,0,0,0,0,23.28,,0
111,111070,Sant'Anna Arresi,57756,0,4,620.0,228.0,68.87,2642.0,6.844,0.949,0.0,0,0,13,1,0,2,0,47.647,,0
111,111071,Sant'Antioco,101458,1,4,296.0,1343.0,53.72,10601.0,46.401,0.0,0.0,5,3,39,4,0,0,0,58.492,,0
111,111072,Sardara,45043,0,5,331.0,54.0,30.82,3777.0,0.0,0.0,0.0,1,1,19,0,0,0,0,31.378,,0
111,111073,Segariu,96,0,5,0.0,0.0,0.0,1099.0,0.0,0.0,0.0,0,2,5,0,0,0,0,23.992,,0
111,111074,Selegas,111,0,3,0.0,14.0,0.0,1278.0,0.0,0.0,0.0,1,2,8,0,0,0,0,27.602,,0
111,111075,Senorbì,1497,0,3,24.0,24.0,0.0,4793.0,0.0,0.0,0.0,1,0,26,0,0,1,0,24.589,,0
111,111076,Serdiana,230,0,5,0.0,16.0,0.0,2645.0,0.0,0.0,0.0,1,0,12,1,0,0,0,16.63,,0
111,111077,Serramanna,740,0,5,0.0,2.0,0.0,8504.0,0.0,0.0,0.001,1,2,33,0,0,0,0,10.837,,0
111,111078,Serrenti,392,0,5,18.0,3.0,0.0,4506.0,0.0,0.0,0.0,0,0,7,0,0,0,0,16.225,,0
111,111079,Serri,605,0,3,0.0,18.0,0.0,605.0,0.0,0.0,0.0,0,2,0,0,0,0,0,42.172,,0
111,111080,Setzu,11,0,3,0.0,0.0,0.0,125.0,0.0,0.0,2.325,4,0,2,0,0,0,0,31.181,,0
111,111081,Seui,100,0,1,0.0,14.0,0.0,1146.0,0.0,0.0,148.837,7,22,3,6,0,0,0,60.511,,0
111,111082,Seulo,1526,0,1,22.0,38.0,0.0,774.0,0.0,0.0,45.794,1,4,9,2,0,0,0,50.616,,0
111,111083,Siddi,49,0,3,0.0,6.0,0.0,559.0,0.0,0.0,0.0,2,0,3,0,0,0,0,32.232,,0
111,111084,Siliqua,307,0,5,0.0,19.0,0.0,3529.0,0.0,0.0,0.0,0,1,8,3,0,0,0,18.075,,0
111,111085,Silius,88,0,3,0.0,0.0,0.0,1015.0,0.0,0.0,0.0,0,4,6,1,0,0,0,34.754,,0
111,111086,Siurgus Donigala,160,0,3,0.0,6.0,0.0,1834.0,0.0,0.0,0.0,2,0,7,2,0,0,0,33.722,,0
111,111087,Soleminis,163,0,5,0.0,32.0,0.0,1873.0,0.0,0.0,0.0,0,1,12,0,0,0,0,14.647,,0
111,111088,Suelli,94,0,3,0.0,6.0,0.0,1080.0,0.0,0.0,0.023,1,0,8,1,0,0,0,28.535,,0
111,111089,Teulada,26115,0,4,267.0,345.0,0.0,3220.0,52.844,0.0,0.0,1,0,14,0,0,1,0,42.194,,0
111,111090,Tratalias,2668,0,4,0.0,57.0,0.0,988.0,0.0,0.0,0.0,1,0,4,0,0,0,0,42.56,,0
111,111091,Tuili,220,0,3,0.0,52.0,0.0,916.0,0.0,0.0,4.201,2,1,2,0,1,1,0,34.078,,0
111,111092,Turri,33,0,3,0.0,16.0,0.0,375.0,0.0,0.0,0.0,1,1,2,0,0,0,0,32.12,,0
111,111093,Ussana,350,0,5,0.0,12.0,0.0,4017.0,0.0,0.0,0.0,0,0,11,0,0,0,0,11.775,,0
111,111094,Ussaramanna,41,0,3,0.0,0.0,0.0,475.0,0.0,0.0,0.0,0,3,4,0,0,0,0,31.859,,0
111,111095,Vallermosa,1309,0,5,24.0,60.0,0.0,1783.0,0.0,0.0,0.0,1,1,6,1,0,0,0,16.345,,0
111,111096,Villacidro,1902,0,3,0.0,61.0,0.0,13117.0,0.0,0.0,0.0,7,0,44,15,0,1,0,22.245,,0
111,111097,Villamar,211,0,5,0.0,12.0,0.0,2418.0,0.0,0.0,0.0,0,5,8,0,0,0,0,29.158,,0
